parameter_set,key_rep,signature_index,sk_index_before,sk_index_after,sign_ns,verify_ns,verification_pass,signature_bytes,secret_key_bytes,tree_height,full_height,layers,wots_w
XMSSMT-SHA2_20/2_256,PUB_R2,0,0,1,5887704,2741481,PASS,4963,6002,10,20,2,16
XMSSMT-SHA2_20/2_256,PUB_R2,1,1,2,5853777,2746500,PASS,4963,6002,10,20,2,16
XMSSMT-SHA2_20/2_256,PUB_R2,2,2,3,5801000,2809074,PASS,4963,6002,10,20,2,16
XMSSMT-SHA2_20/2_256,PUB_R2,3,3,4,10690629,2690241,PASS,4963,6002,10,20,2,16
XMSSMT-SHA2_20/2_256,PUB_R2,4,4,5,5951426,2644852,PASS,4963,6002,10,20,2,16
XMSSMT-SHA2_20/2_256,PUB_R2,5,5,6,5879426,2712185,PASS,4963,6002,10,20,2,16
XMSSMT-SHA2_20/2_256,PUB_R2,6,6,7,5981556,2616185,PASS,4963,6002,10,20,2,16
XMSSMT-SHA2_20/2_256,PUB_R2,7,7,8,15470519,2682649,PASS,4963,6002,10,20,2,16
XMSSMT-SHA2_20/2_256,PUB_R2,8,8,9,10656259,2709815,PASS,4963,6002,10,20,2,16
XMSSMT-SHA2_20/2_256,PUB_R2,9,9,10,6004481,2599797,PASS,4963,6002,10,20,2,16
XMSSMT-SHA2_20/2_256,PUB_R2,10,10,11,5789037,2806834,PASS,4963,6002,10,20,2,16
XMSSMT-SHA2_20/2_256,PUB_R2,11,11,12,10685408,2686259,PASS,4963,6002,10,20,2,16
XMSSMT-SHA2_20/2_256,PUB_R2,12,12,13,5872259,2705519,PASS,4963,6002,10,20,2,16
XMSSMT-SHA2_20/2_256,PUB_R2,13,13,14,5956889,2645334,PASS,4963,6002,10,20,2,16
XMSSMT-SHA2_20/2_256,PUB_R2,14,14,15,5842815,2742334,PASS,4963,6002,10,20,2,16
XMSSMT-SHA2_20/2_256,PUB_R2,15,15,16,15468426,2746222,PASS,4963,6002,10,20,2,16
XMSSMT-SHA2_20/2_256,PUB_R2,16,16,17,17826333,2709648,PASS,4963,6002,10,20,2,16
XMSSMT-SHA2_20/2_256,PUB_R2,17,17,18,15257019,2870055,PASS,4963,6002,10,20,2,16
XMSSMT-SHA2_20/2_256,PUB_R2,18,18,19,8446741,2516778,PASS,4963,6002,10,20,2,16
XMSSMT-SHA2_20/2_256,PUB_R2,19,19,20,10636593,2745537,PASS,4963,6002,10,20,2,16
XMSSMT-SHA2_20/2_256,PUB_R2,20,20,21,5946833,2653185,PASS,4963,6002,10,20,2,16
XMSSMT-SHA2_20/2_256,PUB_R2,21,21,22,5843945,2741574,PASS,4963,6002,10,20,2,16
XMSSMT-SHA2_20/2_256,PUB_R2,22,22,23,5915037,2679481,PASS,4963,6002,10,20,2,16
XMSSMT-SHA2_20/2_256,PUB_R2,23,23,24,15471833,2682166,PASS,4963,6002,10,20,2,16
XMSSMT-SHA2_20/2_256,PUB_R2,24,24,25,10681833,2694685,PASS,4963,6002,10,20,2,16
XMSSMT-SHA2_20/2_256,PUB_R2,25,25,26,5881111,2707111,PASS,4963,6002,10,20,2,16
XMSSMT-SHA2_20/2_256,PUB_R2,26,26,27,5854241,2740852,PASS,4963,6002,10,20,2,16
XMSSMT-SHA2_20/2_256,PUB_R2,27,27,28,10503814,2888482,PASS,4963,6002,10,20,2,16
XMSSMT-SHA2_20/2_256,PUB_R2,28,28,29,5978389,2618259,PASS,4963,6002,10,20,2,16
XMSSMT-SHA2_20/2_256,PUB_R2,29,29,30,5880740,2719556,PASS,4963,6002,10,20,2,16
XMSSMT-SHA2_20/2_256,PUB_R2,30,30,31,5906185,2673889,PASS,4963,6002,10,20,2,16
XMSSMT-SHA2_20/2_256,PUB_R2,31,31,32,15328908,2805648,PASS,4963,6002,10,20,2,16
XMSSMT-SHA2_20/2_256,PUB_R2,32,32,33,17636037,2871148,PASS,4963,6002,10,20,2,16
XMSSMT-SHA2_20/2_256,PUB_R2,33,33,34,15536667,2580426,PASS,4963,6002,10,20,2,16
XMSSMT-SHA2_20/2_256,PUB_R2,34,34,35,17899630,2615204,PASS,4963,6002,10,20,2,16
XMSSMT-SHA2_20/2_256,PUB_R2,35,35,36,15444759,2678611,PASS,4963,6002,10,20,2,16
XMSSMT-SHA2_20/2_256,PUB_R2,36,36,37,17657408,2832778,PASS,4963,6002,10,20,2,16
XMSSMT-SHA2_20/2_256,PUB_R2,37,37,38,15321352,2809870,PASS,4963,6002,10,20,2,16
XMSSMT-SHA2_20/2_256,PUB_R2,38,38,39,8295240,2677445,PASS,4963,6002,10,20,2,16
XMSSMT-SHA2_20/2_256,PUB_R2,39,39,40,15433278,2678481,PASS,4963,6002,10,20,2,16
XMSSMT-SHA2_20/2_256,PUB_R2,40,40,41,10612204,2737722,PASS,4963,6002,10,20,2,16
XMSSMT-SHA2_20/2_256,PUB_R2,41,41,42,5941537,2647907,PASS,4963,6002,10,20,2,16
XMSSMT-SHA2_20/2_256,PUB_R2,42,42,43,5839241,2748019,PASS,4963,6002,10,20,2,16
XMSSMT-SHA2_20/2_256,PUB_R2,43,43,44,10654759,2715019,PASS,4963,6002,10,20,2,16
XMSSMT-SHA2_20/2_256,PUB_R2,44,44,45,5919944,2680426,PASS,4963,6002,10,20,2,16
XMSSMT-SHA2_20/2_256,PUB_R2,45,45,46,5952722,2651204,PASS,4963,6002,10,20,2,16
XMSSMT-SHA2_20/2_256,PUB_R2,46,46,47,5920796,2676000,PASS,4963,6002,10,20,2,16
XMSSMT-SHA2_20/2_256,PUB_R2,47,47,48,15412556,2744463,PASS,4963,6002,10,20,2,16
XMSSMT-SHA2_20/2_256,PUB_R2,48,48,49,17687648,2843926,PASS,4963,6002,10,20,2,16
XMSSMT-SHA2_20/2_256,PUB_R2,49,49,50,15456426,2752685,PASS,4963,6002,10,20,2,16
XMSSMT-SHA2_20/2_256,PUB_R2,50,50,51,8288778,2713314,PASS,4963,6002,10,20,2,16
XMSSMT-SHA2_20/2_256,PUB_R2,51,51,52,10704926,2688111,PASS,4963,6002,10,20,2,16
XMSSMT-SHA2_20/2_256,PUB_R2,52,52,53,5938778,2652000,PASS,4963,6002,10,20,2,16
XMSSMT-SHA2_20/2_256,PUB_R2,53,53,54,5958037,2648074,PASS,4963,6002,10,20,2,16
XMSSMT-SHA2_20/2_256,PUB_R2,54,54,55,5834408,2742648,PASS,4963,6002,10,20,2,16
XMSSMT-SHA2_20/2_256,PUB_R2,55,55,56,15339926,2822649,PASS,4963,6002,10,20,2,16
XMSSMT-SHA2_20/2_256,PUB_R2,56,56,57,10641167,2710666,PASS,4963,6002,10,20,2,16
XMSSMT-SHA2_20/2_256,PUB_R2,57,57,58,6025130,2583000,PASS,4963,6002,10,20,2,16
XMSSMT-SHA2_20/2_256,PUB_R2,58,58,59,5901648,2678111,PASS,4963,6002,10,20,2,16
XMSSMT-SHA2_20/2_256,PUB_R2,59,59,60,10697185,2681167,PASS,4963,6002,10,20,2,16
XMSSMT-SHA2_20/2_256,PUB_R2,60,60,61,5962093,2624889,PASS,4963,6002,10,20,2,16
XMSSMT-SHA2_20/2_256,PUB_R2,61,61,62,5890259,2711241,PASS,4963,6002,10,20,2,16
XMSSMT-SHA2_20/2_256,PUB_R2,62,62,63,5893222,2710593,PASS,4963,6002,10,20,2,16
XMSSMT-SHA2_20/2_256,PUB_R2,63,63,64,15548870,2623111,PASS,4963,6002,10,20,2,16
XMSSMT-SHA2_20/2_256,PUB_R2,64,64,65,17874000,2650260,PASS,4963,6002,10,20,2,16
XMSSMT-SHA2_20/2_256,PUB_R2,65,65,66,15275037,2867797,PASS,4963,6002,10,20,2,16
XMSSMT-SHA2_20/2_256,PUB_R2,66,66,67,17785648,2747481,PASS,4963,6002,10,20,2,16
XMSSMT-SHA2_20/2_256,PUB_R2,67,67,68,15393537,2747223,PASS,4963,6002,10,20,2,16
XMSSMT-SHA2_20/2_256,PUB_R2,68,68,69,17842703,2713111,PASS,4963,6002,10,20,2,16
XMSSMT-SHA2_20/2_256,PUB_R2,69,69,70,15466277,2680519,PASS,4963,6002,10,20,2,16
XMSSMT-SHA2_20/2_256,PUB_R2,70,70,71,17795797,2745093,PASS,4963,6002,10,20,2,16
XMSSMT-SHA2_20/2_256,PUB_R2,71,71,72,15440981,2712556,PASS,4963,6002,10,20,2,16
XMSSMT-SHA2_20/2_256,PUB_R2,72,72,73,17823945,2713500,PASS,4963,6002,10,20,2,16
XMSSMT-SHA2_20/2_256,PUB_R2,73,73,74,15327704,2810926,PASS,4963,6002,10,20,2,16
XMSSMT-SHA2_20/2_256,PUB_R2,74,74,75,17670759,2869870,PASS,4963,6002,10,20,2,16
XMSSMT-SHA2_20/2_256,PUB_R2,75,75,76,15486537,2659426,PASS,4963,6002,10,20,2,16
XMSSMT-SHA2_20/2_256,PUB_R2,76,76,77,17811834,2711371,PASS,4963,6002,10,20,2,16
XMSSMT-SHA2_20/2_256,PUB_R2,77,77,78,15463074,2682630,PASS,4963,6002,10,20,2,16
XMSSMT-SHA2_20/2_256,PUB_R2,78,78,79,17833537,2679204,PASS,4963,6002,10,20,2,16
XMSSMT-SHA2_20/2_256,PUB_R2,79,79,80,15272981,2878704,PASS,4963,6002,10,20,2,16
XMSSMT-SHA2_20/2_256,PUB_R2,80,80,81,17782351,2746277,PASS,4963,6002,10,20,2,16
XMSSMT-SHA2_20/2_256,PUB_R2,81,81,82,15528592,2622463,PASS,4963,6002,10,20,2,16
XMSSMT-SHA2_20/2_256,PUB_R2,82,82,83,8283481,2715741,PASS,4963,6002,10,20,2,16
XMSSMT-SHA2_20/2_256,PUB_R2,83,83,84,10756926,2615352,PASS,4963,6002,10,20,2,16
XMSSMT-SHA2_20/2_256,PUB_R2,84,84,85,5967593,2625000,PASS,4963,6002,10,20,2,16
XMSSMT-SHA2_20/2_256,PUB_R2,85,85,86,5786351,2805055,PASS,4963,6002,10,20,2,16
XMSSMT-SHA2_20/2_256,PUB_R2,86,86,87,6010519,2584092,PASS,4963,6002,10,20,2,16
XMSSMT-SHA2_20/2_256,PUB_R2,87,87,88,15462481,2681463,PASS,4963,6002,10,20,2,16
XMSSMT-SHA2_20/2_256,PUB_R2,88,88,89,10690593,2680204,PASS,4963,6002,10,20,2,16
XMSSMT-SHA2_20/2_256,PUB_R2,89,89,90,5914167,2675759,PASS,4963,6002,10,20,2,16
XMSSMT-SHA2_20/2_256,PUB_R2,90,90,91,5878037,2712889,PASS,4963,6002,10,20,2,16
XMSSMT-SHA2_20/2_256,PUB_R2,91,91,92,10641222,2719500,PASS,4963,6002,10,20,2,16
XMSSMT-SHA2_20/2_256,PUB_R2,92,92,93,5889685,2711740,PASS,4963,6002,10,20,2,16
XMSSMT-SHA2_20/2_256,PUB_R2,93,93,94,5941185,2648834,PASS,4963,6002,10,20,2,16
XMSSMT-SHA2_20/2_256,PUB_R2,94,94,95,5956296,2645667,PASS,4963,6002,10,20,2,16
XMSSMT-SHA2_20/2_256,PUB_R2,95,95,96,15501759,2650907,PASS,4963,6002,10,20,2,16
XMSSMT-SHA2_20/2_256,PUB_R2,96,96,97,17887241,2650759,PASS,4963,6002,10,20,2,16
XMSSMT-SHA2_20/2_256,PUB_R2,97,97,98,15533741,2625611,PASS,4963,6002,10,20,2,16
XMSSMT-SHA2_20/2_256,PUB_R2,98,98,99,17873333,2648556,PASS,4963,6002,10,20,2,16
XMSSMT-SHA2_20/2_256,PUB_R2,99,99,100,15455333,2674889,PASS,4963,6002,10,20,2,16
XMSSMT-SHA2_20/2_256,PUB_R2,100,100,101,17789260,2706981,PASS,4963,6002,10,20,2,16
XMSSMT-SHA2_20/2_256,PUB_R2,101,101,102,15506685,2617667,PASS,4963,6002,10,20,2,16
XMSSMT-SHA2_20/2_256,PUB_R2,102,102,103,8331389,2644981,PASS,4963,6002,10,20,2,16
XMSSMT-SHA2_20/2_256,PUB_R2,103,103,104,15320093,2803130,PASS,4963,6002,10,20,2,16
XMSSMT-SHA2_20/2_256,PUB_R2,104,104,105,10638389,2709426,PASS,4963,6002,10,20,2,16
XMSSMT-SHA2_20/2_256,PUB_R2,105,105,106,5876296,2710445,PASS,4963,6002,10,20,2,16
XMSSMT-SHA2_20/2_256,PUB_R2,106,106,107,5899519,2678740,PASS,4963,6002,10,20,2,16
XMSSMT-SHA2_20/2_256,PUB_R2,107,107,108,10679963,2675815,PASS,4963,6002,10,20,2,16
XMSSMT-SHA2_20/2_256,PUB_R2,108,108,109,5902296,2677445,PASS,4963,6002,10,20,2,16
XMSSMT-SHA2_20/2_256,PUB_R2,109,109,110,5939426,2644055,PASS,4963,6002,10,20,2,16
XMSSMT-SHA2_20/2_256,PUB_R2,110,110,111,5843593,2741666,PASS,4963,6002,10,20,2,16
XMSSMT-SHA2_20/2_256,PUB_R2,111,111,112,15257074,2872129,PASS,4963,6002,10,20,2,16
XMSSMT-SHA2_20/2_256,PUB_R2,112,112,113,17833888,2678018,PASS,4963,6002,10,20,2,16
XMSSMT-SHA2_20/2_256,PUB_R2,113,113,114,15362240,2813130,PASS,4963,6002,10,20,2,16
XMSSMT-SHA2_20/2_256,PUB_R2,114,114,115,8254556,2747963,PASS,4963,6002,10,20,2,16
XMSSMT-SHA2_20/2_256,PUB_R2,115,115,116,10725908,2650907,PASS,4963,6002,10,20,2,16
XMSSMT-SHA2_20/2_256,PUB_R2,116,116,117,5970093,2614352,PASS,4963,6002,10,20,2,16
XMSSMT-SHA2_20/2_256,PUB_R2,117,117,118,5871018,2743389,PASS,4963,6002,10,20,2,16
XMSSMT-SHA2_20/2_256,PUB_R2,118,118,119,5943723,2648537,PASS,4963,6002,10,20,2,16
XMSSMT-SHA2_20/2_256,PUB_R2,119,119,120,15506852,2651611,PASS,4963,6002,10,20,2,16
XMSSMT-SHA2_20/2_256,PUB_R2,120,120,121,10691018,2674630,PASS,4963,6002,10,20,2,16
XMSSMT-SHA2_20/2_256,PUB_R2,121,121,122,6091703,2583277,PASS,4963,6002,10,20,2,16
XMSSMT-SHA2_20/2_256,PUB_R2,122,122,123,5969240,2614741,PASS,4963,6002,10,20,2,16
XMSSMT-SHA2_20/2_256,PUB_R2,123,123,124,10433259,2935148,PASS,4963,6002,10,20,2,16
XMSSMT-SHA2_20/2_256,PUB_R2,124,124,125,5839648,2755370,PASS,4963,6002,10,20,2,16
XMSSMT-SHA2_20/2_256,PUB_R2,125,125,126,5885481,2712612,PASS,4963,6002,10,20,2,16
XMSSMT-SHA2_20/2_256,PUB_R2,126,126,127,5960334,2651000,PASS,4963,6002,10,20,2,16
XMSSMT-SHA2_20/2_256,PUB_R2,127,127,128,15317074,2838796,PASS,4963,6002,10,20,2,16
XMSSMT-SHA2_20/2_256,PUB_R2,128,128,129,17893741,2617685,PASS,4963,6002,10,20,2,16
XMSSMT-SHA2_20/2_256,PUB_R2,129,129,130,15443648,2713259,PASS,4963,6002,10,20,2,16
XMSSMT-SHA2_20/2_256,PUB_R2,130,130,131,17917815,2619963,PASS,4963,6002,10,20,2,16
XMSSMT-SHA2_20/2_256,PUB_R2,131,131,132,15526389,2615555,PASS,4963,6002,10,20,2,16
XMSSMT-SHA2_20/2_256,PUB_R2,132,132,133,17849537,2679926,PASS,4963,6002,10,20,2,16
XMSSMT-SHA2_20/2_256,PUB_R2,133,133,134,15450481,2683037,PASS,4963,6002,10,20,2,16
XMSSMT-SHA2_20/2_256,PUB_R2,134,134,135,17841241,2681593,PASS,4963,6002,10,20,2,16
XMSSMT-SHA2_20/2_256,PUB_R2,135,135,136,15435463,2712370,PASS,4963,6002,10,20,2,16
XMSSMT-SHA2_20/2_256,PUB_R2,136,136,137,17830445,2680129,PASS,4963,6002,10,20,2,16
XMSSMT-SHA2_20/2_256,PUB_R2,137,137,138,15489945,2649722,PASS,4963,6002,10,20,2,16
XMSSMT-SHA2_20/2_256,PUB_R2,138,138,139,17805055,2747259,PASS,4963,6002,10,20,2,16
XMSSMT-SHA2_20/2_256,PUB_R2,139,139,140,15419612,2716592,PASS,4963,6002,10,20,2,16
XMSSMT-SHA2_20/2_256,PUB_R2,140,140,141,17858315,2648463,PASS,4963,6002,10,20,2,16
XMSSMT-SHA2_20/2_256,PUB_R2,141,141,142,15473760,2682685,PASS,4963,6002,10,20,2,16
XMSSMT-SHA2_20/2_256,PUB_R2,142,142,143,17887445,2648519,PASS,4963,6002,10,20,2,16
XMSSMT-SHA2_20/2_256,PUB_R2,143,143,144,15418018,2745667,PASS,4963,6002,10,20,2,16
XMSSMT-SHA2_20/2_256,PUB_R2,144,144,145,17812352,2708963,PASS,4963,6002,10,20,2,16
XMSSMT-SHA2_20/2_256,PUB_R2,145,145,146,15345463,2819629,PASS,4963,6002,10,20,2,16
XMSSMT-SHA2_20/2_256,PUB_R2,146,146,147,17846389,2680556,PASS,4963,6002,10,20,2,16
XMSSMT-SHA2_20/2_256,PUB_R2,147,147,148,15240481,2904963,PASS,4963,6002,10,20,2,16
XMSSMT-SHA2_20/2_256,PUB_R2,148,148,149,17806814,2713111,PASS,4963,6002,10,20,2,16
XMSSMT-SHA2_20/2_256,PUB_R2,149,149,150,15658666,2518666,PASS,4963,6002,10,20,2,16
XMSSMT-SHA2_20/2_256,PUB_R2,150,150,151,17812944,2748982,PASS,4963,6002,10,20,2,16
XMSSMT-SHA2_20/2_256,PUB_R2,151,151,152,15559629,2597704,PASS,4963,6002,10,20,2,16
XMSSMT-SHA2_20/2_256,PUB_R2,152,152,153,17801333,2719482,PASS,4963,6002,10,20,2,16
XMSSMT-SHA2_20/2_256,PUB_R2,153,153,154,15482500,2681704,PASS,4963,6002,10,20,2,16
XMSSMT-SHA2_20/2_256,PUB_R2,154,154,155,17844574,2681018,PASS,4963,6002,10,20,2,16
XMSSMT-SHA2_20/2_256,PUB_R2,155,155,156,15485926,2645907,PASS,4963,6002,10,20,2,16
XMSSMT-SHA2_20/2_256,PUB_R2,156,156,157,17831185,2681371,PASS,4963,6002,10,20,2,16
XMSSMT-SHA2_20/2_256,PUB_R2,157,157,158,15476870,2697500,PASS,4963,6002,10,20,2,16
XMSSMT-SHA2_20/2_256,PUB_R2,158,158,159,17974926,2550926,PASS,4963,6002,10,20,2,16
XMSSMT-SHA2_20/2_256,PUB_R2,159,159,160,15343259,2809722,PASS,4963,6002,10,20,2,16
XMSSMT-SHA2_20/2_256,PUB_R2,160,160,161,17791074,2712408,PASS,4963,6002,10,20,2,16
XMSSMT-SHA2_20/2_256,PUB_R2,161,161,162,15552056,2580537,PASS,4963,6002,10,20,2,16
XMSSMT-SHA2_20/2_256,PUB_R2,162,162,163,17819759,2683426,PASS,4963,6002,10,20,2,16
XMSSMT-SHA2_20/2_256,PUB_R2,163,163,164,15424797,2715407,PASS,4963,6002,10,20,2,16
XMSSMT-SHA2_20/2_256,PUB_R2,164,164,165,17666370,2838445,PASS,4963,6002,10,20,2,16
XMSSMT-SHA2_20/2_256,PUB_R2,165,165,166,15379500,2745481,PASS,4963,6002,10,20,2,16
XMSSMT-SHA2_20/2_256,PUB_R2,166,166,167,17803686,2713592,PASS,4963,6002,10,20,2,16
XMSSMT-SHA2_20/2_256,PUB_R2,167,167,168,15416537,2709629,PASS,4963,6002,10,20,2,16
XMSSMT-SHA2_20/2_256,PUB_R2,168,168,169,17764408,2741982,PASS,4963,6002,10,20,2,16
XMSSMT-SHA2_20/2_256,PUB_R2,169,169,170,15469000,2650241,PASS,4963,6002,10,20,2,16
XMSSMT-SHA2_20/2_256,PUB_R2,170,170,171,17724315,2819370,PASS,4963,6002,10,20,2,16
XMSSMT-SHA2_20/2_256,PUB_R2,171,171,172,10710963,2654315,PASS,4963,6002,10,20,2,16
XMSSMT-SHA2_20/2_256,PUB_R2,172,172,173,5847000,2740815,PASS,4963,6002,10,20,2,16
XMSSMT-SHA2_20/2_256,PUB_R2,173,173,174,5906926,2691722,PASS,4963,6002,10,20,2,16
XMSSMT-SHA2_20/2_256,PUB_R2,174,174,175,5777907,2805167,PASS,4963,6002,10,20,2,16
XMSSMT-SHA2_20/2_256,PUB_R2,175,175,176,15496778,2649259,PASS,4963,6002,10,20,2,16
XMSSMT-SHA2_20/2_256,PUB_R2,176,176,177,17725240,2811815,PASS,4963,6002,10,20,2,16
XMSSMT-SHA2_20/2_256,PUB_R2,177,177,178,15527722,2617556,PASS,4963,6002,10,20,2,16
XMSSMT-SHA2_20/2_256,PUB_R2,178,178,179,8125166,2872315,PASS,4963,6002,10,20,2,16
XMSSMT-SHA2_20/2_256,PUB_R2,179,179,180,10816278,2550870,PASS,4963,6002,10,20,2,16
XMSSMT-SHA2_20/2_256,PUB_R2,180,180,181,5946834,2684815,PASS,4963,6002,10,20,2,16
XMSSMT-SHA2_20/2_256,PUB_R2,181,181,182,6179815,2422908,PASS,4963,6002,10,20,2,16
XMSSMT-SHA2_20/2_256,PUB_R2,182,182,183,5683371,2921259,PASS,4963,6002,10,20,2,16
XMSSMT-SHA2_20/2_256,PUB_R2,183,183,184,15337426,2807593,PASS,4963,6002,10,20,2,16
XMSSMT-SHA2_20/2_256,PUB_R2,184,184,185,10730611,2622093,PASS,4963,6002,10,20,2,16
XMSSMT-SHA2_20/2_256,PUB_R2,185,185,186,5724260,2876092,PASS,4963,6002,10,20,2,16
XMSSMT-SHA2_20/2_256,PUB_R2,186,186,187,5839629,2746945,PASS,4963,6002,10,20,2,16
XMSSMT-SHA2_20/2_256,PUB_R2,187,187,188,10705648,2680703,PASS,4963,6002,10,20,2,16
XMSSMT-SHA2_20/2_256,PUB_R2,188,188,189,5864704,2742629,PASS,4963,6002,10,20,2,16
XMSSMT-SHA2_20/2_256,PUB_R2,189,189,190,5780778,2807000,PASS,4963,6002,10,20,2,16
XMSSMT-SHA2_20/2_256,PUB_R2,190,190,191,5917389,2680092,PASS,4963,6002,10,20,2,16
XMSSMT-SHA2_20/2_256,PUB_R2,191,191,192,15466500,2679074,PASS,4963,6002,10,20,2,16
XMSSMT-SHA2_20/2_256,PUB_R2,192,192,193,17772352,2740963,PASS,4963,6002,10,20,2,16
XMSSMT-SHA2_20/2_256,PUB_R2,193,193,194,15384686,2743222,PASS,4963,6002,10,20,2,16
XMSSMT-SHA2_20/2_256,PUB_R2,194,194,195,17777315,2750148,PASS,4963,6002,10,20,2,16
XMSSMT-SHA2_20/2_256,PUB_R2,195,195,196,15342629,2823426,PASS,4963,6002,10,20,2,16
XMSSMT-SHA2_20/2_256,PUB_R2,196,196,197,17817592,2716370,PASS,4963,6002,10,20,2,16
XMSSMT-SHA2_20/2_256,PUB_R2,197,197,198,15485370,2644555,PASS,4963,6002,10,20,2,16
XMSSMT-SHA2_20/2_256,PUB_R2,198,198,199,17730612,2808500,PASS,4963,6002,10,20,2,16
XMSSMT-SHA2_20/2_256,PUB_R2,199,199,200,15312075,2839407,PASS,4963,6002,10,20,2,16
XMSSMT-SHA2_20/2_256,PUB_R2,200,200,201,17884093,2655685,PASS,4963,6002,10,20,2,16
XMSSMT-SHA2_20/2_256,PUB_R2,201,201,202,15335445,2829352,PASS,4963,6002,10,20,2,16
XMSSMT-SHA2_20/2_256,PUB_R2,202,202,203,17865019,2682760,PASS,4963,6002,10,20,2,16
XMSSMT-SHA2_20/2_256,PUB_R2,203,203,204,15535759,2615519,PASS,4963,6002,10,20,2,16
XMSSMT-SHA2_20/2_256,PUB_R2,204,204,205,17776018,2742945,PASS,4963,6002,10,20,2,16
XMSSMT-SHA2_20/2_256,PUB_R2,205,205,206,15555296,2587630,PASS,4963,6002,10,20,2,16
XMSSMT-SHA2_20/2_256,PUB_R2,206,206,207,17784963,2750204,PASS,4963,6002,10,20,2,16
XMSSMT-SHA2_20/2_256,PUB_R2,207,207,208,15341556,2819222,PASS,4963,6002,10,20,2,16
XMSSMT-SHA2_20/2_256,PUB_R2,208,208,209,17849852,2687611,PASS,4963,6002,10,20,2,16
XMSSMT-SHA2_20/2_256,PUB_R2,209,209,210,15462055,2677389,PASS,4963,6002,10,20,2,16
XMSSMT-SHA2_20/2_256,PUB_R2,210,210,211,8160074,2838685,PASS,4963,6002,10,20,2,16
XMSSMT-SHA2_20/2_256,PUB_R2,211,211,212,10737574,2648778,PASS,4963,6002,10,20,2,16
XMSSMT-SHA2_20/2_256,PUB_R2,212,212,213,5920704,2679519,PASS,4963,6002,10,20,2,16
XMSSMT-SHA2_20/2_256,PUB_R2,213,213,214,5783222,2806666,PASS,4963,6002,10,20,2,16
XMSSMT-SHA2_20/2_256,PUB_R2,214,214,215,5973185,2615148,PASS,4963,6002,10,20,2,16
XMSSMT-SHA2_20/2_256,PUB_R2,215,215,216,15493611,2647370,PASS,4963,6002,10,20,2,16
XMSSMT-SHA2_20/2_256,PUB_R2,216,216,217,10751926,2623907,PASS,4963,6002,10,20,2,16
XMSSMT-SHA2_20/2_256,PUB_R2,217,217,218,6037760,2551111,PASS,4963,6002,10,20,2,16
XMSSMT-SHA2_20/2_256,PUB_R2,218,218,219,5776963,2811963,PASS,4963,6002,10,20,2,16
XMSSMT-SHA2_20/2_256,PUB_R2,219,219,220,10755556,2617333,PASS,4963,6002,10,20,2,16
XMSSMT-SHA2_20/2_256,PUB_R2,220,220,221,5889297,2710463,PASS,4963,6002,10,20,2,16
XMSSMT-SHA2_20/2_256,PUB_R2,221,221,222,5911074,2692426,PASS,4963,6002,10,20,2,16
XMSSMT-SHA2_20/2_256,PUB_R2,222,222,223,5934852,2646259,PASS,4963,6002,10,20,2,16
XMSSMT-SHA2_20/2_256,PUB_R2,223,223,224,15484463,2679426,PASS,4963,6002,10,20,2,16
XMSSMT-SHA2_20/2_256,PUB_R2,224,224,225,17839037,2688741,PASS,4963,6002,10,20,2,16
XMSSMT-SHA2_20/2_256,PUB_R2,225,225,226,15487055,2646871,PASS,4963,6002,10,20,2,16
XMSSMT-SHA2_20/2_256,PUB_R2,226,226,227,17933852,2580408,PASS,4963,6002,10,20,2,16
XMSSMT-SHA2_20/2_256,PUB_R2,227,227,228,15405296,2709926,PASS,4963,6002,10,20,2,16
XMSSMT-SHA2_20/2_256,PUB_R2,228,228,229,17759889,2744574,PASS,4963,6002,10,20,2,16
XMSSMT-SHA2_20/2_256,PUB_R2,229,229,230,15518962,2611889,PASS,4963,6002,10,20,2,16
XMSSMT-SHA2_20/2_256,PUB_R2,230,230,231,8169223,2805629,PASS,4963,6002,10,20,2,16
XMSSMT-SHA2_20/2_256,PUB_R2,231,231,232,15444648,2679685,PASS,4963,6002,10,20,2,16
XMSSMT-SHA2_20/2_256,PUB_R2,232,232,233,10641482,2713444,PASS,4963,6002,10,20,2,16
XMSSMT-SHA2_20/2_256,PUB_R2,233,233,234,5747315,2838056,PASS,4963,6002,10,20,2,16
XMSSMT-SHA2_20/2_256,PUB_R2,234,234,235,5838352,2740926,PASS,4963,6002,10,20,2,16
XMSSMT-SHA2_20/2_256,PUB_R2,235,235,236,10644574,2712871,PASS,4963,6002,10,20,2,16
XMSSMT-SHA2_20/2_256,PUB_R2,236,236,237,5838649,2746111,PASS,4963,6002,10,20,2,16
XMSSMT-SHA2_20/2_256,PUB_R2,237,237,238,5907185,2679407,PASS,4963,6002,10,20,2,16
XMSSMT-SHA2_20/2_256,PUB_R2,238,238,239,5963278,2614444,PASS,4963,6002,10,20,2,16
XMSSMT-SHA2_20/2_256,PUB_R2,239,239,240,15434277,2712630,PASS,4963,6002,10,20,2,16
XMSSMT-SHA2_20/2_256,PUB_R2,240,240,241,17853685,2651000,PASS,4963,6002,10,20,2,16
XMSSMT-SHA2_20/2_256,PUB_R2,241,241,242,15520111,2618297,PASS,4963,6002,10,20,2,16
XMSSMT-SHA2_20/2_256,PUB_R2,242,242,243,8312204,2676926,PASS,4963,6002,10,20,2,16
XMSSMT-SHA2_20/2_256,PUB_R2,243,243,244,10767185,2617741,PASS,4963,6002,10,20,2,16
XMSSMT-SHA2_20/2_256,PUB_R2,244,244,245,5969426,2619203,PASS,4963,6002,10,20,2,16
XMSSMT-SHA2_20/2_256,PUB_R2,245,245,246,5923130,2678037,PASS,4963,6002,10,20,2,16
XMSSMT-SHA2_20/2_256,PUB_R2,246,246,247,5836611,2744148,PASS,4963,6002,10,20,2,16
XMSSMT-SHA2_20/2_256,PUB_R2,247,247,248,24837093,2636241,PASS,4963,6002,10,20,2,16
XMSSMT-SHA2_20/2_256,PUB_R2,248,248,249,10742074,2613963,PASS,4963,6002,10,20,2,16
XMSSMT-SHA2_20/2_256,PUB_R2,249,249,250,5901704,2674944,PASS,4963,6002,10,20,2,16
XMSSMT-SHA2_20/2_256,PUB_R2,250,250,251,5919389,2674111,PASS,4963,6002,10,20,2,16
XMSSMT-SHA2_20/2_256,PUB_R2,251,251,252,10727592,2712352,PASS,4963,6002,10,20,2,16
XMSSMT-SHA2_20/2_256,PUB_R2,252,252,253,5765926,2805074,PASS,4963,6002,10,20,2,16
XMSSMT-SHA2_20/2_256,PUB_R2,253,253,254,5962759,2648203,PASS,4963,6002,10,20,2,16
XMSSMT-SHA2_20/2_256,PUB_R2,254,254,255,5933908,2638907,PASS,4963,6002,10,20,2,16
XMSSMT-SHA2_20/2_256,PUB_R2,255,255,256,15430166,2711074,PASS,4963,6002,10,20,2,16
XMSSMT-SHA2_20/2_256,PUB_R2,256,256,257,17796963,2720297,PASS,4963,6002,10,20,2,16
XMSSMT-SHA2_20/2_256,PUB_R2,257,257,258,15409630,2704222,PASS,4963,6002,10,20,2,16
XMSSMT-SHA2_20/2_256,PUB_R2,258,258,259,17573241,2933333,PASS,4963,6002,10,20,2,16
XMSSMT-SHA2_20/2_256,PUB_R2,259,259,260,15442778,2679407,PASS,4963,6002,10,20,2,16
XMSSMT-SHA2_20/2_256,PUB_R2,260,260,261,17810129,2675777,PASS,4963,6002,10,20,2,16
XMSSMT-SHA2_20/2_256,PUB_R2,261,261,262,15251537,2870649,PASS,4963,6002,10,20,2,16
XMSSMT-SHA2_20/2_256,PUB_R2,262,262,263,17752556,2748851,PASS,4963,6002,10,20,2,16
XMSSMT-SHA2_20/2_256,PUB_R2,263,263,264,15472519,2643519,PASS,4963,6002,10,20,2,16
XMSSMT-SHA2_20/2_256,PUB_R2,264,264,265,17832167,2640963,PASS,4963,6002,10,20,2,16
XMSSMT-SHA2_20/2_256,PUB_R2,265,265,266,15444741,2679037,PASS,4963,6002,10,20,2,16
XMSSMT-SHA2_20/2_256,PUB_R2,266,266,267,17654611,2834537,PASS,4963,6002,10,20,2,16
XMSSMT-SHA2_20/2_256,PUB_R2,267,267,268,15503463,2614963,PASS,4963,6002,10,20,2,16
XMSSMT-SHA2_20/2_256,PUB_R2,268,268,269,17762463,2726074,PASS,4963,6002,10,20,2,16
XMSSMT-SHA2_20/2_256,PUB_R2,269,269,270,15472833,2641204,PASS,4963,6002,10,20,2,16
XMSSMT-SHA2_20/2_256,PUB_R2,270,270,271,17808759,2670815,PASS,4963,6002,10,20,2,16
XMSSMT-SHA2_20/2_256,PUB_R2,271,271,272,15471519,2648370,PASS,4963,6002,10,20,2,16
XMSSMT-SHA2_20/2_256,PUB_R2,272,272,273,17677445,2805333,PASS,4963,6002,10,20,2,16
XMSSMT-SHA2_20/2_256,PUB_R2,273,273,274,15370981,2738593,PASS,4963,6002,10,20,2,16
XMSSMT-SHA2_20/2_256,PUB_R2,274,274,275,18015889,2489926,PASS,4963,6002,10,20,2,16
XMSSMT-SHA2_20/2_256,PUB_R2,275,275,276,15464074,2677296,PASS,4963,6002,10,20,2,16
XMSSMT-SHA2_20/2_256,PUB_R2,276,276,277,17772074,2734704,PASS,4963,6002,10,20,2,16
XMSSMT-SHA2_20/2_256,PUB_R2,277,277,278,15514204,2614000,PASS,4963,6002,10,20,2,16
XMSSMT-SHA2_20/2_256,PUB_R2,278,278,279,17865185,2644426,PASS,4963,6002,10,20,2,16
XMSSMT-SHA2_20/2_256,PUB_R2,279,279,280,15383759,2737463,PASS,4963,6002,10,20,2,16
XMSSMT-SHA2_20/2_256,PUB_R2,280,280,281,17739667,2746333,PASS,4963,6002,10,20,2,16
XMSSMT-SHA2_20/2_256,PUB_R2,281,281,282,15444537,2679074,PASS,4963,6002,10,20,2,16
XMSSMT-SHA2_20/2_256,PUB_R2,282,282,283,17863352,2641611,PASS,4963,6002,10,20,2,16
XMSSMT-SHA2_20/2_256,PUB_R2,283,283,284,15459388,2680870,PASS,4963,6002,10,20,2,16
XMSSMT-SHA2_20/2_256,PUB_R2,284,284,285,17661093,2837259,PASS,4963,6002,10,20,2,16
XMSSMT-SHA2_20/2_256,PUB_R2,285,285,286,15521574,2612185,PASS,4963,6002,10,20,2,16
XMSSMT-SHA2_20/2_256,PUB_R2,286,286,287,17869796,2612426,PASS,4963,6002,10,20,2,16
XMSSMT-SHA2_20/2_256,PUB_R2,287,287,288,15463222,2641074,PASS,4963,6002,10,20,2,16
XMSSMT-SHA2_20/2_256,PUB_R2,288,288,289,17682833,2799889,PASS,4963,6002,10,20,2,16
XMSSMT-SHA2_20/2_256,PUB_R2,289,289,290,15360555,2742167,PASS,4963,6002,10,20,2,16
XMSSMT-SHA2_20/2_256,PUB_R2,290,290,291,17786167,2708000,PASS,4963,6002,10,20,2,16
XMSSMT-SHA2_20/2_256,PUB_R2,291,291,292,15521871,2586130,PASS,4963,6002,10,20,2,16
XMSSMT-SHA2_20/2_256,PUB_R2,292,292,293,17862667,2611518,PASS,4963,6002,10,20,2,16
XMSSMT-SHA2_20/2_256,PUB_R2,293,293,294,15360907,2736575,PASS,4963,6002,10,20,2,16
XMSSMT-SHA2_20/2_256,PUB_R2,294,294,295,17743407,2736630,PASS,4963,6002,10,20,2,16
XMSSMT-SHA2_20/2_256,PUB_R2,295,295,296,15424648,2675833,PASS,4963,6002,10,20,2,16
XMSSMT-SHA2_20/2_256,PUB_R2,296,296,297,17864685,2617741,PASS,4963,6002,10,20,2,16
XMSSMT-SHA2_20/2_256,PUB_R2,297,297,298,15420611,2710389,PASS,4963,6002,10,20,2,16
XMSSMT-SHA2_20/2_256,PUB_R2,298,298,299,17678777,2834592,PASS,4963,6002,10,20,2,16
XMSSMT-SHA2_20/2_256,PUB_R2,299,299,300,15256259,2870797,PASS,4963,6002,10,20,2,16
XMSSMT-SHA2_20/2_256,PUB_R2,300,300,301,17822185,2678852,PASS,4963,6002,10,20,2,16
XMSSMT-SHA2_20/2_256,PUB_R2,301,301,302,15622463,2530297,PASS,4963,6002,10,20,2,16
XMSSMT-SHA2_20/2_256,PUB_R2,302,302,303,17677222,2840686,PASS,4963,6002,10,20,2,16
XMSSMT-SHA2_20/2_256,PUB_R2,303,303,304,15384963,2740574,PASS,4963,6002,10,20,2,16
XMSSMT-SHA2_20/2_256,PUB_R2,304,304,305,17945944,2550630,PASS,4963,6002,10,20,2,16
XMSSMT-SHA2_20/2_256,PUB_R2,305,305,306,15452130,2677315,PASS,4963,6002,10,20,2,16
XMSSMT-SHA2_20/2_256,PUB_R2,306,306,307,17976648,2581037,PASS,4963,6002,10,20,2,16
XMSSMT-SHA2_20/2_256,PUB_R2,307,307,308,15376519,2759889,PASS,4963,6002,10,20,2,16
XMSSMT-SHA2_20/2_256,PUB_R2,308,308,309,17795926,2708871,PASS,4963,6002,10,20,2,16
XMSSMT-SHA2_20/2_256,PUB_R2,309,309,310,15403815,2710667,PASS,4963,6002,10,20,2,16
XMSSMT-SHA2_20/2_256,PUB_R2,310,310,311,17797222,2711371,PASS,4963,6002,10,20,2,16
XMSSMT-SHA2_20/2_256,PUB_R2,311,311,312,15384315,2735630,PASS,4963,6002,10,20,2,16
XMSSMT-SHA2_20/2_256,PUB_R2,312,312,313,17806611,2707704,PASS,4963,6002,10,20,2,16
XMSSMT-SHA2_20/2_256,PUB_R2,313,313,314,15418648,2723852,PASS,4963,6002,10,20,2,16
XMSSMT-SHA2_20/2_256,PUB_R2,314,314,315,17858852,2644889,PASS,4963,6002,10,20,2,16
XMSSMT-SHA2_20/2_256,PUB_R2,315,315,316,15483778,2645611,PASS,4963,6002,10,20,2,16
XMSSMT-SHA2_20/2_256,PUB_R2,316,316,317,17798334,2712667,PASS,4963,6002,10,20,2,16
XMSSMT-SHA2_20/2_256,PUB_R2,317,317,318,15448740,2674408,PASS,4963,6002,10,20,2,16
XMSSMT-SHA2_20/2_256,PUB_R2,318,318,319,17703241,2806111,PASS,4963,6002,10,20,2,16
XMSSMT-SHA2_20/2_256,PUB_R2,319,319,320,15495277,2652629,PASS,4963,6002,10,20,2,16
XMSSMT-SHA2_20/2_256,PUB_R2,320,320,321,17756833,2743518,PASS,4963,6002,10,20,2,16
XMSSMT-SHA2_20/2_256,PUB_R2,321,321,322,15388130,2743240,PASS,4963,6002,10,20,2,16
XMSSMT-SHA2_20/2_256,PUB_R2,322,322,323,17883463,2613481,PASS,4963,6002,10,20,2,16
XMSSMT-SHA2_20/2_256,PUB_R2,323,323,324,15443333,2677740,PASS,4963,6002,10,20,2,16
XMSSMT-SHA2_20/2_256,PUB_R2,324,324,325,17860055,2646685,PASS,4963,6002,10,20,2,16
XMSSMT-SHA2_20/2_256,PUB_R2,325,325,326,15171981,2975000,PASS,4963,6002,10,20,2,16
XMSSMT-SHA2_20/2_256,PUB_R2,326,326,327,17927648,2583277,PASS,4963,6002,10,20,2,16
XMSSMT-SHA2_20/2_256,PUB_R2,327,327,328,15314963,2827481,PASS,4963,6002,10,20,2,16
XMSSMT-SHA2_20/2_256,PUB_R2,328,328,329,17665889,2839408,PASS,4963,6002,10,20,2,16
XMSSMT-SHA2_20/2_256,PUB_R2,329,329,330,15254722,2870482,PASS,4963,6002,10,20,2,16
XMSSMT-SHA2_20/2_256,PUB_R2,330,330,331,17822278,2708148,PASS,4963,6002,10,20,2,16
XMSSMT-SHA2_20/2_256,PUB_R2,331,331,332,15574297,2561592,PASS,4963,6002,10,20,2,16
XMSSMT-SHA2_20/2_256,PUB_R2,332,332,333,17842592,2647870,PASS,4963,6002,10,20,2,16
XMSSMT-SHA2_20/2_256,PUB_R2,333,333,334,15506944,2614093,PASS,4963,6002,10,20,2,16
XMSSMT-SHA2_20/2_256,PUB_R2,334,334,335,17821167,2673796,PASS,4963,6002,10,20,2,16
XMSSMT-SHA2_20/2_256,PUB_R2,335,335,336,15433352,2674963,PASS,4963,6002,10,20,2,16
XMSSMT-SHA2_20/2_256,PUB_R2,336,336,337,17693296,2804130,PASS,4963,6002,10,20,2,16
XMSSMT-SHA2_20/2_256,PUB_R2,337,337,338,15411149,2715370,PASS,4963,6002,10,20,2,16
XMSSMT-SHA2_20/2_256,PUB_R2,338,338,339,17700666,2803926,PASS,4963,6002,10,20,2,16
XMSSMT-SHA2_20/2_256,PUB_R2,339,339,340,15517129,2574018,PASS,4963,6002,10,20,2,16
XMSSMT-SHA2_20/2_256,PUB_R2,340,340,341,17736241,2741815,PASS,4963,6002,10,20,2,16
XMSSMT-SHA2_20/2_256,PUB_R2,341,341,342,15374519,2737963,PASS,4963,6002,10,20,2,16
XMSSMT-SHA2_20/2_256,PUB_R2,342,342,343,17876630,2609333,PASS,4963,6002,10,20,2,16
XMSSMT-SHA2_20/2_256,PUB_R2,343,343,344,15385445,2705018,PASS,4963,6002,10,20,2,16
XMSSMT-SHA2_20/2_256,PUB_R2,344,344,345,17754760,2704611,PASS,4963,6002,10,20,2,16
XMSSMT-SHA2_20/2_256,PUB_R2,345,345,346,15229093,2863704,PASS,4963,6002,10,20,2,16
XMSSMT-SHA2_20/2_256,PUB_R2,346,346,347,17862630,2609315,PASS,4963,6002,10,20,2,16
XMSSMT-SHA2_20/2_256,PUB_R2,347,347,348,15597092,2480260,PASS,4963,6002,10,20,2,16
XMSSMT-SHA2_20/2_256,PUB_R2,348,348,349,17833870,2641945,PASS,4963,6002,10,20,2,16
XMSSMT-SHA2_20/2_256,PUB_R2,349,349,350,15513167,2615926,PASS,4963,6002,10,20,2,16
XMSSMT-SHA2_20/2_256,PUB_R2,350,350,351,17769555,2755871,PASS,4963,6002,10,20,2,16
XMSSMT-SHA2_20/2_256,PUB_R2,351,351,352,15217278,2897260,PASS,4963,6002,10,20,2,16
XMSSMT-SHA2_20/2_256,PUB_R2,352,352,353,17840592,2681852,PASS,4963,6002,10,20,2,16
XMSSMT-SHA2_20/2_256,PUB_R2,353,353,354,15219037,2899722,PASS,4963,6002,10,20,2,16
XMSSMT-SHA2_20/2_256,PUB_R2,354,354,355,17828166,2675167,PASS,4963,6002,10,20,2,16
XMSSMT-SHA2_20/2_256,PUB_R2,355,355,356,15416649,2712704,PASS,4963,6002,10,20,2,16
XMSSMT-SHA2_20/2_256,PUB_R2,356,356,357,17883740,2671556,PASS,4963,6002,10,20,2,16
XMSSMT-SHA2_20/2_256,PUB_R2,357,357,358,15488074,2646612,PASS,4963,6002,10,20,2,16
XMSSMT-SHA2_20/2_256,PUB_R2,358,358,359,17858981,2646778,PASS,4963,6002,10,20,2,16
XMSSMT-SHA2_20/2_256,PUB_R2,359,359,360,15366759,2810148,PASS,4963,6002,10,20,2,16
XMSSMT-SHA2_20/2_256,PUB_R2,360,360,361,17755259,2740259,PASS,4963,6002,10,20,2,16
XMSSMT-SHA2_20/2_256,PUB_R2,361,361,362,15455759,2677666,PASS,4963,6002,10,20,2,16
XMSSMT-SHA2_20/2_256,PUB_R2,362,362,363,17957852,2592056,PASS,4963,6002,10,20,2,16
XMSSMT-SHA2_20/2_256,PUB_R2,363,363,364,10701537,2638945,PASS,4963,6002,10,20,2,16
XMSSMT-SHA2_20/2_256,PUB_R2,364,364,365,5907500,2675537,PASS,4963,6002,10,20,2,16
XMSSMT-SHA2_20/2_256,PUB_R2,365,365,366,5965537,2609481,PASS,4963,6002,10,20,2,16
XMSSMT-SHA2_20/2_256,PUB_R2,366,366,367,5840537,2736666,PASS,4963,6002,10,20,2,16
XMSSMT-SHA2_20/2_256,PUB_R2,367,367,368,15477037,2642166,PASS,4963,6002,10,20,2,16
XMSSMT-SHA2_20/2_256,PUB_R2,368,368,369,17741704,2738259,PASS,4963,6002,10,20,2,16
XMSSMT-SHA2_20/2_256,PUB_R2,369,369,370,15276538,2834667,PASS,4963,6002,10,20,2,16
XMSSMT-SHA2_20/2_256,PUB_R2,370,370,371,8263870,2704741,PASS,4963,6002,10,20,2,16
XMSSMT-SHA2_20/2_256,PUB_R2,371,371,372,10772203,2582537,PASS,4963,6002,10,20,2,16
XMSSMT-SHA2_20/2_256,PUB_R2,372,372,373,5676462,2899148,PASS,4963,6002,10,20,2,16
XMSSMT-SHA2_20/2_256,PUB_R2,373,373,374,5946926,2642815,PASS,4963,6002,10,20,2,16
XMSSMT-SHA2_20/2_256,PUB_R2,374,374,375,5996167,2575148,PASS,4963,6002,10,20,2,16
XMSSMT-SHA2_20/2_256,PUB_R2,375,375,376,15293685,2841981,PASS,4963,6002,10,20,2,16
XMSSMT-SHA2_20/2_256,PUB_R2,376,376,377,10521296,2834759,PASS,4963,6002,10,20,2,16
XMSSMT-SHA2_20/2_256,PUB_R2,377,377,378,5786370,2799240,PASS,4963,6002,10,20,2,16
XMSSMT-SHA2_20/2_256,PUB_R2,378,378,379,5829852,2738000,PASS,4963,6002,10,20,2,16
XMSSMT-SHA2_20/2_256,PUB_R2,379,379,380,10678740,2677315,PASS,4963,6002,10,20,2,16
XMSSMT-SHA2_20/2_256,PUB_R2,380,380,381,5743260,2843074,PASS,4963,6002,10,20,2,16
XMSSMT-SHA2_20/2_256,PUB_R2,381,381,382,5845204,2739296,PASS,4963,6002,10,20,2,16
XMSSMT-SHA2_20/2_256,PUB_R2,382,382,383,5840981,2739074,PASS,4963,6002,10,20,2,16
XMSSMT-SHA2_20/2_256,PUB_R2,383,383,384,15394870,2751907,PASS,4963,6002,10,20,2,16
XMSSMT-SHA2_20/2_256,PUB_R2,384,384,385,17911593,2582240,PASS,4963,6002,10,20,2,16
XMSSMT-SHA2_20/2_256,PUB_R2,385,385,386,15559834,2547167,PASS,4963,6002,10,20,2,16
XMSSMT-SHA2_20/2_256,PUB_R2,386,386,387,17787648,2705574,PASS,4963,6002,10,20,2,16
XMSSMT-SHA2_20/2_256,PUB_R2,387,387,388,15355055,2804722,PASS,4963,6002,10,20,2,16
XMSSMT-SHA2_20/2_256,PUB_R2,388,388,389,17870463,2611722,PASS,4963,6002,10,20,2,16
XMSSMT-SHA2_20/2_256,PUB_R2,389,389,390,15459222,2686500,PASS,4963,6002,10,20,2,16
XMSSMT-SHA2_20/2_256,PUB_R2,390,390,391,17644500,2867629,PASS,4963,6002,10,20,2,16
XMSSMT-SHA2_20/2_256,PUB_R2,391,391,392,15567982,2550185,PASS,4963,6002,10,20,2,16
XMSSMT-SHA2_20/2_256,PUB_R2,392,392,393,17788482,2674074,PASS,4963,6002,10,20,2,16
XMSSMT-SHA2_20/2_256,PUB_R2,393,393,394,15475945,2643778,PASS,4963,6002,10,20,2,16
XMSSMT-SHA2_20/2_256,PUB_R2,394,394,395,17955537,2550704,PASS,4963,6002,10,20,2,16
XMSSMT-SHA2_20/2_256,PUB_R2,395,395,396,15397741,2755612,PASS,4963,6002,10,20,2,16
XMSSMT-SHA2_20/2_256,PUB_R2,396,396,397,17841648,2646667,PASS,4963,6002,10,20,2,16
XMSSMT-SHA2_20/2_256,PUB_R2,397,397,398,15408945,2706092,PASS,4963,6002,10,20,2,16
XMSSMT-SHA2_20/2_256,PUB_R2,398,398,399,17743500,2734222,PASS,4963,6002,10,20,2,16
XMSSMT-SHA2_20/2_256,PUB_R2,399,399,400,15420204,2675666,PASS,4963,6002,10,20,2,16
XMSSMT-SHA2_20/2_256,PUB_R2,400,400,401,17753148,2702055,PASS,4963,6002,10,20,2,16
XMSSMT-SHA2_20/2_256,PUB_R2,401,401,402,15422741,2676593,PASS,4963,6002,10,20,2,16
XMSSMT-SHA2_20/2_256,PUB_R2,402,402,403,17833500,2642685,PASS,4963,6002,10,20,2,16
XMSSMT-SHA2_20/2_256,PUB_R2,403,403,404,15507963,2575500,PASS,4963,6002,10,20,2,16
XMSSMT-SHA2_20/2_256,PUB_R2,404,404,405,17791815,2674241,PASS,4963,6002,10,20,2,16
XMSSMT-SHA2_20/2_256,PUB_R2,405,405,406,15415111,2673037,PASS,4963,6002,10,20,2,16
XMSSMT-SHA2_20/2_256,PUB_R2,406,406,407,17805852,2676111,PASS,4963,6002,10,20,2,16
XMSSMT-SHA2_20/2_256,PUB_R2,407,407,408,15565574,2514259,PASS,4963,6002,10,20,2,16
XMSSMT-SHA2_20/2_256,PUB_R2,408,408,409,17680074,2825685,PASS,4963,6002,10,20,2,16
XMSSMT-SHA2_20/2_256,PUB_R2,409,409,410,15339574,2800797,PASS,4963,6002,10,20,2,16
XMSSMT-SHA2_20/2_256,PUB_R2,410,410,411,17817185,2673797,PASS,4963,6002,10,20,2,16
XMSSMT-SHA2_20/2_256,PUB_R2,411,411,412,15377815,2739204,PASS,4963,6002,10,20,2,16
XMSSMT-SHA2_20/2_256,PUB_R2,412,412,413,17788944,2711241,PASS,4963,6002,10,20,2,16
XMSSMT-SHA2_20/2_256,PUB_R2,413,413,414,15438519,2677463,PASS,4963,6002,10,20,2,16
XMSSMT-SHA2_20/2_256,PUB_R2,414,414,415,17867000,2661426,PASS,4963,6002,10,20,2,16
XMSSMT-SHA2_20/2_256,PUB_R2,415,415,416,15318203,2798556,PASS,4963,6002,10,20,2,16
XMSSMT-SHA2_20/2_256,PUB_R2,416,416,417,17942352,2545055,PASS,4963,6002,10,20,2,16
XMSSMT-SHA2_20/2_256,PUB_R2,417,417,418,15597111,2517907,PASS,4963,6002,10,20,2,16
XMSSMT-SHA2_20/2_256,PUB_R2,418,418,419,17775759,2707815,PASS,4963,6002,10,20,2,16
XMSSMT-SHA2_20/2_256,PUB_R2,419,419,420,15511759,2612315,PASS,4963,6002,10,20,2,16
XMSSMT-SHA2_20/2_256,PUB_R2,420,420,421,17837759,2720333,PASS,4963,6002,10,20,2,16
XMSSMT-SHA2_20/2_256,PUB_R2,421,421,422,15446871,2673407,PASS,4963,6002,10,20,2,16
XMSSMT-SHA2_20/2_256,PUB_R2,422,422,423,17932852,2579093,PASS,4963,6002,10,20,2,16
XMSSMT-SHA2_20/2_256,PUB_R2,423,423,424,15439000,2675519,PASS,4963,6002,10,20,2,16
XMSSMT-SHA2_20/2_256,PUB_R2,424,424,425,17801815,2710518,PASS,4963,6002,10,20,2,16
XMSSMT-SHA2_20/2_256,PUB_R2,425,425,426,15439203,2677945,PASS,4963,6002,10,20,2,16
XMSSMT-SHA2_20/2_256,PUB_R2,426,426,427,17876481,2659241,PASS,4963,6002,10,20,2,16
XMSSMT-SHA2_20/2_256,PUB_R2,427,427,428,10697204,2644741,PASS,4963,6002,10,20,2,16
XMSSMT-SHA2_20/2_256,PUB_R2,428,428,429,5944370,2641630,PASS,4963,6002,10,20,2,16
XMSSMT-SHA2_20/2_256,PUB_R2,429,429,430,5903093,2675722,PASS,4963,6002,10,20,2,16
XMSSMT-SHA2_20/2_256,PUB_R2,430,430,431,5938333,2648630,PASS,4963,6002,10,20,2,16
XMSSMT-SHA2_20/2_256,PUB_R2,431,431,432,15502351,2616481,PASS,4963,6002,10,20,2,16
XMSSMT-SHA2_20/2_256,PUB_R2,432,432,433,17683407,2800481,PASS,4963,6002,10,20,2,16
XMSSMT-SHA2_20/2_256,PUB_R2,433,433,434,15320908,2804037,PASS,4963,6002,10,20,2,16
XMSSMT-SHA2_20/2_256,PUB_R2,434,434,435,8425796,2547167,PASS,4963,6002,10,20,2,16
XMSSMT-SHA2_20/2_256,PUB_R2,435,435,436,10713092,2647667,PASS,4963,6002,10,20,2,16
XMSSMT-SHA2_20/2_256,PUB_R2,436,436,437,5927889,2643870,PASS,4963,6002,10,20,2,16
XMSSMT-SHA2_20/2_256,PUB_R2,437,437,438,5784777,2806963,PASS,4963,6002,10,20,2,16
XMSSMT-SHA2_20/2_256,PUB_R2,438,438,439,5960852,2609907,PASS,4963,6002,10,20,2,16
XMSSMT-SHA2_20/2_256,PUB_R2,439,439,440,15445148,2681519,PASS,4963,6002,10,20,2,16
XMSSMT-SHA2_20/2_256,PUB_R2,440,440,441,10537426,2802537,PASS,4963,6002,10,20,2,16
XMSSMT-SHA2_20/2_256,PUB_R2,441,441,442,5876759,2703222,PASS,4963,6002,10,20,2,16
XMSSMT-SHA2_20/2_256,PUB_R2,442,442,443,5832778,2736148,PASS,4963,6002,10,20,2,16
XMSSMT-SHA2_20/2_256,PUB_R2,443,443,444,10680963,2678759,PASS,4963,6002,10,20,2,16
XMSSMT-SHA2_20/2_256,PUB_R2,444,444,445,5962741,2624075,PASS,4963,6002,10,20,2,16
XMSSMT-SHA2_20/2_256,PUB_R2,445,445,446,5871574,2705833,PASS,4963,6002,10,20,2,16
XMSSMT-SHA2_20/2_256,PUB_R2,446,446,447,5846796,2741630,PASS,4963,6002,10,20,2,16
XMSSMT-SHA2_20/2_256,PUB_R2,447,447,448,15453148,2683889,PASS,4963,6002,10,20,2,16
XMSSMT-SHA2_20/2_256,PUB_R2,448,448,449,17903222,2616519,PASS,4963,6002,10,20,2,16
XMSSMT-SHA2_20/2_256,PUB_R2,449,449,450,15462240,2675223,PASS,4963,6002,10,20,2,16
XMSSMT-SHA2_20/2_256,PUB_R2,450,450,451,17797667,2710722,PASS,4963,6002,10,20,2,16
XMSSMT-SHA2_20/2_256,PUB_R2,451,451,452,15452278,2679241,PASS,4963,6002,10,20,2,16
XMSSMT-SHA2_20/2_256,PUB_R2,452,452,453,17795426,2710482,PASS,4963,6002,10,20,2,16
XMSSMT-SHA2_20/2_256,PUB_R2,453,453,454,15391555,2751630,PASS,4963,6002,10,20,2,16
XMSSMT-SHA2_20/2_256,PUB_R2,454,454,455,17861852,2644074,PASS,4963,6002,10,20,2,16
XMSSMT-SHA2_20/2_256,PUB_R2,455,455,456,15597723,2544167,PASS,4963,6002,10,20,2,16
XMSSMT-SHA2_20/2_256,PUB_R2,456,456,457,17824130,2676278,PASS,4963,6002,10,20,2,16
XMSSMT-SHA2_20/2_256,PUB_R2,457,457,458,15280907,2835093,PASS,4963,6002,10,20,2,16
XMSSMT-SHA2_20/2_256,PUB_R2,458,458,459,17880944,2609574,PASS,4963,6002,10,20,2,16
XMSSMT-SHA2_20/2_256,PUB_R2,459,459,460,15427537,2674352,PASS,4963,6002,10,20,2,16
XMSSMT-SHA2_20/2_256,PUB_R2,460,460,461,17676314,2801963,PASS,4963,6002,10,20,2,16
XMSSMT-SHA2_20/2_256,PUB_R2,461,461,462,15503241,2609185,PASS,4963,6002,10,20,2,16
XMSSMT-SHA2_20/2_256,PUB_R2,462,462,463,17674130,2797148,PASS,4963,6002,10,20,2,16
XMSSMT-SHA2_20/2_256,PUB_R2,463,463,464,15487241,2610278,PASS,4963,6002,10,20,2,16
XMSSMT-SHA2_20/2_256,PUB_R2,464,464,465,17728907,2738852,PASS,4963,6002,10,20,2,16
XMSSMT-SHA2_20/2_256,PUB_R2,465,465,466,15473537,2611630,PASS,4963,6002,10,20,2,16
XMSSMT-SHA2_20/2_256,PUB_R2,466,466,467,8372593,2574018,PASS,4963,6002,10,20,2,16
XMSSMT-SHA2_20/2_256,PUB_R2,467,467,468,10659796,2673037,PASS,4963,6002,10,20,2,16
XMSSMT-SHA2_20/2_256,PUB_R2,468,468,469,5760889,2805926,PASS,4963,6002,10,20,2,16
XMSSMT-SHA2_20/2_256,PUB_R2,469,469,470,5910296,2677056,PASS,4963,6002,10,20,2,16
XMSSMT-SHA2_20/2_256,PUB_R2,470,470,471,5893518,2672186,PASS,4963,6002,10,20,2,16
XMSSMT-SHA2_20/2_256,PUB_R2,471,471,472,15457537,2684074,PASS,4963,6002,10,20,2,16
XMSSMT-SHA2_20/2_256,PUB_R2,472,472,473,10656722,2680463,PASS,4963,6002,10,20,2,16
XMSSMT-SHA2_20/2_256,PUB_R2,473,473,474,5756556,2834259,PASS,4963,6002,10,20,2,16
XMSSMT-SHA2_20/2_256,PUB_R2,474,474,475,5762797,2799333,PASS,4963,6002,10,20,2,16
XMSSMT-SHA2_20/2_256,PUB_R2,475,475,476,10565648,2801612,PASS,4963,6002,10,20,2,16
XMSSMT-SHA2_20/2_256,PUB_R2,476,476,477,5873833,2722889,PASS,4963,6002,10,20,2,16
XMSSMT-SHA2_20/2_256,PUB_R2,477,477,478,5943203,2641759,PASS,4963,6002,10,20,2,16
XMSSMT-SHA2_20/2_256,PUB_R2,478,478,479,5740333,2848426,PASS,4963,6002,10,20,2,16
XMSSMT-SHA2_20/2_256,PUB_R2,479,479,480,15645852,2490130,PASS,4963,6002,10,20,2,16
XMSSMT-SHA2_20/2_256,PUB_R2,480,480,481,17696093,2803056,PASS,4963,6002,10,20,2,16
XMSSMT-SHA2_20/2_256,PUB_R2,481,481,482,15471093,2642333,PASS,4963,6002,10,20,2,16
XMSSMT-SHA2_20/2_256,PUB_R2,482,482,483,17792055,2712796,PASS,4963,6002,10,20,2,16
XMSSMT-SHA2_20/2_256,PUB_R2,483,483,484,15605222,2522945,PASS,4963,6002,10,20,2,16
XMSSMT-SHA2_20/2_256,PUB_R2,484,484,485,17890388,2628926,PASS,4963,6002,10,20,2,16
XMSSMT-SHA2_20/2_256,PUB_R2,485,485,486,15501944,2612389,PASS,4963,6002,10,20,2,16
XMSSMT-SHA2_20/2_256,PUB_R2,486,486,487,8314741,2645204,PASS,4963,6002,10,20,2,16
XMSSMT-SHA2_20/2_256,PUB_R2,487,487,488,15460685,2725370,PASS,4963,6002,10,20,2,16
XMSSMT-SHA2_20/2_256,PUB_R2,488,488,489,10539185,2809723,PASS,4963,6002,10,20,2,16
XMSSMT-SHA2_20/2_256,PUB_R2,489,489,490,5856352,2736574,PASS,4963,6002,10,20,2,16
XMSSMT-SHA2_20/2_256,PUB_R2,490,490,491,5890481,2688130,PASS,4963,6002,10,20,2,16
XMSSMT-SHA2_20/2_256,PUB_R2,491,491,492,10636611,2705426,PASS,4963,6002,10,20,2,16
XMSSMT-SHA2_20/2_256,PUB_R2,492,492,493,5934222,2648722,PASS,4963,6002,10,20,2,16
XMSSMT-SHA2_20/2_256,PUB_R2,493,493,494,5784611,2802167,PASS,4963,6002,10,20,2,16
XMSSMT-SHA2_20/2_256,PUB_R2,494,494,495,5972537,2609278,PASS,4963,6002,10,20,2,16
XMSSMT-SHA2_20/2_256,PUB_R2,495,495,496,15373148,2740333,PASS,4963,6002,10,20,2,16
XMSSMT-SHA2_20/2_256,PUB_R2,496,496,497,17773667,2709426,PASS,4963,6002,10,20,2,16
XMSSMT-SHA2_20/2_256,PUB_R2,497,497,498,15449555,2677297,PASS,4963,6002,10,20,2,16
XMSSMT-SHA2_20/2_256,PUB_R2,498,498,499,8342648,2646759,PASS,4963,6002,10,20,2,16
XMSSMT-SHA2_20/2_256,PUB_R2,499,499,500,10651018,2715074,PASS,4963,6002,10,20,2,16
XMSSMT-SHA2_20/2_256,PUB_R2,500,500,501,5768519,2801630,PASS,4963,6002,10,20,2,16
XMSSMT-SHA2_20/2_256,PUB_R2,501,501,502,5869963,2720833,PASS,4963,6002,10,20,2,16
XMSSMT-SHA2_20/2_256,PUB_R2,502,502,503,5700574,2864666,PASS,4963,6002,10,20,2,16
XMSSMT-SHA2_20/2_256,PUB_R2,503,503,504,15545759,2580315,PASS,4963,6002,10,20,2,16
XMSSMT-SHA2_20/2_256,PUB_R2,504,504,505,10761814,2577556,PASS,4963,6002,10,20,2,16
XMSSMT-SHA2_20/2_256,PUB_R2,505,505,506,5904630,2685870,PASS,4963,6002,10,20,2,16
XMSSMT-SHA2_20/2_256,PUB_R2,506,506,507,5870759,2704593,PASS,4963,6002,10,20,2,16
XMSSMT-SHA2_20/2_256,PUB_R2,507,507,508,10767092,2584963,PASS,4963,6002,10,20,2,16
XMSSMT-SHA2_20/2_256,PUB_R2,508,508,509,5927389,2652722,PASS,4963,6002,10,20,2,16
XMSSMT-SHA2_20/2_256,PUB_R2,509,509,510,5848111,2742223,PASS,4963,6002,10,20,2,16
XMSSMT-SHA2_20/2_256,PUB_R2,510,510,511,5984945,2585592,PASS,4963,6002,10,20,2,16
XMSSMT-SHA2_20/2_256,PUB_R2,511,511,512,15537796,2623796,PASS,4963,6002,10,20,2,16
XMSSMT-SHA2_20/2_256,PUB_R2,512,512,513,17794278,2710018,PASS,4963,6002,10,20,2,16
XMSSMT-SHA2_20/2_256,PUB_R2,513,513,514,15434777,2672870,PASS,4963,6002,10,20,2,16
XMSSMT-SHA2_20/2_256,PUB_R2,514,514,515,17784445,2704611,PASS,4963,6002,10,20,2,16
XMSSMT-SHA2_20/2_256,PUB_R2,515,515,516,15314593,2834797,PASS,4963,6002,10,20,2,16
XMSSMT-SHA2_20/2_256,PUB_R2,516,516,517,17806074,2715685,PASS,4963,6002,10,20,2,16
XMSSMT-SHA2_20/2_256,PUB_R2,517,517,518,15334592,2827445,PASS,4963,6002,10,20,2,16
XMSSMT-SHA2_20/2_256,PUB_R2,518,518,519,17906926,2617130,PASS,4963,6002,10,20,2,16
XMSSMT-SHA2_20/2_256,PUB_R2,519,519,520,15420426,2707278,PASS,4963,6002,10,20,2,16
XMSSMT-SHA2_20/2_256,PUB_R2,520,520,521,17708426,2803092,PASS,4963,6002,10,20,2,16
XMSSMT-SHA2_20/2_256,PUB_R2,521,521,522,15296222,2841204,PASS,4963,6002,10,20,2,16
XMSSMT-SHA2_20/2_256,PUB_R2,522,522,523,17796408,2717371,PASS,4963,6002,10,20,2,16
XMSSMT-SHA2_20/2_256,PUB_R2,523,523,524,15578926,2561129,PASS,4963,6002,10,20,2,16
XMSSMT-SHA2_20/2_256,PUB_R2,524,524,525,17810685,2676852,PASS,4963,6002,10,20,2,16
XMSSMT-SHA2_20/2_256,PUB_R2,525,525,526,15439759,2676833,PASS,4963,6002,10,20,2,16
XMSSMT-SHA2_20/2_256,PUB_R2,526,526,527,17839074,2640629,PASS,4963,6002,10,20,2,16
XMSSMT-SHA2_20/2_256,PUB_R2,527,527,528,15425092,2675593,PASS,4963,6002,10,20,2,16
XMSSMT-SHA2_20/2_256,PUB_R2,528,528,529,17931722,2551870,PASS,4963,6002,10,20,2,16
XMSSMT-SHA2_20/2_256,PUB_R2,529,529,530,15477648,2651611,PASS,4963,6002,10,20,2,16
XMSSMT-SHA2_20/2_256,PUB_R2,530,530,531,17782722,2708945,PASS,4963,6002,10,20,2,16
XMSSMT-SHA2_20/2_256,PUB_R2,531,531,532,15361463,2738222,PASS,4963,6002,10,20,2,16
XMSSMT-SHA2_20/2_256,PUB_R2,532,532,533,17846388,2642482,PASS,4963,6002,10,20,2,16
XMSSMT-SHA2_20/2_256,PUB_R2,533,533,534,15626278,2487740,PASS,4963,6002,10,20,2,16
XMSSMT-SHA2_20/2_256,PUB_R2,534,534,535,17822241,2677315,PASS,4963,6002,10,20,2,16
XMSSMT-SHA2_20/2_256,PUB_R2,535,535,536,15480889,2642703,PASS,4963,6002,10,20,2,16
XMSSMT-SHA2_20/2_256,PUB_R2,536,536,537,17778722,2753519,PASS,4963,6002,10,20,2,16
XMSSMT-SHA2_20/2_256,PUB_R2,537,537,538,15503704,2613166,PASS,4963,6002,10,20,2,16
XMSSMT-SHA2_20/2_256,PUB_R2,538,538,539,17810278,2705537,PASS,4963,6002,10,20,2,16
XMSSMT-SHA2_20/2_256,PUB_R2,539,539,540,15469630,2646408,PASS,4963,6002,10,20,2,16
XMSSMT-SHA2_20/2_256,PUB_R2,540,540,541,17863185,2648796,PASS,4963,6002,10,20,2,16
XMSSMT-SHA2_20/2_256,PUB_R2,541,541,542,15447075,2674519,PASS,4963,6002,10,20,2,16
XMSSMT-SHA2_20/2_256,PUB_R2,542,542,543,17873537,2660407,PASS,4963,6002,10,20,2,16
XMSSMT-SHA2_20/2_256,PUB_R2,543,543,544,15486852,2642981,PASS,4963,6002,10,20,2,16
XMSSMT-SHA2_20/2_256,PUB_R2,544,544,545,17673092,2836019,PASS,4963,6002,10,20,2,16
XMSSMT-SHA2_20/2_256,PUB_R2,545,545,546,15472889,2646315,PASS,4963,6002,10,20,2,16
XMSSMT-SHA2_20/2_256,PUB_R2,546,546,547,17807334,2711908,PASS,4963,6002,10,20,2,16
XMSSMT-SHA2_20/2_256,PUB_R2,547,547,548,15480741,2643241,PASS,4963,6002,10,20,2,16
XMSSMT-SHA2_20/2_256,PUB_R2,548,548,549,17880185,2659278,PASS,4963,6002,10,20,2,16
XMSSMT-SHA2_20/2_256,PUB_R2,549,549,550,15479000,2646814,PASS,4963,6002,10,20,2,16
XMSSMT-SHA2_20/2_256,PUB_R2,550,550,551,17880482,2675833,PASS,4963,6002,10,20,2,16
XMSSMT-SHA2_20/2_256,PUB_R2,551,551,552,15431704,2712574,PASS,4963,6002,10,20,2,16
XMSSMT-SHA2_20/2_256,PUB_R2,552,552,553,17800981,2711926,PASS,4963,6002,10,20,2,16
XMSSMT-SHA2_20/2_256,PUB_R2,553,553,554,15472741,2677519,PASS,4963,6002,10,20,2,16
XMSSMT-SHA2_20/2_256,PUB_R2,554,554,555,17834852,2695185,PASS,4963,6002,10,20,2,16
XMSSMT-SHA2_20/2_256,PUB_R2,555,555,556,15422500,2711833,PASS,4963,6002,10,20,2,16
XMSSMT-SHA2_20/2_256,PUB_R2,556,556,557,17666907,2832629,PASS,4963,6002,10,20,2,16
XMSSMT-SHA2_20/2_256,PUB_R2,557,557,558,15485593,2645445,PASS,4963,6002,10,20,2,16
XMSSMT-SHA2_20/2_256,PUB_R2,558,558,559,17635518,2867574,PASS,4963,6002,10,20,2,16
XMSSMT-SHA2_20/2_256,PUB_R2,559,559,560,15515889,2614944,PASS,4963,6002,10,20,2,16
XMSSMT-SHA2_20/2_256,PUB_R2,560,560,561,17693185,2827593,PASS,4963,6002,10,20,2,16
XMSSMT-SHA2_20/2_256,PUB_R2,561,561,562,15571371,2550797,PASS,4963,6002,10,20,2,16
XMSSMT-SHA2_20/2_256,PUB_R2,562,562,563,17864074,2644167,PASS,4963,6002,10,20,2,16
XMSSMT-SHA2_20/2_256,PUB_R2,563,563,564,15524352,2615037,PASS,4963,6002,10,20,2,16
XMSSMT-SHA2_20/2_256,PUB_R2,564,564,565,17784149,2708259,PASS,4963,6002,10,20,2,16
XMSSMT-SHA2_20/2_256,PUB_R2,565,565,566,15405389,2743630,PASS,4963,6002,10,20,2,16
XMSSMT-SHA2_20/2_256,PUB_R2,566,566,567,17786629,2745907,PASS,4963,6002,10,20,2,16
XMSSMT-SHA2_20/2_256,PUB_R2,567,567,568,15251037,2871130,PASS,4963,6002,10,20,2,16
XMSSMT-SHA2_20/2_256,PUB_R2,568,568,569,17729704,2805241,PASS,4963,6002,10,20,2,16
XMSSMT-SHA2_20/2_256,PUB_R2,569,569,570,15276092,2835223,PASS,4963,6002,10,20,2,16
XMSSMT-SHA2_20/2_256,PUB_R2,570,570,571,17835555,2679481,PASS,4963,6002,10,20,2,16
XMSSMT-SHA2_20/2_256,PUB_R2,571,571,572,15377871,2743241,PASS,4963,6002,10,20,2,16
XMSSMT-SHA2_20/2_256,PUB_R2,572,572,573,17663740,2840148,PASS,4963,6002,10,20,2,16
XMSSMT-SHA2_20/2_256,PUB_R2,573,573,574,15291759,2843204,PASS,4963,6002,10,20,2,16
XMSSMT-SHA2_20/2_256,PUB_R2,574,574,575,17818944,2741852,PASS,4963,6002,10,20,2,16
XMSSMT-SHA2_20/2_256,PUB_R2,575,575,576,15479204,2645463,PASS,4963,6002,10,20,2,16
XMSSMT-SHA2_20/2_256,PUB_R2,576,576,577,17965815,2518889,PASS,4963,6002,10,20,2,16
XMSSMT-SHA2_20/2_256,PUB_R2,577,577,578,15494833,2612703,PASS,4963,6002,10,20,2,16
XMSSMT-SHA2_20/2_256,PUB_R2,578,578,579,17791297,2674889,PASS,4963,6002,10,20,2,16
XMSSMT-SHA2_20/2_256,PUB_R2,579,579,580,15382241,2705982,PASS,4963,6002,10,20,2,16
XMSSMT-SHA2_20/2_256,PUB_R2,580,580,581,17746055,2740111,PASS,4963,6002,10,20,2,16
XMSSMT-SHA2_20/2_256,PUB_R2,581,581,582,15457648,2645370,PASS,4963,6002,10,20,2,16
XMSSMT-SHA2_20/2_256,PUB_R2,582,582,583,17969315,2519371,PASS,4963,6002,10,20,2,16
XMSSMT-SHA2_20/2_256,PUB_R2,583,583,584,15306982,2802444,PASS,4963,6002,10,20,2,16
XMSSMT-SHA2_20/2_256,PUB_R2,584,584,585,17891777,2580556,PASS,4963,6002,10,20,2,16
XMSSMT-SHA2_20/2_256,PUB_R2,585,585,586,15404278,2711129,PASS,4963,6002,10,20,2,16
XMSSMT-SHA2_20/2_256,PUB_R2,586,586,587,17673556,2841241,PASS,4963,6002,10,20,2,16
XMSSMT-SHA2_20/2_256,PUB_R2,587,587,588,15454649,2693556,PASS,4963,6002,10,20,2,16
XMSSMT-SHA2_20/2_256,PUB_R2,588,588,589,17712888,2805556,PASS,4963,6002,10,20,2,16
XMSSMT-SHA2_20/2_256,PUB_R2,589,589,590,15495203,2646612,PASS,4963,6002,10,20,2,16
XMSSMT-SHA2_20/2_256,PUB_R2,590,590,591,17777648,2741482,PASS,4963,6002,10,20,2,16
XMSSMT-SHA2_20/2_256,PUB_R2,591,591,592,15592148,2554630,PASS,4963,6002,10,20,2,16
XMSSMT-SHA2_20/2_256,PUB_R2,592,592,593,17873352,2647537,PASS,4963,6002,10,20,2,16
XMSSMT-SHA2_20/2_256,PUB_R2,593,593,594,15479888,2692945,PASS,4963,6002,10,20,2,16
XMSSMT-SHA2_20/2_256,PUB_R2,594,594,595,17797055,2713075,PASS,4963,6002,10,20,2,16
XMSSMT-SHA2_20/2_256,PUB_R2,595,595,596,15434870,2708926,PASS,4963,6002,10,20,2,16
XMSSMT-SHA2_20/2_256,PUB_R2,596,596,597,17843815,2681278,PASS,4963,6002,10,20,2,16
XMSSMT-SHA2_20/2_256,PUB_R2,597,597,598,15459019,2680926,PASS,4963,6002,10,20,2,16
XMSSMT-SHA2_20/2_256,PUB_R2,598,598,599,17886482,2646352,PASS,4963,6002,10,20,2,16
XMSSMT-SHA2_20/2_256,PUB_R2,599,599,600,15439797,2722204,PASS,4963,6002,10,20,2,16
XMSSMT-SHA2_20/2_256,PUB_R2,600,600,601,17874278,2648277,PASS,4963,6002,10,20,2,16
XMSSMT-SHA2_20/2_256,PUB_R2,601,601,602,15399463,2738926,PASS,4963,6002,10,20,2,16
XMSSMT-SHA2_20/2_256,PUB_R2,602,602,603,17808796,2751815,PASS,4963,6002,10,20,2,16
XMSSMT-SHA2_20/2_256,PUB_R2,603,603,604,15432760,2711945,PASS,4963,6002,10,20,2,16
XMSSMT-SHA2_20/2_256,PUB_R2,604,604,605,17793314,2745407,PASS,4963,6002,10,20,2,16
XMSSMT-SHA2_20/2_256,PUB_R2,605,605,606,15471093,2701167,PASS,4963,6002,10,20,2,16
XMSSMT-SHA2_20/2_256,PUB_R2,606,606,607,17777833,2759815,PASS,4963,6002,10,20,2,16
XMSSMT-SHA2_20/2_256,PUB_R2,607,607,608,15402482,2742296,PASS,4963,6002,10,20,2,16
XMSSMT-SHA2_20/2_256,PUB_R2,608,608,609,17694593,2806667,PASS,4963,6002,10,20,2,16
XMSSMT-SHA2_20/2_256,PUB_R2,609,609,610,15320334,2803777,PASS,4963,6002,10,20,2,16
XMSSMT-SHA2_20/2_256,PUB_R2,610,610,611,17785037,2744926,PASS,4963,6002,10,20,2,16
XMSSMT-SHA2_20/2_256,PUB_R2,611,611,612,15430148,2719982,PASS,4963,6002,10,20,2,16
XMSSMT-SHA2_20/2_256,PUB_R2,612,612,613,17874889,2651518,PASS,4963,6002,10,20,2,16
XMSSMT-SHA2_20/2_256,PUB_R2,613,613,614,15390370,2746518,PASS,4963,6002,10,20,2,16
XMSSMT-SHA2_20/2_256,PUB_R2,614,614,615,17763260,2741518,PASS,4963,6002,10,20,2,16
XMSSMT-SHA2_20/2_256,PUB_R2,615,615,616,15508222,2610759,PASS,4963,6002,10,20,2,16
XMSSMT-SHA2_20/2_256,PUB_R2,616,616,617,17931814,2582278,PASS,4963,6002,10,20,2,16
XMSSMT-SHA2_20/2_256,PUB_R2,617,617,618,15451685,2731500,PASS,4963,6002,10,20,2,16
XMSSMT-SHA2_20/2_256,PUB_R2,618,618,619,17899167,2653463,PASS,4963,6002,10,20,2,16
XMSSMT-SHA2_20/2_256,PUB_R2,619,619,620,10619500,2743037,PASS,4963,6002,10,20,2,16
XMSSMT-SHA2_20/2_256,PUB_R2,620,620,621,5701241,2903260,PASS,4963,6002,10,20,2,16
XMSSMT-SHA2_20/2_256,PUB_R2,621,621,622,5903593,2691167,PASS,4963,6002,10,20,2,16
XMSSMT-SHA2_20/2_256,PUB_R2,622,622,623,5901297,2676055,PASS,4963,6002,10,20,2,16
XMSSMT-SHA2_20/2_256,PUB_R2,623,623,624,15399241,2737723,PASS,4963,6002,10,20,2,16
XMSSMT-SHA2_20/2_256,PUB_R2,624,624,625,17652277,2873852,PASS,4963,6002,10,20,2,16
XMSSMT-SHA2_20/2_256,PUB_R2,625,625,626,15449129,2689111,PASS,4963,6002,10,20,2,16
XMSSMT-SHA2_20/2_256,PUB_R2,626,626,627,8373425,2615149,PASS,4963,6002,10,20,2,16
XMSSMT-SHA2_20/2_256,PUB_R2,627,627,628,10549315,2809796,PASS,4963,6002,10,20,2,16
XMSSMT-SHA2_20/2_256,PUB_R2,628,628,629,5866519,2711111,PASS,4963,6002,10,20,2,16
XMSSMT-SHA2_20/2_256,PUB_R2,629,629,630,5927685,2677834,PASS,4963,6002,10,20,2,16
XMSSMT-SHA2_20/2_256,PUB_R2,630,630,631,5966723,2627296,PASS,4963,6002,10,20,2,16
XMSSMT-SHA2_20/2_256,PUB_R2,631,631,632,15340999,2820592,PASS,4963,6002,10,20,2,16
XMSSMT-SHA2_20/2_256,PUB_R2,632,632,633,10673814,2678555,PASS,4963,6002,10,20,2,16
XMSSMT-SHA2_20/2_256,PUB_R2,633,633,634,5849797,2741241,PASS,4963,6002,10,20,2,16
XMSSMT-SHA2_20/2_256,PUB_R2,634,634,635,5902908,2680426,PASS,4963,6002,10,20,2,16
XMSSMT-SHA2_20/2_256,PUB_R2,635,635,636,10545037,2802870,PASS,4963,6002,10,20,2,16
XMSSMT-SHA2_20/2_256,PUB_R2,636,636,637,5868722,2707500,PASS,4963,6002,10,20,2,16
XMSSMT-SHA2_20/2_256,PUB_R2,637,637,638,5742852,2832203,PASS,4963,6002,10,20,2,16
XMSSMT-SHA2_20/2_256,PUB_R2,638,638,639,5958852,2613408,PASS,4963,6002,10,20,2,16
XMSSMT-SHA2_20/2_256,PUB_R2,639,639,640,15271926,2872351,PASS,4963,6002,10,20,2,16
XMSSMT-SHA2_20/2_256,PUB_R2,640,640,641,17758389,2740148,PASS,4963,6002,10,20,2,16
XMSSMT-SHA2_20/2_256,PUB_R2,641,641,642,15378685,2745259,PASS,4963,6002,10,20,2,16
XMSSMT-SHA2_20/2_256,PUB_R2,642,642,643,17856870,2646426,PASS,4963,6002,10,20,2,16
XMSSMT-SHA2_20/2_256,PUB_R2,643,643,644,15239445,2863333,PASS,4963,6002,10,20,2,16
XMSSMT-SHA2_20/2_256,PUB_R2,644,644,645,17775703,2706797,PASS,4963,6002,10,20,2,16
XMSSMT-SHA2_20/2_256,PUB_R2,645,645,646,15370852,2745888,PASS,4963,6002,10,20,2,16
XMSSMT-SHA2_20/2_256,PUB_R2,646,646,647,17710166,2812093,PASS,4963,6002,10,20,2,16
XMSSMT-SHA2_20/2_256,PUB_R2,647,647,648,15500963,2648963,PASS,4963,6002,10,20,2,16
XMSSMT-SHA2_20/2_256,PUB_R2,648,648,649,17901185,2619667,PASS,4963,6002,10,20,2,16
XMSSMT-SHA2_20/2_256,PUB_R2,649,649,650,15496222,2645815,PASS,4963,6002,10,20,2,16
XMSSMT-SHA2_20/2_256,PUB_R2,650,650,651,17886796,2666129,PASS,4963,6002,10,20,2,16
XMSSMT-SHA2_20/2_256,PUB_R2,651,651,652,15434370,2725741,PASS,4963,6002,10,20,2,16
XMSSMT-SHA2_20/2_256,PUB_R2,652,652,653,17846111,2676019,PASS,4963,6002,10,20,2,16
XMSSMT-SHA2_20/2_256,PUB_R2,653,653,654,15301222,2838815,PASS,4963,6002,10,20,2,16
XMSSMT-SHA2_20/2_256,PUB_R2,654,654,655,17930371,2583740,PASS,4963,6002,10,20,2,16
XMSSMT-SHA2_20/2_256,PUB_R2,655,655,656,15595444,2553648,PASS,4963,6002,10,20,2,16
XMSSMT-SHA2_20/2_256,PUB_R2,656,656,657,17921407,2622518,PASS,4963,6002,10,20,2,16
XMSSMT-SHA2_20/2_256,PUB_R2,657,657,658,15319148,2821333,PASS,4963,6002,10,20,2,16
XMSSMT-SHA2_20/2_256,PUB_R2,658,658,659,17794518,2738500,PASS,4963,6002,10,20,2,16
XMSSMT-SHA2_20/2_256,PUB_R2,659,659,660,15270000,2870149,PASS,4963,6002,10,20,2,16
XMSSMT-SHA2_20/2_256,PUB_R2,660,660,661,17681667,2835500,PASS,4963,6002,10,20,2,16
XMSSMT-SHA2_20/2_256,PUB_R2,661,661,662,15652500,2488185,PASS,4963,6002,10,20,2,16
XMSSMT-SHA2_20/2_256,PUB_R2,662,662,663,17810574,2716796,PASS,4963,6002,10,20,2,16
XMSSMT-SHA2_20/2_256,PUB_R2,663,663,664,15256815,2938222,PASS,4963,6002,10,20,2,16
XMSSMT-SHA2_20/2_256,PUB_R2,664,664,665,17722092,2811555,PASS,4963,6002,10,20,2,16
XMSSMT-SHA2_20/2_256,PUB_R2,665,665,666,15492574,2647518,PASS,4963,6002,10,20,2,16
XMSSMT-SHA2_20/2_256,PUB_R2,666,666,667,17716963,2804093,PASS,4963,6002,10,20,2,16
XMSSMT-SHA2_20/2_256,PUB_R2,667,667,668,15553444,2580963,PASS,4963,6002,10,20,2,16
XMSSMT-SHA2_20/2_256,PUB_R2,668,668,669,17726926,2817592,PASS,4963,6002,10,20,2,16
XMSSMT-SHA2_20/2_256,PUB_R2,669,669,670,15325630,2820704,PASS,4963,6002,10,20,2,16
XMSSMT-SHA2_20/2_256,PUB_R2,670,670,671,17843371,2674833,PASS,4963,6002,10,20,2,16
XMSSMT-SHA2_20/2_256,PUB_R2,671,671,672,15466907,2681445,PASS,4963,6002,10,20,2,16
XMSSMT-SHA2_20/2_256,PUB_R2,672,672,673,17779074,2747259,PASS,4963,6002,10,20,2,16
XMSSMT-SHA2_20/2_256,PUB_R2,673,673,674,15392075,2737648,PASS,4963,6002,10,20,2,16
XMSSMT-SHA2_20/2_256,PUB_R2,674,674,675,17949852,2590907,PASS,4963,6002,10,20,2,16
XMSSMT-SHA2_20/2_256,PUB_R2,675,675,676,15463185,2656889,PASS,4963,6002,10,20,2,16
XMSSMT-SHA2_20/2_256,PUB_R2,676,676,677,17970371,2551093,PASS,4963,6002,10,20,2,16
XMSSMT-SHA2_20/2_256,PUB_R2,677,677,678,15386592,2747592,PASS,4963,6002,10,20,2,16
XMSSMT-SHA2_20/2_256,PUB_R2,678,678,679,17848519,2712074,PASS,4963,6002,10,20,2,16
XMSSMT-SHA2_20/2_256,PUB_R2,679,679,680,15506851,2643537,PASS,4963,6002,10,20,2,16
XMSSMT-SHA2_20/2_256,PUB_R2,680,680,681,17718723,2819852,PASS,4963,6002,10,20,2,16
XMSSMT-SHA2_20/2_256,PUB_R2,681,681,682,15287907,2849556,PASS,4963,6002,10,20,2,16
XMSSMT-SHA2_20/2_256,PUB_R2,682,682,683,17825222,2708740,PASS,4963,6002,10,20,2,16
XMSSMT-SHA2_20/2_256,PUB_R2,683,683,684,10625389,2752278,PASS,4963,6002,10,20,2,16
XMSSMT-SHA2_20/2_256,PUB_R2,684,684,685,5903000,2677963,PASS,4963,6002,10,20,2,16
XMSSMT-SHA2_20/2_256,PUB_R2,685,685,686,5851204,2749778,PASS,4963,6002,10,20,2,16
XMSSMT-SHA2_20/2_256,PUB_R2,686,686,687,5840945,2744129,PASS,4963,6002,10,20,2,16
XMSSMT-SHA2_20/2_256,PUB_R2,687,687,688,15525537,2616963,PASS,4963,6002,10,20,2,16
XMSSMT-SHA2_20/2_256,PUB_R2,688,688,689,17906945,2632482,PASS,4963,6002,10,20,2,16
XMSSMT-SHA2_20/2_256,PUB_R2,689,689,690,15528241,2611871,PASS,4963,6002,10,20,2,16
XMSSMT-SHA2_20/2_256,PUB_R2,690,690,691,8300055,2678352,PASS,4963,6002,10,20,2,16
XMSSMT-SHA2_20/2_256,PUB_R2,691,691,692,10497000,2865481,PASS,4963,6002,10,20,2,16
XMSSMT-SHA2_20/2_256,PUB_R2,692,692,693,5903074,2678445,PASS,4963,6002,10,20,2,16
XMSSMT-SHA2_20/2_256,PUB_R2,693,693,694,5969926,2614611,PASS,4963,6002,10,20,2,16
XMSSMT-SHA2_20/2_256,PUB_R2,694,694,695,5960407,2616611,PASS,4963,6002,10,20,2,16
XMSSMT-SHA2_20/2_256,PUB_R2,695,695,696,15229759,2900371,PASS,4963,6002,10,20,2,16
XMSSMT-SHA2_20/2_256,PUB_R2,696,696,697,10694186,2646333,PASS,4963,6002,10,20,2,16
XMSSMT-SHA2_20/2_256,PUB_R2,697,697,698,5998667,2583203,PASS,4963,6002,10,20,2,16
XMSSMT-SHA2_20/2_256,PUB_R2,698,698,699,5833408,2743055,PASS,4963,6002,10,20,2,16
XMSSMT-SHA2_20/2_256,PUB_R2,699,699,700,10609519,2739500,PASS,4963,6002,10,20,2,16
XMSSMT-SHA2_20/2_256,PUB_R2,700,700,701,5834574,2738352,PASS,4963,6002,10,20,2,16
XMSSMT-SHA2_20/2_256,PUB_R2,701,701,702,5842167,2739278,PASS,4963,6002,10,20,2,16
XMSSMT-SHA2_20/2_256,PUB_R2,702,702,703,5933148,2644648,PASS,4963,6002,10,20,2,16
XMSSMT-SHA2_20/2_256,PUB_R2,703,703,704,15475870,2646148,PASS,4963,6002,10,20,2,16
XMSSMT-SHA2_20/2_256,PUB_R2,704,704,705,17839685,2642889,PASS,4963,6002,10,20,2,16
XMSSMT-SHA2_20/2_256,PUB_R2,705,705,706,15548407,2582241,PASS,4963,6002,10,20,2,16
XMSSMT-SHA2_20/2_256,PUB_R2,706,706,707,17838630,2685963,PASS,4963,6002,10,20,2,16
XMSSMT-SHA2_20/2_256,PUB_R2,707,707,708,15470982,2690537,PASS,4963,6002,10,20,2,16
XMSSMT-SHA2_20/2_256,PUB_R2,708,708,709,17905759,2615241,PASS,4963,6002,10,20,2,16
XMSSMT-SHA2_20/2_256,PUB_R2,709,709,710,15455056,2675222,PASS,4963,6002,10,20,2,16
XMSSMT-SHA2_20/2_256,PUB_R2,710,710,711,17938908,2580908,PASS,4963,6002,10,20,2,16
XMSSMT-SHA2_20/2_256,PUB_R2,711,711,712,15505000,2651092,PASS,4963,6002,10,20,2,16
XMSSMT-SHA2_20/2_256,PUB_R2,712,712,713,17714981,2814389,PASS,4963,6002,10,20,2,16
XMSSMT-SHA2_20/2_256,PUB_R2,713,713,714,15525630,2628055,PASS,4963,6002,10,20,2,16
XMSSMT-SHA2_20/2_256,PUB_R2,714,714,715,17814537,2712685,PASS,4963,6002,10,20,2,16
XMSSMT-SHA2_20/2_256,PUB_R2,715,715,716,15520630,2612037,PASS,4963,6002,10,20,2,16
XMSSMT-SHA2_20/2_256,PUB_R2,716,716,717,17704871,2802611,PASS,4963,6002,10,20,2,16
XMSSMT-SHA2_20/2_256,PUB_R2,717,717,718,15502537,2654111,PASS,4963,6002,10,20,2,16
XMSSMT-SHA2_20/2_256,PUB_R2,718,718,719,17907315,2622630,PASS,4963,6002,10,20,2,16
XMSSMT-SHA2_20/2_256,PUB_R2,719,719,720,15507463,2656130,PASS,4963,6002,10,20,2,16
XMSSMT-SHA2_20/2_256,PUB_R2,720,720,721,17715037,2808797,PASS,4963,6002,10,20,2,16
XMSSMT-SHA2_20/2_256,PUB_R2,721,721,722,15419500,2705278,PASS,4963,6002,10,20,2,16
XMSSMT-SHA2_20/2_256,PUB_R2,722,722,723,8325797,2653018,PASS,4963,6002,10,20,2,16
XMSSMT-SHA2_20/2_256,PUB_R2,723,723,724,10707482,2677149,PASS,4963,6002,10,20,2,16
XMSSMT-SHA2_20/2_256,PUB_R2,724,724,725,5951111,2650019,PASS,4963,6002,10,20,2,16
XMSSMT-SHA2_20/2_256,PUB_R2,725,725,726,5912055,2680426,PASS,4963,6002,10,20,2,16
XMSSMT-SHA2_20/2_256,PUB_R2,726,726,727,5929555,2680093,PASS,4963,6002,10,20,2,16
XMSSMT-SHA2_20/2_256,PUB_R2,727,727,728,15554074,2613666,PASS,4963,6002,10,20,2,16
XMSSMT-SHA2_20/2_256,PUB_R2,728,728,729,10702945,2681963,PASS,4963,6002,10,20,2,16
XMSSMT-SHA2_20/2_256,PUB_R2,729,729,730,5749408,2837389,PASS,4963,6002,10,20,2,16
XMSSMT-SHA2_20/2_256,PUB_R2,730,730,731,5756370,2838926,PASS,4963,6002,10,20,2,16
XMSSMT-SHA2_20/2_256,PUB_R2,731,731,732,10665074,2708371,PASS,4963,6002,10,20,2,16
XMSSMT-SHA2_20/2_256,PUB_R2,732,732,733,5876833,2706870,PASS,4963,6002,10,20,2,16
XMSSMT-SHA2_20/2_256,PUB_R2,733,733,734,5943259,2661723,PASS,4963,6002,10,20,2,16
XMSSMT-SHA2_20/2_256,PUB_R2,734,734,735,5772574,2804704,PASS,4963,6002,10,20,2,16
XMSSMT-SHA2_20/2_256,PUB_R2,735,735,736,15415778,2742018,PASS,4963,6002,10,20,2,16
XMSSMT-SHA2_20/2_256,PUB_R2,736,736,737,17886037,2657074,PASS,4963,6002,10,20,2,16
XMSSMT-SHA2_20/2_256,PUB_R2,737,737,738,15295852,2858037,PASS,4963,6002,10,20,2,16
XMSSMT-SHA2_20/2_256,PUB_R2,738,738,739,17885130,2642148,PASS,4963,6002,10,20,2,16
XMSSMT-SHA2_20/2_256,PUB_R2,739,739,740,15428907,2750111,PASS,4963,6002,10,20,2,16
XMSSMT-SHA2_20/2_256,PUB_R2,740,740,741,17913111,2616500,PASS,4963,6002,10,20,2,16
XMSSMT-SHA2_20/2_256,PUB_R2,741,741,742,15440611,2708907,PASS,4963,6002,10,20,2,16
XMSSMT-SHA2_20/2_256,PUB_R2,742,742,743,8119500,2872815,PASS,4963,6002,10,20,2,16
XMSSMT-SHA2_20/2_256,PUB_R2,743,743,744,15425370,2742444,PASS,4963,6002,10,20,2,16
XMSSMT-SHA2_20/2_256,PUB_R2,744,744,745,10551648,2842426,PASS,4963,6002,10,20,2,16
XMSSMT-SHA2_20/2_256,PUB_R2,745,745,746,5787148,2801056,PASS,4963,6002,10,20,2,16
XMSSMT-SHA2_20/2_256,PUB_R2,746,746,747,6044740,2549889,PASS,4963,6002,10,20,2,16
XMSSMT-SHA2_20/2_256,PUB_R2,747,747,748,10689481,2692388,PASS,4963,6002,10,20,2,16
XMSSMT-SHA2_20/2_256,PUB_R2,748,748,749,5837593,2742166,PASS,4963,6002,10,20,2,16
XMSSMT-SHA2_20/2_256,PUB_R2,749,749,750,5906518,2690445,PASS,4963,6002,10,20,2,16
XMSSMT-SHA2_20/2_256,PUB_R2,750,750,751,5874463,2705649,PASS,4963,6002,10,20,2,16
XMSSMT-SHA2_20/2_256,PUB_R2,751,751,752,15435259,2711797,PASS,4963,6002,10,20,2,16
XMSSMT-SHA2_20/2_256,PUB_R2,752,752,753,17836945,2692722,PASS,4963,6002,10,20,2,16
XMSSMT-SHA2_20/2_256,PUB_R2,753,753,754,15468297,2678888,PASS,4963,6002,10,20,2,16
XMSSMT-SHA2_20/2_256,PUB_R2,754,754,755,8177667,2807981,PASS,4963,6002,10,20,2,16
XMSSMT-SHA2_20/2_256,PUB_R2,755,755,756,10639259,2743759,PASS,4963,6002,10,20,2,16
XMSSMT-SHA2_20/2_256,PUB_R2,756,756,757,5871148,2731074,PASS,4963,6002,10,20,2,16
XMSSMT-SHA2_20/2_256,PUB_R2,757,757,758,6071815,2518778,PASS,4963,6002,10,20,2,16
XMSSMT-SHA2_20/2_256,PUB_R2,758,758,759,5931926,2661834,PASS,4963,6002,10,20,2,16
XMSSMT-SHA2_20/2_256,PUB_R2,759,759,760,15440760,2707981,PASS,4963,6002,10,20,2,16
XMSSMT-SHA2_20/2_256,PUB_R2,760,760,761,10677241,2679592,PASS,4963,6002,10,20,2,16
XMSSMT-SHA2_20/2_256,PUB_R2,761,761,762,5874055,2712760,PASS,4963,6002,10,20,2,16
XMSSMT-SHA2_20/2_256,PUB_R2,762,762,763,5835537,2742704,PASS,4963,6002,10,20,2,16
XMSSMT-SHA2_20/2_256,PUB_R2,763,763,764,10702185,2642408,PASS,4963,6002,10,20,2,16
XMSSMT-SHA2_20/2_256,PUB_R2,764,764,765,5934833,2645815,PASS,4963,6002,10,20,2,16
XMSSMT-SHA2_20/2_256,PUB_R2,765,765,766,5706444,2867537,PASS,4963,6002,10,20,2,16
XMSSMT-SHA2_20/2_256,PUB_R2,766,766,767,5932592,2645241,PASS,4963,6002,10,20,2,16
XMSSMT-SHA2_20/2_256,PUB_R2,767,767,768,15396908,2740074,PASS,4963,6002,10,20,2,16
XMSSMT-SHA2_20/2_256,PUB_R2,768,768,769,17689019,2805333,PASS,4963,6002,10,20,2,16
XMSSMT-SHA2_20/2_256,PUB_R2,769,769,770,15393908,2709129,PASS,4963,6002,10,20,2,16
XMSSMT-SHA2_20/2_256,PUB_R2,770,770,771,17938074,2546333,PASS,4963,6002,10,20,2,16
XMSSMT-SHA2_20/2_256,PUB_R2,771,771,772,15456370,2643963,PASS,4963,6002,10,20,2,16
XMSSMT-SHA2_20/2_256,PUB_R2,772,772,773,17817852,2677500,PASS,4963,6002,10,20,2,16
XMSSMT-SHA2_20/2_256,PUB_R2,773,773,774,15396870,2742408,PASS,4963,6002,10,20,2,16
XMSSMT-SHA2_20/2_256,PUB_R2,774,774,775,17730407,2809556,PASS,4963,6002,10,20,2,16
XMSSMT-SHA2_20/2_256,PUB_R2,775,775,776,15427593,2708500,PASS,4963,6002,10,20,2,16
XMSSMT-SHA2_20/2_256,PUB_R2,776,776,777,17589926,2901111,PASS,4963,6002,10,20,2,16
XMSSMT-SHA2_20/2_256,PUB_R2,777,777,778,15566056,2589204,PASS,4963,6002,10,20,2,16
XMSSMT-SHA2_20/2_256,PUB_R2,778,778,779,17854722,2693333,PASS,4963,6002,10,20,2,16
XMSSMT-SHA2_20/2_256,PUB_R2,779,779,780,15425834,2707926,PASS,4963,6002,10,20,2,16
XMSSMT-SHA2_20/2_256,PUB_R2,780,780,781,17872111,2648704,PASS,4963,6002,10,20,2,16
XMSSMT-SHA2_20/2_256,PUB_R2,781,781,782,15465018,2678815,PASS,4963,6002,10,20,2,16
XMSSMT-SHA2_20/2_256,PUB_R2,782,782,783,17884000,2646852,PASS,4963,6002,10,20,2,16
XMSSMT-SHA2_20/2_256,PUB_R2,783,783,784,15617074,2531260,PASS,4963,6002,10,20,2,16
XMSSMT-SHA2_20/2_256,PUB_R2,784,784,785,17796981,2729944,PASS,4963,6002,10,20,2,16
XMSSMT-SHA2_20/2_256,PUB_R2,785,785,786,15442722,2708908,PASS,4963,6002,10,20,2,16
XMSSMT-SHA2_20/2_256,PUB_R2,786,786,787,17899389,2616129,PASS,4963,6002,10,20,2,16
XMSSMT-SHA2_20/2_256,PUB_R2,787,787,788,15332278,2806703,PASS,4963,6002,10,20,2,16
XMSSMT-SHA2_20/2_256,PUB_R2,788,788,789,17790000,2707093,PASS,4963,6002,10,20,2,16
XMSSMT-SHA2_20/2_256,PUB_R2,789,789,790,15323259,2815870,PASS,4963,6002,10,20,2,16
XMSSMT-SHA2_20/2_256,PUB_R2,790,790,791,17881814,2660778,PASS,4963,6002,10,20,2,16
XMSSMT-SHA2_20/2_256,PUB_R2,791,791,792,15285315,2869926,PASS,4963,6002,10,20,2,16
XMSSMT-SHA2_20/2_256,PUB_R2,792,792,793,17663241,2840371,PASS,4963,6002,10,20,2,16
XMSSMT-SHA2_20/2_256,PUB_R2,793,793,794,15568704,2617963,PASS,4963,6002,10,20,2,16
XMSSMT-SHA2_20/2_256,PUB_R2,794,794,795,17904945,2610796,PASS,4963,6002,10,20,2,16
XMSSMT-SHA2_20/2_256,PUB_R2,795,795,796,15346000,2813278,PASS,4963,6002,10,20,2,16
XMSSMT-SHA2_20/2_256,PUB_R2,796,796,797,17838426,2692833,PASS,4963,6002,10,20,2,16
XMSSMT-SHA2_20/2_256,PUB_R2,797,797,798,15581426,2586852,PASS,4963,6002,10,20,2,16
XMSSMT-SHA2_20/2_256,PUB_R2,798,798,799,17944592,2586093,PASS,4963,6002,10,20,2,16
XMSSMT-SHA2_20/2_256,PUB_R2,799,799,800,15671166,2485463,PASS,4963,6002,10,20,2,16
XMSSMT-SHA2_20/2_256,PUB_R2,800,800,801,17890574,2613389,PASS,4963,6002,10,20,2,16
XMSSMT-SHA2_20/2_256,PUB_R2,801,801,802,15422111,2711519,PASS,4963,6002,10,20,2,16
XMSSMT-SHA2_20/2_256,PUB_R2,802,802,803,17877389,2660611,PASS,4963,6002,10,20,2,16
XMSSMT-SHA2_20/2_256,PUB_R2,803,803,804,15449778,2676815,PASS,4963,6002,10,20,2,16
XMSSMT-SHA2_20/2_256,PUB_R2,804,804,805,17871037,2675408,PASS,4963,6002,10,20,2,16
XMSSMT-SHA2_20/2_256,PUB_R2,805,805,806,15418778,2716500,PASS,4963,6002,10,20,2,16
XMSSMT-SHA2_20/2_256,PUB_R2,806,806,807,17807018,2707278,PASS,4963,6002,10,20,2,16
XMSSMT-SHA2_20/2_256,PUB_R2,807,807,808,15392203,2743444,PASS,4963,6002,10,20,2,16
XMSSMT-SHA2_20/2_256,PUB_R2,808,808,809,17900333,2630223,PASS,4963,6002,10,20,2,16
XMSSMT-SHA2_20/2_256,PUB_R2,809,809,810,15401037,2750352,PASS,4963,6002,10,20,2,16
XMSSMT-SHA2_20/2_256,PUB_R2,810,810,811,17900148,2615111,PASS,4963,6002,10,20,2,16
XMSSMT-SHA2_20/2_256,PUB_R2,811,811,812,10553685,2816537,PASS,4963,6002,10,20,2,16
XMSSMT-SHA2_20/2_256,PUB_R2,812,812,813,5968351,2616112,PASS,4963,6002,10,20,2,16
XMSSMT-SHA2_20/2_256,PUB_R2,813,813,814,5893963,2711630,PASS,4963,6002,10,20,2,16
XMSSMT-SHA2_20/2_256,PUB_R2,814,814,815,5834981,2738333,PASS,4963,6002,10,20,2,16
XMSSMT-SHA2_20/2_256,PUB_R2,815,815,816,15471352,2681945,PASS,4963,6002,10,20,2,16
XMSSMT-SHA2_20/2_256,PUB_R2,816,816,817,17677555,2849870,PASS,4963,6002,10,20,2,16
XMSSMT-SHA2_20/2_256,PUB_R2,817,817,818,15445352,2677463,PASS,4963,6002,10,20,2,16
XMSSMT-SHA2_20/2_256,PUB_R2,818,818,819,8256963,2706130,PASS,4963,6002,10,20,2,16
XMSSMT-SHA2_20/2_256,PUB_R2,819,819,820,10801092,2550000,PASS,4963,6002,10,20,2,16
XMSSMT-SHA2_20/2_256,PUB_R2,820,820,821,5769129,2805871,PASS,4963,6002,10,20,2,16
XMSSMT-SHA2_20/2_256,PUB_R2,821,821,822,6026260,2548685,PASS,4963,6002,10,20,2,16
XMSSMT-SHA2_20/2_256,PUB_R2,822,822,823,5829352,2744241,PASS,4963,6002,10,20,2,16
XMSSMT-SHA2_20/2_256,PUB_R2,823,823,824,15371908,2741593,PASS,4963,6002,10,20,2,16
XMSSMT-SHA2_20/2_256,PUB_R2,824,824,825,10818778,2521129,PASS,4963,6002,10,20,2,16
XMSSMT-SHA2_20/2_256,PUB_R2,825,825,826,5936352,2647963,PASS,4963,6002,10,20,2,16
XMSSMT-SHA2_20/2_256,PUB_R2,826,826,827,5959963,2610852,PASS,4963,6002,10,20,2,16
XMSSMT-SHA2_20/2_256,PUB_R2,827,827,828,10771981,2581592,PASS,4963,6002,10,20,2,16
XMSSMT-SHA2_20/2_256,PUB_R2,828,828,829,5894481,2678982,PASS,4963,6002,10,20,2,16
XMSSMT-SHA2_20/2_256,PUB_R2,829,829,830,5743223,2837741,PASS,4963,6002,10,20,2,16
XMSSMT-SHA2_20/2_256,PUB_R2,830,830,831,5892315,2675518,PASS,4963,6002,10,20,2,16
XMSSMT-SHA2_20/2_256,PUB_R2,831,831,832,15549315,2582296,PASS,4963,6002,10,20,2,16
XMSSMT-SHA2_20/2_256,PUB_R2,832,832,833,17838315,2643982,PASS,4963,6002,10,20,2,16
XMSSMT-SHA2_20/2_256,PUB_R2,833,833,834,15393981,2740982,PASS,4963,6002,10,20,2,16
XMSSMT-SHA2_20/2_256,PUB_R2,834,834,835,17883315,2649482,PASS,4963,6002,10,20,2,16
XMSSMT-SHA2_20/2_256,PUB_R2,835,835,836,15338240,2820370,PASS,4963,6002,10,20,2,16
XMSSMT-SHA2_20/2_256,PUB_R2,836,836,837,17849834,2657908,PASS,4963,6002,10,20,2,16
XMSSMT-SHA2_20/2_256,PUB_R2,837,837,838,15497129,2650741,PASS,4963,6002,10,20,2,16
XMSSMT-SHA2_20/2_256,PUB_R2,838,838,839,17783334,2745148,PASS,4963,6002,10,20,2,16
XMSSMT-SHA2_20/2_256,PUB_R2,839,839,840,15512241,2609518,PASS,4963,6002,10,20,2,16
XMSSMT-SHA2_20/2_256,PUB_R2,840,840,841,17930537,2583000,PASS,4963,6002,10,20,2,16
XMSSMT-SHA2_20/2_256,PUB_R2,841,841,842,15317907,2819778,PASS,4963,6002,10,20,2,16
XMSSMT-SHA2_20/2_256,PUB_R2,842,842,843,17845666,2683296,PASS,4963,6002,10,20,2,16
XMSSMT-SHA2_20/2_256,PUB_R2,843,843,844,15537482,2582111,PASS,4963,6002,10,20,2,16
XMSSMT-SHA2_20/2_256,PUB_R2,844,844,845,17871463,2650759,PASS,4963,6002,10,20,2,16
XMSSMT-SHA2_20/2_256,PUB_R2,845,845,846,15479741,2644500,PASS,4963,6002,10,20,2,16
XMSSMT-SHA2_20/2_256,PUB_R2,846,846,847,17913574,2618334,PASS,4963,6002,10,20,2,16
XMSSMT-SHA2_20/2_256,PUB_R2,847,847,848,15595556,2563315,PASS,4963,6002,10,20,2,16
XMSSMT-SHA2_20/2_256,PUB_R2,848,848,849,17791519,2712370,PASS,4963,6002,10,20,2,16
XMSSMT-SHA2_20/2_256,PUB_R2,849,849,850,15267834,2874537,PASS,4963,6002,10,20,2,16
XMSSMT-SHA2_20/2_256,PUB_R2,850,850,851,8265704,2710148,PASS,4963,6002,10,20,2,16
XMSSMT-SHA2_20/2_256,PUB_R2,851,851,852,10847370,2764648,PASS,4963,6002,10,20,2,16
XMSSMT-SHA2_20/2_256,PUB_R2,852,852,853,6253407,2655759,PASS,4963,6002,10,20,2,16
XMSSMT-SHA2_20/2_256,PUB_R2,853,853,854,5979741,2614111,PASS,4963,6002,10,20,2,16
XMSSMT-SHA2_20/2_256,PUB_R2,854,854,855,5857277,2738315,PASS,4963,6002,10,20,2,16
XMSSMT-SHA2_20/2_256,PUB_R2,855,855,856,15395889,2744888,PASS,4963,6002,10,20,2,16
XMSSMT-SHA2_20/2_256,PUB_R2,856,856,857,10780926,2585019,PASS,4963,6002,10,20,2,16
XMSSMT-SHA2_20/2_256,PUB_R2,857,857,858,5889685,2744278,PASS,4963,6002,10,20,2,16
XMSSMT-SHA2_20/2_256,PUB_R2,858,858,859,5889981,2713611,PASS,4963,6002,10,20,2,16
XMSSMT-SHA2_20/2_256,PUB_R2,859,859,860,10678371,2692352,PASS,4963,6002,10,20,2,16
XMSSMT-SHA2_20/2_256,PUB_R2,860,860,861,5871056,2709204,PASS,4963,6002,10,20,2,16
XMSSMT-SHA2_20/2_256,PUB_R2,861,861,862,5857834,2740796,PASS,4963,6002,10,20,2,16
XMSSMT-SHA2_20/2_256,PUB_R2,862,862,863,5877833,2708649,PASS,4963,6002,10,20,2,16
XMSSMT-SHA2_20/2_256,PUB_R2,863,863,864,15343037,2809093,PASS,4963,6002,10,20,2,16
XMSSMT-SHA2_20/2_256,PUB_R2,864,864,865,17790463,2755000,PASS,4963,6002,10,20,2,16
XMSSMT-SHA2_20/2_256,PUB_R2,865,865,866,15369093,2758723,PASS,4963,6002,10,20,2,16
XMSSMT-SHA2_20/2_256,PUB_R2,866,866,867,17903334,2614334,PASS,4963,6002,10,20,2,16
XMSSMT-SHA2_20/2_256,PUB_R2,867,867,868,15516722,2611500,PASS,4963,6002,10,20,2,16
XMSSMT-SHA2_20/2_256,PUB_R2,868,868,869,17650148,2867797,PASS,4963,6002,10,20,2,16
XMSSMT-SHA2_20/2_256,PUB_R2,869,869,870,15389222,2743037,PASS,4963,6002,10,20,2,16
XMSSMT-SHA2_20/2_256,PUB_R2,870,870,871,8411834,2617908,PASS,4963,6002,10,20,2,16
XMSSMT-SHA2_20/2_256,PUB_R2,871,871,872,15492315,2643666,PASS,4963,6002,10,20,2,16
XMSSMT-SHA2_20/2_256,PUB_R2,872,872,873,10664018,2713703,PASS,4963,6002,10,20,2,16
XMSSMT-SHA2_20/2_256,PUB_R2,873,873,874,5870111,2707797,PASS,4963,6002,10,20,2,16
XMSSMT-SHA2_20/2_256,PUB_R2,874,874,875,5787018,2808204,PASS,4963,6002,10,20,2,16
XMSSMT-SHA2_20/2_256,PUB_R2,875,875,876,10690852,2679500,PASS,4963,6002,10,20,2,16
XMSSMT-SHA2_20/2_256,PUB_R2,876,876,877,5746908,2835426,PASS,4963,6002,10,20,2,16
XMSSMT-SHA2_20/2_256,PUB_R2,877,877,878,5862593,2744852,PASS,4963,6002,10,20,2,16
XMSSMT-SHA2_20/2_256,PUB_R2,878,878,879,5968760,2614555,PASS,4963,6002,10,20,2,16
XMSSMT-SHA2_20/2_256,PUB_R2,879,879,880,15397167,2746092,PASS,4963,6002,10,20,2,16
XMSSMT-SHA2_20/2_256,PUB_R2,880,880,881,17650482,2870148,PASS,4963,6002,10,20,2,16
XMSSMT-SHA2_20/2_256,PUB_R2,881,881,882,15400129,2752555,PASS,4963,6002,10,20,2,16
XMSSMT-SHA2_20/2_256,PUB_R2,882,882,883,8168019,2808204,PASS,4963,6002,10,20,2,16
XMSSMT-SHA2_20/2_256,PUB_R2,883,883,884,10409778,2969074,PASS,4963,6002,10,20,2,16
XMSSMT-SHA2_20/2_256,PUB_R2,884,884,885,5840574,2754240,PASS,4963,6002,10,20,2,16
XMSSMT-SHA2_20/2_256,PUB_R2,885,885,886,5855333,2740519,PASS,4963,6002,10,20,2,16
XMSSMT-SHA2_20/2_256,PUB_R2,886,886,887,5752241,2834259,PASS,4963,6002,10,20,2,16
XMSSMT-SHA2_20/2_256,PUB_R2,887,887,888,15432519,2713482,PASS,4963,6002,10,20,2,16
XMSSMT-SHA2_20/2_256,PUB_R2,888,888,889,10740055,2611871,PASS,4963,6002,10,20,2,16
XMSSMT-SHA2_20/2_256,PUB_R2,889,889,890,5720685,2869463,PASS,4963,6002,10,20,2,16
XMSSMT-SHA2_20/2_256,PUB_R2,890,890,891,5962982,2613685,PASS,4963,6002,10,20,2,16
XMSSMT-SHA2_20/2_256,PUB_R2,891,891,892,10758074,2582426,PASS,4963,6002,10,20,2,16
XMSSMT-SHA2_20/2_256,PUB_R2,892,892,893,5869352,2709889,PASS,4963,6002,10,20,2,16
XMSSMT-SHA2_20/2_256,PUB_R2,893,893,894,5908037,2677389,PASS,4963,6002,10,20,2,16
XMSSMT-SHA2_20/2_256,PUB_R2,894,894,895,5747093,2834592,PASS,4963,6002,10,20,2,16
XMSSMT-SHA2_20/2_256,PUB_R2,895,895,896,15445815,2677834,PASS,4963,6002,10,20,2,16
XMSSMT-SHA2_20/2_256,PUB_R2,896,896,897,17789334,2710945,PASS,4963,6002,10,20,2,16
XMSSMT-SHA2_20/2_256,PUB_R2,897,897,898,15316259,2804852,PASS,4963,6002,10,20,2,16
XMSSMT-SHA2_20/2_256,PUB_R2,898,898,899,17748259,2742370,PASS,4963,6002,10,20,2,16
XMSSMT-SHA2_20/2_256,PUB_R2,899,899,900,15249741,2871796,PASS,4963,6002,10,20,2,16
XMSSMT-SHA2_20/2_256,PUB_R2,900,900,901,17841722,2680463,PASS,4963,6002,10,20,2,16
XMSSMT-SHA2_20/2_256,PUB_R2,901,901,902,15477370,2685240,PASS,4963,6002,10,20,2,16
XMSSMT-SHA2_20/2_256,PUB_R2,902,902,903,17803760,2715629,PASS,4963,6002,10,20,2,16
XMSSMT-SHA2_20/2_256,PUB_R2,903,903,904,15339481,2809481,PASS,4963,6002,10,20,2,16
XMSSMT-SHA2_20/2_256,PUB_R2,904,904,905,17805796,2720167,PASS,4963,6002,10,20,2,16
XMSSMT-SHA2_20/2_256,PUB_R2,905,905,906,15471518,2683093,PASS,4963,6002,10,20,2,16
XMSSMT-SHA2_20/2_256,PUB_R2,906,906,907,17860444,2682982,PASS,4963,6002,10,20,2,16
XMSSMT-SHA2_20/2_256,PUB_R2,907,907,908,15310574,2840389,PASS,4963,6002,10,20,2,16
XMSSMT-SHA2_20/2_256,PUB_R2,908,908,909,17855555,2648315,PASS,4963,6002,10,20,2,16
XMSSMT-SHA2_20/2_256,PUB_R2,909,909,910,15471519,2679259,PASS,4963,6002,10,20,2,16
XMSSMT-SHA2_20/2_256,PUB_R2,910,910,911,17807648,2721667,PASS,4963,6002,10,20,2,16
XMSSMT-SHA2_20/2_256,PUB_R2,911,911,912,15211000,2941482,PASS,4963,6002,10,20,2,16
XMSSMT-SHA2_20/2_256,PUB_R2,912,912,913,17807315,2704593,PASS,4963,6002,10,20,2,16
XMSSMT-SHA2_20/2_256,PUB_R2,913,913,914,15522185,2618111,PASS,4963,6002,10,20,2,16
XMSSMT-SHA2_20/2_256,PUB_R2,914,914,915,8289518,2690889,PASS,4963,6002,10,20,2,16
XMSSMT-SHA2_20/2_256,PUB_R2,915,915,916,10642945,2707408,PASS,4963,6002,10,20,2,16
XMSSMT-SHA2_20/2_256,PUB_R2,916,916,917,5882945,2708870,PASS,4963,6002,10,20,2,16
XMSSMT-SHA2_20/2_256,PUB_R2,917,917,918,5939389,2649166,PASS,4963,6002,10,20,2,16
XMSSMT-SHA2_20/2_256,PUB_R2,918,918,919,5917352,2673518,PASS,4963,6002,10,20,2,16
XMSSMT-SHA2_20/2_256,PUB_R2,919,919,920,15415426,2714204,PASS,4963,6002,10,20,2,16
XMSSMT-SHA2_20/2_256,PUB_R2,920,920,921,10491314,2867519,PASS,4963,6002,10,20,2,16
XMSSMT-SHA2_20/2_256,PUB_R2,921,921,922,5784260,2803111,PASS,4963,6002,10,20,2,16
XMSSMT-SHA2_20/2_256,PUB_R2,922,922,923,5878723,2711167,PASS,4963,6002,10,20,2,16
XMSSMT-SHA2_20/2_256,PUB_R2,923,923,924,10625703,2755333,PASS,4963,6002,10,20,2,16
XMSSMT-SHA2_20/2_256,PUB_R2,924,924,925,5673444,2897888,PASS,4963,6002,10,20,2,16
XMSSMT-SHA2_20/2_256,PUB_R2,925,925,926,5957259,2647056,PASS,4963,6002,10,20,2,16
XMSSMT-SHA2_20/2_256,PUB_R2,926,926,927,5867741,2703648,PASS,4963,6002,10,20,2,16
XMSSMT-SHA2_20/2_256,PUB_R2,927,927,928,15406111,2745222,PASS,4963,6002,10,20,2,16
XMSSMT-SHA2_20/2_256,PUB_R2,928,928,929,17774315,2768741,PASS,4963,6002,10,20,2,16
XMSSMT-SHA2_20/2_256,PUB_R2,929,929,930,15425185,2770407,PASS,4963,6002,10,20,2,16
XMSSMT-SHA2_20/2_256,PUB_R2,930,930,931,17945667,2586111,PASS,4963,6002,10,20,2,16
XMSSMT-SHA2_20/2_256,PUB_R2,931,931,932,15379203,2743260,PASS,4963,6002,10,20,2,16
XMSSMT-SHA2_20/2_256,PUB_R2,932,932,933,17801111,2710926,PASS,4963,6002,10,20,2,16
XMSSMT-SHA2_20/2_256,PUB_R2,933,933,934,15515148,2618889,PASS,4963,6002,10,20,2,16
XMSSMT-SHA2_20/2_256,PUB_R2,934,934,935,8410815,2589223,PASS,4963,6002,10,20,2,16
XMSSMT-SHA2_20/2_256,PUB_R2,935,935,936,15396408,2739722,PASS,4963,6002,10,20,2,16
XMSSMT-SHA2_20/2_256,PUB_R2,936,936,937,10505666,2876574,PASS,4963,6002,10,20,2,16
XMSSMT-SHA2_20/2_256,PUB_R2,937,937,938,5944185,2645444,PASS,4963,6002,10,20,2,16
XMSSMT-SHA2_20/2_256,PUB_R2,938,938,939,5919629,2684111,PASS,4963,6002,10,20,2,16
XMSSMT-SHA2_20/2_256,PUB_R2,939,939,940,10556982,2803907,PASS,4963,6002,10,20,2,16
XMSSMT-SHA2_20/2_256,PUB_R2,940,940,941,5781500,2803833,PASS,4963,6002,10,20,2,16
XMSSMT-SHA2_20/2_256,PUB_R2,941,941,942,5981908,2619241,PASS,4963,6002,10,20,2,16
XMSSMT-SHA2_20/2_256,PUB_R2,942,942,943,5958870,2649333,PASS,4963,6002,10,20,2,16
XMSSMT-SHA2_20/2_256,PUB_R2,943,943,944,15394945,2736444,PASS,4963,6002,10,20,2,16
XMSSMT-SHA2_20/2_256,PUB_R2,944,944,945,17801111,2714889,PASS,4963,6002,10,20,2,16
XMSSMT-SHA2_20/2_256,PUB_R2,945,945,946,15471722,2692796,PASS,4963,6002,10,20,2,16
XMSSMT-SHA2_20/2_256,PUB_R2,946,946,947,8300167,2678481,PASS,4963,6002,10,20,2,16
XMSSMT-SHA2_20/2_256,PUB_R2,947,947,948,10728370,2645112,PASS,4963,6002,10,20,2,16
XMSSMT-SHA2_20/2_256,PUB_R2,948,948,949,5865556,2714555,PASS,4963,6002,10,20,2,16
XMSSMT-SHA2_20/2_256,PUB_R2,949,949,950,5853259,2738111,PASS,4963,6002,10,20,2,16
XMSSMT-SHA2_20/2_256,PUB_R2,950,950,951,5838093,2741037,PASS,4963,6002,10,20,2,16
XMSSMT-SHA2_20/2_256,PUB_R2,951,951,952,15489685,2661260,PASS,4963,6002,10,20,2,16
XMSSMT-SHA2_20/2_256,PUB_R2,952,952,953,10760463,2582093,PASS,4963,6002,10,20,2,16
XMSSMT-SHA2_20/2_256,PUB_R2,953,953,954,5930223,2677148,PASS,4963,6002,10,20,2,16
XMSSMT-SHA2_20/2_256,PUB_R2,954,954,955,5897926,2693537,PASS,4963,6002,10,20,2,16
XMSSMT-SHA2_20/2_256,PUB_R2,955,955,956,10744389,2614408,PASS,4963,6002,10,20,2,16
XMSSMT-SHA2_20/2_256,PUB_R2,956,956,957,5980703,2616760,PASS,4963,6002,10,20,2,16
XMSSMT-SHA2_20/2_256,PUB_R2,957,957,958,5969722,2610500,PASS,4963,6002,10,20,2,16
XMSSMT-SHA2_20/2_256,PUB_R2,958,958,959,5849982,2774000,PASS,4963,6002,10,20,2,16
XMSSMT-SHA2_20/2_256,PUB_R2,959,959,960,15787389,2780648,PASS,4963,6002,10,20,2,16
XMSSMT-SHA2_20/2_256,PUB_R2,960,960,961,17804166,2903352,PASS,4963,6002,10,20,2,16
XMSSMT-SHA2_20/2_256,PUB_R2,961,961,962,15556407,2585389,PASS,4963,6002,10,20,2,16
XMSSMT-SHA2_20/2_256,PUB_R2,962,962,963,17907388,2617760,PASS,4963,6002,10,20,2,16
XMSSMT-SHA2_20/2_256,PUB_R2,963,963,964,15259222,2868723,PASS,4963,6002,10,20,2,16
XMSSMT-SHA2_20/2_256,PUB_R2,964,964,965,17895185,2615593,PASS,4963,6002,10,20,2,16
XMSSMT-SHA2_20/2_256,PUB_R2,965,965,966,15421908,2711611,PASS,4963,6002,10,20,2,16
XMSSMT-SHA2_20/2_256,PUB_R2,966,966,967,8331092,2647519,PASS,4963,6002,10,20,2,16
XMSSMT-SHA2_20/2_256,PUB_R2,967,967,968,15420797,2706444,PASS,4963,6002,10,20,2,16
XMSSMT-SHA2_20/2_256,PUB_R2,968,968,969,10708685,2649870,PASS,4963,6002,10,20,2,16
XMSSMT-SHA2_20/2_256,PUB_R2,969,969,970,5972944,2618944,PASS,4963,6002,10,20,2,16
XMSSMT-SHA2_20/2_256,PUB_R2,970,970,971,5840666,2746555,PASS,4963,6002,10,20,2,16
XMSSMT-SHA2_20/2_256,PUB_R2,971,971,972,10667203,2707723,PASS,4963,6002,10,20,2,16
XMSSMT-SHA2_20/2_256,PUB_R2,972,972,973,5800018,2814648,PASS,4963,6002,10,20,2,16
XMSSMT-SHA2_20/2_256,PUB_R2,973,973,974,5903704,2680963,PASS,4963,6002,10,20,2,16
XMSSMT-SHA2_20/2_256,PUB_R2,974,974,975,5915926,2684277,PASS,4963,6002,10,20,2,16
XMSSMT-SHA2_20/2_256,PUB_R2,975,975,976,15577740,2582370,PASS,4963,6002,10,20,2,16
XMSSMT-SHA2_20/2_256,PUB_R2,976,976,977,17847352,2683037,PASS,4963,6002,10,20,2,16
XMSSMT-SHA2_20/2_256,PUB_R2,977,977,978,15398315,2744593,PASS,4963,6002,10,20,2,16
XMSSMT-SHA2_20/2_256,PUB_R2,978,978,979,8264926,2751537,PASS,4963,6002,10,20,2,16
XMSSMT-SHA2_20/2_256,PUB_R2,979,979,980,10533260,2846926,PASS,4963,6002,10,20,2,16
XMSSMT-SHA2_20/2_256,PUB_R2,980,980,981,5903759,2675815,PASS,4963,6002,10,20,2,16
XMSSMT-SHA2_20/2_256,PUB_R2,981,981,982,5856796,2739556,PASS,4963,6002,10,20,2,16
XMSSMT-SHA2_20/2_256,PUB_R2,982,982,983,5880222,2713500,PASS,4963,6002,10,20,2,16
XMSSMT-SHA2_20/2_256,PUB_R2,983,983,984,15435018,2715074,PASS,4963,6002,10,20,2,16
XMSSMT-SHA2_20/2_256,PUB_R2,984,984,985,10695260,2677481,PASS,4963,6002,10,20,2,16
XMSSMT-SHA2_20/2_256,PUB_R2,985,985,986,6021537,2589129,PASS,4963,6002,10,20,2,16
XMSSMT-SHA2_20/2_256,PUB_R2,986,986,987,5846093,2746426,PASS,4963,6002,10,20,2,16
XMSSMT-SHA2_20/2_256,PUB_R2,987,987,988,10863315,2521148,PASS,4963,6002,10,20,2,16
XMSSMT-SHA2_20/2_256,PUB_R2,988,988,989,5970685,2615259,PASS,4963,6002,10,20,2,16
XMSSMT-SHA2_20/2_256,PUB_R2,989,989,990,6027704,2581926,PASS,4963,6002,10,20,2,16
XMSSMT-SHA2_20/2_256,PUB_R2,990,990,991,6004926,2598426,PASS,4963,6002,10,20,2,16
XMSSMT-SHA2_20/2_256,PUB_R2,991,991,992,15302000,2856259,PASS,4963,6002,10,20,2,16
XMSSMT-SHA2_20/2_256,PUB_R2,992,992,993,17682593,2839407,PASS,4963,6002,10,20,2,16
XMSSMT-SHA2_20/2_256,PUB_R2,993,993,994,15469333,2681907,PASS,4963,6002,10,20,2,16
XMSSMT-SHA2_20/2_256,PUB_R2,994,994,995,8125093,2882871,PASS,4963,6002,10,20,2,16
XMSSMT-SHA2_20/2_256,PUB_R2,995,995,996,10622963,2753074,PASS,4963,6002,10,20,2,16
XMSSMT-SHA2_20/2_256,PUB_R2,996,996,997,6075759,2521389,PASS,4963,6002,10,20,2,16
XMSSMT-SHA2_20/2_256,PUB_R2,997,997,998,5688055,2910408,PASS,4963,6002,10,20,2,16
XMSSMT-SHA2_20/2_256,PUB_R2,998,998,999,5956056,2645296,PASS,4963,6002,10,20,2,16
XMSSMT-SHA2_20/2_256,PUB_R2,999,999,1000,15441759,2714796,PASS,4963,6002,10,20,2,16
XMSSMT-SHA2_20/2_256,PUB_R2,1000,1000,1001,10722463,2646130,PASS,4963,6002,10,20,2,16
XMSSMT-SHA2_20/2_256,PUB_R2,1001,1001,1002,5861296,2743611,PASS,4963,6002,10,20,2,16
XMSSMT-SHA2_20/2_256,PUB_R2,1002,1002,1003,5884111,2708870,PASS,4963,6002,10,20,2,16
XMSSMT-SHA2_20/2_256,PUB_R2,1003,1003,1004,10618889,2746333,PASS,4963,6002,10,20,2,16
XMSSMT-SHA2_20/2_256,PUB_R2,1004,1004,1005,5831945,2737796,PASS,4963,6002,10,20,2,16
XMSSMT-SHA2_20/2_256,PUB_R2,1005,1005,1006,5757333,2845518,PASS,4963,6002,10,20,2,16
XMSSMT-SHA2_20/2_256,PUB_R2,1006,1006,1007,5936722,2640574,PASS,4963,6002,10,20,2,16
XMSSMT-SHA2_20/2_256,PUB_R2,1007,1007,1008,15434426,2745148,PASS,4963,6002,10,20,2,16
XMSSMT-SHA2_20/2_256,PUB_R2,1008,1008,1009,10640888,2706111,PASS,4963,6002,10,20,2,16
XMSSMT-SHA2_20/2_256,PUB_R2,1009,1009,1010,5857648,2740333,PASS,4963,6002,10,20,2,16
XMSSMT-SHA2_20/2_256,PUB_R2,1010,1010,1011,5711426,2867945,PASS,4963,6002,10,20,2,16
XMSSMT-SHA2_20/2_256,PUB_R2,1011,1011,1012,10644074,2710482,PASS,4963,6002,10,20,2,16
XMSSMT-SHA2_20/2_256,PUB_R2,1012,1012,1013,5928556,2654611,PASS,4963,6002,10,20,2,16
XMSSMT-SHA2_20/2_256,PUB_R2,1013,1013,1014,5890815,2712241,PASS,4963,6002,10,20,2,16
XMSSMT-SHA2_20/2_256,PUB_R2,1014,1014,1015,6000926,2583203,PASS,4963,6002,10,20,2,16
XMSSMT-SHA2_20/2_256,PUB_R2,1015,1015,1016,10718759,2646056,PASS,4963,6002,10,20,2,16
XMSSMT-SHA2_20/2_256,PUB_R2,1016,1016,1017,5879519,2710481,PASS,4963,6002,10,20,2,16
XMSSMT-SHA2_20/2_256,PUB_R2,1017,1017,1018,5908908,2681777,PASS,4963,6002,10,20,2,16
XMSSMT-SHA2_20/2_256,PUB_R2,1018,1018,1019,5915463,2687130,PASS,4963,6002,10,20,2,16
XMSSMT-SHA2_20/2_256,PUB_R2,1019,1019,1020,5791185,2812055,PASS,4963,6002,10,20,2,16
XMSSMT-SHA2_20/2_256,PUB_R2,1020,1020,1021,5730889,2868777,PASS,4963,6002,10,20,2,16
XMSSMT-SHA2_20/2_256,PUB_R2,1021,1021,1022,3619333,2581815,PASS,4963,6002,10,20,2,16
XMSSMT-SHA2_20/2_256,PUB_R2,1022,1022,1023,5878148,2712797,PASS,4963,6002,10,20,2,16
XMSSMT-SHA2_20/2_256,PUB_R2,1023,1023,1024,7141074,2683611,PASS,4963,6002,10,20,2,16
XMSSMT-SHA2_20/2_256,PUB_R2,1024,1024,1025,5940722,2488426,PASS,4963,6002,10,20,2,16
XMSSMT-SHA2_20/2_256,PUB_R2,1025,1025,1026,5936611,2492945,PASS,4963,6002,10,20,2,16
XMSSMT-SHA2_20/2_256,PUB_R2,1026,1026,1027,5947519,2485945,PASS,4963,6002,10,20,2,16
XMSSMT-SHA2_20/2_256,PUB_R2,1027,1027,1028,10726444,2487741,PASS,4963,6002,10,20,2,16
XMSSMT-SHA2_20/2_256,PUB_R2,1028,1028,1029,5905130,2518444,PASS,4963,6002,10,20,2,16
XMSSMT-SHA2_20/2_256,PUB_R2,1029,1029,1030,5924055,2518370,PASS,4963,6002,10,20,2,16
XMSSMT-SHA2_20/2_256,PUB_R2,1030,1030,1031,5773463,2645703,PASS,4963,6002,10,20,2,16
XMSSMT-SHA2_20/2_256,PUB_R2,1031,1031,1032,15407129,2585111,PASS,4963,6002,10,20,2,16
XMSSMT-SHA2_20/2_256,PUB_R2,1032,1032,1033,10550574,2642796,PASS,4963,6002,10,20,2,16
XMSSMT-SHA2_20/2_256,PUB_R2,1033,1033,1034,5854500,2582611,PASS,4963,6002,10,20,2,16
XMSSMT-SHA2_20/2_256,PUB_R2,1034,1034,1035,5782722,2649481,PASS,4963,6002,10,20,2,16
XMSSMT-SHA2_20/2_256,PUB_R2,1035,1035,1036,10556759,2649537,PASS,4963,6002,10,20,2,16
XMSSMT-SHA2_20/2_256,PUB_R2,1036,1036,1037,5929722,2490278,PASS,4963,6002,10,20,2,16
XMSSMT-SHA2_20/2_256,PUB_R2,1037,1037,1038,5951630,2487204,PASS,4963,6002,10,20,2,16
XMSSMT-SHA2_20/2_256,PUB_R2,1038,1038,1039,5872315,2555778,PASS,4963,6002,10,20,2,16
XMSSMT-SHA2_20/2_256,PUB_R2,1039,1039,1040,15566296,2439537,PASS,4963,6002,10,20,2,16
XMSSMT-SHA2_20/2_256,PUB_R2,1040,1040,1041,17934945,2426315,PASS,4963,6002,10,20,2,16
XMSSMT-SHA2_20/2_256,PUB_R2,1041,1041,1042,15306148,2676870,PASS,4963,6002,10,20,2,16
XMSSMT-SHA2_20/2_256,PUB_R2,1042,1042,1043,8268796,2550555,PASS,4963,6002,10,20,2,16
XMSSMT-SHA2_20/2_256,PUB_R2,1043,1043,1044,10674296,2517852,PASS,4963,6002,10,20,2,16
XMSSMT-SHA2_20/2_256,PUB_R2,1044,1044,1045,5681778,2743408,PASS,4963,6002,10,20,2,16
XMSSMT-SHA2_20/2_256,PUB_R2,1045,1045,1046,5848333,2584278,PASS,4963,6002,10,20,2,16
XMSSMT-SHA2_20/2_256,PUB_R2,1046,1046,1047,5937537,2489555,PASS,4963,6002,10,20,2,16
XMSSMT-SHA2_20/2_256,PUB_R2,1047,1047,1048,15292019,2679426,PASS,4963,6002,10,20,2,16
XMSSMT-SHA2_20/2_256,PUB_R2,1048,1048,1049,10708630,2488649,PASS,4963,6002,10,20,2,16
XMSSMT-SHA2_20/2_256,PUB_R2,1049,1049,1050,5941778,2488370,PASS,4963,6002,10,20,2,16
XMSSMT-SHA2_20/2_256,PUB_R2,1050,1050,1051,6020778,2389129,PASS,4963,6002,10,20,2,16
XMSSMT-SHA2_20/2_256,PUB_R2,1051,1051,1052,10714111,2488685,PASS,4963,6002,10,20,2,16
XMSSMT-SHA2_20/2_256,PUB_R2,1052,1052,1053,5861111,2552833,PASS,4963,6002,10,20,2,16
XMSSMT-SHA2_20/2_256,PUB_R2,1053,1053,1054,5874777,2553741,PASS,4963,6002,10,20,2,16
XMSSMT-SHA2_20/2_256,PUB_R2,1054,1054,1055,5930870,2483186,PASS,4963,6002,10,20,2,16
XMSSMT-SHA2_20/2_256,PUB_R2,1055,1055,1056,15528352,2456204,PASS,4963,6002,10,20,2,16
XMSSMT-SHA2_20/2_256,PUB_R2,1056,1056,1057,17814593,2519888,PASS,4963,6002,10,20,2,16
XMSSMT-SHA2_20/2_256,PUB_R2,1057,1057,1058,15469889,2522685,PASS,4963,6002,10,20,2,16
XMSSMT-SHA2_20/2_256,PUB_R2,1058,1058,1059,17861371,2521426,PASS,4963,6002,10,20,2,16
XMSSMT-SHA2_20/2_256,PUB_R2,1059,1059,1060,15410982,2597833,PASS,4963,6002,10,20,2,16
XMSSMT-SHA2_20/2_256,PUB_R2,1060,1060,1061,17688352,2688926,PASS,4963,6002,10,20,2,16
XMSSMT-SHA2_20/2_256,PUB_R2,1061,1061,1062,15321574,2683759,PASS,4963,6002,10,20,2,16
XMSSMT-SHA2_20/2_256,PUB_R2,1062,1062,1063,8342537,2491889,PASS,4963,6002,10,20,2,16
XMSSMT-SHA2_20/2_256,PUB_R2,1063,1063,1064,15501963,2505167,PASS,4963,6002,10,20,2,16
XMSSMT-SHA2_20/2_256,PUB_R2,1064,1064,1065,10618000,2595148,PASS,4963,6002,10,20,2,16
XMSSMT-SHA2_20/2_256,PUB_R2,1065,1065,1066,5894278,2547611,PASS,4963,6002,10,20,2,16
XMSSMT-SHA2_20/2_256,PUB_R2,1066,1066,1067,5864407,2554278,PASS,4963,6002,10,20,2,16
XMSSMT-SHA2_20/2_256,PUB_R2,1067,1067,1068,10755815,2454889,PASS,4963,6002,10,20,2,16
XMSSMT-SHA2_20/2_256,PUB_R2,1068,1068,1069,6008259,2423667,PASS,4963,6002,10,20,2,16
XMSSMT-SHA2_20/2_256,PUB_R2,1069,1069,1070,5938981,2486130,PASS,4963,6002,10,20,2,16
XMSSMT-SHA2_20/2_256,PUB_R2,1070,1070,1071,6006704,2427407,PASS,4963,6002,10,20,2,16
XMSSMT-SHA2_20/2_256,PUB_R2,1071,1071,1072,15401740,2580389,PASS,4963,6002,10,20,2,16
XMSSMT-SHA2_20/2_256,PUB_R2,1072,1072,1073,17812407,2549667,PASS,4963,6002,10,20,2,16
XMSSMT-SHA2_20/2_256,PUB_R2,1073,1073,1074,15436759,2553167,PASS,4963,6002,10,20,2,16
XMSSMT-SHA2_20/2_256,PUB_R2,1074,1074,1075,8307389,2518815,PASS,4963,6002,10,20,2,16
XMSSMT-SHA2_20/2_256,PUB_R2,1075,1075,1076,10782407,2443833,PASS,4963,6002,10,20,2,16
XMSSMT-SHA2_20/2_256,PUB_R2,1076,1076,1077,5870556,2553870,PASS,4963,6002,10,20,2,16
XMSSMT-SHA2_20/2_256,PUB_R2,1077,1077,1078,5887704,2552778,PASS,4963,6002,10,20,2,16
XMSSMT-SHA2_20/2_256,PUB_R2,1078,1078,1079,5972963,2452593,PASS,4963,6002,10,20,2,16
XMSSMT-SHA2_20/2_256,PUB_R2,1079,1079,1080,15511130,2494333,PASS,4963,6002,10,20,2,16
XMSSMT-SHA2_20/2_256,PUB_R2,1080,1080,1081,10758722,2456445,PASS,4963,6002,10,20,2,16
XMSSMT-SHA2_20/2_256,PUB_R2,1081,1081,1082,5884741,2553426,PASS,4963,6002,10,20,2,16
XMSSMT-SHA2_20/2_256,PUB_R2,1082,1082,1083,5855408,2582704,PASS,4963,6002,10,20,2,16
XMSSMT-SHA2_20/2_256,PUB_R2,1083,1083,1084,10727723,2490518,PASS,4963,6002,10,20,2,16
XMSSMT-SHA2_20/2_256,PUB_R2,1084,1084,1085,5842537,2584500,PASS,4963,6002,10,20,2,16
XMSSMT-SHA2_20/2_256,PUB_R2,1085,1085,1086,6055296,2396075,PASS,4963,6002,10,20,2,16
XMSSMT-SHA2_20/2_256,PUB_R2,1086,1086,1087,5836629,2584037,PASS,4963,6002,10,20,2,16
XMSSMT-SHA2_20/2_256,PUB_R2,1087,1087,1088,15436463,2562833,PASS,4963,6002,10,20,2,16
XMSSMT-SHA2_20/2_256,PUB_R2,1088,1088,1089,17820870,2558241,PASS,4963,6002,10,20,2,16
XMSSMT-SHA2_20/2_256,PUB_R2,1089,1089,1090,15490666,2499129,PASS,4963,6002,10,20,2,16
XMSSMT-SHA2_20/2_256,PUB_R2,1090,1090,1091,17687500,2675519,PASS,4963,6002,10,20,2,16
XMSSMT-SHA2_20/2_256,PUB_R2,1091,1091,1092,15453407,2518037,PASS,4963,6002,10,20,2,16
XMSSMT-SHA2_20/2_256,PUB_R2,1092,1092,1093,17836630,2549704,PASS,4963,6002,10,20,2,16
XMSSMT-SHA2_20/2_256,PUB_R2,1093,1093,1094,15454389,2515556,PASS,4963,6002,10,20,2,16
XMSSMT-SHA2_20/2_256,PUB_R2,1094,1094,1095,17867537,2489740,PASS,4963,6002,10,20,2,16
XMSSMT-SHA2_20/2_256,PUB_R2,1095,1095,1096,15421407,2561611,PASS,4963,6002,10,20,2,16
XMSSMT-SHA2_20/2_256,PUB_R2,1096,1096,1097,17866907,2491722,PASS,4963,6002,10,20,2,16
XMSSMT-SHA2_20/2_256,PUB_R2,1097,1097,1098,15339630,2644537,PASS,4963,6002,10,20,2,16
XMSSMT-SHA2_20/2_256,PUB_R2,1098,1098,1099,17809796,2584982,PASS,4963,6002,10,20,2,16
XMSSMT-SHA2_20/2_256,PUB_R2,1099,1099,1100,15457426,2519371,PASS,4963,6002,10,20,2,16
XMSSMT-SHA2_20/2_256,PUB_R2,1100,1100,1101,17675408,2686555,PASS,4963,6002,10,20,2,16
XMSSMT-SHA2_20/2_256,PUB_R2,1101,1101,1102,15504648,2500926,PASS,4963,6002,10,20,2,16
XMSSMT-SHA2_20/2_256,PUB_R2,1102,1102,1103,17740982,2649722,PASS,4963,6002,10,20,2,16
XMSSMT-SHA2_20/2_256,PUB_R2,1103,1103,1104,15484686,2482167,PASS,4963,6002,10,20,2,16
XMSSMT-SHA2_20/2_256,PUB_R2,1104,1104,1105,17666333,2676537,PASS,4963,6002,10,20,2,16
XMSSMT-SHA2_20/2_256,PUB_R2,1105,1105,1106,15399352,2585426,PASS,4963,6002,10,20,2,16
XMSSMT-SHA2_20/2_256,PUB_R2,1106,1106,1107,8434889,2392167,PASS,4963,6002,10,20,2,16
XMSSMT-SHA2_20/2_256,PUB_R2,1107,1107,1108,10715241,2505278,PASS,4963,6002,10,20,2,16
XMSSMT-SHA2_20/2_256,PUB_R2,1108,1108,1109,5969741,2455685,PASS,4963,6002,10,20,2,16
XMSSMT-SHA2_20/2_256,PUB_R2,1109,1109,1110,5751296,2693018,PASS,4963,6002,10,20,2,16
XMSSMT-SHA2_20/2_256,PUB_R2,1110,1110,1111,5773592,2642426,PASS,4963,6002,10,20,2,16
XMSSMT-SHA2_20/2_256,PUB_R2,1111,1111,1112,15466723,2519944,PASS,4963,6002,10,20,2,16
XMSSMT-SHA2_20/2_256,PUB_R2,1112,1112,1113,10663982,2518833,PASS,4963,6002,10,20,2,16
XMSSMT-SHA2_20/2_256,PUB_R2,1113,1113,1114,5964055,2454222,PASS,4963,6002,10,20,2,16
XMSSMT-SHA2_20/2_256,PUB_R2,1114,1114,1115,5838093,2582130,PASS,4963,6002,10,20,2,16
XMSSMT-SHA2_20/2_256,PUB_R2,1115,1115,1116,10763574,2418556,PASS,4963,6002,10,20,2,16
XMSSMT-SHA2_20/2_256,PUB_R2,1116,1116,1117,5863870,2567408,PASS,4963,6002,10,20,2,16
XMSSMT-SHA2_20/2_256,PUB_R2,1117,1117,1118,5915815,2520186,PASS,4963,6002,10,20,2,16
XMSSMT-SHA2_20/2_256,PUB_R2,1118,1118,1119,5781556,2647370,PASS,4963,6002,10,20,2,16
XMSSMT-SHA2_20/2_256,PUB_R2,1119,1119,1120,15488500,2485723,PASS,4963,6002,10,20,2,16
XMSSMT-SHA2_20/2_256,PUB_R2,1120,1120,1121,17875481,2451537,PASS,4963,6002,10,20,2,16
XMSSMT-SHA2_20/2_256,PUB_R2,1121,1121,1122,15482389,2489444,PASS,4963,6002,10,20,2,16
XMSSMT-SHA2_20/2_256,PUB_R2,1122,1122,1123,17891259,2455648,PASS,4963,6002,10,20,2,16
XMSSMT-SHA2_20/2_256,PUB_R2,1123,1123,1124,15314074,2641777,PASS,4963,6002,10,20,2,16
XMSSMT-SHA2_20/2_256,PUB_R2,1124,1124,1125,17945185,2392500,PASS,4963,6002,10,20,2,16
XMSSMT-SHA2_20/2_256,PUB_R2,1125,1125,1126,15335315,2648777,PASS,4963,6002,10,20,2,16
XMSSMT-SHA2_20/2_256,PUB_R2,1126,1126,1127,8061611,2785278,PASS,4963,6002,10,20,2,16
XMSSMT-SHA2_20/2_256,PUB_R2,1127,1127,1128,15461611,2515407,PASS,4963,6002,10,20,2,16
XMSSMT-SHA2_20/2_256,PUB_R2,1128,1128,1129,10627241,2588334,PASS,4963,6002,10,20,2,16
XMSSMT-SHA2_20/2_256,PUB_R2,1129,1129,1130,6042445,2394111,PASS,4963,6002,10,20,2,16
XMSSMT-SHA2_20/2_256,PUB_R2,1130,1130,1131,5882037,2558889,PASS,4963,6002,10,20,2,16
XMSSMT-SHA2_20/2_256,PUB_R2,1131,1131,1132,10713852,2499778,PASS,4963,6002,10,20,2,16
XMSSMT-SHA2_20/2_256,PUB_R2,1132,1132,1133,5858426,2580352,PASS,4963,6002,10,20,2,16
XMSSMT-SHA2_20/2_256,PUB_R2,1133,1133,1134,5846019,2587111,PASS,4963,6002,10,20,2,16
XMSSMT-SHA2_20/2_256,PUB_R2,1134,1134,1135,5919333,2516963,PASS,4963,6002,10,20,2,16
XMSSMT-SHA2_20/2_256,PUB_R2,1135,1135,1136,15289278,2712593,PASS,4963,6002,10,20,2,16
XMSSMT-SHA2_20/2_256,PUB_R2,1136,1136,1137,17834111,2524426,PASS,4963,6002,10,20,2,16
XMSSMT-SHA2_20/2_256,PUB_R2,1137,1137,1138,15413593,2599500,PASS,4963,6002,10,20,2,16
XMSSMT-SHA2_20/2_256,PUB_R2,1138,1138,1139,8403037,2421463,PASS,4963,6002,10,20,2,16
XMSSMT-SHA2_20/2_256,PUB_R2,1139,1139,1140,10566982,2650481,PASS,4963,6002,10,20,2,16
XMSSMT-SHA2_20/2_256,PUB_R2,1140,1140,1141,5775797,2657092,PASS,4963,6002,10,20,2,16
XMSSMT-SHA2_20/2_256,PUB_R2,1141,1141,1142,5950334,2485333,PASS,4963,6002,10,20,2,16
XMSSMT-SHA2_20/2_256,PUB_R2,1142,1142,1143,6031222,2395444,PASS,4963,6002,10,20,2,16
XMSSMT-SHA2_20/2_256,PUB_R2,1143,1143,1144,15476463,2518648,PASS,4963,6002,10,20,2,16
XMSSMT-SHA2_20/2_256,PUB_R2,1144,1144,1145,10634315,2588018,PASS,4963,6002,10,20,2,16
XMSSMT-SHA2_20/2_256,PUB_R2,1145,1145,1146,5728871,2707926,PASS,4963,6002,10,20,2,16
XMSSMT-SHA2_20/2_256,PUB_R2,1146,1146,1147,5838482,2588630,PASS,4963,6002,10,20,2,16
XMSSMT-SHA2_20/2_256,PUB_R2,1147,1147,1148,10629278,2581537,PASS,4963,6002,10,20,2,16
XMSSMT-SHA2_20/2_256,PUB_R2,1148,1148,1149,5949611,2487722,PASS,4963,6002,10,20,2,16
XMSSMT-SHA2_20/2_256,PUB_R2,1149,1149,1150,5786630,2645648,PASS,4963,6002,10,20,2,16
XMSSMT-SHA2_20/2_256,PUB_R2,1150,1150,1151,5857408,2593815,PASS,4963,6002,10,20,2,16
XMSSMT-SHA2_20/2_256,PUB_R2,1151,1151,1152,15503111,2490389,PASS,4963,6002,10,20,2,16
XMSSMT-SHA2_20/2_256,PUB_R2,1152,1152,1153,17849149,2521592,PASS,4963,6002,10,20,2,16
XMSSMT-SHA2_20/2_256,PUB_R2,1153,1153,1154,15436389,2553611,PASS,4963,6002,10,20,2,16
XMSSMT-SHA2_20/2_256,PUB_R2,1154,1154,1155,17931426,2423259,PASS,4963,6002,10,20,2,16
XMSSMT-SHA2_20/2_256,PUB_R2,1155,1155,1156,15396333,2581555,PASS,4963,6002,10,20,2,16
XMSSMT-SHA2_20/2_256,PUB_R2,1156,1156,1157,17871907,2488815,PASS,4963,6002,10,20,2,16
XMSSMT-SHA2_20/2_256,PUB_R2,1157,1157,1158,15583445,2397871,PASS,4963,6002,10,20,2,16
XMSSMT-SHA2_20/2_256,PUB_R2,1158,1158,1159,17862481,2526037,PASS,4963,6002,10,20,2,16
XMSSMT-SHA2_20/2_256,PUB_R2,1159,1159,1160,15499370,2486482,PASS,4963,6002,10,20,2,16
XMSSMT-SHA2_20/2_256,PUB_R2,1160,1160,1161,17933889,2424555,PASS,4963,6002,10,20,2,16
XMSSMT-SHA2_20/2_256,PUB_R2,1161,1161,1162,15326777,2711593,PASS,4963,6002,10,20,2,16
XMSSMT-SHA2_20/2_256,PUB_R2,1162,1162,1163,17815945,2557407,PASS,4963,6002,10,20,2,16
XMSSMT-SHA2_20/2_256,PUB_R2,1163,1163,1164,15476166,2546870,PASS,4963,6002,10,20,2,16
XMSSMT-SHA2_20/2_256,PUB_R2,1164,1164,1165,17823370,2520204,PASS,4963,6002,10,20,2,16
XMSSMT-SHA2_20/2_256,PUB_R2,1165,1165,1166,15467185,2518389,PASS,4963,6002,10,20,2,16
XMSSMT-SHA2_20/2_256,PUB_R2,1166,1166,1167,17960685,2452815,PASS,4963,6002,10,20,2,16
XMSSMT-SHA2_20/2_256,PUB_R2,1167,1167,1168,15482592,2524685,PASS,4963,6002,10,20,2,16
XMSSMT-SHA2_20/2_256,PUB_R2,1168,1168,1169,17934056,2426611,PASS,4963,6002,10,20,2,16
XMSSMT-SHA2_20/2_256,PUB_R2,1169,1169,1170,15432741,2554666,PASS,4963,6002,10,20,2,16
XMSSMT-SHA2_20/2_256,PUB_R2,1170,1170,1171,17857629,2518352,PASS,4963,6002,10,20,2,16
XMSSMT-SHA2_20/2_256,PUB_R2,1171,1171,1172,15481167,2488407,PASS,4963,6002,10,20,2,16
XMSSMT-SHA2_20/2_256,PUB_R2,1172,1172,1173,17804241,2556555,PASS,4963,6002,10,20,2,16
XMSSMT-SHA2_20/2_256,PUB_R2,1173,1173,1174,15293759,2680370,PASS,4963,6002,10,20,2,16
XMSSMT-SHA2_20/2_256,PUB_R2,1174,1174,1175,17810426,2559370,PASS,4963,6002,10,20,2,16
XMSSMT-SHA2_20/2_256,PUB_R2,1175,1175,1176,15525963,2462075,PASS,4963,6002,10,20,2,16
XMSSMT-SHA2_20/2_256,PUB_R2,1176,1176,1177,17721685,2649130,PASS,4963,6002,10,20,2,16
XMSSMT-SHA2_20/2_256,PUB_R2,1177,1177,1178,15329592,2647352,PASS,4963,6002,10,20,2,16
XMSSMT-SHA2_20/2_256,PUB_R2,1178,1178,1179,17686611,2642555,PASS,4963,6002,10,20,2,16
XMSSMT-SHA2_20/2_256,PUB_R2,1179,1179,1180,15451370,2517667,PASS,4963,6002,10,20,2,16
XMSSMT-SHA2_20/2_256,PUB_R2,1180,1180,1181,17835037,2483778,PASS,4963,6002,10,20,2,16
XMSSMT-SHA2_20/2_256,PUB_R2,1181,1181,1182,15407407,2583963,PASS,4963,6002,10,20,2,16
XMSSMT-SHA2_20/2_256,PUB_R2,1182,1182,1183,17829907,2522334,PASS,4963,6002,10,20,2,16
XMSSMT-SHA2_20/2_256,PUB_R2,1183,1183,1184,15507259,2485445,PASS,4963,6002,10,20,2,16
XMSSMT-SHA2_20/2_256,PUB_R2,1184,1184,1185,17836092,2519796,PASS,4963,6002,10,20,2,16
XMSSMT-SHA2_20/2_256,PUB_R2,1185,1185,1186,15203611,2781333,PASS,4963,6002,10,20,2,16
XMSSMT-SHA2_20/2_256,PUB_R2,1186,1186,1187,17811111,2551685,PASS,4963,6002,10,20,2,16
XMSSMT-SHA2_20/2_256,PUB_R2,1187,1187,1188,15406297,2586852,PASS,4963,6002,10,20,2,16
XMSSMT-SHA2_20/2_256,PUB_R2,1188,1188,1189,17872889,2529019,PASS,4963,6002,10,20,2,16
XMSSMT-SHA2_20/2_256,PUB_R2,1189,1189,1190,15316945,2687278,PASS,4963,6002,10,20,2,16
XMSSMT-SHA2_20/2_256,PUB_R2,1190,1190,1191,17832407,2557167,PASS,4963,6002,10,20,2,16
XMSSMT-SHA2_20/2_256,PUB_R2,1191,1191,1192,15363611,2662722,PASS,4963,6002,10,20,2,16
XMSSMT-SHA2_20/2_256,PUB_R2,1192,1192,1193,17853111,2524574,PASS,4963,6002,10,20,2,16
XMSSMT-SHA2_20/2_256,PUB_R2,1193,1193,1194,15450982,2554722,PASS,4963,6002,10,20,2,16
XMSSMT-SHA2_20/2_256,PUB_R2,1194,1194,1195,17878352,2522815,PASS,4963,6002,10,20,2,16
XMSSMT-SHA2_20/2_256,PUB_R2,1195,1195,1196,10671167,2553037,PASS,4963,6002,10,20,2,16
XMSSMT-SHA2_20/2_256,PUB_R2,1196,1196,1197,5975518,2480481,PASS,4963,6002,10,20,2,16
XMSSMT-SHA2_20/2_256,PUB_R2,1197,1197,1198,5692852,2745259,PASS,4963,6002,10,20,2,16
XMSSMT-SHA2_20/2_256,PUB_R2,1198,1198,1199,5884703,2550500,PASS,4963,6002,10,20,2,16
XMSSMT-SHA2_20/2_256,PUB_R2,1199,1199,1200,15412444,2587944,PASS,4963,6002,10,20,2,16
XMSSMT-SHA2_20/2_256,PUB_R2,1200,1200,1201,17850426,2525278,PASS,4963,6002,10,20,2,16
XMSSMT-SHA2_20/2_256,PUB_R2,1201,1201,1202,15412703,2588315,PASS,4963,6002,10,20,2,16
XMSSMT-SHA2_20/2_256,PUB_R2,1202,1202,1203,8277019,2567185,PASS,4963,6002,10,20,2,16
XMSSMT-SHA2_20/2_256,PUB_R2,1203,1203,1204,10694407,2524111,PASS,4963,6002,10,20,2,16
XMSSMT-SHA2_20/2_256,PUB_R2,1204,1204,1205,5701463,2743333,PASS,4963,6002,10,20,2,16
XMSSMT-SHA2_20/2_256,PUB_R2,1205,1205,1206,6009833,2437426,PASS,4963,6002,10,20,2,16
XMSSMT-SHA2_20/2_256,PUB_R2,1206,1206,1207,5921389,2522296,PASS,4963,6002,10,20,2,16
XMSSMT-SHA2_20/2_256,PUB_R2,1207,1207,1208,15478203,2522815,PASS,4963,6002,10,20,2,16
XMSSMT-SHA2_20/2_256,PUB_R2,1208,1208,1209,10507148,2717630,PASS,4963,6002,10,20,2,16
XMSSMT-SHA2_20/2_256,PUB_R2,1209,1209,1210,5785593,2652796,PASS,4963,6002,10,20,2,16
XMSSMT-SHA2_20/2_256,PUB_R2,1210,1210,1211,5982667,2461482,PASS,4963,6002,10,20,2,16
XMSSMT-SHA2_20/2_256,PUB_R2,1211,1211,1212,10780278,2440593,PASS,4963,6002,10,20,2,16
XMSSMT-SHA2_20/2_256,PUB_R2,1212,1212,1213,5944667,2484815,PASS,4963,6002,10,20,2,16
XMSSMT-SHA2_20/2_256,PUB_R2,1213,1213,1214,5865778,2584000,PASS,4963,6002,10,20,2,16
XMSSMT-SHA2_20/2_256,PUB_R2,1214,1214,1215,5754389,2681426,PASS,4963,6002,10,20,2,16
XMSSMT-SHA2_20/2_256,PUB_R2,1215,1215,1216,15521000,2493241,PASS,4963,6002,10,20,2,16
XMSSMT-SHA2_20/2_256,PUB_R2,1216,1216,1217,17818463,2565296,PASS,4963,6002,10,20,2,16
XMSSMT-SHA2_20/2_256,PUB_R2,1217,1217,1218,15291740,2721537,PASS,4963,6002,10,20,2,16
XMSSMT-SHA2_20/2_256,PUB_R2,1218,1218,1219,17674056,2714352,PASS,4963,6002,10,20,2,16
XMSSMT-SHA2_20/2_256,PUB_R2,1219,1219,1220,15489556,2519740,PASS,4963,6002,10,20,2,16
XMSSMT-SHA2_20/2_256,PUB_R2,1220,1220,1221,18022074,2362408,PASS,4963,6002,10,20,2,16
XMSSMT-SHA2_20/2_256,PUB_R2,1221,1221,1222,15320907,2684185,PASS,4963,6002,10,20,2,16
XMSSMT-SHA2_20/2_256,PUB_R2,1222,1222,1223,17783130,2653982,PASS,4963,6002,10,20,2,16
XMSSMT-SHA2_20/2_256,PUB_R2,1223,1223,1224,15309463,2678352,PASS,4963,6002,10,20,2,16
XMSSMT-SHA2_20/2_256,PUB_R2,1224,1224,1225,17796037,2548241,PASS,4963,6002,10,20,2,16
XMSSMT-SHA2_20/2_256,PUB_R2,1225,1225,1226,15327463,2647037,PASS,4963,6002,10,20,2,16
XMSSMT-SHA2_20/2_256,PUB_R2,1226,1226,1227,17804722,2552777,PASS,4963,6002,10,20,2,16
XMSSMT-SHA2_20/2_256,PUB_R2,1227,1227,1228,15533278,2453296,PASS,4963,6002,10,20,2,16
XMSSMT-SHA2_20/2_256,PUB_R2,1228,1228,1229,17817611,2519074,PASS,4963,6002,10,20,2,16
XMSSMT-SHA2_20/2_256,PUB_R2,1229,1229,1230,15313074,2650074,PASS,4963,6002,10,20,2,16
XMSSMT-SHA2_20/2_256,PUB_R2,1230,1230,1231,17750371,2650111,PASS,4963,6002,10,20,2,16
XMSSMT-SHA2_20/2_256,PUB_R2,1231,1231,1232,15299630,2678203,PASS,4963,6002,10,20,2,16
XMSSMT-SHA2_20/2_256,PUB_R2,1232,1232,1233,17893611,2459019,PASS,4963,6002,10,20,2,16
XMSSMT-SHA2_20/2_256,PUB_R2,1233,1233,1234,15446722,2518093,PASS,4963,6002,10,20,2,16
XMSSMT-SHA2_20/2_256,PUB_R2,1234,1234,1235,8367815,2470796,PASS,4963,6002,10,20,2,16
XMSSMT-SHA2_20/2_256,PUB_R2,1235,1235,1236,10551908,2651055,PASS,4963,6002,10,20,2,16
XMSSMT-SHA2_20/2_256,PUB_R2,1236,1236,1237,5803537,2645556,PASS,4963,6002,10,20,2,16
XMSSMT-SHA2_20/2_256,PUB_R2,1237,1237,1238,5872963,2565092,PASS,4963,6002,10,20,2,16
XMSSMT-SHA2_20/2_256,PUB_R2,1238,1238,1239,5884444,2553925,PASS,4963,6002,10,20,2,16
XMSSMT-SHA2_20/2_256,PUB_R2,1239,1239,1240,15448278,2553222,PASS,4963,6002,10,20,2,16
XMSSMT-SHA2_20/2_256,PUB_R2,1240,1240,1241,10519241,2677963,PASS,4963,6002,10,20,2,16
XMSSMT-SHA2_20/2_256,PUB_R2,1241,1241,1242,5978352,2455185,PASS,4963,6002,10,20,2,16
XMSSMT-SHA2_20/2_256,PUB_R2,1242,1242,1243,5837759,2584000,PASS,4963,6002,10,20,2,16
XMSSMT-SHA2_20/2_256,PUB_R2,1243,1243,1244,10651297,2554519,PASS,4963,6002,10,20,2,16
XMSSMT-SHA2_20/2_256,PUB_R2,1244,1244,1245,5836407,2581611,PASS,4963,6002,10,20,2,16
XMSSMT-SHA2_20/2_256,PUB_R2,1245,1245,1246,5849685,2580222,PASS,4963,6002,10,20,2,16
XMSSMT-SHA2_20/2_256,PUB_R2,1246,1246,1247,5996074,2418703,PASS,4963,6002,10,20,2,16
XMSSMT-SHA2_20/2_256,PUB_R2,1247,1247,1248,15499759,2489982,PASS,4963,6002,10,20,2,16
XMSSMT-SHA2_20/2_256,PUB_R2,1248,1248,1249,17699315,2656407,PASS,4963,6002,10,20,2,16
XMSSMT-SHA2_20/2_256,PUB_R2,1249,1249,1250,15420944,2549574,PASS,4963,6002,10,20,2,16
XMSSMT-SHA2_20/2_256,PUB_R2,1250,1250,1251,17903963,2455518,PASS,4963,6002,10,20,2,16
XMSSMT-SHA2_20/2_256,PUB_R2,1251,1251,1252,15334093,2650055,PASS,4963,6002,10,20,2,16
XMSSMT-SHA2_20/2_256,PUB_R2,1252,1252,1253,17864537,2492759,PASS,4963,6002,10,20,2,16
XMSSMT-SHA2_20/2_256,PUB_R2,1253,1253,1254,15434666,2555092,PASS,4963,6002,10,20,2,16
XMSSMT-SHA2_20/2_256,PUB_R2,1254,1254,1255,8322649,2522648,PASS,4963,6002,10,20,2,16
XMSSMT-SHA2_20/2_256,PUB_R2,1255,1255,1256,15435871,2554926,PASS,4963,6002,10,20,2,16
XMSSMT-SHA2_20/2_256,PUB_R2,1256,1256,1257,10649204,2564019,PASS,4963,6002,10,20,2,16
XMSSMT-SHA2_20/2_256,PUB_R2,1257,1257,1258,5943759,2485685,PASS,4963,6002,10,20,2,16
XMSSMT-SHA2_20/2_256,PUB_R2,1258,1258,1259,5885056,2553074,PASS,4963,6002,10,20,2,16
XMSSMT-SHA2_20/2_256,PUB_R2,1259,1259,1260,10728259,2496667,PASS,4963,6002,10,20,2,16
XMSSMT-SHA2_20/2_256,PUB_R2,1260,1260,1261,5795722,2651037,PASS,4963,6002,10,20,2,16
XMSSMT-SHA2_20/2_256,PUB_R2,1261,1261,1262,5787611,2655519,PASS,4963,6002,10,20,2,16
XMSSMT-SHA2_20/2_256,PUB_R2,1262,1262,1263,5892370,2554926,PASS,4963,6002,10,20,2,16
XMSSMT-SHA2_20/2_256,PUB_R2,1263,1263,1264,15475759,2521722,PASS,4963,6002,10,20,2,16
XMSSMT-SHA2_20/2_256,PUB_R2,1264,1264,1265,17828037,2556371,PASS,4963,6002,10,20,2,16
XMSSMT-SHA2_20/2_256,PUB_R2,1265,1265,1266,15434500,2557204,PASS,4963,6002,10,20,2,16
XMSSMT-SHA2_20/2_256,PUB_R2,1266,1266,1267,8364315,2494093,PASS,4963,6002,10,20,2,16
XMSSMT-SHA2_20/2_256,PUB_R2,1267,1267,1268,10765982,2461833,PASS,4963,6002,10,20,2,16
XMSSMT-SHA2_20/2_256,PUB_R2,1268,1268,1269,5856278,2585871,PASS,4963,6002,10,20,2,16
XMSSMT-SHA2_20/2_256,PUB_R2,1269,1269,1270,5795129,2648185,PASS,4963,6002,10,20,2,16
XMSSMT-SHA2_20/2_256,PUB_R2,1270,1270,1271,5878407,2553111,PASS,4963,6002,10,20,2,16
XMSSMT-SHA2_20/2_256,PUB_R2,1271,1271,1272,15427963,2594185,PASS,4963,6002,10,20,2,16
XMSSMT-SHA2_20/2_256,PUB_R2,1272,1272,1273,10697944,2521574,PASS,4963,6002,10,20,2,16
XMSSMT-SHA2_20/2_256,PUB_R2,1273,1273,1274,6022092,2422518,PASS,4963,6002,10,20,2,16
XMSSMT-SHA2_20/2_256,PUB_R2,1274,1274,1275,5906870,2517871,PASS,4963,6002,10,20,2,16
XMSSMT-SHA2_20/2_256,PUB_R2,1275,1275,1276,10672407,2553981,PASS,4963,6002,10,20,2,16
XMSSMT-SHA2_20/2_256,PUB_R2,1276,1276,1277,5781556,2667037,PASS,4963,6002,10,20,2,16
XMSSMT-SHA2_20/2_256,PUB_R2,1277,1277,1278,5887759,2551315,PASS,4963,6002,10,20,2,16
XMSSMT-SHA2_20/2_256,PUB_R2,1278,1278,1279,5873241,2569129,PASS,4963,6002,10,20,2,16
XMSSMT-SHA2_20/2_256,PUB_R2,1279,1279,1280,15531333,2494611,PASS,4963,6002,10,20,2,16
XMSSMT-SHA2_20/2_256,PUB_R2,1280,1280,1281,17919315,2456982,PASS,4963,6002,10,20,2,16
XMSSMT-SHA2_20/2_256,PUB_R2,1281,1281,1282,15454352,2552667,PASS,4963,6002,10,20,2,16
XMSSMT-SHA2_20/2_256,PUB_R2,1282,1282,1283,17818944,2584870,PASS,4963,6002,10,20,2,16
XMSSMT-SHA2_20/2_256,PUB_R2,1283,1283,1284,15474500,2525926,PASS,4963,6002,10,20,2,16
XMSSMT-SHA2_20/2_256,PUB_R2,1284,1284,1285,17859111,2537000,PASS,4963,6002,10,20,2,16
XMSSMT-SHA2_20/2_256,PUB_R2,1285,1285,1286,15540667,2464852,PASS,4963,6002,10,20,2,16
XMSSMT-SHA2_20/2_256,PUB_R2,1286,1286,1287,17877074,2524685,PASS,4963,6002,10,20,2,16
XMSSMT-SHA2_20/2_256,PUB_R2,1287,1287,1288,15565259,2427667,PASS,4963,6002,10,20,2,16
XMSSMT-SHA2_20/2_256,PUB_R2,1288,1288,1289,17795241,2588389,PASS,4963,6002,10,20,2,16
XMSSMT-SHA2_20/2_256,PUB_R2,1289,1289,1290,15449444,2554167,PASS,4963,6002,10,20,2,16
XMSSMT-SHA2_20/2_256,PUB_R2,1290,1290,1291,17900685,2499185,PASS,4963,6002,10,20,2,16
XMSSMT-SHA2_20/2_256,PUB_R2,1291,1291,1292,15278148,2710889,PASS,4963,6002,10,20,2,16
XMSSMT-SHA2_20/2_256,PUB_R2,1292,1292,1293,17885056,2552611,PASS,4963,6002,10,20,2,16
XMSSMT-SHA2_20/2_256,PUB_R2,1293,1293,1294,15333592,2649241,PASS,4963,6002,10,20,2,16
XMSSMT-SHA2_20/2_256,PUB_R2,1294,1294,1295,17898518,2492203,PASS,4963,6002,10,20,2,16
XMSSMT-SHA2_20/2_256,PUB_R2,1295,1295,1296,15500667,2520908,PASS,4963,6002,10,20,2,16
XMSSMT-SHA2_20/2_256,PUB_R2,1296,1296,1297,17762093,2583518,PASS,4963,6002,10,20,2,16
XMSSMT-SHA2_20/2_256,PUB_R2,1297,1297,1298,15529907,2460870,PASS,4963,6002,10,20,2,16
XMSSMT-SHA2_20/2_256,PUB_R2,1298,1298,1299,17914278,2458463,PASS,4963,6002,10,20,2,16
XMSSMT-SHA2_20/2_256,PUB_R2,1299,1299,1300,15467741,2561278,PASS,4963,6002,10,20,2,16
XMSSMT-SHA2_20/2_256,PUB_R2,1300,1300,1301,17959944,2396166,PASS,4963,6002,10,20,2,16
XMSSMT-SHA2_20/2_256,PUB_R2,1301,1301,1302,15310648,2678926,PASS,4963,6002,10,20,2,16
XMSSMT-SHA2_20/2_256,PUB_R2,1302,1302,1303,17853111,2517926,PASS,4963,6002,10,20,2,16
XMSSMT-SHA2_20/2_256,PUB_R2,1303,1303,1304,15483370,2525204,PASS,4963,6002,10,20,2,16
XMSSMT-SHA2_20/2_256,PUB_R2,1304,1304,1305,17818963,2561241,PASS,4963,6002,10,20,2,16
XMSSMT-SHA2_20/2_256,PUB_R2,1305,1305,1306,15435741,2553500,PASS,4963,6002,10,20,2,16
XMSSMT-SHA2_20/2_256,PUB_R2,1306,1306,1307,17781129,2583371,PASS,4963,6002,10,20,2,16
XMSSMT-SHA2_20/2_256,PUB_R2,1307,1307,1308,15246741,2710167,PASS,4963,6002,10,20,2,16
XMSSMT-SHA2_20/2_256,PUB_R2,1308,1308,1309,17634074,2711259,PASS,4963,6002,10,20,2,16
XMSSMT-SHA2_20/2_256,PUB_R2,1309,1309,1310,15335703,2647333,PASS,4963,6002,10,20,2,16
XMSSMT-SHA2_20/2_256,PUB_R2,1310,1310,1311,17772389,2588148,PASS,4963,6002,10,20,2,16
XMSSMT-SHA2_20/2_256,PUB_R2,1311,1311,1312,15452500,2518574,PASS,4963,6002,10,20,2,16
XMSSMT-SHA2_20/2_256,PUB_R2,1312,1312,1313,17783445,2581426,PASS,4963,6002,10,20,2,16
XMSSMT-SHA2_20/2_256,PUB_R2,1313,1313,1314,15530741,2458777,PASS,4963,6002,10,20,2,16
XMSSMT-SHA2_20/2_256,PUB_R2,1314,1314,1315,17783296,2587297,PASS,4963,6002,10,20,2,16
XMSSMT-SHA2_20/2_256,PUB_R2,1315,1315,1316,15549852,2459000,PASS,4963,6002,10,20,2,16
XMSSMT-SHA2_20/2_256,PUB_R2,1316,1316,1317,17806760,2589518,PASS,4963,6002,10,20,2,16
XMSSMT-SHA2_20/2_256,PUB_R2,1317,1317,1318,15455852,2558815,PASS,4963,6002,10,20,2,16
XMSSMT-SHA2_20/2_256,PUB_R2,1318,1318,1319,17904111,2501963,PASS,4963,6002,10,20,2,16
XMSSMT-SHA2_20/2_256,PUB_R2,1319,1319,1320,15460074,2574186,PASS,4963,6002,10,20,2,16
XMSSMT-SHA2_20/2_256,PUB_R2,1320,1320,1321,17797203,2586963,PASS,4963,6002,10,20,2,16
XMSSMT-SHA2_20/2_256,PUB_R2,1321,1321,1322,15364592,2649074,PASS,4963,6002,10,20,2,16
XMSSMT-SHA2_20/2_256,PUB_R2,1322,1322,1323,17861500,2519389,PASS,4963,6002,10,20,2,16
XMSSMT-SHA2_20/2_256,PUB_R2,1323,1323,1324,15594093,2394519,PASS,4963,6002,10,20,2,16
XMSSMT-SHA2_20/2_256,PUB_R2,1324,1324,1325,17899352,2507111,PASS,4963,6002,10,20,2,16
XMSSMT-SHA2_20/2_256,PUB_R2,1325,1325,1326,15402278,2587240,PASS,4963,6002,10,20,2,16
XMSSMT-SHA2_20/2_256,PUB_R2,1326,1326,1327,17973148,2431704,PASS,4963,6002,10,20,2,16
XMSSMT-SHA2_20/2_256,PUB_R2,1327,1327,1328,15330223,2682611,PASS,4963,6002,10,20,2,16
XMSSMT-SHA2_20/2_256,PUB_R2,1328,1328,1329,17732685,2652852,PASS,4963,6002,10,20,2,16
XMSSMT-SHA2_20/2_256,PUB_R2,1329,1329,1330,15504519,2494518,PASS,4963,6002,10,20,2,16
XMSSMT-SHA2_20/2_256,PUB_R2,1330,1330,1331,17845704,2568500,PASS,4963,6002,10,20,2,16
XMSSMT-SHA2_20/2_256,PUB_R2,1331,1331,1332,15504815,2492259,PASS,4963,6002,10,20,2,16
XMSSMT-SHA2_20/2_256,PUB_R2,1332,1332,1333,17931870,2455870,PASS,4963,6002,10,20,2,16
XMSSMT-SHA2_20/2_256,PUB_R2,1333,1333,1334,15474445,2522870,PASS,4963,6002,10,20,2,16
XMSSMT-SHA2_20/2_256,PUB_R2,1334,1334,1335,17921963,2496260,PASS,4963,6002,10,20,2,16
XMSSMT-SHA2_20/2_256,PUB_R2,1335,1335,1336,15436037,2552037,PASS,4963,6002,10,20,2,16
XMSSMT-SHA2_20/2_256,PUB_R2,1336,1336,1337,17893667,2501333,PASS,4963,6002,10,20,2,16
XMSSMT-SHA2_20/2_256,PUB_R2,1337,1337,1338,15451000,2531963,PASS,4963,6002,10,20,2,16
XMSSMT-SHA2_20/2_256,PUB_R2,1338,1338,1339,17737481,2659000,PASS,4963,6002,10,20,2,16
XMSSMT-SHA2_20/2_256,PUB_R2,1339,1339,1340,15429240,2553760,PASS,4963,6002,10,20,2,16
XMSSMT-SHA2_20/2_256,PUB_R2,1340,1340,1341,18006111,2363871,PASS,4963,6002,10,20,2,16
XMSSMT-SHA2_20/2_256,PUB_R2,1341,1341,1342,15400481,2584944,PASS,4963,6002,10,20,2,16
XMSSMT-SHA2_20/2_256,PUB_R2,1342,1342,1343,17843093,2552149,PASS,4963,6002,10,20,2,16
XMSSMT-SHA2_20/2_256,PUB_R2,1343,1343,1344,15315574,2683537,PASS,4963,6002,10,20,2,16
XMSSMT-SHA2_20/2_256,PUB_R2,1344,1344,1345,17797796,2600685,PASS,4963,6002,10,20,2,16
XMSSMT-SHA2_20/2_256,PUB_R2,1345,1345,1346,15501981,2522778,PASS,4963,6002,10,20,2,16
XMSSMT-SHA2_20/2_256,PUB_R2,1346,1346,1347,17734426,2675629,PASS,4963,6002,10,20,2,16
XMSSMT-SHA2_20/2_256,PUB_R2,1347,1347,1348,15289463,2681185,PASS,4963,6002,10,20,2,16
XMSSMT-SHA2_20/2_256,PUB_R2,1348,1348,1349,17987203,2389648,PASS,4963,6002,10,20,2,16
XMSSMT-SHA2_20/2_256,PUB_R2,1349,1349,1350,15450296,2554667,PASS,4963,6002,10,20,2,16
XMSSMT-SHA2_20/2_256,PUB_R2,1350,1350,1351,17927889,2473723,PASS,4963,6002,10,20,2,16
XMSSMT-SHA2_20/2_256,PUB_R2,1351,1351,1352,15510018,2490296,PASS,4963,6002,10,20,2,16
XMSSMT-SHA2_20/2_256,PUB_R2,1352,1352,1353,17813371,2548093,PASS,4963,6002,10,20,2,16
XMSSMT-SHA2_20/2_256,PUB_R2,1353,1353,1354,15299703,2680611,PASS,4963,6002,10,20,2,16
XMSSMT-SHA2_20/2_256,PUB_R2,1354,1354,1355,17814519,2557166,PASS,4963,6002,10,20,2,16
XMSSMT-SHA2_20/2_256,PUB_R2,1355,1355,1356,15306537,2677815,PASS,4963,6002,10,20,2,16
XMSSMT-SHA2_20/2_256,PUB_R2,1356,1356,1357,17814666,2568111,PASS,4963,6002,10,20,2,16
XMSSMT-SHA2_20/2_256,PUB_R2,1357,1357,1358,15438926,2552778,PASS,4963,6002,10,20,2,16
XMSSMT-SHA2_20/2_256,PUB_R2,1358,1358,1359,17904834,2458445,PASS,4963,6002,10,20,2,16
XMSSMT-SHA2_20/2_256,PUB_R2,1359,1359,1360,15558148,2425519,PASS,4963,6002,10,20,2,16
XMSSMT-SHA2_20/2_256,PUB_R2,1360,1360,1361,17877592,2490685,PASS,4963,6002,10,20,2,16
XMSSMT-SHA2_20/2_256,PUB_R2,1361,1361,1362,15464648,2520370,PASS,4963,6002,10,20,2,16
XMSSMT-SHA2_20/2_256,PUB_R2,1362,1362,1363,17784426,2583926,PASS,4963,6002,10,20,2,16
XMSSMT-SHA2_20/2_256,PUB_R2,1363,1363,1364,15501333,2491797,PASS,4963,6002,10,20,2,16
XMSSMT-SHA2_20/2_256,PUB_R2,1364,1364,1365,17829740,2520760,PASS,4963,6002,10,20,2,16
XMSSMT-SHA2_20/2_256,PUB_R2,1365,1365,1366,15401463,2582593,PASS,4963,6002,10,20,2,16
XMSSMT-SHA2_20/2_256,PUB_R2,1366,1366,1367,17718944,2647241,PASS,4963,6002,10,20,2,16
XMSSMT-SHA2_20/2_256,PUB_R2,1367,1367,1368,15422500,2596851,PASS,4963,6002,10,20,2,16
XMSSMT-SHA2_20/2_256,PUB_R2,1368,1368,1369,17938093,2461815,PASS,4963,6002,10,20,2,16
XMSSMT-SHA2_20/2_256,PUB_R2,1369,1369,1370,15417259,2586314,PASS,4963,6002,10,20,2,16
XMSSMT-SHA2_20/2_256,PUB_R2,1370,1370,1371,17903074,2537981,PASS,4963,6002,10,20,2,16
XMSSMT-SHA2_20/2_256,PUB_R2,1371,1371,1372,15528870,2462240,PASS,4963,6002,10,20,2,16
XMSSMT-SHA2_20/2_256,PUB_R2,1372,1372,1373,17682926,2716889,PASS,4963,6002,10,20,2,16
XMSSMT-SHA2_20/2_256,PUB_R2,1373,1373,1374,15454889,2557185,PASS,4963,6002,10,20,2,16
XMSSMT-SHA2_20/2_256,PUB_R2,1374,1374,1375,17704685,2680963,PASS,4963,6002,10,20,2,16
XMSSMT-SHA2_20/2_256,PUB_R2,1375,1375,1376,15487852,2520574,PASS,4963,6002,10,20,2,16
XMSSMT-SHA2_20/2_256,PUB_R2,1376,1376,1377,17740870,2669926,PASS,4963,6002,10,20,2,16
XMSSMT-SHA2_20/2_256,PUB_R2,1377,1377,1378,15406870,2599019,PASS,4963,6002,10,20,2,16
XMSSMT-SHA2_20/2_256,PUB_R2,1378,1378,1379,17709111,2699519,PASS,4963,6002,10,20,2,16
XMSSMT-SHA2_20/2_256,PUB_R2,1379,1379,1380,15420055,2590167,PASS,4963,6002,10,20,2,16
XMSSMT-SHA2_20/2_256,PUB_R2,1380,1380,1381,17925371,2459666,PASS,4963,6002,10,20,2,16
XMSSMT-SHA2_20/2_256,PUB_R2,1381,1381,1382,15587259,2426482,PASS,4963,6002,10,20,2,16
XMSSMT-SHA2_20/2_256,PUB_R2,1382,1382,1383,17834148,2556630,PASS,4963,6002,10,20,2,16
XMSSMT-SHA2_20/2_256,PUB_R2,1383,1383,1384,15453056,2564130,PASS,4963,6002,10,20,2,16
XMSSMT-SHA2_20/2_256,PUB_R2,1384,1384,1385,17732518,2665574,PASS,4963,6002,10,20,2,16
XMSSMT-SHA2_20/2_256,PUB_R2,1385,1385,1386,15548463,2457963,PASS,4963,6002,10,20,2,16
XMSSMT-SHA2_20/2_256,PUB_R2,1386,1386,1387,17659945,2749240,PASS,4963,6002,10,20,2,16
XMSSMT-SHA2_20/2_256,PUB_R2,1387,1387,1388,10642500,2590889,PASS,4963,6002,10,20,2,16
XMSSMT-SHA2_20/2_256,PUB_R2,1388,1388,1389,5910778,2526130,PASS,4963,6002,10,20,2,16
XMSSMT-SHA2_20/2_256,PUB_R2,1389,1389,1390,5856240,2587667,PASS,4963,6002,10,20,2,16
XMSSMT-SHA2_20/2_256,PUB_R2,1390,1390,1391,5939037,2486185,PASS,4963,6002,10,20,2,16
XMSSMT-SHA2_20/2_256,PUB_R2,1391,1391,1392,15337703,2657148,PASS,4963,6002,10,20,2,16
XMSSMT-SHA2_20/2_256,PUB_R2,1392,1392,1393,17839759,2571204,PASS,4963,6002,10,20,2,16
XMSSMT-SHA2_20/2_256,PUB_R2,1393,1393,1394,15471111,2519685,PASS,4963,6002,10,20,2,16
XMSSMT-SHA2_20/2_256,PUB_R2,1394,1394,1395,8179130,2653722,PASS,4963,6002,10,20,2,16
XMSSMT-SHA2_20/2_256,PUB_R2,1395,1395,1396,10631815,2582759,PASS,4963,6002,10,20,2,16
XMSSMT-SHA2_20/2_256,PUB_R2,1396,1396,1397,5736240,2712333,PASS,4963,6002,10,20,2,16
XMSSMT-SHA2_20/2_256,PUB_R2,1397,1397,1398,5926074,2521741,PASS,4963,6002,10,20,2,16
XMSSMT-SHA2_20/2_256,PUB_R2,1398,1398,1399,5950204,2498260,PASS,4963,6002,10,20,2,16
XMSSMT-SHA2_20/2_256,PUB_R2,1399,1399,1400,15619704,2392537,PASS,4963,6002,10,20,2,16
XMSSMT-SHA2_20/2_256,PUB_R2,1400,1400,1401,10721797,2500518,PASS,4963,6002,10,20,2,16
XMSSMT-SHA2_20/2_256,PUB_R2,1401,1401,1402,5978741,2458074,PASS,4963,6002,10,20,2,16
XMSSMT-SHA2_20/2_256,PUB_R2,1402,1402,1403,5910407,2531241,PASS,4963,6002,10,20,2,16
XMSSMT-SHA2_20/2_256,PUB_R2,1403,1403,1404,10625093,2593333,PASS,4963,6002,10,20,2,16
XMSSMT-SHA2_20/2_256,PUB_R2,1404,1404,1405,5894833,2552092,PASS,4963,6002,10,20,2,16
XMSSMT-SHA2_20/2_256,PUB_R2,1405,1405,1406,5689371,2744315,PASS,4963,6002,10,20,2,16
XMSSMT-SHA2_20/2_256,PUB_R2,1406,1406,1407,5974333,2547963,PASS,4963,6002,10,20,2,16
XMSSMT-SHA2_20/2_256,PUB_R2,1407,1407,1408,15561500,2462611,PASS,4963,6002,10,20,2,16
XMSSMT-SHA2_20/2_256,PUB_R2,1408,1408,1409,17770370,2588703,PASS,4963,6002,10,20,2,16
XMSSMT-SHA2_20/2_256,PUB_R2,1409,1409,1410,15471982,2517759,PASS,4963,6002,10,20,2,16
XMSSMT-SHA2_20/2_256,PUB_R2,1410,1410,1411,17865555,2538925,PASS,4963,6002,10,20,2,16
XMSSMT-SHA2_20/2_256,PUB_R2,1411,1411,1412,15333482,2660333,PASS,4963,6002,10,20,2,16
XMSSMT-SHA2_20/2_256,PUB_R2,1412,1412,1413,17812444,2552982,PASS,4963,6002,10,20,2,16
XMSSMT-SHA2_20/2_256,PUB_R2,1413,1413,1414,15475981,2522741,PASS,4963,6002,10,20,2,16
XMSSMT-SHA2_20/2_256,PUB_R2,1414,1414,1415,17858463,2523222,PASS,4963,6002,10,20,2,16
XMSSMT-SHA2_20/2_256,PUB_R2,1415,1415,1416,15291703,2708278,PASS,4963,6002,10,20,2,16
XMSSMT-SHA2_20/2_256,PUB_R2,1416,1416,1417,17735982,2654222,PASS,4963,6002,10,20,2,16
XMSSMT-SHA2_20/2_256,PUB_R2,1417,1417,1418,15464019,2520555,PASS,4963,6002,10,20,2,16
XMSSMT-SHA2_20/2_256,PUB_R2,1418,1418,1419,17835870,2519093,PASS,4963,6002,10,20,2,16
XMSSMT-SHA2_20/2_256,PUB_R2,1419,1419,1420,15269204,2674463,PASS,4963,6002,10,20,2,16
XMSSMT-SHA2_20/2_256,PUB_R2,1420,1420,1421,17826481,2520778,PASS,4963,6002,10,20,2,16
XMSSMT-SHA2_20/2_256,PUB_R2,1421,1421,1422,15344463,2653425,PASS,4963,6002,10,20,2,16
XMSSMT-SHA2_20/2_256,PUB_R2,1422,1422,1423,17854129,2518833,PASS,4963,6002,10,20,2,16
XMSSMT-SHA2_20/2_256,PUB_R2,1423,1423,1424,15439778,2554907,PASS,4963,6002,10,20,2,16
XMSSMT-SHA2_20/2_256,PUB_R2,1424,1424,1425,17630370,2710037,PASS,4963,6002,10,20,2,16
XMSSMT-SHA2_20/2_256,PUB_R2,1425,1425,1426,15344296,2647722,PASS,4963,6002,10,20,2,16
XMSSMT-SHA2_20/2_256,PUB_R2,1426,1426,1427,17888444,2489667,PASS,4963,6002,10,20,2,16
XMSSMT-SHA2_20/2_256,PUB_R2,1427,1427,1428,15312907,2693722,PASS,4963,6002,10,20,2,16
XMSSMT-SHA2_20/2_256,PUB_R2,1428,1428,1429,17793963,2586018,PASS,4963,6002,10,20,2,16
XMSSMT-SHA2_20/2_256,PUB_R2,1429,1429,1430,15487148,2519130,PASS,4963,6002,10,20,2,16
XMSSMT-SHA2_20/2_256,PUB_R2,1430,1430,1431,17936703,2470444,PASS,4963,6002,10,20,2,16
XMSSMT-SHA2_20/2_256,PUB_R2,1431,1431,1432,15303223,2688963,PASS,4963,6002,10,20,2,16
XMSSMT-SHA2_20/2_256,PUB_R2,1432,1432,1433,17638130,2757796,PASS,4963,6002,10,20,2,16
XMSSMT-SHA2_20/2_256,PUB_R2,1433,1433,1434,15538111,2463833,PASS,4963,6002,10,20,2,16
XMSSMT-SHA2_20/2_256,PUB_R2,1434,1434,1435,17933648,2464482,PASS,4963,6002,10,20,2,16
XMSSMT-SHA2_20/2_256,PUB_R2,1435,1435,1436,15336315,2646778,PASS,4963,6002,10,20,2,16
XMSSMT-SHA2_20/2_256,PUB_R2,1436,1436,1437,17661111,2715203,PASS,4963,6002,10,20,2,16
XMSSMT-SHA2_20/2_256,PUB_R2,1437,1437,1438,15525944,2500981,PASS,4963,6002,10,20,2,16
XMSSMT-SHA2_20/2_256,PUB_R2,1438,1438,1439,17777833,2602537,PASS,4963,6002,10,20,2,16
XMSSMT-SHA2_20/2_256,PUB_R2,1439,1439,1440,15514055,2487925,PASS,4963,6002,10,20,2,16
XMSSMT-SHA2_20/2_256,PUB_R2,1440,1440,1441,17942667,2426241,PASS,4963,6002,10,20,2,16
XMSSMT-SHA2_20/2_256,PUB_R2,1441,1441,1442,15489889,2527500,PASS,4963,6002,10,20,2,16
XMSSMT-SHA2_20/2_256,PUB_R2,1442,1442,1443,17878630,2523482,PASS,4963,6002,10,20,2,16
XMSSMT-SHA2_20/2_256,PUB_R2,1443,1443,1444,15342186,2659796,PASS,4963,6002,10,20,2,16
XMSSMT-SHA2_20/2_256,PUB_R2,1444,1444,1445,17790445,2610111,PASS,4963,6002,10,20,2,16
XMSSMT-SHA2_20/2_256,PUB_R2,1445,1445,1446,15462093,2553037,PASS,4963,6002,10,20,2,16
XMSSMT-SHA2_20/2_256,PUB_R2,1446,1446,1447,17814592,2584519,PASS,4963,6002,10,20,2,16
XMSSMT-SHA2_20/2_256,PUB_R2,1447,1447,1448,15424111,2589093,PASS,4963,6002,10,20,2,16
XMSSMT-SHA2_20/2_256,PUB_R2,1448,1448,1449,17798074,2589370,PASS,4963,6002,10,20,2,16
XMSSMT-SHA2_20/2_256,PUB_R2,1449,1449,1450,15506963,2491574,PASS,4963,6002,10,20,2,16
XMSSMT-SHA2_20/2_256,PUB_R2,1450,1450,1451,17812388,2601630,PASS,4963,6002,10,20,2,16
XMSSMT-SHA2_20/2_256,PUB_R2,1451,1451,1452,10649814,2556352,PASS,4963,6002,10,20,2,16
XMSSMT-SHA2_20/2_256,PUB_R2,1452,1452,1453,5893000,2553296,PASS,4963,6002,10,20,2,16
XMSSMT-SHA2_20/2_256,PUB_R2,1453,1453,1454,5914055,2526111,PASS,4963,6002,10,20,2,16
XMSSMT-SHA2_20/2_256,PUB_R2,1454,1454,1455,5892666,2553000,PASS,4963,6002,10,20,2,16
XMSSMT-SHA2_20/2_256,PUB_R2,1455,1455,1456,15505203,2490889,PASS,4963,6002,10,20,2,16
XMSSMT-SHA2_20/2_256,PUB_R2,1456,1456,1457,17785333,2586445,PASS,4963,6002,10,20,2,16
XMSSMT-SHA2_20/2_256,PUB_R2,1457,1457,1458,15539667,2455667,PASS,4963,6002,10,20,2,16
XMSSMT-SHA2_20/2_256,PUB_R2,1458,1458,1459,8510000,2334204,PASS,4963,6002,10,20,2,16
XMSSMT-SHA2_20/2_256,PUB_R2,1459,1459,1460,10774722,2457352,PASS,4963,6002,10,20,2,16
XMSSMT-SHA2_20/2_256,PUB_R2,1460,1460,1461,5716963,2708019,PASS,4963,6002,10,20,2,16
XMSSMT-SHA2_20/2_256,PUB_R2,1461,1461,1462,5929037,2523000,PASS,4963,6002,10,20,2,16
XMSSMT-SHA2_20/2_256,PUB_R2,1462,1462,1463,5707556,2710592,PASS,4963,6002,10,20,2,16
XMSSMT-SHA2_20/2_256,PUB_R2,1463,1463,1464,15493685,2486500,PASS,4963,6002,10,20,2,16
XMSSMT-SHA2_20/2_256,PUB_R2,1464,1464,1465,10774666,2488463,PASS,4963,6002,10,20,2,16
XMSSMT-SHA2_20/2_256,PUB_R2,1465,1465,1466,5977408,2467834,PASS,4963,6002,10,20,2,16
XMSSMT-SHA2_20/2_256,PUB_R2,1466,1466,1467,5871240,2550093,PASS,4963,6002,10,20,2,16
XMSSMT-SHA2_20/2_256,PUB_R2,1467,1467,1468,10714278,2489315,PASS,4963,6002,10,20,2,16
XMSSMT-SHA2_20/2_256,PUB_R2,1468,1468,1469,5844982,2587333,PASS,4963,6002,10,20,2,16
XMSSMT-SHA2_20/2_256,PUB_R2,1469,1469,1470,5995278,2449704,PASS,4963,6002,10,20,2,16
XMSSMT-SHA2_20/2_256,PUB_R2,1470,1470,1471,5902870,2522240,PASS,4963,6002,10,20,2,16
XMSSMT-SHA2_20/2_256,PUB_R2,1471,1471,1472,15413166,2599185,PASS,4963,6002,10,20,2,16
XMSSMT-SHA2_20/2_256,PUB_R2,1472,1472,1473,17698945,2686593,PASS,4963,6002,10,20,2,16
XMSSMT-SHA2_20/2_256,PUB_R2,1473,1473,1474,15420852,2549815,PASS,4963,6002,10,20,2,16
XMSSMT-SHA2_20/2_256,PUB_R2,1474,1474,1475,17868704,2527000,PASS,4963,6002,10,20,2,16
XMSSMT-SHA2_20/2_256,PUB_R2,1475,1475,1476,15465463,2520389,PASS,4963,6002,10,20,2,16
XMSSMT-SHA2_20/2_256,PUB_R2,1476,1476,1477,17842426,2522111,PASS,4963,6002,10,20,2,16
XMSSMT-SHA2_20/2_256,PUB_R2,1477,1477,1478,15431185,2551740,PASS,4963,6002,10,20,2,16
XMSSMT-SHA2_20/2_256,PUB_R2,1478,1478,1479,17972314,2393389,PASS,4963,6002,10,20,2,16
XMSSMT-SHA2_20/2_256,PUB_R2,1479,1479,1480,15436926,2515945,PASS,4963,6002,10,20,2,16
XMSSMT-SHA2_20/2_256,PUB_R2,1480,1480,1481,17883277,2453185,PASS,4963,6002,10,20,2,16
XMSSMT-SHA2_20/2_256,PUB_R2,1481,1481,1482,15457000,2520093,PASS,4963,6002,10,20,2,16
XMSSMT-SHA2_20/2_256,PUB_R2,1482,1482,1483,17812611,2578926,PASS,4963,6002,10,20,2,16
XMSSMT-SHA2_20/2_256,PUB_R2,1483,1483,1484,15470333,2521389,PASS,4963,6002,10,20,2,16
XMSSMT-SHA2_20/2_256,PUB_R2,1484,1484,1485,17819093,2554556,PASS,4963,6002,10,20,2,16
XMSSMT-SHA2_20/2_256,PUB_R2,1485,1485,1486,15325648,2651963,PASS,4963,6002,10,20,2,16
XMSSMT-SHA2_20/2_256,PUB_R2,1486,1486,1487,17818185,2552852,PASS,4963,6002,10,20,2,16
XMSSMT-SHA2_20/2_256,PUB_R2,1487,1487,1488,15284185,2764074,PASS,4963,6002,10,20,2,16
XMSSMT-SHA2_20/2_256,PUB_R2,1488,1488,1489,17792407,2590056,PASS,4963,6002,10,20,2,16
XMSSMT-SHA2_20/2_256,PUB_R2,1489,1489,1490,15438648,2550945,PASS,4963,6002,10,20,2,16
XMSSMT-SHA2_20/2_256,PUB_R2,1490,1490,1491,8198333,2653148,PASS,4963,6002,10,20,2,16
XMSSMT-SHA2_20/2_256,PUB_R2,1491,1491,1492,10663870,2555593,PASS,4963,6002,10,20,2,16
XMSSMT-SHA2_20/2_256,PUB_R2,1492,1492,1493,5953445,2486278,PASS,4963,6002,10,20,2,16
XMSSMT-SHA2_20/2_256,PUB_R2,1493,1493,1494,5660333,2779907,PASS,4963,6002,10,20,2,16
XMSSMT-SHA2_20/2_256,PUB_R2,1494,1494,1495,5963222,2491463,PASS,4963,6002,10,20,2,16
XMSSMT-SHA2_20/2_256,PUB_R2,1495,1495,1496,15448648,2520481,PASS,4963,6002,10,20,2,16
XMSSMT-SHA2_20/2_256,PUB_R2,1496,1496,1497,10692777,2519019,PASS,4963,6002,10,20,2,16
XMSSMT-SHA2_20/2_256,PUB_R2,1497,1497,1498,5795963,2645166,PASS,4963,6002,10,20,2,16
XMSSMT-SHA2_20/2_256,PUB_R2,1498,1498,1499,5885074,2549241,PASS,4963,6002,10,20,2,16
XMSSMT-SHA2_20/2_256,PUB_R2,1499,1499,1500,10720648,2490148,PASS,4963,6002,10,20,2,16
XMSSMT-SHA2_20/2_256,PUB_R2,1500,1500,1501,5741648,2681871,PASS,4963,6002,10,20,2,16
XMSSMT-SHA2_20/2_256,PUB_R2,1501,1501,1502,6025852,2419334,PASS,4963,6002,10,20,2,16
XMSSMT-SHA2_20/2_256,PUB_R2,1502,1502,1503,5744222,2681055,PASS,4963,6002,10,20,2,16
XMSSMT-SHA2_20/2_256,PUB_R2,1503,1503,1504,15339222,2661259,PASS,4963,6002,10,20,2,16
XMSSMT-SHA2_20/2_256,PUB_R2,1504,1504,1505,17866315,2504129,PASS,4963,6002,10,20,2,16
XMSSMT-SHA2_20/2_256,PUB_R2,1505,1505,1506,15301649,2676296,PASS,4963,6002,10,20,2,16
XMSSMT-SHA2_20/2_256,PUB_R2,1506,1506,1507,17889296,2486703,PASS,4963,6002,10,20,2,16
XMSSMT-SHA2_20/2_256,PUB_R2,1507,1507,1508,15522445,2457704,PASS,4963,6002,10,20,2,16
XMSSMT-SHA2_20/2_256,PUB_R2,1508,1508,1509,17802074,2553463,PASS,4963,6002,10,20,2,16
XMSSMT-SHA2_20/2_256,PUB_R2,1509,1509,1510,15577629,2433241,PASS,4963,6002,10,20,2,16
XMSSMT-SHA2_20/2_256,PUB_R2,1510,1510,1511,8312593,2518074,PASS,4963,6002,10,20,2,16
XMSSMT-SHA2_20/2_256,PUB_R2,1511,1511,1512,15460425,2519074,PASS,4963,6002,10,20,2,16
XMSSMT-SHA2_20/2_256,PUB_R2,1512,1512,1513,10784445,2428166,PASS,4963,6002,10,20,2,16
XMSSMT-SHA2_20/2_256,PUB_R2,1513,1513,1514,5783537,2653611,PASS,4963,6002,10,20,2,16
XMSSMT-SHA2_20/2_256,PUB_R2,1514,1514,1515,5855723,2581389,PASS,4963,6002,10,20,2,16
XMSSMT-SHA2_20/2_256,PUB_R2,1515,1515,1516,10628796,2585186,PASS,4963,6002,10,20,2,16
XMSSMT-SHA2_20/2_256,PUB_R2,1516,1516,1517,5971630,2458519,PASS,4963,6002,10,20,2,16
XMSSMT-SHA2_20/2_256,PUB_R2,1517,1517,1518,5854796,2582500,PASS,4963,6002,10,20,2,16
XMSSMT-SHA2_20/2_256,PUB_R2,1518,1518,1519,5835482,2582537,PASS,4963,6002,10,20,2,16
XMSSMT-SHA2_20/2_256,PUB_R2,1519,1519,1520,15589889,2392185,PASS,4963,6002,10,20,2,16
XMSSMT-SHA2_20/2_256,PUB_R2,1520,1520,1521,17721334,2648074,PASS,4963,6002,10,20,2,16
XMSSMT-SHA2_20/2_256,PUB_R2,1521,1521,1522,15402352,2598426,PASS,4963,6002,10,20,2,16
XMSSMT-SHA2_20/2_256,PUB_R2,1522,1522,1523,8165240,2646296,PASS,4963,6002,10,20,2,16
XMSSMT-SHA2_20/2_256,PUB_R2,1523,1523,1524,10536222,2680908,PASS,4963,6002,10,20,2,16
XMSSMT-SHA2_20/2_256,PUB_R2,1524,1524,1525,5842297,2596759,PASS,4963,6002,10,20,2,16
XMSSMT-SHA2_20/2_256,PUB_R2,1525,1525,1526,5857981,2583797,PASS,4963,6002,10,20,2,16
XMSSMT-SHA2_20/2_256,PUB_R2,1526,1526,1527,5851981,2585445,PASS,4963,6002,10,20,2,16
XMSSMT-SHA2_20/2_256,PUB_R2,1527,1527,1528,15400537,2589426,PASS,4963,6002,10,20,2,16
XMSSMT-SHA2_20/2_256,PUB_R2,1528,1528,1529,10718685,2490611,PASS,4963,6002,10,20,2,16
XMSSMT-SHA2_20/2_256,PUB_R2,1529,1529,1530,5803944,2647648,PASS,4963,6002,10,20,2,16
XMSSMT-SHA2_20/2_256,PUB_R2,1530,1530,1531,5837259,2589130,PASS,4963,6002,10,20,2,16
XMSSMT-SHA2_20/2_256,PUB_R2,1531,1531,1532,10563852,2646982,PASS,4963,6002,10,20,2,16
XMSSMT-SHA2_20/2_256,PUB_R2,1532,1532,1533,5853166,2585741,PASS,4963,6002,10,20,2,16
XMSSMT-SHA2_20/2_256,PUB_R2,1533,1533,1534,5851759,2586426,PASS,4963,6002,10,20,2,16
XMSSMT-SHA2_20/2_256,PUB_R2,1534,1534,1535,5856130,2588000,PASS,4963,6002,10,20,2,16
XMSSMT-SHA2_20/2_256,PUB_R2,1535,1535,1536,15287815,2748611,PASS,4963,6002,10,20,2,16
XMSSMT-SHA2_20/2_256,PUB_R2,1536,1536,1537,17783519,2589629,PASS,4963,6002,10,20,2,16
XMSSMT-SHA2_20/2_256,PUB_R2,1537,1537,1538,15375148,2651277,PASS,4963,6002,10,20,2,16
XMSSMT-SHA2_20/2_256,PUB_R2,1538,1538,1539,17774963,2582944,PASS,4963,6002,10,20,2,16
XMSSMT-SHA2_20/2_256,PUB_R2,1539,1539,1540,15494092,2502111,PASS,4963,6002,10,20,2,16
XMSSMT-SHA2_20/2_256,PUB_R2,1540,1540,1541,17891851,2459963,PASS,4963,6002,10,20,2,16
XMSSMT-SHA2_20/2_256,PUB_R2,1541,1541,1542,15466278,2519982,PASS,4963,6002,10,20,2,16
XMSSMT-SHA2_20/2_256,PUB_R2,1542,1542,1543,17675592,2713111,PASS,4963,6002,10,20,2,16
XMSSMT-SHA2_20/2_256,PUB_R2,1543,1543,1544,15473334,2523389,PASS,4963,6002,10,20,2,16
XMSSMT-SHA2_20/2_256,PUB_R2,1544,1544,1545,17857129,2487185,PASS,4963,6002,10,20,2,16
XMSSMT-SHA2_20/2_256,PUB_R2,1545,1545,1546,15594111,2389870,PASS,4963,6002,10,20,2,16
XMSSMT-SHA2_20/2_256,PUB_R2,1546,1546,1547,17796629,2552093,PASS,4963,6002,10,20,2,16
XMSSMT-SHA2_20/2_256,PUB_R2,1547,1547,1548,15473944,2488259,PASS,4963,6002,10,20,2,16
XMSSMT-SHA2_20/2_256,PUB_R2,1548,1548,1549,17835370,2481019,PASS,4963,6002,10,20,2,16
XMSSMT-SHA2_20/2_256,PUB_R2,1549,1549,1550,15518296,2456963,PASS,4963,6002,10,20,2,16
XMSSMT-SHA2_20/2_256,PUB_R2,1550,1550,1551,17799167,2548815,PASS,4963,6002,10,20,2,16
XMSSMT-SHA2_20/2_256,PUB_R2,1551,1551,1552,15417426,2550093,PASS,4963,6002,10,20,2,16
XMSSMT-SHA2_20/2_256,PUB_R2,1552,1552,1553,17926370,2458019,PASS,4963,6002,10,20,2,16
XMSSMT-SHA2_20/2_256,PUB_R2,1553,1553,1554,15479407,2490055,PASS,4963,6002,10,20,2,16
XMSSMT-SHA2_20/2_256,PUB_R2,1554,1554,1555,17931000,2424129,PASS,4963,6002,10,20,2,16
XMSSMT-SHA2_20/2_256,PUB_R2,1555,1555,1556,15511055,2489907,PASS,4963,6002,10,20,2,16
XMSSMT-SHA2_20/2_256,PUB_R2,1556,1556,1557,17798148,2585592,PASS,4963,6002,10,20,2,16
XMSSMT-SHA2_20/2_256,PUB_R2,1557,1557,1558,15493574,2524870,PASS,4963,6002,10,20,2,16
XMSSMT-SHA2_20/2_256,PUB_R2,1558,1558,1559,17795129,2586963,PASS,4963,6002,10,20,2,16
XMSSMT-SHA2_20/2_256,PUB_R2,1559,1559,1560,15452648,2557982,PASS,4963,6002,10,20,2,16
XMSSMT-SHA2_20/2_256,PUB_R2,1560,1560,1561,17787240,2598019,PASS,4963,6002,10,20,2,16
XMSSMT-SHA2_20/2_256,PUB_R2,1561,1561,1562,15485704,2522667,PASS,4963,6002,10,20,2,16
XMSSMT-SHA2_20/2_256,PUB_R2,1562,1562,1563,17818444,2550055,PASS,4963,6002,10,20,2,16
XMSSMT-SHA2_20/2_256,PUB_R2,1563,1563,1564,15483889,2524444,PASS,4963,6002,10,20,2,16
XMSSMT-SHA2_20/2_256,PUB_R2,1564,1564,1565,17817537,2554389,PASS,4963,6002,10,20,2,16
XMSSMT-SHA2_20/2_256,PUB_R2,1565,1565,1566,15552537,2457537,PASS,4963,6002,10,20,2,16
XMSSMT-SHA2_20/2_256,PUB_R2,1566,1566,1567,17992500,2444185,PASS,4963,6002,10,20,2,16
XMSSMT-SHA2_20/2_256,PUB_R2,1567,1567,1568,15414870,2594593,PASS,4963,6002,10,20,2,16
XMSSMT-SHA2_20/2_256,PUB_R2,1568,1568,1569,17658648,2715296,PASS,4963,6002,10,20,2,16
XMSSMT-SHA2_20/2_256,PUB_R2,1569,1569,1570,15401963,2584037,PASS,4963,6002,10,20,2,16
XMSSMT-SHA2_20/2_256,PUB_R2,1570,1570,1571,17938852,2459519,PASS,4963,6002,10,20,2,16
XMSSMT-SHA2_20/2_256,PUB_R2,1571,1571,1572,15318889,2677352,PASS,4963,6002,10,20,2,16
XMSSMT-SHA2_20/2_256,PUB_R2,1572,1572,1573,17603630,2774685,PASS,4963,6002,10,20,2,16
XMSSMT-SHA2_20/2_256,PUB_R2,1573,1573,1574,15302278,2729463,PASS,4963,6002,10,20,2,16
XMSSMT-SHA2_20/2_256,PUB_R2,1574,1574,1575,17902074,2495741,PASS,4963,6002,10,20,2,16
XMSSMT-SHA2_20/2_256,PUB_R2,1575,1575,1576,15361277,2646944,PASS,4963,6002,10,20,2,16
XMSSMT-SHA2_20/2_256,PUB_R2,1576,1576,1577,17638333,2748203,PASS,4963,6002,10,20,2,16
XMSSMT-SHA2_20/2_256,PUB_R2,1577,1577,1578,15416759,2585759,PASS,4963,6002,10,20,2,16
XMSSMT-SHA2_20/2_256,PUB_R2,1578,1578,1579,17880111,2525297,PASS,4963,6002,10,20,2,16
XMSSMT-SHA2_20/2_256,PUB_R2,1579,1579,1580,15544592,2473352,PASS,4963,6002,10,20,2,16
XMSSMT-SHA2_20/2_256,PUB_R2,1580,1580,1581,17733908,2651075,PASS,4963,6002,10,20,2,16
XMSSMT-SHA2_20/2_256,PUB_R2,1581,1581,1582,15473741,2516296,PASS,4963,6002,10,20,2,16
XMSSMT-SHA2_20/2_256,PUB_R2,1582,1582,1583,17649166,2745537,PASS,4963,6002,10,20,2,16
XMSSMT-SHA2_20/2_256,PUB_R2,1583,1583,1584,15426129,2553370,PASS,4963,6002,10,20,2,16
XMSSMT-SHA2_20/2_256,PUB_R2,1584,1584,1585,17848649,2524926,PASS,4963,6002,10,20,2,16
XMSSMT-SHA2_20/2_256,PUB_R2,1585,1585,1586,15528426,2460852,PASS,4963,6002,10,20,2,16
XMSSMT-SHA2_20/2_256,PUB_R2,1586,1586,1587,17940815,2461778,PASS,4963,6002,10,20,2,16
XMSSMT-SHA2_20/2_256,PUB_R2,1587,1587,1588,15451963,2566129,PASS,4963,6002,10,20,2,16
XMSSMT-SHA2_20/2_256,PUB_R2,1588,1588,1589,17791445,2582481,PASS,4963,6002,10,20,2,16
XMSSMT-SHA2_20/2_256,PUB_R2,1589,1589,1590,15516092,2492222,PASS,4963,6002,10,20,2,16
XMSSMT-SHA2_20/2_256,PUB_R2,1590,1590,1591,17856241,2552815,PASS,4963,6002,10,20,2,16
XMSSMT-SHA2_20/2_256,PUB_R2,1591,1591,1592,15516518,2489074,PASS,4963,6002,10,20,2,16
XMSSMT-SHA2_20/2_256,PUB_R2,1592,1592,1593,17824333,2554445,PASS,4963,6002,10,20,2,16
XMSSMT-SHA2_20/2_256,PUB_R2,1593,1593,1594,15474592,2530741,PASS,4963,6002,10,20,2,16
XMSSMT-SHA2_20/2_256,PUB_R2,1594,1594,1595,17799703,2586889,PASS,4963,6002,10,20,2,16
XMSSMT-SHA2_20/2_256,PUB_R2,1595,1595,1596,15338445,2649537,PASS,4963,6002,10,20,2,16
XMSSMT-SHA2_20/2_256,PUB_R2,1596,1596,1597,17687241,2679852,PASS,4963,6002,10,20,2,16
XMSSMT-SHA2_20/2_256,PUB_R2,1597,1597,1598,15569426,2427167,PASS,4963,6002,10,20,2,16
XMSSMT-SHA2_20/2_256,PUB_R2,1598,1598,1599,17815463,2553352,PASS,4963,6002,10,20,2,16
XMSSMT-SHA2_20/2_256,PUB_R2,1599,1599,1600,15487278,2487852,PASS,4963,6002,10,20,2,16
XMSSMT-SHA2_20/2_256,PUB_R2,1600,1600,1601,17853204,2488018,PASS,4963,6002,10,20,2,16
XMSSMT-SHA2_20/2_256,PUB_R2,1601,1601,1602,15413889,2547500,PASS,4963,6002,10,20,2,16
XMSSMT-SHA2_20/2_256,PUB_R2,1602,1602,1603,18033833,2328815,PASS,4963,6002,10,20,2,16
XMSSMT-SHA2_20/2_256,PUB_R2,1603,1603,1604,15414278,2551796,PASS,4963,6002,10,20,2,16
XMSSMT-SHA2_20/2_256,PUB_R2,1604,1604,1605,17714796,2648463,PASS,4963,6002,10,20,2,16
XMSSMT-SHA2_20/2_256,PUB_R2,1605,1605,1606,15321278,2681426,PASS,4963,6002,10,20,2,16
XMSSMT-SHA2_20/2_256,PUB_R2,1606,1606,1607,17860778,2524796,PASS,4963,6002,10,20,2,16
XMSSMT-SHA2_20/2_256,PUB_R2,1607,1607,1608,15257222,2753500,PASS,4963,6002,10,20,2,16
XMSSMT-SHA2_20/2_256,PUB_R2,1608,1608,1609,17935833,2456019,PASS,4963,6002,10,20,2,16
XMSSMT-SHA2_20/2_256,PUB_R2,1609,1609,1610,15552944,2458648,PASS,4963,6002,10,20,2,16
XMSSMT-SHA2_20/2_256,PUB_R2,1610,1610,1611,17872481,2523815,PASS,4963,6002,10,20,2,16
XMSSMT-SHA2_20/2_256,PUB_R2,1611,1611,1612,15443167,2554759,PASS,4963,6002,10,20,2,16
XMSSMT-SHA2_20/2_256,PUB_R2,1612,1612,1613,17984611,2435333,PASS,4963,6002,10,20,2,16
XMSSMT-SHA2_20/2_256,PUB_R2,1613,1613,1614,15617908,2441593,PASS,4963,6002,10,20,2,16
XMSSMT-SHA2_20/2_256,PUB_R2,1614,1614,1615,17640741,2747019,PASS,4963,6002,10,20,2,16
XMSSMT-SHA2_20/2_256,PUB_R2,1615,1615,1616,15476482,2519741,PASS,4963,6002,10,20,2,16
XMSSMT-SHA2_20/2_256,PUB_R2,1616,1616,1617,17889852,2491055,PASS,4963,6002,10,20,2,16
XMSSMT-SHA2_20/2_256,PUB_R2,1617,1617,1618,15410203,2587592,PASS,4963,6002,10,20,2,16
XMSSMT-SHA2_20/2_256,PUB_R2,1618,1618,1619,17868278,2523260,PASS,4963,6002,10,20,2,16
XMSSMT-SHA2_20/2_256,PUB_R2,1619,1619,1620,15548944,2462777,PASS,4963,6002,10,20,2,16
XMSSMT-SHA2_20/2_256,PUB_R2,1620,1620,1621,17921796,2462074,PASS,4963,6002,10,20,2,16
XMSSMT-SHA2_20/2_256,PUB_R2,1621,1621,1622,15557759,2423204,PASS,4963,6002,10,20,2,16
XMSSMT-SHA2_20/2_256,PUB_R2,1622,1622,1623,17919222,2456703,PASS,4963,6002,10,20,2,16
XMSSMT-SHA2_20/2_256,PUB_R2,1623,1623,1624,15269648,2713222,PASS,4963,6002,10,20,2,16
XMSSMT-SHA2_20/2_256,PUB_R2,1624,1624,1625,17953019,2434407,PASS,4963,6002,10,20,2,16
XMSSMT-SHA2_20/2_256,PUB_R2,1625,1625,1626,15427185,2552555,PASS,4963,6002,10,20,2,16
XMSSMT-SHA2_20/2_256,PUB_R2,1626,1626,1627,17937759,2457722,PASS,4963,6002,10,20,2,16
XMSSMT-SHA2_20/2_256,PUB_R2,1627,1627,1628,15460241,2537092,PASS,4963,6002,10,20,2,16
XMSSMT-SHA2_20/2_256,PUB_R2,1628,1628,1629,17709981,2682444,PASS,4963,6002,10,20,2,16
XMSSMT-SHA2_20/2_256,PUB_R2,1629,1629,1630,15447018,2556741,PASS,4963,6002,10,20,2,16
XMSSMT-SHA2_20/2_256,PUB_R2,1630,1630,1631,17834481,2559222,PASS,4963,6002,10,20,2,16
XMSSMT-SHA2_20/2_256,PUB_R2,1631,1631,1632,15570704,2430037,PASS,4963,6002,10,20,2,16
XMSSMT-SHA2_20/2_256,PUB_R2,1632,1632,1633,17842889,2554741,PASS,4963,6002,10,20,2,16
XMSSMT-SHA2_20/2_256,PUB_R2,1633,1633,1634,15474945,2522944,PASS,4963,6002,10,20,2,16
XMSSMT-SHA2_20/2_256,PUB_R2,1634,1634,1635,17795334,2590722,PASS,4963,6002,10,20,2,16
XMSSMT-SHA2_20/2_256,PUB_R2,1635,1635,1636,15485445,2485796,PASS,4963,6002,10,20,2,16
XMSSMT-SHA2_20/2_256,PUB_R2,1636,1636,1637,17818592,2554037,PASS,4963,6002,10,20,2,16
XMSSMT-SHA2_20/2_256,PUB_R2,1637,1637,1638,15348445,2652537,PASS,4963,6002,10,20,2,16
XMSSMT-SHA2_20/2_256,PUB_R2,1638,1638,1639,17786370,2649555,PASS,4963,6002,10,20,2,16
XMSSMT-SHA2_20/2_256,PUB_R2,1639,1639,1640,15304759,2683407,PASS,4963,6002,10,20,2,16
XMSSMT-SHA2_20/2_256,PUB_R2,1640,1640,1641,17709963,2681426,PASS,4963,6002,10,20,2,16
XMSSMT-SHA2_20/2_256,PUB_R2,1641,1641,1642,15467389,2516648,PASS,4963,6002,10,20,2,16
XMSSMT-SHA2_20/2_256,PUB_R2,1642,1642,1643,17799778,2585055,PASS,4963,6002,10,20,2,16
XMSSMT-SHA2_20/2_256,PUB_R2,1643,1643,1644,10715759,2527389,PASS,4963,6002,10,20,2,16
XMSSMT-SHA2_20/2_256,PUB_R2,1644,1644,1645,5887426,2605815,PASS,4963,6002,10,20,2,16
XMSSMT-SHA2_20/2_256,PUB_R2,1645,1645,1646,5943611,2487796,PASS,4963,6002,10,20,2,16
XMSSMT-SHA2_20/2_256,PUB_R2,1646,1646,1647,5966945,2470815,PASS,4963,6002,10,20,2,16
XMSSMT-SHA2_20/2_256,PUB_R2,1647,1647,1648,15446777,2563130,PASS,4963,6002,10,20,2,16
XMSSMT-SHA2_20/2_256,PUB_R2,1648,1648,1649,17844944,2524278,PASS,4963,6002,10,20,2,16
XMSSMT-SHA2_20/2_256,PUB_R2,1649,1649,1650,15538370,2452630,PASS,4963,6002,10,20,2,16
XMSSMT-SHA2_20/2_256,PUB_R2,1650,1650,1651,8236260,2595870,PASS,4963,6002,10,20,2,16
XMSSMT-SHA2_20/2_256,PUB_R2,1651,1651,1652,10745093,2452870,PASS,4963,6002,10,20,2,16
XMSSMT-SHA2_20/2_256,PUB_R2,1652,1652,1653,5768407,2677759,PASS,4963,6002,10,20,2,16
XMSSMT-SHA2_20/2_256,PUB_R2,1653,1653,1654,5877852,2547648,PASS,4963,6002,10,20,2,16
XMSSMT-SHA2_20/2_256,PUB_R2,1654,1654,1655,5874703,2554945,PASS,4963,6002,10,20,2,16
XMSSMT-SHA2_20/2_256,PUB_R2,1655,1655,1656,15379166,2581852,PASS,4963,6002,10,20,2,16
XMSSMT-SHA2_20/2_256,PUB_R2,1656,1656,1657,10736611,2453278,PASS,4963,6002,10,20,2,16
XMSSMT-SHA2_20/2_256,PUB_R2,1657,1657,1658,6007537,2421352,PASS,4963,6002,10,20,2,16
XMSSMT-SHA2_20/2_256,PUB_R2,1658,1658,1659,5939723,2489334,PASS,4963,6002,10,20,2,16
XMSSMT-SHA2_20/2_256,PUB_R2,1659,1659,1660,10679667,2522111,PASS,4963,6002,10,20,2,16
XMSSMT-SHA2_20/2_256,PUB_R2,1660,1660,1661,5930445,2487611,PASS,4963,6002,10,20,2,16
XMSSMT-SHA2_20/2_256,PUB_R2,1661,1661,1662,5746093,2683852,PASS,4963,6002,10,20,2,16
XMSSMT-SHA2_20/2_256,PUB_R2,1662,1662,1663,5774759,2647648,PASS,4963,6002,10,20,2,16
XMSSMT-SHA2_20/2_256,PUB_R2,1663,1663,1664,15520630,2455796,PASS,4963,6002,10,20,2,16
XMSSMT-SHA2_20/2_256,PUB_R2,1664,1664,1665,17682908,2646592,PASS,4963,6002,10,20,2,16
XMSSMT-SHA2_20/2_256,PUB_R2,1665,1665,1666,15482408,2488185,PASS,4963,6002,10,20,2,16
XMSSMT-SHA2_20/2_256,PUB_R2,1666,1666,1667,17823574,2548778,PASS,4963,6002,10,20,2,16
XMSSMT-SHA2_20/2_256,PUB_R2,1667,1667,1668,15531111,2463612,PASS,4963,6002,10,20,2,16
XMSSMT-SHA2_20/2_256,PUB_R2,1668,1668,1669,17783797,2589500,PASS,4963,6002,10,20,2,16
XMSSMT-SHA2_20/2_256,PUB_R2,1669,1669,1670,15435481,2551500,PASS,4963,6002,10,20,2,16
XMSSMT-SHA2_20/2_256,PUB_R2,1670,1670,1671,17693426,2678760,PASS,4963,6002,10,20,2,16
XMSSMT-SHA2_20/2_256,PUB_R2,1671,1671,1672,15512000,2508740,PASS,4963,6002,10,20,2,16
XMSSMT-SHA2_20/2_256,PUB_R2,1672,1672,1673,17856500,2532389,PASS,4963,6002,10,20,2,16
XMSSMT-SHA2_20/2_256,PUB_R2,1673,1673,1674,15543092,2506500,PASS,4963,6002,10,20,2,16
XMSSMT-SHA2_20/2_256,PUB_R2,1674,1674,1675,17868241,2526000,PASS,4963,6002,10,20,2,16
XMSSMT-SHA2_20/2_256,PUB_R2,1675,1675,1676,15472925,2520759,PASS,4963,6002,10,20,2,16
XMSSMT-SHA2_20/2_256,PUB_R2,1676,1676,1677,17839351,2551648,PASS,4963,6002,10,20,2,16
XMSSMT-SHA2_20/2_256,PUB_R2,1677,1677,1678,15506870,2489833,PASS,4963,6002,10,20,2,16
XMSSMT-SHA2_20/2_256,PUB_R2,1678,1678,1679,17842815,2560797,PASS,4963,6002,10,20,2,16
XMSSMT-SHA2_20/2_256,PUB_R2,1679,1679,1680,15507481,2523648,PASS,4963,6002,10,20,2,16
XMSSMT-SHA2_20/2_256,PUB_R2,1680,1680,1681,17679056,2717852,PASS,4963,6002,10,20,2,16
XMSSMT-SHA2_20/2_256,PUB_R2,1681,1681,1682,15472186,2523518,PASS,4963,6002,10,20,2,16
XMSSMT-SHA2_20/2_256,PUB_R2,1682,1682,1683,17936167,2459129,PASS,4963,6002,10,20,2,16
XMSSMT-SHA2_20/2_256,PUB_R2,1683,1683,1684,15471130,2522426,PASS,4963,6002,10,20,2,16
XMSSMT-SHA2_20/2_256,PUB_R2,1684,1684,1685,17738629,2658538,PASS,4963,6002,10,20,2,16
XMSSMT-SHA2_20/2_256,PUB_R2,1685,1685,1686,15406926,2587092,PASS,4963,6002,10,20,2,16
XMSSMT-SHA2_20/2_256,PUB_R2,1686,1686,1687,18004815,2426667,PASS,4963,6002,10,20,2,16
XMSSMT-SHA2_20/2_256,PUB_R2,1687,1687,1688,15422556,2586574,PASS,4963,6002,10,20,2,16
XMSSMT-SHA2_20/2_256,PUB_R2,1688,1688,1689,17824352,2555592,PASS,4963,6002,10,20,2,16
XMSSMT-SHA2_20/2_256,PUB_R2,1689,1689,1690,15470982,2519334,PASS,4963,6002,10,20,2,16
XMSSMT-SHA2_20/2_256,PUB_R2,1690,1690,1691,17862352,2521741,PASS,4963,6002,10,20,2,16
XMSSMT-SHA2_20/2_256,PUB_R2,1691,1691,1692,15336593,2652538,PASS,4963,6002,10,20,2,16
XMSSMT-SHA2_20/2_256,PUB_R2,1692,1692,1693,17684334,2738186,PASS,4963,6002,10,20,2,16
XMSSMT-SHA2_20/2_256,PUB_R2,1693,1693,1694,15400223,2587500,PASS,4963,6002,10,20,2,16
XMSSMT-SHA2_20/2_256,PUB_R2,1694,1694,1695,17894685,2492741,PASS,4963,6002,10,20,2,16
XMSSMT-SHA2_20/2_256,PUB_R2,1695,1695,1696,15609963,2392260,PASS,4963,6002,10,20,2,16
XMSSMT-SHA2_20/2_256,PUB_R2,1696,1696,1697,17868963,2522148,PASS,4963,6002,10,20,2,16
XMSSMT-SHA2_20/2_256,PUB_R2,1697,1697,1698,15599334,2395871,PASS,4963,6002,10,20,2,16
XMSSMT-SHA2_20/2_256,PUB_R2,1698,1698,1699,17738723,2662926,PASS,4963,6002,10,20,2,16
XMSSMT-SHA2_20/2_256,PUB_R2,1699,1699,1700,15518388,2491315,PASS,4963,6002,10,20,2,16
XMSSMT-SHA2_20/2_256,PUB_R2,1700,1700,1701,17967204,2427389,PASS,4963,6002,10,20,2,16
XMSSMT-SHA2_20/2_256,PUB_R2,1701,1701,1702,15330704,2651888,PASS,4963,6002,10,20,2,16
XMSSMT-SHA2_20/2_256,PUB_R2,1702,1702,1703,17743685,2650852,PASS,4963,6002,10,20,2,16
XMSSMT-SHA2_20/2_256,PUB_R2,1703,1703,1704,15480463,2523518,PASS,4963,6002,10,20,2,16
XMSSMT-SHA2_20/2_256,PUB_R2,1704,1704,1705,17725888,2662407,PASS,4963,6002,10,20,2,16
XMSSMT-SHA2_20/2_256,PUB_R2,1705,1705,1706,15490018,2553852,PASS,4963,6002,10,20,2,16
XMSSMT-SHA2_20/2_256,PUB_R2,1706,1706,1707,18012037,2395426,PASS,4963,6002,10,20,2,16
XMSSMT-SHA2_20/2_256,PUB_R2,1707,1707,1708,10618630,2595686,PASS,4963,6002,10,20,2,16
XMSSMT-SHA2_20/2_256,PUB_R2,1708,1708,1709,5915611,2520037,PASS,4963,6002,10,20,2,16
XMSSMT-SHA2_20/2_256,PUB_R2,1709,1709,1710,5782204,2666074,PASS,4963,6002,10,20,2,16
XMSSMT-SHA2_20/2_256,PUB_R2,1710,1710,1711,5944370,2492074,PASS,4963,6002,10,20,2,16
XMSSMT-SHA2_20/2_256,PUB_R2,1711,1711,1712,15559667,2423797,PASS,4963,6002,10,20,2,16
XMSSMT-SHA2_20/2_256,PUB_R2,1712,1712,1713,17831315,2524611,PASS,4963,6002,10,20,2,16
XMSSMT-SHA2_20/2_256,PUB_R2,1713,1713,1714,15378908,2584648,PASS,4963,6002,10,20,2,16
XMSSMT-SHA2_20/2_256,PUB_R2,1714,1714,1715,8259908,2551963,PASS,4963,6002,10,20,2,16
XMSSMT-SHA2_20/2_256,PUB_R2,1715,1715,1716,10675389,2517148,PASS,4963,6002,10,20,2,16
XMSSMT-SHA2_20/2_256,PUB_R2,1716,1716,1717,5838315,2581167,PASS,4963,6002,10,20,2,16
XMSSMT-SHA2_20/2_256,PUB_R2,1717,1717,1718,5847241,2581315,PASS,4963,6002,10,20,2,16
XMSSMT-SHA2_20/2_256,PUB_R2,1718,1718,1719,5899648,2518093,PASS,4963,6002,10,20,2,16
XMSSMT-SHA2_20/2_256,PUB_R2,1719,1719,1720,15405889,2550851,PASS,4963,6002,10,20,2,16
XMSSMT-SHA2_20/2_256,PUB_R2,1720,1720,1721,10739204,2455685,PASS,4963,6002,10,20,2,16
XMSSMT-SHA2_20/2_256,PUB_R2,1721,1721,1722,5753074,2676555,PASS,4963,6002,10,20,2,16
XMSSMT-SHA2_20/2_256,PUB_R2,1722,1722,1723,5966481,2454278,PASS,4963,6002,10,20,2,16
XMSSMT-SHA2_20/2_256,PUB_R2,1723,1723,1724,10544519,2646111,PASS,4963,6002,10,20,2,16
XMSSMT-SHA2_20/2_256,PUB_R2,1724,1724,1725,5898833,2520963,PASS,4963,6002,10,20,2,16
XMSSMT-SHA2_20/2_256,PUB_R2,1725,1725,1726,5935722,2487482,PASS,4963,6002,10,20,2,16
XMSSMT-SHA2_20/2_256,PUB_R2,1726,1726,1727,5705370,2712685,PASS,4963,6002,10,20,2,16
XMSSMT-SHA2_20/2_256,PUB_R2,1727,1727,1728,15479389,2490926,PASS,4963,6002,10,20,2,16
XMSSMT-SHA2_20/2_256,PUB_R2,1728,1728,1729,17857852,2559555,PASS,4963,6002,10,20,2,16
XMSSMT-SHA2_20/2_256,PUB_R2,1729,1729,1730,15473463,2519759,PASS,4963,6002,10,20,2,16
XMSSMT-SHA2_20/2_256,PUB_R2,1730,1730,1731,17859759,2520166,PASS,4963,6002,10,20,2,16
XMSSMT-SHA2_20/2_256,PUB_R2,1731,1731,1732,15497926,2489963,PASS,4963,6002,10,20,2,16
XMSSMT-SHA2_20/2_256,PUB_R2,1732,1732,1733,18006426,2380870,PASS,4963,6002,10,20,2,16
XMSSMT-SHA2_20/2_256,PUB_R2,1733,1733,1734,15588037,2462518,PASS,4963,6002,10,20,2,16
XMSSMT-SHA2_20/2_256,PUB_R2,1734,1734,1735,17875315,2555277,PASS,4963,6002,10,20,2,16
XMSSMT-SHA2_20/2_256,PUB_R2,1735,1735,1736,15486352,2525056,PASS,4963,6002,10,20,2,16
XMSSMT-SHA2_20/2_256,PUB_R2,1736,1736,1737,17862666,2525907,PASS,4963,6002,10,20,2,16
XMSSMT-SHA2_20/2_256,PUB_R2,1737,1737,1738,15483481,2522982,PASS,4963,6002,10,20,2,16
XMSSMT-SHA2_20/2_256,PUB_R2,1738,1738,1739,17899259,2494204,PASS,4963,6002,10,20,2,16
XMSSMT-SHA2_20/2_256,PUB_R2,1739,1739,1740,15513389,2526092,PASS,4963,6002,10,20,2,16
XMSSMT-SHA2_20/2_256,PUB_R2,1740,1740,1741,17989519,2427056,PASS,4963,6002,10,20,2,16
XMSSMT-SHA2_20/2_256,PUB_R2,1741,1741,1742,15592463,2428851,PASS,4963,6002,10,20,2,16
XMSSMT-SHA2_20/2_256,PUB_R2,1742,1742,1743,17875777,2523278,PASS,4963,6002,10,20,2,16
XMSSMT-SHA2_20/2_256,PUB_R2,1743,1743,1744,15561629,2457666,PASS,4963,6002,10,20,2,16
XMSSMT-SHA2_20/2_256,PUB_R2,1744,1744,1745,17912537,2501037,PASS,4963,6002,10,20,2,16
XMSSMT-SHA2_20/2_256,PUB_R2,1745,1745,1746,15292463,2725148,PASS,4963,6002,10,20,2,16
XMSSMT-SHA2_20/2_256,PUB_R2,1746,1746,1747,8322630,2522130,PASS,4963,6002,10,20,2,16
XMSSMT-SHA2_20/2_256,PUB_R2,1747,1747,1748,10640962,2588759,PASS,4963,6002,10,20,2,16
XMSSMT-SHA2_20/2_256,PUB_R2,1748,1748,1749,5755759,2686908,PASS,4963,6002,10,20,2,16
XMSSMT-SHA2_20/2_256,PUB_R2,1749,1749,1750,6000038,2457407,PASS,4963,6002,10,20,2,16
XMSSMT-SHA2_20/2_256,PUB_R2,1750,1750,1751,6040352,2397500,PASS,4963,6002,10,20,2,16
XMSSMT-SHA2_20/2_256,PUB_R2,1751,1751,1752,15592871,2439037,PASS,4963,6002,10,20,2,16
XMSSMT-SHA2_20/2_256,PUB_R2,1752,1752,1753,10674259,2552352,PASS,4963,6002,10,20,2,16
XMSSMT-SHA2_20/2_256,PUB_R2,1753,1753,1754,5930000,2519574,PASS,4963,6002,10,20,2,16
XMSSMT-SHA2_20/2_256,PUB_R2,1754,1754,1755,5976778,2459222,PASS,4963,6002,10,20,2,16
XMSSMT-SHA2_20/2_256,PUB_R2,1755,1755,1756,10684093,2557722,PASS,4963,6002,10,20,2,16
XMSSMT-SHA2_20/2_256,PUB_R2,1756,1756,1757,6016314,2441351,PASS,4963,6002,10,20,2,16
XMSSMT-SHA2_20/2_256,PUB_R2,1757,1757,1758,5993722,2459296,PASS,4963,6002,10,20,2,16
XMSSMT-SHA2_20/2_256,PUB_R2,1758,1758,1759,5912574,2536759,PASS,4963,6002,10,20,2,16
XMSSMT-SHA2_20/2_256,PUB_R2,1759,1759,1760,15432556,2589333,PASS,4963,6002,10,20,2,16
XMSSMT-SHA2_20/2_256,PUB_R2,1760,1760,1761,17884537,2494926,PASS,4963,6002,10,20,2,16
XMSSMT-SHA2_20/2_256,PUB_R2,1761,1761,1762,15328426,2682055,PASS,4963,6002,10,20,2,16
XMSSMT-SHA2_20/2_256,PUB_R2,1762,1762,1763,17870556,2521926,PASS,4963,6002,10,20,2,16
XMSSMT-SHA2_20/2_256,PUB_R2,1763,1763,1764,15478482,2519796,PASS,4963,6002,10,20,2,16
XMSSMT-SHA2_20/2_256,PUB_R2,1764,1764,1765,17800741,2600611,PASS,4963,6002,10,20,2,16
XMSSMT-SHA2_20/2_256,PUB_R2,1765,1765,1766,15539593,2519611,PASS,4963,6002,10,20,2,16
XMSSMT-SHA2_20/2_256,PUB_R2,1766,1766,1767,8373629,2453852,PASS,4963,6002,10,20,2,16
XMSSMT-SHA2_20/2_256,PUB_R2,1767,1767,1768,15489611,2496037,PASS,4963,6002,10,20,2,16
XMSSMT-SHA2_20/2_256,PUB_R2,1768,1768,1769,10766981,2459685,PASS,4963,6002,10,20,2,16
XMSSMT-SHA2_20/2_256,PUB_R2,1769,1769,1770,5954315,2504741,PASS,4963,6002,10,20,2,16
XMSSMT-SHA2_20/2_256,PUB_R2,1770,1770,1771,5847778,2581407,PASS,4963,6002,10,20,2,16
XMSSMT-SHA2_20/2_256,PUB_R2,1771,1771,1772,10531740,2681556,PASS,4963,6002,10,20,2,16
XMSSMT-SHA2_20/2_256,PUB_R2,1772,1772,1773,5846852,2600037,PASS,4963,6002,10,20,2,16
XMSSMT-SHA2_20/2_256,PUB_R2,1773,1773,1774,5953130,2489630,PASS,4963,6002,10,20,2,16
XMSSMT-SHA2_20/2_256,PUB_R2,1774,1774,1775,5710482,2730926,PASS,4963,6002,10,20,2,16
XMSSMT-SHA2_20/2_256,PUB_R2,1775,1775,1776,15546555,2456500,PASS,4963,6002,10,20,2,16
XMSSMT-SHA2_20/2_256,PUB_R2,1776,1776,1777,17772277,2644722,PASS,4963,6002,10,20,2,16
XMSSMT-SHA2_20/2_256,PUB_R2,1777,1777,1778,15542333,2459963,PASS,4963,6002,10,20,2,16
XMSSMT-SHA2_20/2_256,PUB_R2,1778,1778,1779,8265371,2566797,PASS,4963,6002,10,20,2,16
XMSSMT-SHA2_20/2_256,PUB_R2,1779,1779,1780,10728259,2489518,PASS,4963,6002,10,20,2,16
XMSSMT-SHA2_20/2_256,PUB_R2,1780,1780,1781,5918407,2521982,PASS,4963,6002,10,20,2,16
XMSSMT-SHA2_20/2_256,PUB_R2,1781,1781,1782,5887055,2548722,PASS,4963,6002,10,20,2,16
XMSSMT-SHA2_20/2_256,PUB_R2,1782,1782,1783,5996611,2420796,PASS,4963,6002,10,20,2,16
XMSSMT-SHA2_20/2_256,PUB_R2,1783,1783,1784,15428018,2554834,PASS,4963,6002,10,20,2,16
XMSSMT-SHA2_20/2_256,PUB_R2,1784,1784,1785,10602426,2585278,PASS,4963,6002,10,20,2,16
XMSSMT-SHA2_20/2_256,PUB_R2,1785,1785,1786,5849630,2582333,PASS,4963,6002,10,20,2,16
XMSSMT-SHA2_20/2_256,PUB_R2,1786,1786,1787,5876537,2549130,PASS,4963,6002,10,20,2,16
XMSSMT-SHA2_20/2_256,PUB_R2,1787,1787,1788,10557166,2652575,PASS,4963,6002,10,20,2,16
XMSSMT-SHA2_20/2_256,PUB_R2,1788,1788,1789,5897352,2518889,PASS,4963,6002,10,20,2,16
XMSSMT-SHA2_20/2_256,PUB_R2,1789,1789,1790,5906629,2524149,PASS,4963,6002,10,20,2,16
XMSSMT-SHA2_20/2_256,PUB_R2,1790,1790,1791,5897426,2518870,PASS,4963,6002,10,20,2,16
XMSSMT-SHA2_20/2_256,PUB_R2,1791,1791,1792,15570945,2421555,PASS,4963,6002,10,20,2,16
XMSSMT-SHA2_20/2_256,PUB_R2,1792,1792,1793,17827944,2519796,PASS,4963,6002,10,20,2,16
XMSSMT-SHA2_20/2_256,PUB_R2,1793,1793,1794,15479240,2489019,PASS,4963,6002,10,20,2,16
XMSSMT-SHA2_20/2_256,PUB_R2,1794,1794,1795,17841278,2520963,PASS,4963,6002,10,20,2,16
XMSSMT-SHA2_20/2_256,PUB_R2,1795,1795,1796,15520129,2459352,PASS,4963,6002,10,20,2,16
XMSSMT-SHA2_20/2_256,PUB_R2,1796,1796,1797,17984037,2396926,PASS,4963,6002,10,20,2,16
XMSSMT-SHA2_20/2_256,PUB_R2,1797,1797,1798,15470908,2550740,PASS,4963,6002,10,20,2,16
XMSSMT-SHA2_20/2_256,PUB_R2,1798,1798,1799,17831149,2551129,PASS,4963,6002,10,20,2,16
XMSSMT-SHA2_20/2_256,PUB_R2,1799,1799,1800,15421945,2590630,PASS,4963,6002,10,20,2,16
XMSSMT-SHA2_20/2_256,PUB_R2,1800,1800,1801,17867111,2532074,PASS,4963,6002,10,20,2,16
XMSSMT-SHA2_20/2_256,PUB_R2,1801,1801,1802,15477352,2524056,PASS,4963,6002,10,20,2,16
XMSSMT-SHA2_20/2_256,PUB_R2,1802,1802,1803,17918630,2488537,PASS,4963,6002,10,20,2,16
XMSSMT-SHA2_20/2_256,PUB_R2,1803,1803,1804,15491204,2526741,PASS,4963,6002,10,20,2,16
XMSSMT-SHA2_20/2_256,PUB_R2,1804,1804,1805,17781685,2586815,PASS,4963,6002,10,20,2,16
XMSSMT-SHA2_20/2_256,PUB_R2,1805,1805,1806,15423297,2587296,PASS,4963,6002,10,20,2,16
XMSSMT-SHA2_20/2_256,PUB_R2,1806,1806,1807,17824185,2564796,PASS,4963,6002,10,20,2,16
XMSSMT-SHA2_20/2_256,PUB_R2,1807,1807,1808,15492926,2523333,PASS,4963,6002,10,20,2,16
XMSSMT-SHA2_20/2_256,PUB_R2,1808,1808,1809,17969963,2426852,PASS,4963,6002,10,20,2,16
XMSSMT-SHA2_20/2_256,PUB_R2,1809,1809,1810,15405278,2587963,PASS,4963,6002,10,20,2,16
XMSSMT-SHA2_20/2_256,PUB_R2,1810,1810,1811,18010926,2364111,PASS,4963,6002,10,20,2,16
XMSSMT-SHA2_20/2_256,PUB_R2,1811,1811,1812,15405371,2584741,PASS,4963,6002,10,20,2,16
XMSSMT-SHA2_20/2_256,PUB_R2,1812,1812,1813,17882834,2495870,PASS,4963,6002,10,20,2,16
XMSSMT-SHA2_20/2_256,PUB_R2,1813,1813,1814,15467259,2532796,PASS,4963,6002,10,20,2,16
XMSSMT-SHA2_20/2_256,PUB_R2,1814,1814,1815,17897389,2488797,PASS,4963,6002,10,20,2,16
XMSSMT-SHA2_20/2_256,PUB_R2,1815,1815,1816,15351130,2650666,PASS,4963,6002,10,20,2,16
XMSSMT-SHA2_20/2_256,PUB_R2,1816,1816,1817,17862851,2489815,PASS,4963,6002,10,20,2,16
XMSSMT-SHA2_20/2_256,PUB_R2,1817,1817,1818,15487444,2522130,PASS,4963,6002,10,20,2,16
XMSSMT-SHA2_20/2_256,PUB_R2,1818,1818,1819,17814926,2550815,PASS,4963,6002,10,20,2,16
XMSSMT-SHA2_20/2_256,PUB_R2,1819,1819,1820,15495167,2531629,PASS,4963,6002,10,20,2,16
XMSSMT-SHA2_20/2_256,PUB_R2,1820,1820,1821,17855685,2533723,PASS,4963,6002,10,20,2,16
XMSSMT-SHA2_20/2_256,PUB_R2,1821,1821,1822,15364426,2649519,PASS,4963,6002,10,20,2,16
XMSSMT-SHA2_20/2_256,PUB_R2,1822,1822,1823,17890648,2494056,PASS,4963,6002,10,20,2,16
XMSSMT-SHA2_20/2_256,PUB_R2,1823,1823,1824,15352277,2650482,PASS,4963,6002,10,20,2,16
XMSSMT-SHA2_20/2_256,PUB_R2,1824,1824,1825,17698296,2683722,PASS,4963,6002,10,20,2,16
XMSSMT-SHA2_20/2_256,PUB_R2,1825,1825,1826,15522796,2494371,PASS,4963,6002,10,20,2,16
XMSSMT-SHA2_20/2_256,PUB_R2,1826,1826,1827,17742759,2668370,PASS,4963,6002,10,20,2,16
XMSSMT-SHA2_20/2_256,PUB_R2,1827,1827,1828,15514019,2523056,PASS,4963,6002,10,20,2,16
XMSSMT-SHA2_20/2_256,PUB_R2,1828,1828,1829,17838852,2554352,PASS,4963,6002,10,20,2,16
XMSSMT-SHA2_20/2_256,PUB_R2,1829,1829,1830,15358685,2650833,PASS,4963,6002,10,20,2,16
XMSSMT-SHA2_20/2_256,PUB_R2,1830,1830,1831,17752963,2653093,PASS,4963,6002,10,20,2,16
XMSSMT-SHA2_20/2_256,PUB_R2,1831,1831,1832,15479130,2520185,PASS,4963,6002,10,20,2,16
XMSSMT-SHA2_20/2_256,PUB_R2,1832,1832,1833,17956704,2445889,PASS,4963,6002,10,20,2,16
XMSSMT-SHA2_20/2_256,PUB_R2,1833,1833,1834,15413481,2590519,PASS,4963,6002,10,20,2,16
XMSSMT-SHA2_20/2_256,PUB_R2,1834,1834,1835,17827704,2585260,PASS,4963,6002,10,20,2,16
XMSSMT-SHA2_20/2_256,PUB_R2,1835,1835,1836,10766000,2508241,PASS,4963,6002,10,20,2,16
XMSSMT-SHA2_20/2_256,PUB_R2,1836,1836,1837,5890611,2552222,PASS,4963,6002,10,20,2,16
XMSSMT-SHA2_20/2_256,PUB_R2,1837,1837,1838,5853389,2604408,PASS,4963,6002,10,20,2,16
XMSSMT-SHA2_20/2_256,PUB_R2,1838,1838,1839,5875648,2550019,PASS,4963,6002,10,20,2,16
XMSSMT-SHA2_20/2_256,PUB_R2,1839,1839,1840,15438445,2552296,PASS,4963,6002,10,20,2,16
XMSSMT-SHA2_20/2_256,PUB_R2,1840,1840,1841,17863926,2487482,PASS,4963,6002,10,20,2,16
XMSSMT-SHA2_20/2_256,PUB_R2,1841,1841,1842,15426722,2554185,PASS,4963,6002,10,20,2,16
XMSSMT-SHA2_20/2_256,PUB_R2,1842,1842,1843,8065630,2741778,PASS,4963,6002,10,20,2,16
XMSSMT-SHA2_20/2_256,PUB_R2,1843,1843,1844,10770018,2422203,PASS,4963,6002,10,20,2,16
XMSSMT-SHA2_20/2_256,PUB_R2,1844,1844,1845,5996240,2423241,PASS,4963,6002,10,20,2,16
XMSSMT-SHA2_20/2_256,PUB_R2,1845,1845,1846,5906388,2521203,PASS,4963,6002,10,20,2,16
XMSSMT-SHA2_20/2_256,PUB_R2,1846,1846,1847,5739648,2674186,PASS,4963,6002,10,20,2,16
XMSSMT-SHA2_20/2_256,PUB_R2,1847,1847,1848,15448870,2523038,PASS,4963,6002,10,20,2,16
XMSSMT-SHA2_20/2_256,PUB_R2,1848,1848,1849,10610000,2584926,PASS,4963,6002,10,20,2,16
XMSSMT-SHA2_20/2_256,PUB_R2,1849,1849,1850,5781574,2640834,PASS,4963,6002,10,20,2,16
XMSSMT-SHA2_20/2_256,PUB_R2,1850,1850,1851,5898314,2517093,PASS,4963,6002,10,20,2,16
XMSSMT-SHA2_20/2_256,PUB_R2,1851,1851,1852,10608037,2584149,PASS,4963,6002,10,20,2,16
XMSSMT-SHA2_20/2_256,PUB_R2,1852,1852,1853,6058148,2363352,PASS,4963,6002,10,20,2,16
XMSSMT-SHA2_20/2_256,PUB_R2,1853,1853,1854,5904074,2519444,PASS,4963,6002,10,20,2,16
XMSSMT-SHA2_20/2_256,PUB_R2,1854,1854,1855,5736722,2678815,PASS,4963,6002,10,20,2,16
XMSSMT-SHA2_20/2_256,PUB_R2,1855,1855,1856,15424704,2546481,PASS,4963,6002,10,20,2,16
XMSSMT-SHA2_20/2_256,PUB_R2,1856,1856,1857,17789463,2585500,PASS,4963,6002,10,20,2,16
XMSSMT-SHA2_20/2_256,PUB_R2,1857,1857,1858,15293741,2684426,PASS,4963,6002,10,20,2,16
XMSSMT-SHA2_20/2_256,PUB_R2,1858,1858,1859,17806074,2587648,PASS,4963,6002,10,20,2,16
XMSSMT-SHA2_20/2_256,PUB_R2,1859,1859,1860,15412593,2586223,PASS,4963,6002,10,20,2,16
XMSSMT-SHA2_20/2_256,PUB_R2,1860,1860,1861,17706019,2685241,PASS,4963,6002,10,20,2,16
XMSSMT-SHA2_20/2_256,PUB_R2,1861,1861,1862,15422092,2588407,PASS,4963,6002,10,20,2,16
XMSSMT-SHA2_20/2_256,PUB_R2,1862,1862,1863,17993611,2424000,PASS,4963,6002,10,20,2,16
XMSSMT-SHA2_20/2_256,PUB_R2,1863,1863,1864,15481630,2557630,PASS,4963,6002,10,20,2,16
XMSSMT-SHA2_20/2_256,PUB_R2,1864,1864,1865,17915926,2459667,PASS,4963,6002,10,20,2,16
XMSSMT-SHA2_20/2_256,PUB_R2,1865,1865,1866,15481278,2522833,PASS,4963,6002,10,20,2,16
XMSSMT-SHA2_20/2_256,PUB_R2,1866,1866,1867,17895981,2494870,PASS,4963,6002,10,20,2,16
XMSSMT-SHA2_20/2_256,PUB_R2,1867,1867,1868,15347259,2659889,PASS,4963,6002,10,20,2,16
XMSSMT-SHA2_20/2_256,PUB_R2,1868,1868,1869,17864703,2534685,PASS,4963,6002,10,20,2,16
XMSSMT-SHA2_20/2_256,PUB_R2,1869,1869,1870,15644185,2362629,PASS,4963,6002,10,20,2,16
XMSSMT-SHA2_20/2_256,PUB_R2,1870,1870,1871,17804056,2586574,PASS,4963,6002,10,20,2,16
XMSSMT-SHA2_20/2_256,PUB_R2,1871,1871,1872,15354056,2646277,PASS,4963,6002,10,20,2,16
XMSSMT-SHA2_20/2_256,PUB_R2,1872,1872,1873,17744981,2649296,PASS,4963,6002,10,20,2,16
XMSSMT-SHA2_20/2_256,PUB_R2,1873,1873,1874,15346037,2654796,PASS,4963,6002,10,20,2,16
XMSSMT-SHA2_20/2_256,PUB_R2,1874,1874,1875,8312333,2521241,PASS,4963,6002,10,20,2,16
XMSSMT-SHA2_20/2_256,PUB_R2,1875,1875,1876,10656574,2554370,PASS,4963,6002,10,20,2,16
XMSSMT-SHA2_20/2_256,PUB_R2,1876,1876,1877,5947203,2496260,PASS,4963,6002,10,20,2,16
XMSSMT-SHA2_20/2_256,PUB_R2,1877,1877,1878,5990760,2460851,PASS,4963,6002,10,20,2,16
XMSSMT-SHA2_20/2_256,PUB_R2,1878,1878,1879,5941148,2491981,PASS,4963,6002,10,20,2,16
XMSSMT-SHA2_20/2_256,PUB_R2,1879,1879,1880,15545055,2470351,PASS,4963,6002,10,20,2,16
XMSSMT-SHA2_20/2_256,PUB_R2,1880,1880,1881,10789796,2428925,PASS,4963,6002,10,20,2,16
XMSSMT-SHA2_20/2_256,PUB_R2,1881,1881,1882,5735944,2718648,PASS,4963,6002,10,20,2,16
XMSSMT-SHA2_20/2_256,PUB_R2,1882,1882,1883,5685833,2741741,PASS,4963,6002,10,20,2,16
XMSSMT-SHA2_20/2_256,PUB_R2,1883,1883,1884,10869074,2365297,PASS,4963,6002,10,20,2,16
XMSSMT-SHA2_20/2_256,PUB_R2,1884,1884,1885,6073166,2372611,PASS,4963,6002,10,20,2,16
XMSSMT-SHA2_20/2_256,PUB_R2,1885,1885,1886,5789611,2652630,PASS,4963,6002,10,20,2,16
XMSSMT-SHA2_20/2_256,PUB_R2,1886,1886,1887,5915092,2537037,PASS,4963,6002,10,20,2,16
XMSSMT-SHA2_20/2_256,PUB_R2,1887,1887,1888,15486093,2519203,PASS,4963,6002,10,20,2,16
XMSSMT-SHA2_20/2_256,PUB_R2,1888,1888,1889,17891000,2492426,PASS,4963,6002,10,20,2,16
XMSSMT-SHA2_20/2_256,PUB_R2,1889,1889,1890,15360093,2652111,PASS,4963,6002,10,20,2,16
XMSSMT-SHA2_20/2_256,PUB_R2,1890,1890,1891,17836074,2554537,PASS,4963,6002,10,20,2,16
XMSSMT-SHA2_20/2_256,PUB_R2,1891,1891,1892,15456259,2560352,PASS,4963,6002,10,20,2,16
XMSSMT-SHA2_20/2_256,PUB_R2,1892,1892,1893,17798296,2646389,PASS,4963,6002,10,20,2,16
XMSSMT-SHA2_20/2_256,PUB_R2,1893,1893,1894,15549833,2458852,PASS,4963,6002,10,20,2,16
XMSSMT-SHA2_20/2_256,PUB_R2,1894,1894,1895,8335148,2489630,PASS,4963,6002,10,20,2,16
XMSSMT-SHA2_20/2_256,PUB_R2,1895,1895,1896,15515944,2492740,PASS,4963,6002,10,20,2,16
XMSSMT-SHA2_20/2_256,PUB_R2,1896,1896,1897,10700259,2521834,PASS,4963,6002,10,20,2,16
XMSSMT-SHA2_20/2_256,PUB_R2,1897,1897,1898,5789426,2662629,PASS,4963,6002,10,20,2,16
XMSSMT-SHA2_20/2_256,PUB_R2,1898,1898,1899,5902759,2519611,PASS,4963,6002,10,20,2,16
XMSSMT-SHA2_20/2_256,PUB_R2,1899,1899,1900,10802463,2427740,PASS,4963,6002,10,20,2,16
XMSSMT-SHA2_20/2_256,PUB_R2,1900,1900,1901,5912426,2530148,PASS,4963,6002,10,20,2,16
XMSSMT-SHA2_20/2_256,PUB_R2,1901,1901,1902,5901444,2552871,PASS,4963,6002,10,20,2,16
XMSSMT-SHA2_20/2_256,PUB_R2,1902,1902,1903,5869389,2568166,PASS,4963,6002,10,20,2,16
XMSSMT-SHA2_20/2_256,PUB_R2,1903,1903,1904,15542593,2463259,PASS,4963,6002,10,20,2,16
XMSSMT-SHA2_20/2_256,PUB_R2,1904,1904,1905,17729019,2648945,PASS,4963,6002,10,20,2,16
XMSSMT-SHA2_20/2_256,PUB_R2,1905,1905,1906,15455370,2559815,PASS,4963,6002,10,20,2,16
XMSSMT-SHA2_20/2_256,PUB_R2,1906,1906,1907,8359611,2462037,PASS,4963,6002,10,20,2,16
XMSSMT-SHA2_20/2_256,PUB_R2,1907,1907,1908,10816463,2458667,PASS,4963,6002,10,20,2,16
XMSSMT-SHA2_20/2_256,PUB_R2,1908,1908,1909,6082074,2360111,PASS,4963,6002,10,20,2,16
XMSSMT-SHA2_20/2_256,PUB_R2,1909,1909,1910,5850778,2583315,PASS,4963,6002,10,20,2,16
XMSSMT-SHA2_20/2_256,PUB_R2,1910,1910,1911,5960648,2455611,PASS,4963,6002,10,20,2,16
XMSSMT-SHA2_20/2_256,PUB_R2,1911,1911,1912,15483926,2487815,PASS,4963,6002,10,20,2,16
XMSSMT-SHA2_20/2_256,PUB_R2,1912,1912,1913,10666611,2519334,PASS,4963,6002,10,20,2,16
XMSSMT-SHA2_20/2_256,PUB_R2,1913,1913,1914,5907204,2519981,PASS,4963,6002,10,20,2,16
XMSSMT-SHA2_20/2_256,PUB_R2,1914,1914,1915,5875074,2557222,PASS,4963,6002,10,20,2,16
XMSSMT-SHA2_20/2_256,PUB_R2,1915,1915,1916,10688963,2518852,PASS,4963,6002,10,20,2,16
XMSSMT-SHA2_20/2_256,PUB_R2,1916,1916,1917,5936981,2485871,PASS,4963,6002,10,20,2,16
XMSSMT-SHA2_20/2_256,PUB_R2,1917,1917,1918,5842185,2587760,PASS,4963,6002,10,20,2,16
XMSSMT-SHA2_20/2_256,PUB_R2,1918,1918,1919,5875259,2554982,PASS,4963,6002,10,20,2,16
XMSSMT-SHA2_20/2_256,PUB_R2,1919,1919,1920,15402852,2581759,PASS,4963,6002,10,20,2,16
XMSSMT-SHA2_20/2_256,PUB_R2,1920,1920,1921,17690926,2645593,PASS,4963,6002,10,20,2,16
XMSSMT-SHA2_20/2_256,PUB_R2,1921,1921,1922,15445204,2518519,PASS,4963,6002,10,20,2,16
XMSSMT-SHA2_20/2_256,PUB_R2,1922,1922,1923,17758963,2583500,PASS,4963,6002,10,20,2,16
XMSSMT-SHA2_20/2_256,PUB_R2,1923,1923,1924,15427388,2556944,PASS,4963,6002,10,20,2,16
XMSSMT-SHA2_20/2_256,PUB_R2,1924,1924,1925,17821259,2552037,PASS,4963,6002,10,20,2,16
XMSSMT-SHA2_20/2_256,PUB_R2,1925,1925,1926,15546388,2457612,PASS,4963,6002,10,20,2,16
XMSSMT-SHA2_20/2_256,PUB_R2,1926,1926,1927,17851407,2524426,PASS,4963,6002,10,20,2,16
XMSSMT-SHA2_20/2_256,PUB_R2,1927,1927,1928,15471129,2544741,PASS,4963,6002,10,20,2,16
XMSSMT-SHA2_20/2_256,PUB_R2,1928,1928,1929,17785166,2591925,PASS,4963,6002,10,20,2,16
XMSSMT-SHA2_20/2_256,PUB_R2,1929,1929,1930,15456833,2553056,PASS,4963,6002,10,20,2,16
XMSSMT-SHA2_20/2_256,PUB_R2,1930,1930,1931,17937926,2456593,PASS,4963,6002,10,20,2,16
XMSSMT-SHA2_20/2_256,PUB_R2,1931,1931,1932,15477815,2522333,PASS,4963,6002,10,20,2,16
XMSSMT-SHA2_20/2_256,PUB_R2,1932,1932,1933,17889759,2506037,PASS,4963,6002,10,20,2,16
XMSSMT-SHA2_20/2_256,PUB_R2,1933,1933,1934,15514185,2489000,PASS,4963,6002,10,20,2,16
XMSSMT-SHA2_20/2_256,PUB_R2,1934,1934,1935,17878556,2520463,PASS,4963,6002,10,20,2,16
XMSSMT-SHA2_20/2_256,PUB_R2,1935,1935,1936,15525611,2502518,PASS,4963,6002,10,20,2,16
XMSSMT-SHA2_20/2_256,PUB_R2,1936,1936,1937,17829000,2567037,PASS,4963,6002,10,20,2,16
XMSSMT-SHA2_20/2_256,PUB_R2,1937,1937,1938,15472389,2522371,PASS,4963,6002,10,20,2,16
XMSSMT-SHA2_20/2_256,PUB_R2,1938,1938,1939,8114092,2716556,PASS,4963,6002,10,20,2,16
XMSSMT-SHA2_20/2_256,PUB_R2,1939,1939,1940,10701889,2522315,PASS,4963,6002,10,20,2,16
XMSSMT-SHA2_20/2_256,PUB_R2,1940,1940,1941,5917500,2523278,PASS,4963,6002,10,20,2,16
XMSSMT-SHA2_20/2_256,PUB_R2,1941,1941,1942,6012797,2425963,PASS,4963,6002,10,20,2,16
XMSSMT-SHA2_20/2_256,PUB_R2,1942,1942,1943,5978315,2457593,PASS,4963,6002,10,20,2,16
XMSSMT-SHA2_20/2_256,PUB_R2,1943,1943,1944,15282371,2713296,PASS,4963,6002,10,20,2,16
XMSSMT-SHA2_20/2_256,PUB_R2,1944,1944,1945,10715945,2497611,PASS,4963,6002,10,20,2,16
XMSSMT-SHA2_20/2_256,PUB_R2,1945,1945,1946,5943149,2489148,PASS,4963,6002,10,20,2,16
XMSSMT-SHA2_20/2_256,PUB_R2,1946,1946,1947,5913648,2536760,PASS,4963,6002,10,20,2,16
XMSSMT-SHA2_20/2_256,PUB_R2,1947,1947,1948,10690482,2525259,PASS,4963,6002,10,20,2,16
XMSSMT-SHA2_20/2_256,PUB_R2,1948,1948,1949,5869056,2582537,PASS,4963,6002,10,20,2,16
XMSSMT-SHA2_20/2_256,PUB_R2,1949,1949,1950,5848315,2603815,PASS,4963,6002,10,20,2,16
XMSSMT-SHA2_20/2_256,PUB_R2,1950,1950,1951,5790834,2650834,PASS,4963,6002,10,20,2,16
XMSSMT-SHA2_20/2_256,PUB_R2,1951,1951,1952,15525444,2454852,PASS,4963,6002,10,20,2,16
XMSSMT-SHA2_20/2_256,PUB_R2,1952,1952,1953,17882315,2487907,PASS,4963,6002,10,20,2,16
XMSSMT-SHA2_20/2_256,PUB_R2,1953,1953,1954,15409314,2587518,PASS,4963,6002,10,20,2,16
XMSSMT-SHA2_20/2_256,PUB_R2,1954,1954,1955,17845129,2563833,PASS,4963,6002,10,20,2,16
XMSSMT-SHA2_20/2_256,PUB_R2,1955,1955,1956,15477055,2519352,PASS,4963,6002,10,20,2,16
XMSSMT-SHA2_20/2_256,PUB_R2,1956,1956,1957,17891296,2489074,PASS,4963,6002,10,20,2,16
XMSSMT-SHA2_20/2_256,PUB_R2,1957,1957,1958,15395556,2585203,PASS,4963,6002,10,20,2,16
XMSSMT-SHA2_20/2_256,PUB_R2,1958,1958,1959,8339500,2499352,PASS,4963,6002,10,20,2,16
XMSSMT-SHA2_20/2_256,PUB_R2,1959,1959,1960,15502334,2489167,PASS,4963,6002,10,20,2,16
XMSSMT-SHA2_20/2_256,PUB_R2,1960,1960,1961,10690723,2524741,PASS,4963,6002,10,20,2,16
XMSSMT-SHA2_20/2_256,PUB_R2,1961,1961,1962,5963556,2493278,PASS,4963,6002,10,20,2,16
XMSSMT-SHA2_20/2_256,PUB_R2,1962,1962,1963,5711555,2724537,PASS,4963,6002,10,20,2,16
XMSSMT-SHA2_20/2_256,PUB_R2,1963,1963,1964,10564167,2649685,PASS,4963,6002,10,20,2,16
XMSSMT-SHA2_20/2_256,PUB_R2,1964,1964,1965,5766093,2686092,PASS,4963,6002,10,20,2,16
XMSSMT-SHA2_20/2_256,PUB_R2,1965,1965,1966,5974056,2485945,PASS,4963,6002,10,20,2,16
XMSSMT-SHA2_20/2_256,PUB_R2,1966,1966,1967,5853092,2582019,PASS,4963,6002,10,20,2,16
XMSSMT-SHA2_20/2_256,PUB_R2,1967,1967,1968,15480889,2520833,PASS,4963,6002,10,20,2,16
XMSSMT-SHA2_20/2_256,PUB_R2,1968,1968,1969,17872833,2492685,PASS,4963,6002,10,20,2,16
XMSSMT-SHA2_20/2_256,PUB_R2,1969,1969,1970,15435685,2546963,PASS,4963,6002,10,20,2,16
XMSSMT-SHA2_20/2_256,PUB_R2,1970,1970,1971,8388426,2454981,PASS,4963,6002,10,20,2,16
XMSSMT-SHA2_20/2_256,PUB_R2,1971,1971,1972,10767148,2455240,PASS,4963,6002,10,20,2,16
XMSSMT-SHA2_20/2_256,PUB_R2,1972,1972,1973,5941463,2487815,PASS,4963,6002,10,20,2,16
XMSSMT-SHA2_20/2_256,PUB_R2,1973,1973,1974,5908852,2523277,PASS,4963,6002,10,20,2,16
XMSSMT-SHA2_20/2_256,PUB_R2,1974,1974,1975,5741112,2678426,PASS,4963,6002,10,20,2,16
XMSSMT-SHA2_20/2_256,PUB_R2,1975,1975,1976,15513148,2488611,PASS,4963,6002,10,20,2,16
XMSSMT-SHA2_20/2_256,PUB_R2,1976,1976,1977,10629666,2581241,PASS,4963,6002,10,20,2,16
XMSSMT-SHA2_20/2_256,PUB_R2,1977,1977,1978,5946426,2503944,PASS,4963,6002,10,20,2,16
XMSSMT-SHA2_20/2_256,PUB_R2,1978,1978,1979,5777315,2643574,PASS,4963,6002,10,20,2,16
XMSSMT-SHA2_20/2_256,PUB_R2,1979,1979,1980,10531722,2682444,PASS,4963,6002,10,20,2,16
XMSSMT-SHA2_20/2_256,PUB_R2,1980,1980,1981,5873537,2547759,PASS,4963,6002,10,20,2,16
XMSSMT-SHA2_20/2_256,PUB_R2,1981,1981,1982,5928389,2550370,PASS,4963,6002,10,20,2,16
XMSSMT-SHA2_20/2_256,PUB_R2,1982,1982,1983,5928815,2483871,PASS,4963,6002,10,20,2,16
XMSSMT-SHA2_20/2_256,PUB_R2,1983,1983,1984,15558797,2424593,PASS,4963,6002,10,20,2,16
XMSSMT-SHA2_20/2_256,PUB_R2,1984,1984,1985,17796574,2553018,PASS,4963,6002,10,20,2,16
XMSSMT-SHA2_20/2_256,PUB_R2,1985,1985,1986,15449519,2520167,PASS,4963,6002,10,20,2,16
XMSSMT-SHA2_20/2_256,PUB_R2,1986,1986,1987,17762518,2582963,PASS,4963,6002,10,20,2,16
XMSSMT-SHA2_20/2_256,PUB_R2,1987,1987,1988,15428204,2554074,PASS,4963,6002,10,20,2,16
XMSSMT-SHA2_20/2_256,PUB_R2,1988,1988,1989,17820500,2517963,PASS,4963,6002,10,20,2,16
XMSSMT-SHA2_20/2_256,PUB_R2,1989,1989,1990,15504592,2455537,PASS,4963,6002,10,20,2,16
XMSSMT-SHA2_20/2_256,PUB_R2,1990,1990,1991,8256944,2548148,PASS,4963,6002,10,20,2,16
XMSSMT-SHA2_20/2_256,PUB_R2,1991,1991,1992,15505278,2455722,PASS,4963,6002,10,20,2,16
XMSSMT-SHA2_20/2_256,PUB_R2,1992,1992,1993,10769019,2422093,PASS,4963,6002,10,20,2,16
XMSSMT-SHA2_20/2_256,PUB_R2,1993,1993,1994,5858315,2582370,PASS,4963,6002,10,20,2,16
XMSSMT-SHA2_20/2_256,PUB_R2,1994,1994,1995,5853056,2582870,PASS,4963,6002,10,20,2,16
XMSSMT-SHA2_20/2_256,PUB_R2,1995,1995,1996,10696760,2526222,PASS,4963,6002,10,20,2,16
XMSSMT-SHA2_20/2_256,PUB_R2,1996,1996,1997,5907482,2521093,PASS,4963,6002,10,20,2,16
XMSSMT-SHA2_20/2_256,PUB_R2,1997,1997,1998,5889981,2567907,PASS,4963,6002,10,20,2,16
XMSSMT-SHA2_20/2_256,PUB_R2,1998,1998,1999,5841092,2583259,PASS,4963,6002,10,20,2,16
XMSSMT-SHA2_20/2_256,PUB_R2,1999,1999,2000,15428018,2588870,PASS,4963,6002,10,20,2,16
XMSSMT-SHA2_20/2_256,PUB_R2,2000,2000,2001,17786982,2588000,PASS,4963,6002,10,20,2,16
XMSSMT-SHA2_20/2_256,PUB_R2,2001,2001,2002,15505166,2558278,PASS,4963,6002,10,20,2,16
XMSSMT-SHA2_20/2_256,PUB_R2,2002,2002,2003,8266333,2584278,PASS,4963,6002,10,20,2,16
XMSSMT-SHA2_20/2_256,PUB_R2,2003,2003,2004,10573334,2648371,PASS,4963,6002,10,20,2,16
XMSSMT-SHA2_20/2_256,PUB_R2,2004,2004,2005,5940722,2490130,PASS,4963,6002,10,20,2,16
XMSSMT-SHA2_20/2_256,PUB_R2,2005,2005,2006,5929778,2519741,PASS,4963,6002,10,20,2,16
XMSSMT-SHA2_20/2_256,PUB_R2,2006,2006,2007,5840685,2596592,PASS,4963,6002,10,20,2,16
XMSSMT-SHA2_20/2_256,PUB_R2,2007,2007,2008,15478593,2537518,PASS,4963,6002,10,20,2,16
XMSSMT-SHA2_20/2_256,PUB_R2,2008,2008,2009,10647704,2555722,PASS,4963,6002,10,20,2,16
XMSSMT-SHA2_20/2_256,PUB_R2,2009,2009,2010,5899333,2580056,PASS,4963,6002,10,20,2,16
XMSSMT-SHA2_20/2_256,PUB_R2,2010,2010,2011,5776648,2653482,PASS,4963,6002,10,20,2,16
XMSSMT-SHA2_20/2_256,PUB_R2,2011,2011,2012,10664166,2553111,PASS,4963,6002,10,20,2,16
XMSSMT-SHA2_20/2_256,PUB_R2,2012,2012,2013,5880519,2557926,PASS,4963,6002,10,20,2,16
XMSSMT-SHA2_20/2_256,PUB_R2,2013,2013,2014,5910315,2522370,PASS,4963,6002,10,20,2,16
XMSSMT-SHA2_20/2_256,PUB_R2,2014,2014,2015,5958037,2487481,PASS,4963,6002,10,20,2,16
XMSSMT-SHA2_20/2_256,PUB_R2,2015,2015,2016,15475408,2521463,PASS,4963,6002,10,20,2,16
XMSSMT-SHA2_20/2_256,PUB_R2,2016,2016,2017,17913296,2459223,PASS,4963,6002,10,20,2,16
XMSSMT-SHA2_20/2_256,PUB_R2,2017,2017,2018,15430630,2582703,PASS,4963,6002,10,20,2,16
XMSSMT-SHA2_20/2_256,PUB_R2,2018,2018,2019,8290148,2559908,PASS,4963,6002,10,20,2,16
XMSSMT-SHA2_20/2_256,PUB_R2,2019,2019,2020,10628166,2585667,PASS,4963,6002,10,20,2,16
XMSSMT-SHA2_20/2_256,PUB_R2,2020,2020,2021,5951018,2489797,PASS,4963,6002,10,20,2,16
XMSSMT-SHA2_20/2_256,PUB_R2,2021,2021,2022,5972703,2464889,PASS,4963,6002,10,20,2,16
XMSSMT-SHA2_20/2_256,PUB_R2,2022,2022,2023,5840315,2584240,PASS,4963,6002,10,20,2,16
XMSSMT-SHA2_20/2_256,PUB_R2,2023,2023,2024,15262629,2713537,PASS,4963,6002,10,20,2,16
XMSSMT-SHA2_20/2_256,PUB_R2,2024,2024,2025,10640388,2586481,PASS,4963,6002,10,20,2,16
XMSSMT-SHA2_20/2_256,PUB_R2,2025,2025,2026,5875296,2566241,PASS,4963,6002,10,20,2,16
XMSSMT-SHA2_20/2_256,PUB_R2,2026,2026,2027,5721908,2711982,PASS,4963,6002,10,20,2,16
XMSSMT-SHA2_20/2_256,PUB_R2,2027,2027,2028,10712037,2578851,PASS,4963,6002,10,20,2,16
XMSSMT-SHA2_20/2_256,PUB_R2,2028,2028,2029,6096463,2426093,PASS,4963,6002,10,20,2,16
XMSSMT-SHA2_20/2_256,PUB_R2,2029,2029,2030,5976889,2529592,PASS,4963,6002,10,20,2,16
XMSSMT-SHA2_20/2_256,PUB_R2,2030,2030,2031,5922722,2588500,PASS,4963,6002,10,20,2,16
XMSSMT-SHA2_20/2_256,PUB_R2,2031,2031,2032,15473407,2669703,PASS,4963,6002,10,20,2,16
XMSSMT-SHA2_20/2_256,PUB_R2,2032,2032,2033,10787926,2492982,PASS,4963,6002,10,20,2,16
XMSSMT-SHA2_20/2_256,PUB_R2,2033,2033,2034,6010370,2501426,PASS,4963,6002,10,20,2,16
XMSSMT-SHA2_20/2_256,PUB_R2,2034,2034,2035,6038129,2469074,PASS,4963,6002,10,20,2,16
XMSSMT-SHA2_20/2_256,PUB_R2,2035,2035,2036,10802630,2483722,PASS,4963,6002,10,20,2,16
XMSSMT-SHA2_20/2_256,PUB_R2,2036,2036,2037,5908463,2614926,PASS,4963,6002,10,20,2,16
XMSSMT-SHA2_20/2_256,PUB_R2,2037,2037,2038,5807315,2711074,PASS,4963,6002,10,20,2,16
XMSSMT-SHA2_20/2_256,PUB_R2,2038,2038,2039,5991351,2521834,PASS,4963,6002,10,20,2,16
XMSSMT-SHA2_20/2_256,PUB_R2,2039,2039,2040,10887870,2492223,PASS,4963,6002,10,20,2,16
XMSSMT-SHA2_20/2_256,PUB_R2,2040,2040,2041,6191982,2531500,PASS,4963,6002,10,20,2,16
XMSSMT-SHA2_20/2_256,PUB_R2,2041,2041,2042,5847592,2702352,PASS,4963,6002,10,20,2,16
XMSSMT-SHA2_20/2_256,PUB_R2,2042,2042,2043,5874074,2608426,PASS,4963,6002,10,20,2,16
XMSSMT-SHA2_20/2_256,PUB_R2,2043,2043,2044,5988222,2537185,PASS,4963,6002,10,20,2,16
XMSSMT-SHA2_20/2_256,PUB_R2,2044,2044,2045,5853148,2689833,PASS,4963,6002,10,20,2,16
XMSSMT-SHA2_20/2_256,PUB_R2,2045,2045,2046,3594482,2512407,PASS,4963,6002,10,20,2,16
XMSSMT-SHA2_20/2_256,PUB_R2,2046,2046,2047,5982482,2522667,PASS,4963,6002,10,20,2,16
XMSSMT-SHA2_20/2_256,PUB_R2,2047,2047,2048,7149259,2533907,PASS,4963,6002,10,20,2,16
XMSSMT-SHA2_20/2_256,PUB_R2,2048,2048,2049,6072296,6573722,PASS,4963,6002,10,20,2,16
XMSSMT-SHA2_20/2_256,PUB_R2,2049,2049,2050,10035630,6664815,PASS,4963,6002,10,20,2,16
XMSSMT-SHA2_20/2_256,PUB_R2,2050,2050,2051,10017333,6708000,PASS,4963,6002,10,20,2,16
XMSSMT-SHA2_20/2_256,PUB_R2,2051,2051,2052,23069315,2560463,PASS,4963,6002,10,20,2,16
XMSSMT-SHA2_20/2_256,PUB_R2,2052,2052,2053,14334463,6543445,PASS,4963,6002,10,20,2,16
XMSSMT-SHA2_20/2_256,PUB_R2,2053,2053,2054,9980685,6704222,PASS,4963,6002,10,20,2,16
XMSSMT-SHA2_20/2_256,PUB_R2,2054,2054,2055,10014203,6663630,PASS,4963,6002,10,20,2,16
XMSSMT-SHA2_20/2_256,PUB_R2,2055,2055,2056,31848056,4245871,PASS,4963,6002,10,20,2,16
XMSSMT-SHA2_20/2_256,PUB_R2,2056,2056,2057,13287907,2595852,PASS,4963,6002,10,20,2,16
XMSSMT-SHA2_20/2_256,PUB_R2,2057,2057,2058,6007685,2553629,PASS,4963,6002,10,20,2,16
XMSSMT-SHA2_20/2_256,PUB_R2,2058,2058,2059,5780555,2712537,PASS,4963,6002,10,20,2,16
XMSSMT-SHA2_20/2_256,PUB_R2,2059,2059,2060,10483518,2782056,PASS,4963,6002,10,20,2,16
XMSSMT-SHA2_20/2_256,PUB_R2,2060,2060,2061,5921130,2563722,PASS,4963,6002,10,20,2,16
XMSSMT-SHA2_20/2_256,PUB_R2,2061,2061,2062,5894574,2642408,PASS,4963,6002,10,20,2,16
XMSSMT-SHA2_20/2_256,PUB_R2,2062,2062,2063,5997185,2462055,PASS,4963,6002,10,20,2,16
XMSSMT-SHA2_20/2_256,PUB_R2,2063,2063,2064,15476167,2515186,PASS,4963,6002,10,20,2,16
XMSSMT-SHA2_20/2_256,PUB_R2,2064,2064,2065,17868277,2521982,PASS,4963,6002,10,20,2,16
XMSSMT-SHA2_20/2_256,PUB_R2,2065,2065,2066,15598315,2545463,PASS,4963,6002,10,20,2,16
XMSSMT-SHA2_20/2_256,PUB_R2,2066,2066,2067,8385575,2528259,PASS,4963,6002,10,20,2,16
XMSSMT-SHA2_20/2_256,PUB_R2,2067,2067,2068,10856074,2682370,PASS,4963,6002,10,20,2,16
XMSSMT-SHA2_20/2_256,PUB_R2,2068,2068,2069,6210722,2699648,PASS,4963,6002,10,20,2,16
XMSSMT-SHA2_20/2_256,PUB_R2,2069,2069,2070,6151982,2781278,PASS,4963,6002,10,20,2,16
XMSSMT-SHA2_20/2_256,PUB_R2,2070,2070,2071,6354222,2735629,PASS,4963,6002,10,20,2,16
XMSSMT-SHA2_20/2_256,PUB_R2,2071,2071,2072,16309111,2580981,PASS,4963,6002,10,20,2,16
XMSSMT-SHA2_20/2_256,PUB_R2,2072,2072,2073,10919259,2648222,PASS,4963,6002,10,20,2,16
XMSSMT-SHA2_20/2_256,PUB_R2,2073,2073,2074,6005481,2752981,PASS,4963,6002,10,20,2,16
XMSSMT-SHA2_20/2_256,PUB_R2,2074,2074,2075,6360333,2550056,PASS,4963,6002,10,20,2,16
XMSSMT-SHA2_20/2_256,PUB_R2,2075,2075,2076,11283722,2739278,PASS,4963,6002,10,20,2,16
XMSSMT-SHA2_20/2_256,PUB_R2,2076,2076,2077,6084093,2644112,PASS,4963,6002,10,20,2,16
XMSSMT-SHA2_20/2_256,PUB_R2,2077,2077,2078,6171741,2604741,PASS,4963,6002,10,20,2,16
XMSSMT-SHA2_20/2_256,PUB_R2,2078,2078,2079,5869926,2619630,PASS,4963,6002,10,20,2,16
XMSSMT-SHA2_20/2_256,PUB_R2,2079,2079,2080,15583556,2524981,PASS,4963,6002,10,20,2,16
XMSSMT-SHA2_20/2_256,PUB_R2,2080,2080,2081,17788908,2616296,PASS,4963,6002,10,20,2,16
XMSSMT-SHA2_20/2_256,PUB_R2,2081,2081,2082,15502000,2572389,PASS,4963,6002,10,20,2,16
XMSSMT-SHA2_20/2_256,PUB_R2,2082,2082,2083,17667259,2744593,PASS,4963,6002,10,20,2,16
XMSSMT-SHA2_20/2_256,PUB_R2,2083,2083,2084,15333870,2709389,PASS,4963,6002,10,20,2,16
XMSSMT-SHA2_20/2_256,PUB_R2,2084,2084,2085,17725426,2680870,PASS,4963,6002,10,20,2,16
XMSSMT-SHA2_20/2_256,PUB_R2,2085,2085,2086,15531796,2497000,PASS,4963,6002,10,20,2,16
XMSSMT-SHA2_20/2_256,PUB_R2,2086,2086,2087,8255667,2613907,PASS,4963,6002,10,20,2,16
XMSSMT-SHA2_20/2_256,PUB_R2,2087,2087,2088,15424630,2581444,PASS,4963,6002,10,20,2,16
XMSSMT-SHA2_20/2_256,PUB_R2,2088,2088,2089,10660000,2603944,PASS,4963,6002,10,20,2,16
XMSSMT-SHA2_20/2_256,PUB_R2,2089,2089,2090,5976537,2506167,PASS,4963,6002,10,20,2,16
XMSSMT-SHA2_20/2_256,PUB_R2,2090,2090,2091,5917945,2554815,PASS,4963,6002,10,20,2,16
XMSSMT-SHA2_20/2_256,PUB_R2,2091,2091,2092,10686963,2560500,PASS,4963,6002,10,20,2,16
XMSSMT-SHA2_20/2_256,PUB_R2,2092,2092,2093,5908407,2547963,PASS,4963,6002,10,20,2,16
XMSSMT-SHA2_20/2_256,PUB_R2,2093,2093,2094,6028834,2457537,PASS,4963,6002,10,20,2,16
XMSSMT-SHA2_20/2_256,PUB_R2,2094,2094,2095,5838760,2610018,PASS,4963,6002,10,20,2,16
XMSSMT-SHA2_20/2_256,PUB_R2,2095,2095,2096,15501093,2522685,PASS,4963,6002,10,20,2,16
XMSSMT-SHA2_20/2_256,PUB_R2,2096,2096,2097,17837926,2559444,PASS,4963,6002,10,20,2,16
XMSSMT-SHA2_20/2_256,PUB_R2,2097,2097,2098,15447111,2593352,PASS,4963,6002,10,20,2,16
XMSSMT-SHA2_20/2_256,PUB_R2,2098,2098,2099,8253852,2579556,PASS,4963,6002,10,20,2,16
XMSSMT-SHA2_20/2_256,PUB_R2,2099,2099,2100,10654537,2583037,PASS,4963,6002,10,20,2,16
XMSSMT-SHA2_20/2_256,PUB_R2,2100,2100,2101,5932129,2529759,PASS,4963,6002,10,20,2,16
XMSSMT-SHA2_20/2_256,PUB_R2,2101,2101,2102,6039556,2425111,PASS,4963,6002,10,20,2,16
XMSSMT-SHA2_20/2_256,PUB_R2,2102,2102,2103,5934222,2536167,PASS,4963,6002,10,20,2,16
XMSSMT-SHA2_20/2_256,PUB_R2,2103,2103,2104,15436704,2588037,PASS,4963,6002,10,20,2,16
XMSSMT-SHA2_20/2_256,PUB_R2,2104,2104,2105,10767500,2470592,PASS,4963,6002,10,20,2,16
XMSSMT-SHA2_20/2_256,PUB_R2,2105,2105,2106,5856408,2618018,PASS,4963,6002,10,20,2,16
XMSSMT-SHA2_20/2_256,PUB_R2,2106,2106,2107,5832203,2631037,PASS,4963,6002,10,20,2,16
XMSSMT-SHA2_20/2_256,PUB_R2,2107,2107,2108,10788389,2450759,PASS,4963,6002,10,20,2,16
XMSSMT-SHA2_20/2_256,PUB_R2,2108,2108,2109,5759093,2708945,PASS,4963,6002,10,20,2,16
XMSSMT-SHA2_20/2_256,PUB_R2,2109,2109,2110,5882351,2585630,PASS,4963,6002,10,20,2,16
XMSSMT-SHA2_20/2_256,PUB_R2,2110,2110,2111,6016204,2455056,PASS,4963,6002,10,20,2,16
XMSSMT-SHA2_20/2_256,PUB_R2,2111,2111,2112,15415482,2613593,PASS,4963,6002,10,20,2,16
XMSSMT-SHA2_20/2_256,PUB_R2,2112,2112,2113,17898556,2485463,PASS,4963,6002,10,20,2,16
XMSSMT-SHA2_20/2_256,PUB_R2,2113,2113,2114,15512407,2523593,PASS,4963,6002,10,20,2,16
XMSSMT-SHA2_20/2_256,PUB_R2,2114,2114,2115,17817889,2595241,PASS,4963,6002,10,20,2,16
XMSSMT-SHA2_20/2_256,PUB_R2,2115,2115,2116,15513426,2521518,PASS,4963,6002,10,20,2,16
XMSSMT-SHA2_20/2_256,PUB_R2,2116,2116,2117,17732426,2680000,PASS,4963,6002,10,20,2,16
XMSSMT-SHA2_20/2_256,PUB_R2,2117,2117,2118,15533333,2508796,PASS,4963,6002,10,20,2,16
XMSSMT-SHA2_20/2_256,PUB_R2,2118,2118,2119,17820407,2618092,PASS,4963,6002,10,20,2,16
XMSSMT-SHA2_20/2_256,PUB_R2,2119,2119,2120,15474740,2555074,PASS,4963,6002,10,20,2,16
XMSSMT-SHA2_20/2_256,PUB_R2,2120,2120,2121,17928130,2458130,PASS,4963,6002,10,20,2,16
XMSSMT-SHA2_20/2_256,PUB_R2,2121,2121,2122,15539852,2488796,PASS,4963,6002,10,20,2,16
XMSSMT-SHA2_20/2_256,PUB_R2,2122,2122,2123,17949500,2456185,PASS,4963,6002,10,20,2,16
XMSSMT-SHA2_20/2_256,PUB_R2,2123,2123,2124,15342334,2683167,PASS,4963,6002,10,20,2,16
XMSSMT-SHA2_20/2_256,PUB_R2,2124,2124,2125,17809333,2585204,PASS,4963,6002,10,20,2,16
XMSSMT-SHA2_20/2_256,PUB_R2,2125,2125,2126,15533112,2486722,PASS,4963,6002,10,20,2,16
XMSSMT-SHA2_20/2_256,PUB_R2,2126,2126,2127,17823852,2586648,PASS,4963,6002,10,20,2,16
XMSSMT-SHA2_20/2_256,PUB_R2,2127,2127,2128,15442241,2587944,PASS,4963,6002,10,20,2,16
XMSSMT-SHA2_20/2_256,PUB_R2,2128,2128,2129,17625814,2776666,PASS,4963,6002,10,20,2,16
XMSSMT-SHA2_20/2_256,PUB_R2,2129,2129,2130,15473166,2517852,PASS,4963,6002,10,20,2,16
XMSSMT-SHA2_20/2_256,PUB_R2,2130,2130,2131,8261871,2582241,PASS,4963,6002,10,20,2,16
XMSSMT-SHA2_20/2_256,PUB_R2,2131,2131,2132,10607870,2615481,PASS,4963,6002,10,20,2,16
XMSSMT-SHA2_20/2_256,PUB_R2,2132,2132,2133,5911814,2591148,PASS,4963,6002,10,20,2,16
XMSSMT-SHA2_20/2_256,PUB_R2,2133,2133,2134,5744241,2708778,PASS,4963,6002,10,20,2,16
XMSSMT-SHA2_20/2_256,PUB_R2,2134,2134,2135,5968907,2489889,PASS,4963,6002,10,20,2,16
XMSSMT-SHA2_20/2_256,PUB_R2,2135,2135,2136,15488945,2520537,PASS,4963,6002,10,20,2,16
XMSSMT-SHA2_20/2_256,PUB_R2,2136,2136,2137,10609186,2621204,PASS,4963,6002,10,20,2,16
XMSSMT-SHA2_20/2_256,PUB_R2,2137,2137,2138,5971740,2490870,PASS,4963,6002,10,20,2,16
XMSSMT-SHA2_20/2_256,PUB_R2,2138,2138,2139,5744760,2714056,PASS,4963,6002,10,20,2,16
XMSSMT-SHA2_20/2_256,PUB_R2,2139,2139,2140,10555333,2677167,PASS,4963,6002,10,20,2,16
XMSSMT-SHA2_20/2_256,PUB_R2,2140,2140,2141,5877278,2584556,PASS,4963,6002,10,20,2,16
XMSSMT-SHA2_20/2_256,PUB_R2,2141,2141,2142,5908685,2550945,PASS,4963,6002,10,20,2,16
XMSSMT-SHA2_20/2_256,PUB_R2,2142,2142,2143,6066944,2393333,PASS,4963,6002,10,20,2,16
XMSSMT-SHA2_20/2_256,PUB_R2,2143,2143,2144,15526093,2483407,PASS,4963,6002,10,20,2,16
XMSSMT-SHA2_20/2_256,PUB_R2,2144,2144,2145,17936981,2457240,PASS,4963,6002,10,20,2,16
XMSSMT-SHA2_20/2_256,PUB_R2,2145,2145,2146,15421000,2618630,PASS,4963,6002,10,20,2,16
XMSSMT-SHA2_20/2_256,PUB_R2,2146,2146,2147,17830982,2596870,PASS,4963,6002,10,20,2,16
XMSSMT-SHA2_20/2_256,PUB_R2,2147,2147,2148,15503778,2522074,PASS,4963,6002,10,20,2,16
XMSSMT-SHA2_20/2_256,PUB_R2,2148,2148,2149,17860130,2527315,PASS,4963,6002,10,20,2,16
XMSSMT-SHA2_20/2_256,PUB_R2,2149,2149,2150,15332889,2694315,PASS,4963,6002,10,20,2,16
XMSSMT-SHA2_20/2_256,PUB_R2,2150,2150,2151,8243797,2619889,PASS,4963,6002,10,20,2,16
XMSSMT-SHA2_20/2_256,PUB_R2,2151,2151,2152,15413760,2618463,PASS,4963,6002,10,20,2,16
XMSSMT-SHA2_20/2_256,PUB_R2,2152,2152,2153,10642037,2586370,PASS,4963,6002,10,20,2,16
XMSSMT-SHA2_20/2_256,PUB_R2,2153,2153,2154,5876630,2615833,PASS,4963,6002,10,20,2,16
XMSSMT-SHA2_20/2_256,PUB_R2,2154,2154,2155,5777352,2685130,PASS,4963,6002,10,20,2,16
XMSSMT-SHA2_20/2_256,PUB_R2,2155,2155,2156,10543500,2710426,PASS,4963,6002,10,20,2,16
XMSSMT-SHA2_20/2_256,PUB_R2,2156,2156,2157,5728556,2741814,PASS,4963,6002,10,20,2,16
XMSSMT-SHA2_20/2_256,PUB_R2,2157,2157,2158,5909222,2548481,PASS,4963,6002,10,20,2,16
XMSSMT-SHA2_20/2_256,PUB_R2,2158,2158,2159,5880815,2583778,PASS,4963,6002,10,20,2,16
XMSSMT-SHA2_20/2_256,PUB_R2,2159,2159,2160,15308074,2727259,PASS,4963,6002,10,20,2,16
XMSSMT-SHA2_20/2_256,PUB_R2,2160,2160,2161,17706408,2679833,PASS,4963,6002,10,20,2,16
XMSSMT-SHA2_20/2_256,PUB_R2,2161,2161,2162,15460759,2585130,PASS,4963,6002,10,20,2,16
XMSSMT-SHA2_20/2_256,PUB_R2,2162,2162,2163,8342722,2519149,PASS,4963,6002,10,20,2,16
XMSSMT-SHA2_20/2_256,PUB_R2,2163,2163,2164,10719463,2537574,PASS,4963,6002,10,20,2,16
XMSSMT-SHA2_20/2_256,PUB_R2,2164,2164,2165,6009963,2457222,PASS,4963,6002,10,20,2,16
XMSSMT-SHA2_20/2_256,PUB_R2,2165,2165,2166,5883314,2595500,PASS,4963,6002,10,20,2,16
XMSSMT-SHA2_20/2_256,PUB_R2,2166,2166,2167,5911722,2555241,PASS,4963,6002,10,20,2,16
XMSSMT-SHA2_20/2_256,PUB_R2,2167,2167,2168,15562648,2460111,PASS,4963,6002,10,20,2,16
XMSSMT-SHA2_20/2_256,PUB_R2,2168,2168,2169,10668592,2586611,PASS,4963,6002,10,20,2,16
XMSSMT-SHA2_20/2_256,PUB_R2,2169,2169,2170,5883648,2587722,PASS,4963,6002,10,20,2,16
XMSSMT-SHA2_20/2_256,PUB_R2,2170,2170,2171,5884241,2584315,PASS,4963,6002,10,20,2,16
XMSSMT-SHA2_20/2_256,PUB_R2,2171,2171,2172,10701500,2551092,PASS,4963,6002,10,20,2,16
XMSSMT-SHA2_20/2_256,PUB_R2,2172,2172,2173,5945834,2521629,PASS,4963,6002,10,20,2,16
XMSSMT-SHA2_20/2_256,PUB_R2,2173,2173,2174,5857056,2615500,PASS,4963,6002,10,20,2,16
XMSSMT-SHA2_20/2_256,PUB_R2,2174,2174,2175,5846796,2618666,PASS,4963,6002,10,20,2,16
XMSSMT-SHA2_20/2_256,PUB_R2,2175,2175,2176,15533407,2490759,PASS,4963,6002,10,20,2,16
XMSSMT-SHA2_20/2_256,PUB_R2,2176,2176,2177,17804092,2620722,PASS,4963,6002,10,20,2,16
XMSSMT-SHA2_20/2_256,PUB_R2,2177,2177,2178,15465296,2558963,PASS,4963,6002,10,20,2,16
XMSSMT-SHA2_20/2_256,PUB_R2,2178,2178,2179,17731907,2683537,PASS,4963,6002,10,20,2,16
XMSSMT-SHA2_20/2_256,PUB_R2,2179,2179,2180,15243575,2777833,PASS,4963,6002,10,20,2,16
XMSSMT-SHA2_20/2_256,PUB_R2,2180,2180,2181,17796833,2621481,PASS,4963,6002,10,20,2,16
XMSSMT-SHA2_20/2_256,PUB_R2,2181,2181,2182,15264537,2744186,PASS,4963,6002,10,20,2,16
XMSSMT-SHA2_20/2_256,PUB_R2,2182,2182,2183,17849722,2588759,PASS,4963,6002,10,20,2,16
XMSSMT-SHA2_20/2_256,PUB_R2,2183,2183,2184,15494907,2537462,PASS,4963,6002,10,20,2,16
XMSSMT-SHA2_20/2_256,PUB_R2,2184,2184,2185,17816092,2589352,PASS,4963,6002,10,20,2,16
XMSSMT-SHA2_20/2_256,PUB_R2,2185,2185,2186,15517260,2551259,PASS,4963,6002,10,20,2,16
XMSSMT-SHA2_20/2_256,PUB_R2,2186,2186,2187,17912334,2488278,PASS,4963,6002,10,20,2,16
XMSSMT-SHA2_20/2_256,PUB_R2,2187,2187,2188,15434740,2587074,PASS,4963,6002,10,20,2,16
XMSSMT-SHA2_20/2_256,PUB_R2,2188,2188,2189,17864722,2527740,PASS,4963,6002,10,20,2,16
XMSSMT-SHA2_20/2_256,PUB_R2,2189,2189,2190,15511648,2534649,PASS,4963,6002,10,20,2,16
XMSSMT-SHA2_20/2_256,PUB_R2,2190,2190,2191,17831037,2590241,PASS,4963,6002,10,20,2,16
XMSSMT-SHA2_20/2_256,PUB_R2,2191,2191,2192,15421296,2579963,PASS,4963,6002,10,20,2,16
XMSSMT-SHA2_20/2_256,PUB_R2,2192,2192,2193,17781722,2614833,PASS,4963,6002,10,20,2,16
XMSSMT-SHA2_20/2_256,PUB_R2,2193,2193,2194,15458833,2555612,PASS,4963,6002,10,20,2,16
XMSSMT-SHA2_20/2_256,PUB_R2,2194,2194,2195,17984592,2435000,PASS,4963,6002,10,20,2,16
XMSSMT-SHA2_20/2_256,PUB_R2,2195,2195,2196,15347593,2683370,PASS,4963,6002,10,20,2,16
XMSSMT-SHA2_20/2_256,PUB_R2,2196,2196,2197,17738648,2682556,PASS,4963,6002,10,20,2,16
XMSSMT-SHA2_20/2_256,PUB_R2,2197,2197,2198,15572481,2424148,PASS,4963,6002,10,20,2,16
XMSSMT-SHA2_20/2_256,PUB_R2,2198,2198,2199,17798222,2582037,PASS,4963,6002,10,20,2,16
XMSSMT-SHA2_20/2_256,PUB_R2,2199,2199,2200,15492722,2519611,PASS,4963,6002,10,20,2,16
XMSSMT-SHA2_20/2_256,PUB_R2,2200,2200,2201,17859556,2554019,PASS,4963,6002,10,20,2,16
XMSSMT-SHA2_20/2_256,PUB_R2,2201,2201,2202,15407463,2581074,PASS,4963,6002,10,20,2,16
XMSSMT-SHA2_20/2_256,PUB_R2,2202,2202,2203,17844037,2548777,PASS,4963,6002,10,20,2,16
XMSSMT-SHA2_20/2_256,PUB_R2,2203,2203,2204,15435944,2551852,PASS,4963,6002,10,20,2,16
XMSSMT-SHA2_20/2_256,PUB_R2,2204,2204,2205,17891797,2488408,PASS,4963,6002,10,20,2,16
XMSSMT-SHA2_20/2_256,PUB_R2,2205,2205,2206,15467241,2514204,PASS,4963,6002,10,20,2,16
XMSSMT-SHA2_20/2_256,PUB_R2,2206,2206,2207,17817278,2588334,PASS,4963,6002,10,20,2,16
XMSSMT-SHA2_20/2_256,PUB_R2,2207,2207,2208,15441296,2585000,PASS,4963,6002,10,20,2,16
XMSSMT-SHA2_20/2_256,PUB_R2,2208,2208,2209,17924740,2458167,PASS,4963,6002,10,20,2,16
XMSSMT-SHA2_20/2_256,PUB_R2,2209,2209,2210,15535000,2503260,PASS,4963,6002,10,20,2,16
XMSSMT-SHA2_20/2_256,PUB_R2,2210,2210,2211,17852704,2559722,PASS,4963,6002,10,20,2,16
XMSSMT-SHA2_20/2_256,PUB_R2,2211,2211,2212,15406426,2614667,PASS,4963,6002,10,20,2,16
XMSSMT-SHA2_20/2_256,PUB_R2,2212,2212,2213,17832630,2548982,PASS,4963,6002,10,20,2,16
XMSSMT-SHA2_20/2_256,PUB_R2,2213,2213,2214,15443963,2585833,PASS,4963,6002,10,20,2,16
XMSSMT-SHA2_20/2_256,PUB_R2,2214,2214,2215,17827723,2562685,PASS,4963,6002,10,20,2,16
XMSSMT-SHA2_20/2_256,PUB_R2,2215,2215,2216,15430908,2629297,PASS,4963,6002,10,20,2,16
XMSSMT-SHA2_20/2_256,PUB_R2,2216,2216,2217,17878296,2523408,PASS,4963,6002,10,20,2,16
XMSSMT-SHA2_20/2_256,PUB_R2,2217,2217,2218,15517759,2520482,PASS,4963,6002,10,20,2,16
XMSSMT-SHA2_20/2_256,PUB_R2,2218,2218,2219,17854037,2548703,PASS,4963,6002,10,20,2,16
XMSSMT-SHA2_20/2_256,PUB_R2,2219,2219,2220,10672629,2585000,PASS,4963,6002,10,20,2,16
XMSSMT-SHA2_20/2_256,PUB_R2,2220,2220,2221,5903055,2554241,PASS,4963,6002,10,20,2,16
XMSSMT-SHA2_20/2_256,PUB_R2,2221,2221,2222,5672629,2822444,PASS,4963,6002,10,20,2,16
XMSSMT-SHA2_20/2_256,PUB_R2,2222,2222,2223,5874149,2586333,PASS,4963,6002,10,20,2,16
XMSSMT-SHA2_20/2_256,PUB_R2,2223,2223,2224,15480000,2557092,PASS,4963,6002,10,20,2,16
XMSSMT-SHA2_20/2_256,PUB_R2,2224,2224,2225,17941723,2494296,PASS,4963,6002,10,20,2,16
XMSSMT-SHA2_20/2_256,PUB_R2,2225,2225,2226,15333037,2684334,PASS,4963,6002,10,20,2,16
XMSSMT-SHA2_20/2_256,PUB_R2,2226,2226,2227,8373111,2496666,PASS,4963,6002,10,20,2,16
XMSSMT-SHA2_20/2_256,PUB_R2,2227,2227,2228,10567463,2680926,PASS,4963,6002,10,20,2,16
XMSSMT-SHA2_20/2_256,PUB_R2,2228,2228,2229,5993463,2486463,PASS,4963,6002,10,20,2,16
XMSSMT-SHA2_20/2_256,PUB_R2,2229,2229,2230,5946444,2517926,PASS,4963,6002,10,20,2,16
XMSSMT-SHA2_20/2_256,PUB_R2,2230,2230,2231,5928463,2550444,PASS,4963,6002,10,20,2,16
XMSSMT-SHA2_20/2_256,PUB_R2,2231,2231,2232,15467130,2553778,PASS,4963,6002,10,20,2,16
XMSSMT-SHA2_20/2_256,PUB_R2,2232,2232,2233,10812241,2459574,PASS,4963,6002,10,20,2,16
XMSSMT-SHA2_20/2_256,PUB_R2,2233,2233,2234,5792370,2680574,PASS,4963,6002,10,20,2,16
XMSSMT-SHA2_20/2_256,PUB_R2,2234,2234,2235,5922148,2559574,PASS,4963,6002,10,20,2,16
XMSSMT-SHA2_20/2_256,PUB_R2,2235,2235,2236,10640462,2586575,PASS,4963,6002,10,20,2,16
XMSSMT-SHA2_20/2_256,PUB_R2,2236,2236,2237,5750315,2711407,PASS,4963,6002,10,20,2,16
XMSSMT-SHA2_20/2_256,PUB_R2,2237,2237,2238,5869222,2586926,PASS,4963,6002,10,20,2,16
XMSSMT-SHA2_20/2_256,PUB_R2,2238,2238,2239,5772185,2707019,PASS,4963,6002,10,20,2,16
XMSSMT-SHA2_20/2_256,PUB_R2,2239,2239,2240,15502407,2525870,PASS,4963,6002,10,20,2,16
XMSSMT-SHA2_20/2_256,PUB_R2,2240,2240,2241,17723130,2681203,PASS,4963,6002,10,20,2,16
XMSSMT-SHA2_20/2_256,PUB_R2,2241,2241,2242,15303204,2711592,PASS,4963,6002,10,20,2,16
XMSSMT-SHA2_20/2_256,PUB_R2,2242,2242,2243,17803389,2619389,PASS,4963,6002,10,20,2,16
XMSSMT-SHA2_20/2_256,PUB_R2,2243,2243,2244,15621241,2406334,PASS,4963,6002,10,20,2,16
XMSSMT-SHA2_20/2_256,PUB_R2,2244,2244,2245,17853518,2554556,PASS,4963,6002,10,20,2,16
XMSSMT-SHA2_20/2_256,PUB_R2,2245,2245,2246,15547686,2455259,PASS,4963,6002,10,20,2,16
XMSSMT-SHA2_20/2_256,PUB_R2,2246,2246,2247,17750815,2679574,PASS,4963,6002,10,20,2,16
XMSSMT-SHA2_20/2_256,PUB_R2,2247,2247,2248,15450963,2583778,PASS,4963,6002,10,20,2,16
XMSSMT-SHA2_20/2_256,PUB_R2,2248,2248,2249,17861445,2524388,PASS,4963,6002,10,20,2,16
XMSSMT-SHA2_20/2_256,PUB_R2,2249,2249,2250,15577556,2470778,PASS,4963,6002,10,20,2,16
XMSSMT-SHA2_20/2_256,PUB_R2,2250,2250,2251,17927037,2490851,PASS,4963,6002,10,20,2,16
XMSSMT-SHA2_20/2_256,PUB_R2,2251,2251,2252,15388760,2610278,PASS,4963,6002,10,20,2,16
XMSSMT-SHA2_20/2_256,PUB_R2,2252,2252,2253,17866722,2520834,PASS,4963,6002,10,20,2,16
XMSSMT-SHA2_20/2_256,PUB_R2,2253,2253,2254,15395093,2618666,PASS,4963,6002,10,20,2,16
XMSSMT-SHA2_20/2_256,PUB_R2,2254,2254,2255,17941889,2465333,PASS,4963,6002,10,20,2,16
XMSSMT-SHA2_20/2_256,PUB_R2,2255,2255,2256,15301982,2765371,PASS,4963,6002,10,20,2,16
XMSSMT-SHA2_20/2_256,PUB_R2,2256,2256,2257,17874630,2520093,PASS,4963,6002,10,20,2,16
XMSSMT-SHA2_20/2_256,PUB_R2,2257,2257,2258,15516074,2482444,PASS,4963,6002,10,20,2,16
XMSSMT-SHA2_20/2_256,PUB_R2,2258,2258,2259,8231130,2616075,PASS,4963,6002,10,20,2,16
XMSSMT-SHA2_20/2_256,PUB_R2,2259,2259,2260,10638759,2578166,PASS,4963,6002,10,20,2,16
XMSSMT-SHA2_20/2_256,PUB_R2,2260,2260,2261,5907278,2549056,PASS,4963,6002,10,20,2,16
XMSSMT-SHA2_20/2_256,PUB_R2,2261,2261,2262,5911148,2550648,PASS,4963,6002,10,20,2,16
XMSSMT-SHA2_20/2_256,PUB_R2,2262,2262,2263,5840148,2614981,PASS,4963,6002,10,20,2,16
XMSSMT-SHA2_20/2_256,PUB_R2,2263,2263,2264,15469056,2547037,PASS,4963,6002,10,20,2,16
XMSSMT-SHA2_20/2_256,PUB_R2,2264,2264,2265,10559889,2709037,PASS,4963,6002,10,20,2,16
XMSSMT-SHA2_20/2_256,PUB_R2,2265,2265,2266,5880019,2585334,PASS,4963,6002,10,20,2,16
XMSSMT-SHA2_20/2_256,PUB_R2,2266,2266,2267,5893703,2547722,PASS,4963,6002,10,20,2,16
XMSSMT-SHA2_20/2_256,PUB_R2,2267,2267,2268,10646574,2584333,PASS,4963,6002,10,20,2,16
XMSSMT-SHA2_20/2_256,PUB_R2,2268,2268,2269,5735222,2707111,PASS,4963,6002,10,20,2,16
XMSSMT-SHA2_20/2_256,PUB_R2,2269,2269,2270,5909241,2549945,PASS,4963,6002,10,20,2,16
XMSSMT-SHA2_20/2_256,PUB_R2,2270,2270,2271,5933055,2515630,PASS,4963,6002,10,20,2,16
XMSSMT-SHA2_20/2_256,PUB_R2,2271,2271,2272,15519482,2488537,PASS,4963,6002,10,20,2,16
XMSSMT-SHA2_20/2_256,PUB_R2,2272,2272,2273,17821833,2553185,PASS,4963,6002,10,20,2,16
XMSSMT-SHA2_20/2_256,PUB_R2,2273,2273,2274,15409592,2633018,PASS,4963,6002,10,20,2,16
XMSSMT-SHA2_20/2_256,PUB_R2,2274,2274,2275,17730037,2688778,PASS,4963,6002,10,20,2,16
XMSSMT-SHA2_20/2_256,PUB_R2,2275,2275,2276,15586685,2427315,PASS,4963,6002,10,20,2,16
XMSSMT-SHA2_20/2_256,PUB_R2,2276,2276,2277,17814260,2581556,PASS,4963,6002,10,20,2,16
XMSSMT-SHA2_20/2_256,PUB_R2,2277,2277,2278,15346074,2682723,PASS,4963,6002,10,20,2,16
XMSSMT-SHA2_20/2_256,PUB_R2,2278,2278,2279,8243388,2615741,PASS,4963,6002,10,20,2,16
XMSSMT-SHA2_20/2_256,PUB_R2,2279,2279,2280,15418426,2619148,PASS,4963,6002,10,20,2,16
XMSSMT-SHA2_20/2_256,PUB_R2,2280,2280,2281,10623703,2612352,PASS,4963,6002,10,20,2,16
XMSSMT-SHA2_20/2_256,PUB_R2,2281,2281,2282,5739111,2739556,PASS,4963,6002,10,20,2,16
XMSSMT-SHA2_20/2_256,PUB_R2,2282,2282,2283,5906185,2561815,PASS,4963,6002,10,20,2,16
XMSSMT-SHA2_20/2_256,PUB_R2,2283,2283,2284,10665333,2588074,PASS,4963,6002,10,20,2,16
XMSSMT-SHA2_20/2_256,PUB_R2,2284,2284,2285,5851297,2615703,PASS,4963,6002,10,20,2,16
XMSSMT-SHA2_20/2_256,PUB_R2,2285,2285,2286,5977518,2493445,PASS,4963,6002,10,20,2,16
XMSSMT-SHA2_20/2_256,PUB_R2,2286,2286,2287,5957981,2547203,PASS,4963,6002,10,20,2,16
XMSSMT-SHA2_20/2_256,PUB_R2,2287,2287,2288,15438148,2585833,PASS,4963,6002,10,20,2,16
XMSSMT-SHA2_20/2_256,PUB_R2,2288,2288,2289,17805407,2583593,PASS,4963,6002,10,20,2,16
XMSSMT-SHA2_20/2_256,PUB_R2,2289,2289,2290,15395556,2612222,PASS,4963,6002,10,20,2,16
XMSSMT-SHA2_20/2_256,PUB_R2,2290,2290,2291,8192445,2683759,PASS,4963,6002,10,20,2,16
XMSSMT-SHA2_20/2_256,PUB_R2,2291,2291,2292,10562926,2674648,PASS,4963,6002,10,20,2,16
XMSSMT-SHA2_20/2_256,PUB_R2,2292,2292,2293,5939852,2517630,PASS,4963,6002,10,20,2,16
XMSSMT-SHA2_20/2_256,PUB_R2,2293,2293,2294,5914667,2583870,PASS,4963,6002,10,20,2,16
XMSSMT-SHA2_20/2_256,PUB_R2,2294,2294,2295,5874555,2584167,PASS,4963,6002,10,20,2,16
XMSSMT-SHA2_20/2_256,PUB_R2,2295,2295,2296,15334481,2676334,PASS,4963,6002,10,20,2,16
XMSSMT-SHA2_20/2_256,PUB_R2,2296,2296,2297,10529129,2712075,PASS,4963,6002,10,20,2,16
XMSSMT-SHA2_20/2_256,PUB_R2,2297,2297,2298,5885204,2592685,PASS,4963,6002,10,20,2,16
XMSSMT-SHA2_20/2_256,PUB_R2,2298,2298,2299,5712518,2744260,PASS,4963,6002,10,20,2,16
XMSSMT-SHA2_20/2_256,PUB_R2,2299,2299,2300,10624092,2616667,PASS,4963,6002,10,20,2,16
XMSSMT-SHA2_20/2_256,PUB_R2,2300,2300,2301,5845500,2616778,PASS,4963,6002,10,20,2,16
XMSSMT-SHA2_20/2_256,PUB_R2,2301,2301,2302,5958130,2516278,PASS,4963,6002,10,20,2,16
XMSSMT-SHA2_20/2_256,PUB_R2,2302,2302,2303,5715851,2747481,PASS,4963,6002,10,20,2,16
XMSSMT-SHA2_20/2_256,PUB_R2,2303,2303,2304,15506204,2566834,PASS,4963,6002,10,20,2,16
XMSSMT-SHA2_20/2_256,PUB_R2,2304,2304,2305,17826018,2587445,PASS,4963,6002,10,20,2,16
XMSSMT-SHA2_20/2_256,PUB_R2,2305,2305,2306,15440296,2588629,PASS,4963,6002,10,20,2,16
XMSSMT-SHA2_20/2_256,PUB_R2,2306,2306,2307,17894907,2523425,PASS,4963,6002,10,20,2,16
XMSSMT-SHA2_20/2_256,PUB_R2,2307,2307,2308,15341612,2679241,PASS,4963,6002,10,20,2,16
XMSSMT-SHA2_20/2_256,PUB_R2,2308,2308,2309,17957370,2461926,PASS,4963,6002,10,20,2,16
XMSSMT-SHA2_20/2_256,PUB_R2,2309,2309,2310,15476482,2567889,PASS,4963,6002,10,20,2,16
XMSSMT-SHA2_20/2_256,PUB_R2,2310,2310,2311,17865963,2558574,PASS,4963,6002,10,20,2,16
XMSSMT-SHA2_20/2_256,PUB_R2,2311,2311,2312,15425111,2615333,PASS,4963,6002,10,20,2,16
XMSSMT-SHA2_20/2_256,PUB_R2,2312,2312,2313,17841574,2553519,PASS,4963,6002,10,20,2,16
XMSSMT-SHA2_20/2_256,PUB_R2,2313,2313,2314,15332426,2681408,PASS,4963,6002,10,20,2,16
XMSSMT-SHA2_20/2_256,PUB_R2,2314,2314,2315,17969871,2490500,PASS,4963,6002,10,20,2,16
XMSSMT-SHA2_20/2_256,PUB_R2,2315,2315,2316,15570889,2463574,PASS,4963,6002,10,20,2,16
XMSSMT-SHA2_20/2_256,PUB_R2,2316,2316,2317,17785092,2629333,PASS,4963,6002,10,20,2,16
XMSSMT-SHA2_20/2_256,PUB_R2,2317,2317,2318,15474260,2553796,PASS,4963,6002,10,20,2,16
XMSSMT-SHA2_20/2_256,PUB_R2,2318,2318,2319,17906297,2552907,PASS,4963,6002,10,20,2,16
XMSSMT-SHA2_20/2_256,PUB_R2,2319,2319,2320,15493426,2556111,PASS,4963,6002,10,20,2,16
XMSSMT-SHA2_20/2_256,PUB_R2,2320,2320,2321,17677592,2713278,PASS,4963,6002,10,20,2,16
XMSSMT-SHA2_20/2_256,PUB_R2,2321,2321,2322,15366185,2686408,PASS,4963,6002,10,20,2,16
XMSSMT-SHA2_20/2_256,PUB_R2,2322,2322,2323,17911815,2539278,PASS,4963,6002,10,20,2,16
XMSSMT-SHA2_20/2_256,PUB_R2,2323,2323,2324,15405815,2633148,PASS,4963,6002,10,20,2,16
XMSSMT-SHA2_20/2_256,PUB_R2,2324,2324,2325,17883370,2520611,PASS,4963,6002,10,20,2,16
XMSSMT-SHA2_20/2_256,PUB_R2,2325,2325,2326,15455908,2553963,PASS,4963,6002,10,20,2,16
XMSSMT-SHA2_20/2_256,PUB_R2,2326,2326,2327,17785537,2616111,PASS,4963,6002,10,20,2,16
XMSSMT-SHA2_20/2_256,PUB_R2,2327,2327,2328,15515667,2615500,PASS,4963,6002,10,20,2,16
XMSSMT-SHA2_20/2_256,PUB_R2,2328,2328,2329,17818315,2597574,PASS,4963,6002,10,20,2,16
XMSSMT-SHA2_20/2_256,PUB_R2,2329,2329,2330,15425703,2586370,PASS,4963,6002,10,20,2,16
XMSSMT-SHA2_20/2_256,PUB_R2,2330,2330,2331,17818482,2627889,PASS,4963,6002,10,20,2,16
XMSSMT-SHA2_20/2_256,PUB_R2,2331,2331,2332,15224944,2773648,PASS,4963,6002,10,20,2,16
XMSSMT-SHA2_20/2_256,PUB_R2,2332,2332,2333,17636963,2744185,PASS,4963,6002,10,20,2,16
XMSSMT-SHA2_20/2_256,PUB_R2,2333,2333,2334,15488463,2515834,PASS,4963,6002,10,20,2,16
XMSSMT-SHA2_20/2_256,PUB_R2,2334,2334,2335,17822944,2587703,PASS,4963,6002,10,20,2,16
XMSSMT-SHA2_20/2_256,PUB_R2,2335,2335,2336,15368314,2689277,PASS,4963,6002,10,20,2,16
XMSSMT-SHA2_20/2_256,PUB_R2,2336,2336,2337,17875277,2528260,PASS,4963,6002,10,20,2,16
XMSSMT-SHA2_20/2_256,PUB_R2,2337,2337,2338,15493204,2522722,PASS,4963,6002,10,20,2,16
XMSSMT-SHA2_20/2_256,PUB_R2,2338,2338,2339,17903019,2520907,PASS,4963,6002,10,20,2,16
XMSSMT-SHA2_20/2_256,PUB_R2,2339,2339,2340,15444741,2589963,PASS,4963,6002,10,20,2,16
XMSSMT-SHA2_20/2_256,PUB_R2,2340,2340,2341,17716055,2677556,PASS,4963,6002,10,20,2,16
XMSSMT-SHA2_20/2_256,PUB_R2,2341,2341,2342,15527889,2500074,PASS,4963,6002,10,20,2,16
XMSSMT-SHA2_20/2_256,PUB_R2,2342,2342,2343,17846982,2567463,PASS,4963,6002,10,20,2,16
XMSSMT-SHA2_20/2_256,PUB_R2,2343,2343,2344,15528370,2486389,PASS,4963,6002,10,20,2,16
XMSSMT-SHA2_20/2_256,PUB_R2,2344,2344,2345,17716203,2677889,PASS,4963,6002,10,20,2,16
XMSSMT-SHA2_20/2_256,PUB_R2,2345,2345,2346,15478500,2577870,PASS,4963,6002,10,20,2,16
XMSSMT-SHA2_20/2_256,PUB_R2,2346,2346,2347,17916889,2491852,PASS,4963,6002,10,20,2,16
XMSSMT-SHA2_20/2_256,PUB_R2,2347,2347,2348,15454685,2553963,PASS,4963,6002,10,20,2,16
XMSSMT-SHA2_20/2_256,PUB_R2,2348,2348,2349,17914797,2498426,PASS,4963,6002,10,20,2,16
XMSSMT-SHA2_20/2_256,PUB_R2,2349,2349,2350,15477481,2548648,PASS,4963,6002,10,20,2,16
XMSSMT-SHA2_20/2_256,PUB_R2,2350,2350,2351,17898722,2521722,PASS,4963,6002,10,20,2,16
XMSSMT-SHA2_20/2_256,PUB_R2,2351,2351,2352,15347666,2680611,PASS,4963,6002,10,20,2,16
XMSSMT-SHA2_20/2_256,PUB_R2,2352,2352,2353,17908833,2490093,PASS,4963,6002,10,20,2,16
XMSSMT-SHA2_20/2_256,PUB_R2,2353,2353,2354,15438722,2582685,PASS,4963,6002,10,20,2,16
XMSSMT-SHA2_20/2_256,PUB_R2,2354,2354,2355,17894537,2522240,PASS,4963,6002,10,20,2,16
XMSSMT-SHA2_20/2_256,PUB_R2,2355,2355,2356,15436519,2629148,PASS,4963,6002,10,20,2,16
XMSSMT-SHA2_20/2_256,PUB_R2,2356,2356,2357,17844741,2555851,PASS,4963,6002,10,20,2,16
XMSSMT-SHA2_20/2_256,PUB_R2,2357,2357,2358,15471277,2553537,PASS,4963,6002,10,20,2,16
XMSSMT-SHA2_20/2_256,PUB_R2,2358,2358,2359,17720630,2679056,PASS,4963,6002,10,20,2,16
XMSSMT-SHA2_20/2_256,PUB_R2,2359,2359,2360,15471056,2550963,PASS,4963,6002,10,20,2,16
XMSSMT-SHA2_20/2_256,PUB_R2,2360,2360,2361,17781796,2615370,PASS,4963,6002,10,20,2,16
XMSSMT-SHA2_20/2_256,PUB_R2,2361,2361,2362,15481129,2568556,PASS,4963,6002,10,20,2,16
XMSSMT-SHA2_20/2_256,PUB_R2,2362,2362,2363,17919944,2492481,PASS,4963,6002,10,20,2,16
XMSSMT-SHA2_20/2_256,PUB_R2,2363,2363,2364,15451056,2585481,PASS,4963,6002,10,20,2,16
XMSSMT-SHA2_20/2_256,PUB_R2,2364,2364,2365,17874389,2520648,PASS,4963,6002,10,20,2,16
XMSSMT-SHA2_20/2_256,PUB_R2,2365,2365,2366,15466981,2578370,PASS,4963,6002,10,20,2,16
XMSSMT-SHA2_20/2_256,PUB_R2,2366,2366,2367,17878425,2553074,PASS,4963,6002,10,20,2,16
XMSSMT-SHA2_20/2_256,PUB_R2,2367,2367,2368,15457129,2592000,PASS,4963,6002,10,20,2,16
XMSSMT-SHA2_20/2_256,PUB_R2,2368,2368,2369,17915981,2500074,PASS,4963,6002,10,20,2,16
XMSSMT-SHA2_20/2_256,PUB_R2,2369,2369,2370,15406611,2615000,PASS,4963,6002,10,20,2,16
XMSSMT-SHA2_20/2_256,PUB_R2,2370,2370,2371,17988704,2422277,PASS,4963,6002,10,20,2,16
XMSSMT-SHA2_20/2_256,PUB_R2,2371,2371,2372,15316945,2714111,PASS,4963,6002,10,20,2,16
XMSSMT-SHA2_20/2_256,PUB_R2,2372,2372,2373,17815092,2585389,PASS,4963,6002,10,20,2,16
XMSSMT-SHA2_20/2_256,PUB_R2,2373,2373,2374,15507574,2528574,PASS,4963,6002,10,20,2,16
XMSSMT-SHA2_20/2_256,PUB_R2,2374,2374,2375,17714166,2730815,PASS,4963,6002,10,20,2,16
XMSSMT-SHA2_20/2_256,PUB_R2,2375,2375,2376,15316574,2724723,PASS,4963,6002,10,20,2,16
XMSSMT-SHA2_20/2_256,PUB_R2,2376,2376,2377,17802186,2578704,PASS,4963,6002,10,20,2,16
XMSSMT-SHA2_20/2_256,PUB_R2,2377,2377,2378,15337889,2681259,PASS,4963,6002,10,20,2,16
XMSSMT-SHA2_20/2_256,PUB_R2,2378,2378,2379,17866315,2521537,PASS,4963,6002,10,20,2,16
XMSSMT-SHA2_20/2_256,PUB_R2,2379,2379,2380,15419611,2582092,PASS,4963,6002,10,20,2,16
XMSSMT-SHA2_20/2_256,PUB_R2,2380,2380,2381,17775685,2615166,PASS,4963,6002,10,20,2,16
XMSSMT-SHA2_20/2_256,PUB_R2,2381,2381,2382,15399277,2617648,PASS,4963,6002,10,20,2,16
XMSSMT-SHA2_20/2_256,PUB_R2,2382,2382,2383,17791296,2616055,PASS,4963,6002,10,20,2,16
XMSSMT-SHA2_20/2_256,PUB_R2,2383,2383,2384,15410074,2581277,PASS,4963,6002,10,20,2,16
XMSSMT-SHA2_20/2_256,PUB_R2,2384,2384,2385,17836500,2582907,PASS,4963,6002,10,20,2,16
XMSSMT-SHA2_20/2_256,PUB_R2,2385,2385,2386,15513629,2484704,PASS,4963,6002,10,20,2,16
XMSSMT-SHA2_20/2_256,PUB_R2,2386,2386,2387,17796000,2580685,PASS,4963,6002,10,20,2,16
XMSSMT-SHA2_20/2_256,PUB_R2,2387,2387,2388,15423963,2629038,PASS,4963,6002,10,20,2,16
XMSSMT-SHA2_20/2_256,PUB_R2,2388,2388,2389,17686463,2716333,PASS,4963,6002,10,20,2,16
XMSSMT-SHA2_20/2_256,PUB_R2,2389,2389,2390,15535037,2488056,PASS,4963,6002,10,20,2,16
XMSSMT-SHA2_20/2_256,PUB_R2,2390,2390,2391,17729630,2684352,PASS,4963,6002,10,20,2,16
XMSSMT-SHA2_20/2_256,PUB_R2,2391,2391,2392,15553055,2456815,PASS,4963,6002,10,20,2,16
XMSSMT-SHA2_20/2_256,PUB_R2,2392,2392,2393,17677111,2714204,PASS,4963,6002,10,20,2,16
XMSSMT-SHA2_20/2_256,PUB_R2,2393,2393,2394,15477426,2556648,PASS,4963,6002,10,20,2,16
XMSSMT-SHA2_20/2_256,PUB_R2,2394,2394,2395,17803074,2594611,PASS,4963,6002,10,20,2,16
XMSSMT-SHA2_20/2_256,PUB_R2,2395,2395,2396,15432944,2582445,PASS,4963,6002,10,20,2,16
XMSSMT-SHA2_20/2_256,PUB_R2,2396,2396,2397,17767185,2614463,PASS,4963,6002,10,20,2,16
XMSSMT-SHA2_20/2_256,PUB_R2,2397,2397,2398,15555851,2492388,PASS,4963,6002,10,20,2,16
XMSSMT-SHA2_20/2_256,PUB_R2,2398,2398,2399,17703444,2713500,PASS,4963,6002,10,20,2,16
XMSSMT-SHA2_20/2_256,PUB_R2,2399,2399,2400,15375371,2680278,PASS,4963,6002,10,20,2,16
XMSSMT-SHA2_20/2_256,PUB_R2,2400,2400,2401,17718981,2693352,PASS,4963,6002,10,20,2,16
XMSSMT-SHA2_20/2_256,PUB_R2,2401,2401,2402,15536185,2505037,PASS,4963,6002,10,20,2,16
XMSSMT-SHA2_20/2_256,PUB_R2,2402,2402,2403,17935537,2489093,PASS,4963,6002,10,20,2,16
XMSSMT-SHA2_20/2_256,PUB_R2,2403,2403,2404,15443592,2587426,PASS,4963,6002,10,20,2,16
XMSSMT-SHA2_20/2_256,PUB_R2,2404,2404,2405,17742482,2685518,PASS,4963,6002,10,20,2,16
XMSSMT-SHA2_20/2_256,PUB_R2,2405,2405,2406,15508296,2516074,PASS,4963,6002,10,20,2,16
XMSSMT-SHA2_20/2_256,PUB_R2,2406,2406,2407,17858703,2554944,PASS,4963,6002,10,20,2,16
XMSSMT-SHA2_20/2_256,PUB_R2,2407,2407,2408,15499648,2567148,PASS,4963,6002,10,20,2,16
XMSSMT-SHA2_20/2_256,PUB_R2,2408,2408,2409,17978686,2434037,PASS,4963,6002,10,20,2,16
XMSSMT-SHA2_20/2_256,PUB_R2,2409,2409,2410,15446759,2586351,PASS,4963,6002,10,20,2,16
XMSSMT-SHA2_20/2_256,PUB_R2,2410,2410,2411,17843148,2586500,PASS,4963,6002,10,20,2,16
XMSSMT-SHA2_20/2_256,PUB_R2,2411,2411,2412,10765444,2493222,PASS,4963,6002,10,20,2,16
XMSSMT-SHA2_20/2_256,PUB_R2,2412,2412,2413,5977148,2490389,PASS,4963,6002,10,20,2,16
XMSSMT-SHA2_20/2_256,PUB_R2,2413,2413,2414,6086093,2391944,PASS,4963,6002,10,20,2,16
XMSSMT-SHA2_20/2_256,PUB_R2,2414,2414,2415,5912371,2556444,PASS,4963,6002,10,20,2,16
XMSSMT-SHA2_20/2_256,PUB_R2,2415,2415,2416,15420481,2630703,PASS,4963,6002,10,20,2,16
XMSSMT-SHA2_20/2_256,PUB_R2,2416,2416,2417,17822537,2592389,PASS,4963,6002,10,20,2,16
XMSSMT-SHA2_20/2_256,PUB_R2,2417,2417,2418,15504000,2519963,PASS,4963,6002,10,20,2,16
XMSSMT-SHA2_20/2_256,PUB_R2,2418,2418,2419,8270185,2588074,PASS,4963,6002,10,20,2,16
XMSSMT-SHA2_20/2_256,PUB_R2,2419,2419,2420,10551926,2712333,PASS,4963,6002,10,20,2,16
XMSSMT-SHA2_20/2_256,PUB_R2,2420,2420,2421,5841222,2681926,PASS,4963,6002,10,20,2,16
XMSSMT-SHA2_20/2_256,PUB_R2,2421,2421,2422,5976944,2490555,PASS,4963,6002,10,20,2,16
XMSSMT-SHA2_20/2_256,PUB_R2,2422,2422,2423,5861889,2620389,PASS,4963,6002,10,20,2,16
XMSSMT-SHA2_20/2_256,PUB_R2,2423,2423,2424,15646019,2391444,PASS,4963,6002,10,20,2,16
XMSSMT-SHA2_20/2_256,PUB_R2,2424,2424,2425,10444704,2817000,PASS,4963,6002,10,20,2,16
XMSSMT-SHA2_20/2_256,PUB_R2,2425,2425,2426,5850907,2617685,PASS,4963,6002,10,20,2,16
XMSSMT-SHA2_20/2_256,PUB_R2,2426,2426,2427,5953593,2536425,PASS,4963,6002,10,20,2,16
XMSSMT-SHA2_20/2_256,PUB_R2,2427,2427,2428,10562611,2685778,PASS,4963,6002,10,20,2,16
XMSSMT-SHA2_20/2_256,PUB_R2,2428,2428,2429,5901592,2585019,PASS,4963,6002,10,20,2,16
XMSSMT-SHA2_20/2_256,PUB_R2,2429,2429,2430,5949055,2548037,PASS,4963,6002,10,20,2,16
XMSSMT-SHA2_20/2_256,PUB_R2,2430,2430,2431,5913741,2553833,PASS,4963,6002,10,20,2,16
XMSSMT-SHA2_20/2_256,PUB_R2,2431,2431,2432,15588741,2456963,PASS,4963,6002,10,20,2,16
XMSSMT-SHA2_20/2_256,PUB_R2,2432,2432,2433,17814333,2585463,PASS,4963,6002,10,20,2,16
XMSSMT-SHA2_20/2_256,PUB_R2,2433,2433,2434,15423852,2623019,PASS,4963,6002,10,20,2,16
XMSSMT-SHA2_20/2_256,PUB_R2,2434,2434,2435,17757963,2700611,PASS,4963,6002,10,20,2,16
XMSSMT-SHA2_20/2_256,PUB_R2,2435,2435,2436,15490963,2553296,PASS,4963,6002,10,20,2,16
XMSSMT-SHA2_20/2_256,PUB_R2,2436,2436,2437,17847093,2552852,PASS,4963,6002,10,20,2,16
XMSSMT-SHA2_20/2_256,PUB_R2,2437,2437,2438,15343481,2683926,PASS,4963,6002,10,20,2,16
XMSSMT-SHA2_20/2_256,PUB_R2,2438,2438,2439,17892371,2518815,PASS,4963,6002,10,20,2,16
XMSSMT-SHA2_20/2_256,PUB_R2,2439,2439,2440,15394075,2616481,PASS,4963,6002,10,20,2,16
XMSSMT-SHA2_20/2_256,PUB_R2,2440,2440,2441,17833667,2554167,PASS,4963,6002,10,20,2,16
XMSSMT-SHA2_20/2_256,PUB_R2,2441,2441,2442,15433629,2580611,PASS,4963,6002,10,20,2,16
XMSSMT-SHA2_20/2_256,PUB_R2,2442,2442,2443,17691334,2709481,PASS,4963,6002,10,20,2,16
XMSSMT-SHA2_20/2_256,PUB_R2,2443,2443,2444,15430129,2583722,PASS,4963,6002,10,20,2,16
XMSSMT-SHA2_20/2_256,PUB_R2,2444,2444,2445,17907352,2489833,PASS,4963,6002,10,20,2,16
XMSSMT-SHA2_20/2_256,PUB_R2,2445,2445,2446,15698463,2359889,PASS,4963,6002,10,20,2,16
XMSSMT-SHA2_20/2_256,PUB_R2,2446,2446,2447,17893629,2564370,PASS,4963,6002,10,20,2,16
XMSSMT-SHA2_20/2_256,PUB_R2,2447,2447,2448,15460500,2595944,PASS,4963,6002,10,20,2,16
XMSSMT-SHA2_20/2_256,PUB_R2,2448,2448,2449,17850667,2547852,PASS,4963,6002,10,20,2,16
XMSSMT-SHA2_20/2_256,PUB_R2,2449,2449,2450,15571778,2465778,PASS,4963,6002,10,20,2,16
XMSSMT-SHA2_20/2_256,PUB_R2,2450,2450,2451,17943815,2458130,PASS,4963,6002,10,20,2,16
XMSSMT-SHA2_20/2_256,PUB_R2,2451,2451,2452,15341203,2680648,PASS,4963,6002,10,20,2,16
XMSSMT-SHA2_20/2_256,PUB_R2,2452,2452,2453,17827277,2586167,PASS,4963,6002,10,20,2,16
XMSSMT-SHA2_20/2_256,PUB_R2,2453,2453,2454,15420074,2627333,PASS,4963,6002,10,20,2,16
XMSSMT-SHA2_20/2_256,PUB_R2,2454,2454,2455,18019074,2444241,PASS,4963,6002,10,20,2,16
XMSSMT-SHA2_20/2_256,PUB_R2,2455,2455,2456,15442445,2585611,PASS,4963,6002,10,20,2,16
XMSSMT-SHA2_20/2_256,PUB_R2,2456,2456,2457,17889519,2524500,PASS,4963,6002,10,20,2,16
XMSSMT-SHA2_20/2_256,PUB_R2,2457,2457,2458,15452130,2583370,PASS,4963,6002,10,20,2,16
XMSSMT-SHA2_20/2_256,PUB_R2,2458,2458,2459,17709685,2710963,PASS,4963,6002,10,20,2,16
XMSSMT-SHA2_20/2_256,PUB_R2,2459,2459,2460,15540241,2493166,PASS,4963,6002,10,20,2,16
XMSSMT-SHA2_20/2_256,PUB_R2,2460,2460,2461,17884278,2573333,PASS,4963,6002,10,20,2,16
XMSSMT-SHA2_20/2_256,PUB_R2,2461,2461,2462,15501574,2520445,PASS,4963,6002,10,20,2,16
XMSSMT-SHA2_20/2_256,PUB_R2,2462,2462,2463,17828333,2587315,PASS,4963,6002,10,20,2,16
XMSSMT-SHA2_20/2_256,PUB_R2,2463,2463,2464,15485018,2555111,PASS,4963,6002,10,20,2,16
XMSSMT-SHA2_20/2_256,PUB_R2,2464,2464,2465,17814111,2583222,PASS,4963,6002,10,20,2,16
XMSSMT-SHA2_20/2_256,PUB_R2,2465,2465,2466,15512166,2555982,PASS,4963,6002,10,20,2,16
XMSSMT-SHA2_20/2_256,PUB_R2,2466,2466,2467,17882185,2570963,PASS,4963,6002,10,20,2,16
XMSSMT-SHA2_20/2_256,PUB_R2,2467,2467,2468,15345722,2678500,PASS,4963,6002,10,20,2,16
XMSSMT-SHA2_20/2_256,PUB_R2,2468,2468,2469,17951741,2489945,PASS,4963,6002,10,20,2,16
XMSSMT-SHA2_20/2_256,PUB_R2,2469,2469,2470,15446000,2586963,PASS,4963,6002,10,20,2,16
XMSSMT-SHA2_20/2_256,PUB_R2,2470,2470,2471,17841445,2587092,PASS,4963,6002,10,20,2,16
XMSSMT-SHA2_20/2_256,PUB_R2,2471,2471,2472,15547741,2488445,PASS,4963,6002,10,20,2,16
XMSSMT-SHA2_20/2_256,PUB_R2,2472,2472,2473,17663981,2756834,PASS,4963,6002,10,20,2,16
XMSSMT-SHA2_20/2_256,PUB_R2,2473,2473,2474,15486704,2554611,PASS,4963,6002,10,20,2,16
XMSSMT-SHA2_20/2_256,PUB_R2,2474,2474,2475,17888611,2551870,PASS,4963,6002,10,20,2,16
XMSSMT-SHA2_20/2_256,PUB_R2,2475,2475,2476,10665667,2605889,PASS,4963,6002,10,20,2,16
XMSSMT-SHA2_20/2_256,PUB_R2,2476,2476,2477,5715889,2744389,PASS,4963,6002,10,20,2,16
XMSSMT-SHA2_20/2_256,PUB_R2,2477,2477,2478,5727370,2762889,PASS,4963,6002,10,20,2,16
XMSSMT-SHA2_20/2_256,PUB_R2,2478,2478,2479,5911704,2553722,PASS,4963,6002,10,20,2,16
XMSSMT-SHA2_20/2_256,PUB_R2,2479,2479,2480,15412778,2614759,PASS,4963,6002,10,20,2,16
XMSSMT-SHA2_20/2_256,PUB_R2,2480,2480,2481,17724981,2726796,PASS,4963,6002,10,20,2,16
XMSSMT-SHA2_20/2_256,PUB_R2,2481,2481,2482,15451593,2592240,PASS,4963,6002,10,20,2,16
XMSSMT-SHA2_20/2_256,PUB_R2,2482,2482,2483,8387148,2492759,PASS,4963,6002,10,20,2,16
XMSSMT-SHA2_20/2_256,PUB_R2,2483,2483,2484,10570944,2684074,PASS,4963,6002,10,20,2,16
XMSSMT-SHA2_20/2_256,PUB_R2,2484,2484,2485,5845111,2618407,PASS,4963,6002,10,20,2,16
XMSSMT-SHA2_20/2_256,PUB_R2,2485,2485,2486,5869185,2616408,PASS,4963,6002,10,20,2,16
XMSSMT-SHA2_20/2_256,PUB_R2,2486,2486,2487,5914185,2571445,PASS,4963,6002,10,20,2,16
XMSSMT-SHA2_20/2_256,PUB_R2,2487,2487,2488,15245963,2791981,PASS,4963,6002,10,20,2,16
XMSSMT-SHA2_20/2_256,PUB_R2,2488,2488,2489,10753556,2489092,PASS,4963,6002,10,20,2,16
XMSSMT-SHA2_20/2_256,PUB_R2,2489,2489,2490,5995723,2487648,PASS,4963,6002,10,20,2,16
XMSSMT-SHA2_20/2_256,PUB_R2,2490,2490,2491,5757741,2723556,PASS,4963,6002,10,20,2,16
XMSSMT-SHA2_20/2_256,PUB_R2,2491,2491,2492,10760926,2490797,PASS,4963,6002,10,20,2,16
XMSSMT-SHA2_20/2_256,PUB_R2,2492,2492,2493,5948574,2533926,PASS,4963,6002,10,20,2,16
XMSSMT-SHA2_20/2_256,PUB_R2,2493,2493,2494,5881000,2584351,PASS,4963,6002,10,20,2,16
XMSSMT-SHA2_20/2_256,PUB_R2,2494,2494,2495,5850722,2618611,PASS,4963,6002,10,20,2,16
XMSSMT-SHA2_20/2_256,PUB_R2,2495,2495,2496,15463223,2622371,PASS,4963,6002,10,20,2,16
XMSSMT-SHA2_20/2_256,PUB_R2,2496,2496,2497,17802093,2586074,PASS,4963,6002,10,20,2,16
XMSSMT-SHA2_20/2_256,PUB_R2,2497,2497,2498,15490426,2520574,PASS,4963,6002,10,20,2,16
XMSSMT-SHA2_20/2_256,PUB_R2,2498,2498,2499,17900630,2486981,PASS,4963,6002,10,20,2,16
XMSSMT-SHA2_20/2_256,PUB_R2,2499,2499,2500,15462241,2555981,PASS,4963,6002,10,20,2,16
XMSSMT-SHA2_20/2_256,PUB_R2,2500,2500,2501,17839574,2556815,PASS,4963,6002,10,20,2,16
XMSSMT-SHA2_20/2_256,PUB_R2,2501,2501,2502,15431222,2584241,PASS,4963,6002,10,20,2,16
XMSSMT-SHA2_20/2_256,PUB_R2,2502,2502,2503,17824852,2584426,PASS,4963,6002,10,20,2,16
XMSSMT-SHA2_20/2_256,PUB_R2,2503,2503,2504,15396556,2613722,PASS,4963,6002,10,20,2,16
XMSSMT-SHA2_20/2_256,PUB_R2,2504,2504,2505,17841444,2552870,PASS,4963,6002,10,20,2,16
XMSSMT-SHA2_20/2_256,PUB_R2,2505,2505,2506,15560500,2458537,PASS,4963,6002,10,20,2,16
XMSSMT-SHA2_20/2_256,PUB_R2,2506,2506,2507,17945648,2531519,PASS,4963,6002,10,20,2,16
XMSSMT-SHA2_20/2_256,PUB_R2,2507,2507,2508,15512537,2517611,PASS,4963,6002,10,20,2,16
XMSSMT-SHA2_20/2_256,PUB_R2,2508,2508,2509,17917889,2490685,PASS,4963,6002,10,20,2,16
XMSSMT-SHA2_20/2_256,PUB_R2,2509,2509,2510,15571296,2463019,PASS,4963,6002,10,20,2,16
XMSSMT-SHA2_20/2_256,PUB_R2,2510,2510,2511,17887056,2518259,PASS,4963,6002,10,20,2,16
XMSSMT-SHA2_20/2_256,PUB_R2,2511,2511,2512,15368945,2686593,PASS,4963,6002,10,20,2,16
XMSSMT-SHA2_20/2_256,PUB_R2,2512,2512,2513,17787981,2625778,PASS,4963,6002,10,20,2,16
XMSSMT-SHA2_20/2_256,PUB_R2,2513,2513,2514,15516223,2560574,PASS,4963,6002,10,20,2,16
XMSSMT-SHA2_20/2_256,PUB_R2,2514,2514,2515,8273852,2585648,PASS,4963,6002,10,20,2,16
XMSSMT-SHA2_20/2_256,PUB_R2,2515,2515,2516,10758352,2488149,PASS,4963,6002,10,20,2,16
XMSSMT-SHA2_20/2_256,PUB_R2,2516,2516,2517,5968833,2491222,PASS,4963,6002,10,20,2,16
XMSSMT-SHA2_20/2_256,PUB_R2,2517,2517,2518,5963555,2527871,PASS,4963,6002,10,20,2,16
XMSSMT-SHA2_20/2_256,PUB_R2,2518,2518,2519,5971777,2505074,PASS,4963,6002,10,20,2,16
XMSSMT-SHA2_20/2_256,PUB_R2,2519,2519,2520,15472796,2558334,PASS,4963,6002,10,20,2,16
XMSSMT-SHA2_20/2_256,PUB_R2,2520,2520,2521,10707055,2565592,PASS,4963,6002,10,20,2,16
XMSSMT-SHA2_20/2_256,PUB_R2,2521,2521,2522,5921093,2553814,PASS,4963,6002,10,20,2,16
XMSSMT-SHA2_20/2_256,PUB_R2,2522,2522,2523,5939352,2534537,PASS,4963,6002,10,20,2,16
XMSSMT-SHA2_20/2_256,PUB_R2,2523,2523,2524,10673259,2588500,PASS,4963,6002,10,20,2,16
XMSSMT-SHA2_20/2_256,PUB_R2,2524,2524,2525,5868463,2616537,PASS,4963,6002,10,20,2,16
XMSSMT-SHA2_20/2_256,PUB_R2,2525,2525,2526,5914963,2550796,PASS,4963,6002,10,20,2,16
XMSSMT-SHA2_20/2_256,PUB_R2,2526,2526,2527,5922371,2552259,PASS,4963,6002,10,20,2,16
XMSSMT-SHA2_20/2_256,PUB_R2,2527,2527,2528,15476463,2598797,PASS,4963,6002,10,20,2,16
XMSSMT-SHA2_20/2_256,PUB_R2,2528,2528,2529,17730019,2682722,PASS,4963,6002,10,20,2,16
XMSSMT-SHA2_20/2_256,PUB_R2,2529,2529,2530,15517315,2521760,PASS,4963,6002,10,20,2,16
XMSSMT-SHA2_20/2_256,PUB_R2,2530,2530,2531,17938426,2462796,PASS,4963,6002,10,20,2,16
XMSSMT-SHA2_20/2_256,PUB_R2,2531,2531,2532,15506778,2525889,PASS,4963,6002,10,20,2,16
XMSSMT-SHA2_20/2_256,PUB_R2,2532,2532,2533,17880834,2553056,PASS,4963,6002,10,20,2,16
XMSSMT-SHA2_20/2_256,PUB_R2,2533,2533,2534,15611000,2426797,PASS,4963,6002,10,20,2,16
XMSSMT-SHA2_20/2_256,PUB_R2,2534,2534,2535,8334297,2530741,PASS,4963,6002,10,20,2,16
XMSSMT-SHA2_20/2_256,PUB_R2,2535,2535,2536,15236759,2786519,PASS,4963,6002,10,20,2,16
XMSSMT-SHA2_20/2_256,PUB_R2,2536,2536,2537,10688889,2549056,PASS,4963,6002,10,20,2,16
XMSSMT-SHA2_20/2_256,PUB_R2,2537,2537,2538,5897612,2587074,PASS,4963,6002,10,20,2,16
XMSSMT-SHA2_20/2_256,PUB_R2,2538,2538,2539,5878185,2587167,PASS,4963,6002,10,20,2,16
XMSSMT-SHA2_20/2_256,PUB_R2,2539,2539,2540,10574130,2683426,PASS,4963,6002,10,20,2,16
XMSSMT-SHA2_20/2_256,PUB_R2,2540,2540,2541,5942371,2540685,PASS,4963,6002,10,20,2,16
XMSSMT-SHA2_20/2_256,PUB_R2,2541,2541,2542,5919111,2550871,PASS,4963,6002,10,20,2,16
XMSSMT-SHA2_20/2_256,PUB_R2,2542,2542,2543,5881482,2583445,PASS,4963,6002,10,20,2,16
XMSSMT-SHA2_20/2_256,PUB_R2,2543,2543,2544,15417555,2622000,PASS,4963,6002,10,20,2,16
XMSSMT-SHA2_20/2_256,PUB_R2,2544,2544,2545,17816612,2581981,PASS,4963,6002,10,20,2,16
XMSSMT-SHA2_20/2_256,PUB_R2,2545,2545,2546,15510926,2520204,PASS,4963,6002,10,20,2,16
XMSSMT-SHA2_20/2_256,PUB_R2,2546,2546,2547,8346074,2520426,PASS,4963,6002,10,20,2,16
XMSSMT-SHA2_20/2_256,PUB_R2,2547,2547,2548,10512889,2753796,PASS,4963,6002,10,20,2,16
XMSSMT-SHA2_20/2_256,PUB_R2,2548,2548,2549,5861148,2617334,PASS,4963,6002,10,20,2,16
XMSSMT-SHA2_20/2_256,PUB_R2,2549,2549,2550,6002648,2506574,PASS,4963,6002,10,20,2,16
XMSSMT-SHA2_20/2_256,PUB_R2,2550,2550,2551,5919814,2553908,PASS,4963,6002,10,20,2,16
XMSSMT-SHA2_20/2_256,PUB_R2,2551,2551,2552,15411944,2619093,PASS,4963,6002,10,20,2,16
XMSSMT-SHA2_20/2_256,PUB_R2,2552,2552,2553,10632130,2620074,PASS,4963,6002,10,20,2,16
XMSSMT-SHA2_20/2_256,PUB_R2,2553,2553,2554,5916926,2555630,PASS,4963,6002,10,20,2,16
XMSSMT-SHA2_20/2_256,PUB_R2,2554,2554,2555,5789519,2680907,PASS,4963,6002,10,20,2,16
XMSSMT-SHA2_20/2_256,PUB_R2,2555,2555,2556,10736037,2519351,PASS,4963,6002,10,20,2,16
XMSSMT-SHA2_20/2_256,PUB_R2,2556,2556,2557,5847056,2614537,PASS,4963,6002,10,20,2,16
XMSSMT-SHA2_20/2_256,PUB_R2,2557,2557,2558,5934537,2551259,PASS,4963,6002,10,20,2,16
XMSSMT-SHA2_20/2_256,PUB_R2,2558,2558,2559,5940389,2521685,PASS,4963,6002,10,20,2,16
XMSSMT-SHA2_20/2_256,PUB_R2,2559,2559,2560,15592185,2460296,PASS,4963,6002,10,20,2,16
XMSSMT-SHA2_20/2_256,PUB_R2,2560,2560,2561,17831611,2586167,PASS,4963,6002,10,20,2,16
XMSSMT-SHA2_20/2_256,PUB_R2,2561,2561,2562,15542278,2502981,PASS,4963,6002,10,20,2,16
XMSSMT-SHA2_20/2_256,PUB_R2,2562,2562,2563,17915297,2488926,PASS,4963,6002,10,20,2,16
XMSSMT-SHA2_20/2_256,PUB_R2,2563,2563,2564,15410482,2616185,PASS,4963,6002,10,20,2,16
XMSSMT-SHA2_20/2_256,PUB_R2,2564,2564,2565,17868889,2518296,PASS,4963,6002,10,20,2,16
XMSSMT-SHA2_20/2_256,PUB_R2,2565,2565,2566,15551074,2457296,PASS,4963,6002,10,20,2,16
XMSSMT-SHA2_20/2_256,PUB_R2,2566,2566,2567,17805667,2587167,PASS,4963,6002,10,20,2,16
XMSSMT-SHA2_20/2_256,PUB_R2,2567,2567,2568,15409834,2617222,PASS,4963,6002,10,20,2,16
XMSSMT-SHA2_20/2_256,PUB_R2,2568,2568,2569,17929333,2457037,PASS,4963,6002,10,20,2,16
XMSSMT-SHA2_20/2_256,PUB_R2,2569,2569,2570,15644426,2359241,PASS,4963,6002,10,20,2,16
XMSSMT-SHA2_20/2_256,PUB_R2,2570,2570,2571,17836740,2550814,PASS,4963,6002,10,20,2,16
XMSSMT-SHA2_20/2_256,PUB_R2,2571,2571,2572,15444334,2551185,PASS,4963,6002,10,20,2,16
XMSSMT-SHA2_20/2_256,PUB_R2,2572,2572,2573,17839629,2556833,PASS,4963,6002,10,20,2,16
XMSSMT-SHA2_20/2_256,PUB_R2,2573,2573,2574,15559667,2454018,PASS,4963,6002,10,20,2,16
XMSSMT-SHA2_20/2_256,PUB_R2,2574,2574,2575,17871111,2554907,PASS,4963,6002,10,20,2,16
XMSSMT-SHA2_20/2_256,PUB_R2,2575,2575,2576,15412333,2688315,PASS,4963,6002,10,20,2,16
XMSSMT-SHA2_20/2_256,PUB_R2,2576,2576,2577,17723037,2685463,PASS,4963,6002,10,20,2,16
XMSSMT-SHA2_20/2_256,PUB_R2,2577,2577,2578,15501463,2522334,PASS,4963,6002,10,20,2,16
XMSSMT-SHA2_20/2_256,PUB_R2,2578,2578,2579,17863574,2556333,PASS,4963,6002,10,20,2,16
XMSSMT-SHA2_20/2_256,PUB_R2,2579,2579,2580,15504981,2521778,PASS,4963,6002,10,20,2,16
XMSSMT-SHA2_20/2_256,PUB_R2,2580,2580,2581,17921407,2524260,PASS,4963,6002,10,20,2,16
XMSSMT-SHA2_20/2_256,PUB_R2,2581,2581,2582,15243075,2786463,PASS,4963,6002,10,20,2,16
XMSSMT-SHA2_20/2_256,PUB_R2,2582,2582,2583,17898166,2526074,PASS,4963,6002,10,20,2,16
XMSSMT-SHA2_20/2_256,PUB_R2,2583,2583,2584,15582611,2458334,PASS,4963,6002,10,20,2,16
XMSSMT-SHA2_20/2_256,PUB_R2,2584,2584,2585,17685648,2714204,PASS,4963,6002,10,20,2,16
XMSSMT-SHA2_20/2_256,PUB_R2,2585,2585,2586,15569667,2460926,PASS,4963,6002,10,20,2,16
XMSSMT-SHA2_20/2_256,PUB_R2,2586,2586,2587,17842278,2584630,PASS,4963,6002,10,20,2,16
XMSSMT-SHA2_20/2_256,PUB_R2,2587,2587,2588,15394722,2626241,PASS,4963,6002,10,20,2,16
XMSSMT-SHA2_20/2_256,PUB_R2,2588,2588,2589,17876185,2522796,PASS,4963,6002,10,20,2,16
XMSSMT-SHA2_20/2_256,PUB_R2,2589,2589,2590,15340944,2679870,PASS,4963,6002,10,20,2,16
XMSSMT-SHA2_20/2_256,PUB_R2,2590,2590,2591,17994093,2459500,PASS,4963,6002,10,20,2,16
XMSSMT-SHA2_20/2_256,PUB_R2,2591,2591,2592,15455185,2588223,PASS,4963,6002,10,20,2,16
XMSSMT-SHA2_20/2_256,PUB_R2,2592,2592,2593,17953500,2466963,PASS,4963,6002,10,20,2,16
XMSSMT-SHA2_20/2_256,PUB_R2,2593,2593,2594,15351852,2693481,PASS,4963,6002,10,20,2,16
XMSSMT-SHA2_20/2_256,PUB_R2,2594,2594,2595,17827722,2587259,PASS,4963,6002,10,20,2,16
XMSSMT-SHA2_20/2_256,PUB_R2,2595,2595,2596,15559556,2484482,PASS,4963,6002,10,20,2,16
XMSSMT-SHA2_20/2_256,PUB_R2,2596,2596,2597,17865667,2553833,PASS,4963,6002,10,20,2,16
XMSSMT-SHA2_20/2_256,PUB_R2,2597,2597,2598,15467723,2556944,PASS,4963,6002,10,20,2,16
XMSSMT-SHA2_20/2_256,PUB_R2,2598,2598,2599,17863333,2561963,PASS,4963,6002,10,20,2,16
XMSSMT-SHA2_20/2_256,PUB_R2,2599,2599,2600,15516426,2529667,PASS,4963,6002,10,20,2,16
XMSSMT-SHA2_20/2_256,PUB_R2,2600,2600,2601,17744407,2685611,PASS,4963,6002,10,20,2,16
XMSSMT-SHA2_20/2_256,PUB_R2,2601,2601,2602,15577555,2462130,PASS,4963,6002,10,20,2,16
XMSSMT-SHA2_20/2_256,PUB_R2,2602,2602,2603,17877834,2556241,PASS,4963,6002,10,20,2,16
XMSSMT-SHA2_20/2_256,PUB_R2,2603,2603,2604,15356926,2683111,PASS,4963,6002,10,20,2,16
XMSSMT-SHA2_20/2_256,PUB_R2,2604,2604,2605,17860963,2559445,PASS,4963,6002,10,20,2,16
XMSSMT-SHA2_20/2_256,PUB_R2,2605,2605,2606,15471425,2589741,PASS,4963,6002,10,20,2,16
XMSSMT-SHA2_20/2_256,PUB_R2,2606,2606,2607,17749593,2688592,PASS,4963,6002,10,20,2,16
XMSSMT-SHA2_20/2_256,PUB_R2,2607,2607,2608,15410259,2623833,PASS,4963,6002,10,20,2,16
XMSSMT-SHA2_20/2_256,PUB_R2,2608,2608,2609,17812833,2586019,PASS,4963,6002,10,20,2,16
XMSSMT-SHA2_20/2_256,PUB_R2,2609,2609,2610,15291352,2748315,PASS,4963,6002,10,20,2,16
XMSSMT-SHA2_20/2_256,PUB_R2,2610,2610,2611,17674981,2751649,PASS,4963,6002,10,20,2,16
XMSSMT-SHA2_20/2_256,PUB_R2,2611,2611,2612,15486888,2558130,PASS,4963,6002,10,20,2,16
XMSSMT-SHA2_20/2_256,PUB_R2,2612,2612,2613,17906537,2521481,PASS,4963,6002,10,20,2,16
XMSSMT-SHA2_20/2_256,PUB_R2,2613,2613,2614,15487000,2572185,PASS,4963,6002,10,20,2,16
XMSSMT-SHA2_20/2_256,PUB_R2,2614,2614,2615,17941814,2492518,PASS,4963,6002,10,20,2,16
XMSSMT-SHA2_20/2_256,PUB_R2,2615,2615,2616,15446963,2582926,PASS,4963,6002,10,20,2,16
XMSSMT-SHA2_20/2_256,PUB_R2,2616,2616,2617,17692334,2715315,PASS,4963,6002,10,20,2,16
XMSSMT-SHA2_20/2_256,PUB_R2,2617,2617,2618,15293963,2710889,PASS,4963,6002,10,20,2,16
XMSSMT-SHA2_20/2_256,PUB_R2,2618,2618,2619,17855259,2555500,PASS,4963,6002,10,20,2,16
XMSSMT-SHA2_20/2_256,PUB_R2,2619,2619,2620,15389371,2617685,PASS,4963,6002,10,20,2,16
XMSSMT-SHA2_20/2_256,PUB_R2,2620,2620,2621,17866556,2524055,PASS,4963,6002,10,20,2,16
XMSSMT-SHA2_20/2_256,PUB_R2,2621,2621,2622,15330759,2678519,PASS,4963,6002,10,20,2,16
XMSSMT-SHA2_20/2_256,PUB_R2,2622,2622,2623,17725463,2679222,PASS,4963,6002,10,20,2,16
XMSSMT-SHA2_20/2_256,PUB_R2,2623,2623,2624,15348741,2680926,PASS,4963,6002,10,20,2,16
XMSSMT-SHA2_20/2_256,PUB_R2,2624,2624,2625,17854222,2521259,PASS,4963,6002,10,20,2,16
XMSSMT-SHA2_20/2_256,PUB_R2,2625,2625,2626,15271630,2742851,PASS,4963,6002,10,20,2,16
XMSSMT-SHA2_20/2_256,PUB_R2,2626,2626,2627,17873389,2534889,PASS,4963,6002,10,20,2,16
XMSSMT-SHA2_20/2_256,PUB_R2,2627,2627,2628,15444722,2589685,PASS,4963,6002,10,20,2,16
XMSSMT-SHA2_20/2_256,PUB_R2,2628,2628,2629,17853778,2604797,PASS,4963,6002,10,20,2,16
XMSSMT-SHA2_20/2_256,PUB_R2,2629,2629,2630,15518871,2523574,PASS,4963,6002,10,20,2,16
XMSSMT-SHA2_20/2_256,PUB_R2,2630,2630,2631,17736500,2683185,PASS,4963,6002,10,20,2,16
XMSSMT-SHA2_20/2_256,PUB_R2,2631,2631,2632,15585926,2458574,PASS,4963,6002,10,20,2,16
XMSSMT-SHA2_20/2_256,PUB_R2,2632,2632,2633,17848815,2593278,PASS,4963,6002,10,20,2,16
XMSSMT-SHA2_20/2_256,PUB_R2,2633,2633,2634,15244296,2782444,PASS,4963,6002,10,20,2,16
XMSSMT-SHA2_20/2_256,PUB_R2,2634,2634,2635,17978408,2426704,PASS,4963,6002,10,20,2,16
XMSSMT-SHA2_20/2_256,PUB_R2,2635,2635,2636,15503241,2522685,PASS,4963,6002,10,20,2,16
XMSSMT-SHA2_20/2_256,PUB_R2,2636,2636,2637,17874741,2523334,PASS,4963,6002,10,20,2,16
XMSSMT-SHA2_20/2_256,PUB_R2,2637,2637,2638,15510371,2526333,PASS,4963,6002,10,20,2,16
XMSSMT-SHA2_20/2_256,PUB_R2,2638,2638,2639,17894778,2554741,PASS,4963,6002,10,20,2,16
XMSSMT-SHA2_20/2_256,PUB_R2,2639,2639,2640,15448908,2600444,PASS,4963,6002,10,20,2,16
XMSSMT-SHA2_20/2_256,PUB_R2,2640,2640,2641,17680278,2714703,PASS,4963,6002,10,20,2,16
XMSSMT-SHA2_20/2_256,PUB_R2,2641,2641,2642,15355963,2681000,PASS,4963,6002,10,20,2,16
XMSSMT-SHA2_20/2_256,PUB_R2,2642,2642,2643,17797000,2615926,PASS,4963,6002,10,20,2,16
XMSSMT-SHA2_20/2_256,PUB_R2,2643,2643,2644,15415723,2639945,PASS,4963,6002,10,20,2,16
XMSSMT-SHA2_20/2_256,PUB_R2,2644,2644,2645,17801019,2625093,PASS,4963,6002,10,20,2,16
XMSSMT-SHA2_20/2_256,PUB_R2,2645,2645,2646,15491018,2567629,PASS,4963,6002,10,20,2,16
XMSSMT-SHA2_20/2_256,PUB_R2,2646,2646,2647,17855259,2588852,PASS,4963,6002,10,20,2,16
XMSSMT-SHA2_20/2_256,PUB_R2,2647,2647,2648,15487704,2553592,PASS,4963,6002,10,20,2,16
XMSSMT-SHA2_20/2_256,PUB_R2,2648,2648,2649,17723129,2714814,PASS,4963,6002,10,20,2,16
XMSSMT-SHA2_20/2_256,PUB_R2,2649,2649,2650,15537759,2491111,PASS,4963,6002,10,20,2,16
XMSSMT-SHA2_20/2_256,PUB_R2,2650,2650,2651,17915167,2531629,PASS,4963,6002,10,20,2,16
XMSSMT-SHA2_20/2_256,PUB_R2,2651,2651,2652,15542777,2494056,PASS,4963,6002,10,20,2,16
XMSSMT-SHA2_20/2_256,PUB_R2,2652,2652,2653,17807555,2621148,PASS,4963,6002,10,20,2,16
XMSSMT-SHA2_20/2_256,PUB_R2,2653,2653,2654,15484203,2557408,PASS,4963,6002,10,20,2,16
XMSSMT-SHA2_20/2_256,PUB_R2,2654,2654,2655,17706241,2711648,PASS,4963,6002,10,20,2,16
XMSSMT-SHA2_20/2_256,PUB_R2,2655,2655,2656,15454574,2587537,PASS,4963,6002,10,20,2,16
XMSSMT-SHA2_20/2_256,PUB_R2,2656,2656,2657,17911352,2527259,PASS,4963,6002,10,20,2,16
XMSSMT-SHA2_20/2_256,PUB_R2,2657,2657,2658,15627592,2458981,PASS,4963,6002,10,20,2,16
XMSSMT-SHA2_20/2_256,PUB_R2,2658,2658,2659,17932037,2525759,PASS,4963,6002,10,20,2,16
XMSSMT-SHA2_20/2_256,PUB_R2,2659,2659,2660,15595592,2433852,PASS,4963,6002,10,20,2,16
XMSSMT-SHA2_20/2_256,PUB_R2,2660,2660,2661,17866981,2555241,PASS,4963,6002,10,20,2,16
XMSSMT-SHA2_20/2_256,PUB_R2,2661,2661,2662,15291870,2749778,PASS,4963,6002,10,20,2,16
XMSSMT-SHA2_20/2_256,PUB_R2,2662,2662,2663,17839463,2588019,PASS,4963,6002,10,20,2,16
XMSSMT-SHA2_20/2_256,PUB_R2,2663,2663,2664,15541815,2486445,PASS,4963,6002,10,20,2,16
XMSSMT-SHA2_20/2_256,PUB_R2,2664,2664,2665,17865741,2558666,PASS,4963,6002,10,20,2,16
XMSSMT-SHA2_20/2_256,PUB_R2,2665,2665,2666,15322500,2730482,PASS,4963,6002,10,20,2,16
XMSSMT-SHA2_20/2_256,PUB_R2,2666,2666,2667,17635445,2812222,PASS,4963,6002,10,20,2,16
XMSSMT-SHA2_20/2_256,PUB_R2,2667,2667,2668,10797834,2455148,PASS,4963,6002,10,20,2,16
XMSSMT-SHA2_20/2_256,PUB_R2,2668,2668,2669,5886130,2585352,PASS,4963,6002,10,20,2,16
XMSSMT-SHA2_20/2_256,PUB_R2,2669,2669,2670,5907537,2552463,PASS,4963,6002,10,20,2,16
XMSSMT-SHA2_20/2_256,PUB_R2,2670,2670,2671,5904519,2550814,PASS,4963,6002,10,20,2,16
XMSSMT-SHA2_20/2_256,PUB_R2,2671,2671,2672,15602889,2388592,PASS,4963,6002,10,20,2,16
XMSSMT-SHA2_20/2_256,PUB_R2,2672,2672,2673,17902667,2489055,PASS,4963,6002,10,20,2,16
XMSSMT-SHA2_20/2_256,PUB_R2,2673,2673,2674,15513481,2492000,PASS,4963,6002,10,20,2,16
XMSSMT-SHA2_20/2_256,PUB_R2,2674,2674,2675,8235463,2611703,PASS,4963,6002,10,20,2,16
XMSSMT-SHA2_20/2_256,PUB_R2,2675,2675,2676,10613870,2614907,PASS,4963,6002,10,20,2,16
XMSSMT-SHA2_20/2_256,PUB_R2,2676,2676,2677,5843074,2618889,PASS,4963,6002,10,20,2,16
XMSSMT-SHA2_20/2_256,PUB_R2,2677,2677,2678,5778630,2678037,PASS,4963,6002,10,20,2,16
XMSSMT-SHA2_20/2_256,PUB_R2,2678,2678,2679,5840130,2618315,PASS,4963,6002,10,20,2,16
XMSSMT-SHA2_20/2_256,PUB_R2,2679,2679,2680,15488926,2523519,PASS,4963,6002,10,20,2,16
XMSSMT-SHA2_20/2_256,PUB_R2,2680,2680,2681,10541426,2681167,PASS,4963,6002,10,20,2,16
XMSSMT-SHA2_20/2_256,PUB_R2,2681,2681,2682,5904555,2551796,PASS,4963,6002,10,20,2,16
XMSSMT-SHA2_20/2_256,PUB_R2,2682,2682,2683,5938463,2520297,PASS,4963,6002,10,20,2,16
XMSSMT-SHA2_20/2_256,PUB_R2,2683,2683,2684,10653259,2583185,PASS,4963,6002,10,20,2,16
XMSSMT-SHA2_20/2_256,PUB_R2,2684,2684,2685,5947185,2527926,PASS,4963,6002,10,20,2,16
XMSSMT-SHA2_20/2_256,PUB_R2,2685,2685,2686,5848889,2616963,PASS,4963,6002,10,20,2,16
XMSSMT-SHA2_20/2_256,PUB_R2,2686,2686,2687,5918741,2569666,PASS,4963,6002,10,20,2,16
XMSSMT-SHA2_20/2_256,PUB_R2,2687,2687,2688,15513852,2518574,PASS,4963,6002,10,20,2,16
XMSSMT-SHA2_20/2_256,PUB_R2,2688,2688,2689,17853574,2555574,PASS,4963,6002,10,20,2,16
XMSSMT-SHA2_20/2_256,PUB_R2,2689,2689,2690,15334462,2685481,PASS,4963,6002,10,20,2,16
XMSSMT-SHA2_20/2_256,PUB_R2,2690,2690,2691,17717722,2748389,PASS,4963,6002,10,20,2,16
XMSSMT-SHA2_20/2_256,PUB_R2,2691,2691,2692,15429833,2629111,PASS,4963,6002,10,20,2,16
XMSSMT-SHA2_20/2_256,PUB_R2,2692,2692,2693,17892741,2526037,PASS,4963,6002,10,20,2,16
XMSSMT-SHA2_20/2_256,PUB_R2,2693,2693,2694,15426000,2584388,PASS,4963,6002,10,20,2,16
XMSSMT-SHA2_20/2_256,PUB_R2,2694,2694,2695,17905296,2521259,PASS,4963,6002,10,20,2,16
XMSSMT-SHA2_20/2_256,PUB_R2,2695,2695,2696,15392722,2617537,PASS,4963,6002,10,20,2,16
XMSSMT-SHA2_20/2_256,PUB_R2,2696,2696,2697,17723371,2683667,PASS,4963,6002,10,20,2,16
XMSSMT-SHA2_20/2_256,PUB_R2,2697,2697,2698,15543185,2490611,PASS,4963,6002,10,20,2,16
XMSSMT-SHA2_20/2_256,PUB_R2,2698,2698,2699,17818575,2627463,PASS,4963,6002,10,20,2,16
XMSSMT-SHA2_20/2_256,PUB_R2,2699,2699,2700,15450481,2563260,PASS,4963,6002,10,20,2,16
XMSSMT-SHA2_20/2_256,PUB_R2,2700,2700,2701,17702592,2716611,PASS,4963,6002,10,20,2,16
XMSSMT-SHA2_20/2_256,PUB_R2,2701,2701,2702,15533555,2489352,PASS,4963,6002,10,20,2,16
XMSSMT-SHA2_20/2_256,PUB_R2,2702,2702,2703,17874463,2558908,PASS,4963,6002,10,20,2,16
XMSSMT-SHA2_20/2_256,PUB_R2,2703,2703,2704,15346259,2677815,PASS,4963,6002,10,20,2,16
XMSSMT-SHA2_20/2_256,PUB_R2,2704,2704,2705,17655667,2747278,PASS,4963,6002,10,20,2,16
XMSSMT-SHA2_20/2_256,PUB_R2,2705,2705,2706,15491296,2600963,PASS,4963,6002,10,20,2,16
XMSSMT-SHA2_20/2_256,PUB_R2,2706,2706,2707,17753351,2686612,PASS,4963,6002,10,20,2,16
XMSSMT-SHA2_20/2_256,PUB_R2,2707,2707,2708,15522222,2522981,PASS,4963,6002,10,20,2,16
XMSSMT-SHA2_20/2_256,PUB_R2,2708,2708,2709,17914703,2523704,PASS,4963,6002,10,20,2,16
XMSSMT-SHA2_20/2_256,PUB_R2,2709,2709,2710,15421055,2615870,PASS,4963,6002,10,20,2,16
XMSSMT-SHA2_20/2_256,PUB_R2,2710,2710,2711,17932796,2528223,PASS,4963,6002,10,20,2,16
XMSSMT-SHA2_20/2_256,PUB_R2,2711,2711,2712,15483704,2608593,PASS,4963,6002,10,20,2,16
XMSSMT-SHA2_20/2_256,PUB_R2,2712,2712,2713,17688667,2752315,PASS,4963,6002,10,20,2,16
XMSSMT-SHA2_20/2_256,PUB_R2,2713,2713,2714,15366260,2681500,PASS,4963,6002,10,20,2,16
XMSSMT-SHA2_20/2_256,PUB_R2,2714,2714,2715,17925129,2491222,PASS,4963,6002,10,20,2,16
XMSSMT-SHA2_20/2_256,PUB_R2,2715,2715,2716,15447333,2586611,PASS,4963,6002,10,20,2,16
XMSSMT-SHA2_20/2_256,PUB_R2,2716,2716,2717,17862000,2555796,PASS,4963,6002,10,20,2,16
XMSSMT-SHA2_20/2_256,PUB_R2,2717,2717,2718,15318074,2729166,PASS,4963,6002,10,20,2,16
XMSSMT-SHA2_20/2_256,PUB_R2,2718,2718,2719,17892185,2556963,PASS,4963,6002,10,20,2,16
XMSSMT-SHA2_20/2_256,PUB_R2,2719,2719,2720,15485630,2551834,PASS,4963,6002,10,20,2,16
XMSSMT-SHA2_20/2_256,PUB_R2,2720,2720,2721,17856241,2552167,PASS,4963,6002,10,20,2,16
XMSSMT-SHA2_20/2_256,PUB_R2,2721,2721,2722,15442241,2588389,PASS,4963,6002,10,20,2,16
XMSSMT-SHA2_20/2_256,PUB_R2,2722,2722,2723,17861315,2557907,PASS,4963,6002,10,20,2,16
XMSSMT-SHA2_20/2_256,PUB_R2,2723,2723,2724,15510481,2537981,PASS,4963,6002,10,20,2,16
XMSSMT-SHA2_20/2_256,PUB_R2,2724,2724,2725,17848389,2559907,PASS,4963,6002,10,20,2,16
XMSSMT-SHA2_20/2_256,PUB_R2,2725,2725,2726,15343704,2692648,PASS,4963,6002,10,20,2,16
XMSSMT-SHA2_20/2_256,PUB_R2,2726,2726,2727,17727704,2711611,PASS,4963,6002,10,20,2,16
XMSSMT-SHA2_20/2_256,PUB_R2,2727,2727,2728,15488093,2556186,PASS,4963,6002,10,20,2,16
XMSSMT-SHA2_20/2_256,PUB_R2,2728,2728,2729,17815537,2589296,PASS,4963,6002,10,20,2,16
XMSSMT-SHA2_20/2_256,PUB_R2,2729,2729,2730,15347037,2678389,PASS,4963,6002,10,20,2,16
XMSSMT-SHA2_20/2_256,PUB_R2,2730,2730,2731,17893666,2519815,PASS,4963,6002,10,20,2,16
XMSSMT-SHA2_20/2_256,PUB_R2,2731,2731,2732,10565408,2681740,PASS,4963,6002,10,20,2,16
XMSSMT-SHA2_20/2_256,PUB_R2,2732,2732,2733,5776352,2680907,PASS,4963,6002,10,20,2,16
XMSSMT-SHA2_20/2_256,PUB_R2,2733,2733,2734,5941000,2521945,PASS,4963,6002,10,20,2,16
XMSSMT-SHA2_20/2_256,PUB_R2,2734,2734,2735,5944019,2520500,PASS,4963,6002,10,20,2,16
XMSSMT-SHA2_20/2_256,PUB_R2,2735,2735,2736,15408556,2621722,PASS,4963,6002,10,20,2,16
XMSSMT-SHA2_20/2_256,PUB_R2,2736,2736,2737,17782463,2618037,PASS,4963,6002,10,20,2,16
XMSSMT-SHA2_20/2_256,PUB_R2,2737,2737,2738,15453833,2550944,PASS,4963,6002,10,20,2,16
XMSSMT-SHA2_20/2_256,PUB_R2,2738,2738,2739,8367037,2490593,PASS,4963,6002,10,20,2,16
XMSSMT-SHA2_20/2_256,PUB_R2,2739,2739,2740,10614777,2614500,PASS,4963,6002,10,20,2,16
XMSSMT-SHA2_20/2_256,PUB_R2,2740,2740,2741,5841315,2613148,PASS,4963,6002,10,20,2,16
XMSSMT-SHA2_20/2_256,PUB_R2,2741,2741,2742,5886833,2591389,PASS,4963,6002,10,20,2,16
XMSSMT-SHA2_20/2_256,PUB_R2,2742,2742,2743,5881889,2585500,PASS,4963,6002,10,20,2,16
XMSSMT-SHA2_20/2_256,PUB_R2,2743,2743,2744,15427203,2617000,PASS,4963,6002,10,20,2,16
XMSSMT-SHA2_20/2_256,PUB_R2,2744,2744,2745,10735260,2520593,PASS,4963,6002,10,20,2,16
XMSSMT-SHA2_20/2_256,PUB_R2,2745,2745,2746,5959907,2528778,PASS,4963,6002,10,20,2,16
XMSSMT-SHA2_20/2_256,PUB_R2,2746,2746,2747,5905575,2552519,PASS,4963,6002,10,20,2,16
XMSSMT-SHA2_20/2_256,PUB_R2,2747,2747,2748,10696889,2557185,PASS,4963,6002,10,20,2,16
XMSSMT-SHA2_20/2_256,PUB_R2,2748,2748,2749,6000537,2452777,PASS,4963,6002,10,20,2,16
XMSSMT-SHA2_20/2_256,PUB_R2,2749,2749,2750,5993870,2491703,PASS,4963,6002,10,20,2,16
XMSSMT-SHA2_20/2_256,PUB_R2,2750,2750,2751,6034148,2426149,PASS,4963,6002,10,20,2,16
XMSSMT-SHA2_20/2_256,PUB_R2,2751,2751,2752,15519334,2596870,PASS,4963,6002,10,20,2,16
XMSSMT-SHA2_20/2_256,PUB_R2,2752,2752,2753,17914445,2528519,PASS,4963,6002,10,20,2,16
XMSSMT-SHA2_20/2_256,PUB_R2,2753,2753,2754,15561296,2493445,PASS,4963,6002,10,20,2,16
XMSSMT-SHA2_20/2_256,PUB_R2,2754,2754,2755,17824888,2625852,PASS,4963,6002,10,20,2,16
XMSSMT-SHA2_20/2_256,PUB_R2,2755,2755,2756,15515315,2518555,PASS,4963,6002,10,20,2,16
XMSSMT-SHA2_20/2_256,PUB_R2,2756,2756,2757,17741222,2683444,PASS,4963,6002,10,20,2,16
XMSSMT-SHA2_20/2_256,PUB_R2,2757,2757,2758,15626871,2446167,PASS,4963,6002,10,20,2,16
XMSSMT-SHA2_20/2_256,PUB_R2,2758,2758,2759,17752759,2688648,PASS,4963,6002,10,20,2,16
XMSSMT-SHA2_20/2_256,PUB_R2,2759,2759,2760,15364426,2681000,PASS,4963,6002,10,20,2,16
XMSSMT-SHA2_20/2_256,PUB_R2,2760,2760,2761,17902315,2525759,PASS,4963,6002,10,20,2,16
XMSSMT-SHA2_20/2_256,PUB_R2,2761,2761,2762,15498129,2561518,PASS,4963,6002,10,20,2,16
XMSSMT-SHA2_20/2_256,PUB_R2,2762,2762,2763,17847092,2585093,PASS,4963,6002,10,20,2,16
XMSSMT-SHA2_20/2_256,PUB_R2,2763,2763,2764,15496314,2563038,PASS,4963,6002,10,20,2,16
XMSSMT-SHA2_20/2_256,PUB_R2,2764,2764,2765,17686166,2762982,PASS,4963,6002,10,20,2,16
XMSSMT-SHA2_20/2_256,PUB_R2,2765,2765,2766,15522834,2524203,PASS,4963,6002,10,20,2,16
XMSSMT-SHA2_20/2_256,PUB_R2,2766,2766,2767,17861907,2583370,PASS,4963,6002,10,20,2,16
XMSSMT-SHA2_20/2_256,PUB_R2,2767,2767,2768,15584426,2463111,PASS,4963,6002,10,20,2,16
XMSSMT-SHA2_20/2_256,PUB_R2,2768,2768,2769,17851111,2552111,PASS,4963,6002,10,20,2,16
XMSSMT-SHA2_20/2_256,PUB_R2,2769,2769,2770,15525148,2528963,PASS,4963,6002,10,20,2,16
XMSSMT-SHA2_20/2_256,PUB_R2,2770,2770,2771,8313222,2548759,PASS,4963,6002,10,20,2,16
XMSSMT-SHA2_20/2_256,PUB_R2,2771,2771,2772,10563445,2698778,PASS,4963,6002,10,20,2,16
XMSSMT-SHA2_20/2_256,PUB_R2,2772,2772,2773,5940741,2521037,PASS,4963,6002,10,20,2,16
XMSSMT-SHA2_20/2_256,PUB_R2,2773,2773,2774,5863963,2615889,PASS,4963,6002,10,20,2,16
XMSSMT-SHA2_20/2_256,PUB_R2,2774,2774,2775,5911000,2556426,PASS,4963,6002,10,20,2,16
XMSSMT-SHA2_20/2_256,PUB_R2,2775,2775,2776,15461759,2553982,PASS,4963,6002,10,20,2,16
XMSSMT-SHA2_20/2_256,PUB_R2,2776,2776,2777,10732723,2521148,PASS,4963,6002,10,20,2,16
XMSSMT-SHA2_20/2_256,PUB_R2,2777,2777,2778,5885185,2590129,PASS,4963,6002,10,20,2,16
XMSSMT-SHA2_20/2_256,PUB_R2,2778,2778,2779,5975815,2490648,PASS,4963,6002,10,20,2,16
XMSSMT-SHA2_20/2_256,PUB_R2,2779,2779,2780,10698833,2551722,PASS,4963,6002,10,20,2,16
XMSSMT-SHA2_20/2_256,PUB_R2,2780,2780,2781,5758148,2715148,PASS,4963,6002,10,20,2,16
XMSSMT-SHA2_20/2_256,PUB_R2,2781,2781,2782,5809444,2683889,PASS,4963,6002,10,20,2,16
XMSSMT-SHA2_20/2_256,PUB_R2,2782,2782,2783,5778944,2694981,PASS,4963,6002,10,20,2,16
XMSSMT-SHA2_20/2_256,PUB_R2,2783,2783,2784,15529019,2553148,PASS,4963,6002,10,20,2,16
XMSSMT-SHA2_20/2_256,PUB_R2,2784,2784,2785,17843148,2585982,PASS,4963,6002,10,20,2,16
XMSSMT-SHA2_20/2_256,PUB_R2,2785,2785,2786,15466445,2590926,PASS,4963,6002,10,20,2,16
XMSSMT-SHA2_20/2_256,PUB_R2,2786,2786,2787,17837111,2586574,PASS,4963,6002,10,20,2,16
XMSSMT-SHA2_20/2_256,PUB_R2,2787,2787,2788,15324926,2714500,PASS,4963,6002,10,20,2,16
XMSSMT-SHA2_20/2_256,PUB_R2,2788,2788,2789,17756963,2697037,PASS,4963,6002,10,20,2,16
XMSSMT-SHA2_20/2_256,PUB_R2,2789,2789,2790,15569519,2471444,PASS,4963,6002,10,20,2,16
XMSSMT-SHA2_20/2_256,PUB_R2,2790,2790,2791,8340704,2521574,PASS,4963,6002,10,20,2,16
XMSSMT-SHA2_20/2_256,PUB_R2,2791,2791,2792,15524741,2488629,PASS,4963,6002,10,20,2,16
XMSSMT-SHA2_20/2_256,PUB_R2,2792,2792,2793,10829667,2430704,PASS,4963,6002,10,20,2,16
XMSSMT-SHA2_20/2_256,PUB_R2,2793,2793,2794,5885741,2602315,PASS,4963,6002,10,20,2,16
XMSSMT-SHA2_20/2_256,PUB_R2,2794,2794,2795,5913481,2553982,PASS,4963,6002,10,20,2,16
XMSSMT-SHA2_20/2_256,PUB_R2,2795,2795,2796,10792704,2455426,PASS,4963,6002,10,20,2,16
XMSSMT-SHA2_20/2_256,PUB_R2,2796,2796,2797,5689111,2778945,PASS,4963,6002,10,20,2,16
XMSSMT-SHA2_20/2_256,PUB_R2,2797,2797,2798,5942259,2517593,PASS,4963,6002,10,20,2,16
XMSSMT-SHA2_20/2_256,PUB_R2,2798,2798,2799,5874037,2587371,PASS,4963,6002,10,20,2,16
XMSSMT-SHA2_20/2_256,PUB_R2,2799,2799,2800,15507185,2524852,PASS,4963,6002,10,20,2,16
XMSSMT-SHA2_20/2_256,PUB_R2,2800,2800,2801,17666944,2716963,PASS,4963,6002,10,20,2,16
XMSSMT-SHA2_20/2_256,PUB_R2,2801,2801,2802,15485408,2521370,PASS,4963,6002,10,20,2,16
XMSSMT-SHA2_20/2_256,PUB_R2,2802,2802,2803,8229129,2612889,PASS,4963,6002,10,20,2,16
XMSSMT-SHA2_20/2_256,PUB_R2,2803,2803,2804,10726704,2521500,PASS,4963,6002,10,20,2,16
XMSSMT-SHA2_20/2_256,PUB_R2,2804,2804,2805,5907037,2552778,PASS,4963,6002,10,20,2,16
XMSSMT-SHA2_20/2_256,PUB_R2,2805,2805,2806,5937741,2521463,PASS,4963,6002,10,20,2,16
XMSSMT-SHA2_20/2_256,PUB_R2,2806,2806,2807,5903019,2551889,PASS,4963,6002,10,20,2,16
XMSSMT-SHA2_20/2_256,PUB_R2,2807,2807,2808,15450167,2551722,PASS,4963,6002,10,20,2,16
XMSSMT-SHA2_20/2_256,PUB_R2,2808,2808,2809,10554111,2683629,PASS,4963,6002,10,20,2,16
XMSSMT-SHA2_20/2_256,PUB_R2,2809,2809,2810,5846481,2616426,PASS,4963,6002,10,20,2,16
XMSSMT-SHA2_20/2_256,PUB_R2,2810,2810,2811,5776518,2682203,PASS,4963,6002,10,20,2,16
XMSSMT-SHA2_20/2_256,PUB_R2,2811,2811,2812,10686630,2552962,PASS,4963,6002,10,20,2,16
XMSSMT-SHA2_20/2_256,PUB_R2,2812,2812,2813,6019907,2462796,PASS,4963,6002,10,20,2,16
XMSSMT-SHA2_20/2_256,PUB_R2,2813,2813,2814,5949056,2524241,PASS,4963,6002,10,20,2,16
XMSSMT-SHA2_20/2_256,PUB_R2,2814,2814,2815,6045741,2426296,PASS,4963,6002,10,20,2,16
XMSSMT-SHA2_20/2_256,PUB_R2,2815,2815,2816,15522408,2518796,PASS,4963,6002,10,20,2,16
XMSSMT-SHA2_20/2_256,PUB_R2,2816,2816,2817,17895277,2522797,PASS,4963,6002,10,20,2,16
XMSSMT-SHA2_20/2_256,PUB_R2,2817,2817,2818,15516907,2524185,PASS,4963,6002,10,20,2,16
XMSSMT-SHA2_20/2_256,PUB_R2,2818,2818,2819,17838870,2597907,PASS,4963,6002,10,20,2,16
XMSSMT-SHA2_20/2_256,PUB_R2,2819,2819,2820,15487759,2568389,PASS,4963,6002,10,20,2,16
XMSSMT-SHA2_20/2_256,PUB_R2,2820,2820,2821,17838926,2620240,PASS,4963,6002,10,20,2,16
XMSSMT-SHA2_20/2_256,PUB_R2,2821,2821,2822,15550778,2487685,PASS,4963,6002,10,20,2,16
XMSSMT-SHA2_20/2_256,PUB_R2,2822,2822,2823,18053556,2361222,PASS,4963,6002,10,20,2,16
XMSSMT-SHA2_20/2_256,PUB_R2,2823,2823,2824,15352963,2684333,PASS,4963,6002,10,20,2,16
XMSSMT-SHA2_20/2_256,PUB_R2,2824,2824,2825,17827945,2597648,PASS,4963,6002,10,20,2,16
XMSSMT-SHA2_20/2_256,PUB_R2,2825,2825,2826,15488760,2551703,PASS,4963,6002,10,20,2,16
XMSSMT-SHA2_20/2_256,PUB_R2,2826,2826,2827,17808037,2617962,PASS,4963,6002,10,20,2,16
XMSSMT-SHA2_20/2_256,PUB_R2,2827,2827,2828,15474666,2556704,PASS,4963,6002,10,20,2,16
XMSSMT-SHA2_20/2_256,PUB_R2,2828,2828,2829,17876500,2521666,PASS,4963,6002,10,20,2,16
XMSSMT-SHA2_20/2_256,PUB_R2,2829,2829,2830,15543333,2490407,PASS,4963,6002,10,20,2,16
XMSSMT-SHA2_20/2_256,PUB_R2,2830,2830,2831,17831815,2611648,PASS,4963,6002,10,20,2,16
XMSSMT-SHA2_20/2_256,PUB_R2,2831,2831,2832,15480186,2551814,PASS,4963,6002,10,20,2,16
XMSSMT-SHA2_20/2_256,PUB_R2,2832,2832,2833,18020926,2392759,PASS,4963,6002,10,20,2,16
XMSSMT-SHA2_20/2_256,PUB_R2,2833,2833,2834,15305759,2715167,PASS,4963,6002,10,20,2,16
XMSSMT-SHA2_20/2_256,PUB_R2,2834,2834,2835,17794519,2621889,PASS,4963,6002,10,20,2,16
XMSSMT-SHA2_20/2_256,PUB_R2,2835,2835,2836,15489000,2583611,PASS,4963,6002,10,20,2,16
XMSSMT-SHA2_20/2_256,PUB_R2,2836,2836,2837,17873222,2564241,PASS,4963,6002,10,20,2,16
XMSSMT-SHA2_20/2_256,PUB_R2,2837,2837,2838,15531444,2501463,PASS,4963,6002,10,20,2,16
XMSSMT-SHA2_20/2_256,PUB_R2,2838,2838,2839,17863074,2592444,PASS,4963,6002,10,20,2,16
XMSSMT-SHA2_20/2_256,PUB_R2,2839,2839,2840,15272074,2781186,PASS,4963,6002,10,20,2,16
XMSSMT-SHA2_20/2_256,PUB_R2,2840,2840,2841,17908038,2522167,PASS,4963,6002,10,20,2,16
XMSSMT-SHA2_20/2_256,PUB_R2,2841,2841,2842,15455704,2584259,PASS,4963,6002,10,20,2,16
XMSSMT-SHA2_20/2_256,PUB_R2,2842,2842,2843,17904278,2524241,PASS,4963,6002,10,20,2,16
XMSSMT-SHA2_20/2_256,PUB_R2,2843,2843,2844,15469444,2562704,PASS,4963,6002,10,20,2,16
XMSSMT-SHA2_20/2_256,PUB_R2,2844,2844,2845,17956352,2475222,PASS,4963,6002,10,20,2,16
XMSSMT-SHA2_20/2_256,PUB_R2,2845,2845,2846,15535055,2525130,PASS,4963,6002,10,20,2,16
XMSSMT-SHA2_20/2_256,PUB_R2,2846,2846,2847,17802204,2618222,PASS,4963,6002,10,20,2,16
XMSSMT-SHA2_20/2_256,PUB_R2,2847,2847,2848,15511907,2521629,PASS,4963,6002,10,20,2,16
XMSSMT-SHA2_20/2_256,PUB_R2,2848,2848,2849,17727703,2680630,PASS,4963,6002,10,20,2,16
XMSSMT-SHA2_20/2_256,PUB_R2,2849,2849,2850,15532982,2490056,PASS,4963,6002,10,20,2,16
XMSSMT-SHA2_20/2_256,PUB_R2,2850,2850,2851,17810648,2630445,PASS,4963,6002,10,20,2,16
XMSSMT-SHA2_20/2_256,PUB_R2,2851,2851,2852,15323093,2714333,PASS,4963,6002,10,20,2,16
XMSSMT-SHA2_20/2_256,PUB_R2,2852,2852,2853,17952482,2459371,PASS,4963,6002,10,20,2,16
XMSSMT-SHA2_20/2_256,PUB_R2,2853,2853,2854,15291760,2749519,PASS,4963,6002,10,20,2,16
XMSSMT-SHA2_20/2_256,PUB_R2,2854,2854,2855,17752759,2681463,PASS,4963,6002,10,20,2,16
XMSSMT-SHA2_20/2_256,PUB_R2,2855,2855,2856,15581666,2460907,PASS,4963,6002,10,20,2,16
XMSSMT-SHA2_20/2_256,PUB_R2,2856,2856,2857,17869537,2524093,PASS,4963,6002,10,20,2,16
XMSSMT-SHA2_20/2_256,PUB_R2,2857,2857,2858,15455667,2552519,PASS,4963,6002,10,20,2,16
XMSSMT-SHA2_20/2_256,PUB_R2,2858,2858,2859,17630259,2775537,PASS,4963,6002,10,20,2,16
XMSSMT-SHA2_20/2_256,PUB_R2,2859,2859,2860,10660056,2589778,PASS,4963,6002,10,20,2,16
XMSSMT-SHA2_20/2_256,PUB_R2,2860,2860,2861,5845982,2619741,PASS,4963,6002,10,20,2,16
XMSSMT-SHA2_20/2_256,PUB_R2,2861,2861,2862,5789889,2688018,PASS,4963,6002,10,20,2,16
XMSSMT-SHA2_20/2_256,PUB_R2,2862,2862,2863,5841277,2617093,PASS,4963,6002,10,20,2,16
XMSSMT-SHA2_20/2_256,PUB_R2,2863,2863,2864,15470519,2553444,PASS,4963,6002,10,20,2,16
XMSSMT-SHA2_20/2_256,PUB_R2,2864,2864,2865,17833556,2552982,PASS,4963,6002,10,20,2,16
XMSSMT-SHA2_20/2_256,PUB_R2,2865,2865,2866,15515592,2487944,PASS,4963,6002,10,20,2,16
XMSSMT-SHA2_20/2_256,PUB_R2,2866,2866,2867,8361167,2489759,PASS,4963,6002,10,20,2,16
XMSSMT-SHA2_20/2_256,PUB_R2,2867,2867,2868,10688240,2551352,PASS,4963,6002,10,20,2,16
XMSSMT-SHA2_20/2_256,PUB_R2,2868,2868,2869,5748888,2711926,PASS,4963,6002,10,20,2,16
XMSSMT-SHA2_20/2_256,PUB_R2,2869,2869,2870,6052888,2424981,PASS,4963,6002,10,20,2,16
XMSSMT-SHA2_20/2_256,PUB_R2,2870,2870,2871,6003741,2464574,PASS,4963,6002,10,20,2,16
XMSSMT-SHA2_20/2_256,PUB_R2,2871,2871,2872,15410741,2628278,PASS,4963,6002,10,20,2,16
XMSSMT-SHA2_20/2_256,PUB_R2,2872,2872,2873,10663537,2587351,PASS,4963,6002,10,20,2,16
XMSSMT-SHA2_20/2_256,PUB_R2,2873,2873,2874,5896204,2588629,PASS,4963,6002,10,20,2,16
XMSSMT-SHA2_20/2_256,PUB_R2,2874,2874,2875,5835093,2616722,PASS,4963,6002,10,20,2,16
XMSSMT-SHA2_20/2_256,PUB_R2,2875,2875,2876,10672186,2586963,PASS,4963,6002,10,20,2,16
XMSSMT-SHA2_20/2_256,PUB_R2,2876,2876,2877,5909962,2567018,PASS,4963,6002,10,20,2,16
XMSSMT-SHA2_20/2_256,PUB_R2,2877,2877,2878,5861426,2612333,PASS,4963,6002,10,20,2,16
XMSSMT-SHA2_20/2_256,PUB_R2,2878,2878,2879,6036315,2424871,PASS,4963,6002,10,20,2,16
XMSSMT-SHA2_20/2_256,PUB_R2,2879,2879,2880,15371537,2697944,PASS,4963,6002,10,20,2,16
XMSSMT-SHA2_20/2_256,PUB_R2,2880,2880,2881,17845574,2552018,PASS,4963,6002,10,20,2,16
XMSSMT-SHA2_20/2_256,PUB_R2,2881,2881,2882,15514148,2551611,PASS,4963,6002,10,20,2,16
XMSSMT-SHA2_20/2_256,PUB_R2,2882,2882,2883,17932204,2494593,PASS,4963,6002,10,20,2,16
XMSSMT-SHA2_20/2_256,PUB_R2,2883,2883,2884,15511167,2529981,PASS,4963,6002,10,20,2,16
XMSSMT-SHA2_20/2_256,PUB_R2,2884,2884,2885,17934296,2492408,PASS,4963,6002,10,20,2,16
XMSSMT-SHA2_20/2_256,PUB_R2,2885,2885,2886,15534278,2525241,PASS,4963,6002,10,20,2,16
XMSSMT-SHA2_20/2_256,PUB_R2,2886,2886,2887,17722167,2680500,PASS,4963,6002,10,20,2,16
XMSSMT-SHA2_20/2_256,PUB_R2,2887,2887,2888,15448037,2583666,PASS,4963,6002,10,20,2,16
XMSSMT-SHA2_20/2_256,PUB_R2,2888,2888,2889,17858592,2552074,PASS,4963,6002,10,20,2,16
XMSSMT-SHA2_20/2_256,PUB_R2,2889,2889,2890,15485037,2558074,PASS,4963,6002,10,20,2,16
XMSSMT-SHA2_20/2_256,PUB_R2,2890,2890,2891,17870315,2571926,PASS,4963,6002,10,20,2,16
XMSSMT-SHA2_20/2_256,PUB_R2,2891,2891,2892,15580796,2464482,PASS,4963,6002,10,20,2,16
XMSSMT-SHA2_20/2_256,PUB_R2,2892,2892,2893,17727778,2682704,PASS,4963,6002,10,20,2,16
XMSSMT-SHA2_20/2_256,PUB_R2,2893,2893,2894,15524999,2519037,PASS,4963,6002,10,20,2,16
XMSSMT-SHA2_20/2_256,PUB_R2,2894,2894,2895,17846574,2583556,PASS,4963,6002,10,20,2,16
XMSSMT-SHA2_20/2_256,PUB_R2,2895,2895,2896,15425611,2621574,PASS,4963,6002,10,20,2,16
XMSSMT-SHA2_20/2_256,PUB_R2,2896,2896,2897,17736463,2701297,PASS,4963,6002,10,20,2,16
XMSSMT-SHA2_20/2_256,PUB_R2,2897,2897,2898,15507167,2524167,PASS,4963,6002,10,20,2,16
XMSSMT-SHA2_20/2_256,PUB_R2,2898,2898,2899,8195537,2684759,PASS,4963,6002,10,20,2,16
XMSSMT-SHA2_20/2_256,PUB_R2,2899,2899,2900,10736834,2522648,PASS,4963,6002,10,20,2,16
XMSSMT-SHA2_20/2_256,PUB_R2,2900,2900,2901,5786408,2697111,PASS,4963,6002,10,20,2,16
XMSSMT-SHA2_20/2_256,PUB_R2,2901,2901,2902,5796092,2685796,PASS,4963,6002,10,20,2,16
XMSSMT-SHA2_20/2_256,PUB_R2,2902,2902,2903,5906611,2562908,PASS,4963,6002,10,20,2,16
XMSSMT-SHA2_20/2_256,PUB_R2,2903,2903,2904,15474575,2594278,PASS,4963,6002,10,20,2,16
XMSSMT-SHA2_20/2_256,PUB_R2,2904,2904,2905,10735241,2529463,PASS,4963,6002,10,20,2,16
XMSSMT-SHA2_20/2_256,PUB_R2,2905,2905,2906,5809593,2685518,PASS,4963,6002,10,20,2,16
XMSSMT-SHA2_20/2_256,PUB_R2,2906,2906,2907,5841333,2626593,PASS,4963,6002,10,20,2,16
XMSSMT-SHA2_20/2_256,PUB_R2,2907,2907,2908,10586260,2680722,PASS,4963,6002,10,20,2,16
XMSSMT-SHA2_20/2_256,PUB_R2,2908,2908,2909,5892425,2584889,PASS,4963,6002,10,20,2,16
XMSSMT-SHA2_20/2_256,PUB_R2,2909,2909,2910,5890111,2582889,PASS,4963,6002,10,20,2,16
XMSSMT-SHA2_20/2_256,PUB_R2,2910,2910,2911,5966278,2557222,PASS,4963,6002,10,20,2,16
XMSSMT-SHA2_20/2_256,PUB_R2,2911,2911,2912,15441259,2587981,PASS,4963,6002,10,20,2,16
XMSSMT-SHA2_20/2_256,PUB_R2,2912,2912,2913,17682593,2744278,PASS,4963,6002,10,20,2,16
XMSSMT-SHA2_20/2_256,PUB_R2,2913,2913,2914,15496852,2522908,PASS,4963,6002,10,20,2,16
XMSSMT-SHA2_20/2_256,PUB_R2,2914,2914,2915,17728907,2687852,PASS,4963,6002,10,20,2,16
XMSSMT-SHA2_20/2_256,PUB_R2,2915,2915,2916,15345481,2684574,PASS,4963,6002,10,20,2,16
XMSSMT-SHA2_20/2_256,PUB_R2,2916,2916,2917,17961444,2492019,PASS,4963,6002,10,20,2,16
XMSSMT-SHA2_20/2_256,PUB_R2,2917,2917,2918,15452815,2587537,PASS,4963,6002,10,20,2,16
XMSSMT-SHA2_20/2_256,PUB_R2,2918,2918,2919,8118926,2757111,PASS,4963,6002,10,20,2,16
XMSSMT-SHA2_20/2_256,PUB_R2,2919,2919,2920,15579037,2463482,PASS,4963,6002,10,20,2,16
XMSSMT-SHA2_20/2_256,PUB_R2,2920,2920,2921,10714815,2558408,PASS,4963,6002,10,20,2,16
XMSSMT-SHA2_20/2_256,PUB_R2,2921,2921,2922,5963185,2523574,PASS,4963,6002,10,20,2,16
XMSSMT-SHA2_20/2_256,PUB_R2,2922,2922,2923,5877371,2587592,PASS,4963,6002,10,20,2,16
XMSSMT-SHA2_20/2_256,PUB_R2,2923,2923,2924,10772445,2493129,PASS,4963,6002,10,20,2,16
XMSSMT-SHA2_20/2_256,PUB_R2,2924,2924,2925,5920759,2554333,PASS,4963,6002,10,20,2,16
XMSSMT-SHA2_20/2_256,PUB_R2,2925,2925,2926,5914037,2549223,PASS,4963,6002,10,20,2,16
XMSSMT-SHA2_20/2_256,PUB_R2,2926,2926,2927,5913871,2552407,PASS,4963,6002,10,20,2,16
XMSSMT-SHA2_20/2_256,PUB_R2,2927,2927,2928,15305907,2713055,PASS,4963,6002,10,20,2,16
XMSSMT-SHA2_20/2_256,PUB_R2,2928,2928,2929,17725592,2684352,PASS,4963,6002,10,20,2,16
XMSSMT-SHA2_20/2_256,PUB_R2,2929,2929,2930,15342074,2682278,PASS,4963,6002,10,20,2,16
XMSSMT-SHA2_20/2_256,PUB_R2,2930,2930,2931,8332852,2518537,PASS,4963,6002,10,20,2,16
XMSSMT-SHA2_20/2_256,PUB_R2,2931,2931,2932,10470556,2780703,PASS,4963,6002,10,20,2,16
XMSSMT-SHA2_20/2_256,PUB_R2,2932,2932,2933,5748815,2714019,PASS,4963,6002,10,20,2,16
XMSSMT-SHA2_20/2_256,PUB_R2,2933,2933,2934,5942370,2526352,PASS,4963,6002,10,20,2,16
XMSSMT-SHA2_20/2_256,PUB_R2,2934,2934,2935,5941074,2523482,PASS,4963,6002,10,20,2,16
XMSSMT-SHA2_20/2_256,PUB_R2,2935,2935,2936,15523129,2487630,PASS,4963,6002,10,20,2,16
XMSSMT-SHA2_20/2_256,PUB_R2,2936,2936,2937,10723203,2526482,PASS,4963,6002,10,20,2,16
XMSSMT-SHA2_20/2_256,PUB_R2,2937,2937,2938,5783778,2682574,PASS,4963,6002,10,20,2,16
XMSSMT-SHA2_20/2_256,PUB_R2,2938,2938,2939,5908130,2555648,PASS,4963,6002,10,20,2,16
XMSSMT-SHA2_20/2_256,PUB_R2,2939,2939,2940,10559759,2680759,PASS,4963,6002,10,20,2,16
XMSSMT-SHA2_20/2_256,PUB_R2,2940,2940,2941,6016686,2458426,PASS,4963,6002,10,20,2,16
XMSSMT-SHA2_20/2_256,PUB_R2,2941,2941,2942,5889093,2604352,PASS,4963,6002,10,20,2,16
XMSSMT-SHA2_20/2_256,PUB_R2,2942,2942,2943,5914204,2553315,PASS,4963,6002,10,20,2,16
XMSSMT-SHA2_20/2_256,PUB_R2,2943,2943,2944,15533278,2522611,PASS,4963,6002,10,20,2,16
XMSSMT-SHA2_20/2_256,PUB_R2,2944,2944,2945,17893926,2521426,PASS,4963,6002,10,20,2,16
XMSSMT-SHA2_20/2_256,PUB_R2,2945,2945,2946,15252111,2822778,PASS,4963,6002,10,20,2,16
XMSSMT-SHA2_20/2_256,PUB_R2,2946,2946,2947,17859389,2568204,PASS,4963,6002,10,20,2,16
XMSSMT-SHA2_20/2_256,PUB_R2,2947,2947,2948,15577130,2525537,PASS,4963,6002,10,20,2,16
XMSSMT-SHA2_20/2_256,PUB_R2,2948,2948,2949,18035019,2398056,PASS,4963,6002,10,20,2,16
XMSSMT-SHA2_20/2_256,PUB_R2,2949,2949,2950,15345740,2682351,PASS,4963,6002,10,20,2,16
XMSSMT-SHA2_20/2_256,PUB_R2,2950,2950,2951,17855222,2621648,PASS,4963,6002,10,20,2,16
XMSSMT-SHA2_20/2_256,PUB_R2,2951,2951,2952,15558889,2503908,PASS,4963,6002,10,20,2,16
XMSSMT-SHA2_20/2_256,PUB_R2,2952,2952,2953,17691130,2731204,PASS,4963,6002,10,20,2,16
XMSSMT-SHA2_20/2_256,PUB_R2,2953,2953,2954,15348611,2679575,PASS,4963,6002,10,20,2,16
XMSSMT-SHA2_20/2_256,PUB_R2,2954,2954,2955,17921963,2489815,PASS,4963,6002,10,20,2,16
XMSSMT-SHA2_20/2_256,PUB_R2,2955,2955,2956,15360185,2683612,PASS,4963,6002,10,20,2,16
XMSSMT-SHA2_20/2_256,PUB_R2,2956,2956,2957,17831666,2557630,PASS,4963,6002,10,20,2,16
XMSSMT-SHA2_20/2_256,PUB_R2,2957,2957,2958,15528519,2509759,PASS,4963,6002,10,20,2,16
XMSSMT-SHA2_20/2_256,PUB_R2,2958,2958,2959,17918963,2490574,PASS,4963,6002,10,20,2,16
XMSSMT-SHA2_20/2_256,PUB_R2,2959,2959,2960,15492389,2554426,PASS,4963,6002,10,20,2,16
XMSSMT-SHA2_20/2_256,PUB_R2,2960,2960,2961,17874851,2518500,PASS,4963,6002,10,20,2,16
XMSSMT-SHA2_20/2_256,PUB_R2,2961,2961,2962,15483148,2555870,PASS,4963,6002,10,20,2,16
XMSSMT-SHA2_20/2_256,PUB_R2,2962,2962,2963,8343260,2522574,PASS,4963,6002,10,20,2,16
XMSSMT-SHA2_20/2_256,PUB_R2,2963,2963,2964,10634685,2633686,PASS,4963,6002,10,20,2,16
XMSSMT-SHA2_20/2_256,PUB_R2,2964,2964,2965,5880759,2583685,PASS,4963,6002,10,20,2,16
XMSSMT-SHA2_20/2_256,PUB_R2,2965,2965,2966,5880833,2596389,PASS,4963,6002,10,20,2,16
XMSSMT-SHA2_20/2_256,PUB_R2,2966,2966,2967,5886944,2584370,PASS,4963,6002,10,20,2,16
XMSSMT-SHA2_20/2_256,PUB_R2,2967,2967,2968,15346593,2687018,PASS,4963,6002,10,20,2,16
XMSSMT-SHA2_20/2_256,PUB_R2,2968,2968,2969,10663870,2619666,PASS,4963,6002,10,20,2,16
XMSSMT-SHA2_20/2_256,PUB_R2,2969,2969,2970,5976945,2493481,PASS,4963,6002,10,20,2,16
XMSSMT-SHA2_20/2_256,PUB_R2,2970,2970,2971,5962945,2518888,PASS,4963,6002,10,20,2,16
XMSSMT-SHA2_20/2_256,PUB_R2,2971,2971,2972,10631019,2620926,PASS,4963,6002,10,20,2,16
XMSSMT-SHA2_20/2_256,PUB_R2,2972,2972,2973,6044685,2426704,PASS,4963,6002,10,20,2,16
XMSSMT-SHA2_20/2_256,PUB_R2,2973,2973,2974,5892740,2584722,PASS,4963,6002,10,20,2,16
XMSSMT-SHA2_20/2_256,PUB_R2,2974,2974,2975,5998482,2455685,PASS,4963,6002,10,20,2,16
XMSSMT-SHA2_20/2_256,PUB_R2,2975,2975,2976,15485092,2552685,PASS,4963,6002,10,20,2,16
XMSSMT-SHA2_20/2_256,PUB_R2,2976,2976,2977,17942648,2506129,PASS,4963,6002,10,20,2,16
XMSSMT-SHA2_20/2_256,PUB_R2,2977,2977,2978,15306963,2724333,PASS,4963,6002,10,20,2,16
XMSSMT-SHA2_20/2_256,PUB_R2,2978,2978,2979,17904260,2523352,PASS,4963,6002,10,20,2,16
XMSSMT-SHA2_20/2_256,PUB_R2,2979,2979,2980,15362333,2709037,PASS,4963,6002,10,20,2,16
XMSSMT-SHA2_20/2_256,PUB_R2,2980,2980,2981,17996704,2429500,PASS,4963,6002,10,20,2,16
XMSSMT-SHA2_20/2_256,PUB_R2,2981,2981,2982,15365518,2681185,PASS,4963,6002,10,20,2,16
XMSSMT-SHA2_20/2_256,PUB_R2,2982,2982,2983,8264833,2621277,PASS,4963,6002,10,20,2,16
XMSSMT-SHA2_20/2_256,PUB_R2,2983,2983,2984,15314537,2712796,PASS,4963,6002,10,20,2,16
XMSSMT-SHA2_20/2_256,PUB_R2,2984,2984,2985,10791500,2461408,PASS,4963,6002,10,20,2,16
XMSSMT-SHA2_20/2_256,PUB_R2,2985,2985,2986,5878111,2586203,PASS,4963,6002,10,20,2,16
XMSSMT-SHA2_20/2_256,PUB_R2,2986,2986,2987,5993611,2489186,PASS,4963,6002,10,20,2,16
XMSSMT-SHA2_20/2_256,PUB_R2,2987,2987,2988,10730407,2521648,PASS,4963,6002,10,20,2,16
XMSSMT-SHA2_20/2_256,PUB_R2,2988,2988,2989,5881351,2588537,PASS,4963,6002,10,20,2,16
XMSSMT-SHA2_20/2_256,PUB_R2,2989,2989,2990,6051111,2432888,PASS,4963,6002,10,20,2,16
XMSSMT-SHA2_20/2_256,PUB_R2,2990,2990,2991,5848055,2618889,PASS,4963,6002,10,20,2,16
XMSSMT-SHA2_20/2_256,PUB_R2,2991,2991,2992,15560148,2492685,PASS,4963,6002,10,20,2,16
XMSSMT-SHA2_20/2_256,PUB_R2,2992,2992,2993,17934629,2496129,PASS,4963,6002,10,20,2,16
XMSSMT-SHA2_20/2_256,PUB_R2,2993,2993,2994,15434834,2618944,PASS,4963,6002,10,20,2,16
XMSSMT-SHA2_20/2_256,PUB_R2,2994,2994,2995,8304667,2554852,PASS,4963,6002,10,20,2,16
XMSSMT-SHA2_20/2_256,PUB_R2,2995,2995,2996,10817871,2426685,PASS,4963,6002,10,20,2,16
XMSSMT-SHA2_20/2_256,PUB_R2,2996,2996,2997,5844500,2620000,PASS,4963,6002,10,20,2,16
XMSSMT-SHA2_20/2_256,PUB_R2,2997,2997,2998,5787593,2680778,PASS,4963,6002,10,20,2,16
XMSSMT-SHA2_20/2_256,PUB_R2,2998,2998,2999,5912277,2551722,PASS,4963,6002,10,20,2,16
XMSSMT-SHA2_20/2_256,PUB_R2,2999,2999,3000,15335851,2684204,PASS,4963,6002,10,20,2,16
XMSSMT-SHA2_20/2_256,PUB_R2,3000,3000,3001,10657185,2589778,PASS,4963,6002,10,20,2,16
XMSSMT-SHA2_20/2_256,PUB_R2,3001,3001,3002,5665185,2805982,PASS,4963,6002,10,20,2,16
XMSSMT-SHA2_20/2_256,PUB_R2,3002,3002,3003,5938519,2519334,PASS,4963,6002,10,20,2,16
XMSSMT-SHA2_20/2_256,PUB_R2,3003,3003,3004,10627648,2618074,PASS,4963,6002,10,20,2,16
XMSSMT-SHA2_20/2_256,PUB_R2,3004,3004,3005,5871944,2588185,PASS,4963,6002,10,20,2,16
XMSSMT-SHA2_20/2_256,PUB_R2,3005,3005,3006,5872500,2584167,PASS,4963,6002,10,20,2,16
XMSSMT-SHA2_20/2_256,PUB_R2,3006,3006,3007,6059241,2392593,PASS,4963,6002,10,20,2,16
XMSSMT-SHA2_20/2_256,PUB_R2,3007,3007,3008,15502907,2523574,PASS,4963,6002,10,20,2,16
XMSSMT-SHA2_20/2_256,PUB_R2,3008,3008,3009,17686352,2715574,PASS,4963,6002,10,20,2,16
XMSSMT-SHA2_20/2_256,PUB_R2,3009,3009,3010,15438278,2584037,PASS,4963,6002,10,20,2,16
XMSSMT-SHA2_20/2_256,PUB_R2,3010,3010,3011,17808834,2621482,PASS,4963,6002,10,20,2,16
XMSSMT-SHA2_20/2_256,PUB_R2,3011,3011,3012,15414482,2621722,PASS,4963,6002,10,20,2,16
XMSSMT-SHA2_20/2_256,PUB_R2,3012,3012,3013,17945907,2471704,PASS,4963,6002,10,20,2,16
XMSSMT-SHA2_20/2_256,PUB_R2,3013,3013,3014,15619630,2428611,PASS,4963,6002,10,20,2,16
XMSSMT-SHA2_20/2_256,PUB_R2,3014,3014,3015,8375982,2488944,PASS,4963,6002,10,20,2,16
XMSSMT-SHA2_20/2_256,PUB_R2,3015,3015,3016,15453704,2590648,PASS,4963,6002,10,20,2,16
XMSSMT-SHA2_20/2_256,PUB_R2,3016,3016,3017,10572686,2685204,PASS,4963,6002,10,20,2,16
XMSSMT-SHA2_20/2_256,PUB_R2,3017,3017,3018,5807870,2682611,PASS,4963,6002,10,20,2,16
XMSSMT-SHA2_20/2_256,PUB_R2,3018,3018,3019,5972722,2485444,PASS,4963,6002,10,20,2,16
XMSSMT-SHA2_20/2_256,PUB_R2,3019,3019,3020,10657630,2587389,PASS,4963,6002,10,20,2,16
XMSSMT-SHA2_20/2_256,PUB_R2,3020,3020,3021,5882074,2602018,PASS,4963,6002,10,20,2,16
XMSSMT-SHA2_20/2_256,PUB_R2,3021,3021,3022,5750278,2710148,PASS,4963,6002,10,20,2,16
XMSSMT-SHA2_20/2_256,PUB_R2,3022,3022,3023,5941240,2542704,PASS,4963,6002,10,20,2,16
XMSSMT-SHA2_20/2_256,PUB_R2,3023,3023,3024,15522370,2586666,PASS,4963,6002,10,20,2,16
XMSSMT-SHA2_20/2_256,PUB_R2,3024,3024,3025,17905111,2525926,PASS,4963,6002,10,20,2,16
XMSSMT-SHA2_20/2_256,PUB_R2,3025,3025,3026,15523278,2523278,PASS,4963,6002,10,20,2,16
XMSSMT-SHA2_20/2_256,PUB_R2,3026,3026,3027,8186722,2686703,PASS,4963,6002,10,20,2,16
XMSSMT-SHA2_20/2_256,PUB_R2,3027,3027,3028,10752352,2493778,PASS,4963,6002,10,20,2,16
XMSSMT-SHA2_20/2_256,PUB_R2,3028,3028,3029,5959277,2519538,PASS,4963,6002,10,20,2,16
XMSSMT-SHA2_20/2_256,PUB_R2,3029,3029,3030,5758074,2717463,PASS,4963,6002,10,20,2,16
XMSSMT-SHA2_20/2_256,PUB_R2,3030,3030,3031,5891944,2582389,PASS,4963,6002,10,20,2,16
XMSSMT-SHA2_20/2_256,PUB_R2,3031,3031,3032,15359500,2685796,PASS,4963,6002,10,20,2,16
XMSSMT-SHA2_20/2_256,PUB_R2,3032,3032,3033,10735333,2520870,PASS,4963,6002,10,20,2,16
XMSSMT-SHA2_20/2_256,PUB_R2,3033,3033,3034,5979093,2491000,PASS,4963,6002,10,20,2,16
XMSSMT-SHA2_20/2_256,PUB_R2,3034,3034,3035,5883778,2583833,PASS,4963,6002,10,20,2,16
XMSSMT-SHA2_20/2_256,PUB_R2,3035,3035,3036,10633519,2621685,PASS,4963,6002,10,20,2,16
XMSSMT-SHA2_20/2_256,PUB_R2,3036,3036,3037,5840371,2616000,PASS,4963,6002,10,20,2,16
XMSSMT-SHA2_20/2_256,PUB_R2,3037,3037,3038,6021667,2471407,PASS,4963,6002,10,20,2,16
XMSSMT-SHA2_20/2_256,PUB_R2,3038,3038,3039,5938815,2517778,PASS,4963,6002,10,20,2,16
XMSSMT-SHA2_20/2_256,PUB_R2,3039,3039,3040,15514982,2524018,PASS,4963,6002,10,20,2,16
XMSSMT-SHA2_20/2_256,PUB_R2,3040,3040,3041,17825297,2598148,PASS,4963,6002,10,20,2,16
XMSSMT-SHA2_20/2_256,PUB_R2,3041,3041,3042,15289444,2747574,PASS,4963,6002,10,20,2,16
XMSSMT-SHA2_20/2_256,PUB_R2,3042,3042,3043,8335574,2521222,PASS,4963,6002,10,20,2,16
XMSSMT-SHA2_20/2_256,PUB_R2,3043,3043,3044,10713130,2558222,PASS,4963,6002,10,20,2,16
XMSSMT-SHA2_20/2_256,PUB_R2,3044,3044,3045,5917926,2554518,PASS,4963,6002,10,20,2,16
XMSSMT-SHA2_20/2_256,PUB_R2,3045,3045,3046,5773000,2715037,PASS,4963,6002,10,20,2,16
XMSSMT-SHA2_20/2_256,PUB_R2,3046,3046,3047,5935593,2533074,PASS,4963,6002,10,20,2,16
XMSSMT-SHA2_20/2_256,PUB_R2,3047,3047,3048,15447370,2621796,PASS,4963,6002,10,20,2,16
XMSSMT-SHA2_20/2_256,PUB_R2,3048,3048,3049,10562555,2706352,PASS,4963,6002,10,20,2,16
XMSSMT-SHA2_20/2_256,PUB_R2,3049,3049,3050,5859019,2616296,PASS,4963,6002,10,20,2,16
XMSSMT-SHA2_20/2_256,PUB_R2,3050,3050,3051,5720852,2770463,PASS,4963,6002,10,20,2,16
XMSSMT-SHA2_20/2_256,PUB_R2,3051,3051,3052,10541963,2713481,PASS,4963,6002,10,20,2,16
XMSSMT-SHA2_20/2_256,PUB_R2,3052,3052,3053,5891000,2583612,PASS,4963,6002,10,20,2,16
XMSSMT-SHA2_20/2_256,PUB_R2,3053,3053,3054,5926277,2552537,PASS,4963,6002,10,20,2,16
XMSSMT-SHA2_20/2_256,PUB_R2,3054,3054,3055,5865130,2619037,PASS,4963,6002,10,20,2,16
XMSSMT-SHA2_20/2_256,PUB_R2,3055,3055,3056,15613185,2462666,PASS,4963,6002,10,20,2,16
XMSSMT-SHA2_20/2_256,PUB_R2,3056,3056,3057,10567778,2682297,PASS,4963,6002,10,20,2,16
XMSSMT-SHA2_20/2_256,PUB_R2,3057,3057,3058,5791111,2678649,PASS,4963,6002,10,20,2,16
XMSSMT-SHA2_20/2_256,PUB_R2,3058,3058,3059,5809797,2719222,PASS,4963,6002,10,20,2,16
XMSSMT-SHA2_20/2_256,PUB_R2,3059,3059,3060,10551926,2703352,PASS,4963,6002,10,20,2,16
XMSSMT-SHA2_20/2_256,PUB_R2,3060,3060,3061,5982426,2490778,PASS,4963,6002,10,20,2,16
XMSSMT-SHA2_20/2_256,PUB_R2,3061,3061,3062,6051778,2429574,PASS,4963,6002,10,20,2,16
XMSSMT-SHA2_20/2_256,PUB_R2,3062,3062,3063,5923111,2552130,PASS,4963,6002,10,20,2,16
XMSSMT-SHA2_20/2_256,PUB_R2,3063,3063,3064,10779648,2495426,PASS,4963,6002,10,20,2,16
XMSSMT-SHA2_20/2_256,PUB_R2,3064,3064,3065,5842722,2620055,PASS,4963,6002,10,20,2,16
XMSSMT-SHA2_20/2_256,PUB_R2,3065,3065,3066,5900167,2586166,PASS,4963,6002,10,20,2,16
XMSSMT-SHA2_20/2_256,PUB_R2,3066,3066,3067,6007574,2465666,PASS,4963,6002,10,20,2,16
XMSSMT-SHA2_20/2_256,PUB_R2,3067,3067,3068,5801926,2682833,PASS,4963,6002,10,20,2,16
XMSSMT-SHA2_20/2_256,PUB_R2,3068,3068,3069,5781018,2683945,PASS,4963,6002,10,20,2,16
XMSSMT-SHA2_20/2_256,PUB_R2,3069,3069,3070,3606037,2489260,PASS,4963,6002,10,20,2,16
XMSSMT-SHA2_20/2_256,PUB_R2,3070,3070,3071,5844574,2617611,PASS,4963,6002,10,20,2,16
XMSSMT-SHA2_20/2_256,PUB_R2,3071,3071,3072,6906778,2711778,PASS,4963,6002,10,20,2,16
XMSSMT-SHA2_20/2_256,PUB_R2,3072,3072,3073,5786389,2714240,PASS,4963,6002,10,20,2,16
XMSSMT-SHA2_20/2_256,PUB_R2,3073,3073,3074,5897222,2617278,PASS,4963,6002,10,20,2,16
XMSSMT-SHA2_20/2_256,PUB_R2,3074,3074,3075,5751167,2754204,PASS,4963,6002,10,20,2,16
XMSSMT-SHA2_20/2_256,PUB_R2,3075,3075,3076,10520297,2779685,PASS,4963,6002,10,20,2,16
XMSSMT-SHA2_20/2_256,PUB_R2,3076,3076,3077,5854556,2669000,PASS,4963,6002,10,20,2,16
XMSSMT-SHA2_20/2_256,PUB_R2,3077,3077,3078,5947426,2555148,PASS,4963,6002,10,20,2,16
XMSSMT-SHA2_20/2_256,PUB_R2,3078,3078,3079,5802241,2712574,PASS,4963,6002,10,20,2,16
XMSSMT-SHA2_20/2_256,PUB_R2,3079,3079,3080,15349352,2713703,PASS,4963,6002,10,20,2,16
XMSSMT-SHA2_20/2_256,PUB_R2,3080,3080,3081,10555796,2717333,PASS,4963,6002,10,20,2,16
XMSSMT-SHA2_20/2_256,PUB_R2,3081,3081,3082,6019389,2488203,PASS,4963,6002,10,20,2,16
XMSSMT-SHA2_20/2_256,PUB_R2,3082,3082,3083,5936074,2551871,PASS,4963,6002,10,20,2,16
XMSSMT-SHA2_20/2_256,PUB_R2,3083,3083,3084,10522778,2746333,PASS,4963,6002,10,20,2,16
XMSSMT-SHA2_20/2_256,PUB_R2,3084,3084,3085,6039000,2459722,PASS,4963,6002,10,20,2,16
XMSSMT-SHA2_20/2_256,PUB_R2,3085,3085,3086,5781870,2712463,PASS,4963,6002,10,20,2,16
XMSSMT-SHA2_20/2_256,PUB_R2,3086,3086,3087,5750500,2746149,PASS,4963,6002,10,20,2,16
XMSSMT-SHA2_20/2_256,PUB_R2,3087,3087,3088,15454426,2585037,PASS,4963,6002,10,20,2,16
XMSSMT-SHA2_20/2_256,PUB_R2,3088,3088,3089,17670741,2747741,PASS,4963,6002,10,20,2,16
XMSSMT-SHA2_20/2_256,PUB_R2,3089,3089,3090,15336518,2709278,PASS,4963,6002,10,20,2,16
XMSSMT-SHA2_20/2_256,PUB_R2,3090,3090,3091,8312759,2589908,PASS,4963,6002,10,20,2,16
XMSSMT-SHA2_20/2_256,PUB_R2,3091,3091,3092,10563408,2712056,PASS,4963,6002,10,20,2,16
XMSSMT-SHA2_20/2_256,PUB_R2,3092,3092,3093,6038574,2456518,PASS,4963,6002,10,20,2,16
XMSSMT-SHA2_20/2_256,PUB_R2,3093,3093,3094,5984093,2522407,PASS,4963,6002,10,20,2,16
XMSSMT-SHA2_20/2_256,PUB_R2,3094,3094,3095,6006555,2492630,PASS,4963,6002,10,20,2,16
XMSSMT-SHA2_20/2_256,PUB_R2,3095,3095,3096,15574704,2489666,PASS,4963,6002,10,20,2,16
XMSSMT-SHA2_20/2_256,PUB_R2,3096,3096,3097,10722815,2586352,PASS,4963,6002,10,20,2,16
XMSSMT-SHA2_20/2_256,PUB_R2,3097,3097,3098,5970092,2557870,PASS,4963,6002,10,20,2,16
XMSSMT-SHA2_20/2_256,PUB_R2,3098,3098,3099,5908759,2587315,PASS,4963,6002,10,20,2,16
XMSSMT-SHA2_20/2_256,PUB_R2,3099,3099,3100,10637092,2654482,PASS,4963,6002,10,20,2,16
XMSSMT-SHA2_20/2_256,PUB_R2,3100,3100,3101,5910870,2583741,PASS,4963,6002,10,20,2,16
XMSSMT-SHA2_20/2_256,PUB_R2,3101,3101,3102,5964037,2552148,PASS,4963,6002,10,20,2,16
XMSSMT-SHA2_20/2_256,PUB_R2,3102,3102,3103,5753908,2748519,PASS,4963,6002,10,20,2,16
XMSSMT-SHA2_20/2_256,PUB_R2,3103,3103,3104,15418130,2660852,PASS,4963,6002,10,20,2,16
XMSSMT-SHA2_20/2_256,PUB_R2,3104,3104,3105,17956667,2507537,PASS,4963,6002,10,20,2,16
XMSSMT-SHA2_20/2_256,PUB_R2,3105,3105,3106,15450685,2617593,PASS,4963,6002,10,20,2,16
XMSSMT-SHA2_20/2_256,PUB_R2,3106,3106,3107,17777852,2649629,PASS,4963,6002,10,20,2,16
XMSSMT-SHA2_20/2_256,PUB_R2,3107,3107,3108,15437797,2617741,PASS,4963,6002,10,20,2,16
XMSSMT-SHA2_20/2_256,PUB_R2,3108,3108,3109,17910037,2524167,PASS,4963,6002,10,20,2,16
XMSSMT-SHA2_20/2_256,PUB_R2,3109,3109,3110,15600167,2467352,PASS,4963,6002,10,20,2,16
XMSSMT-SHA2_20/2_256,PUB_R2,3110,3110,3111,8331649,2617130,PASS,4963,6002,10,20,2,16
XMSSMT-SHA2_20/2_256,PUB_R2,3111,3111,3112,15445667,2619759,PASS,4963,6002,10,20,2,16
XMSSMT-SHA2_20/2_256,PUB_R2,3112,3112,3113,10621352,2643463,PASS,4963,6002,10,20,2,16
XMSSMT-SHA2_20/2_256,PUB_R2,3113,3113,3114,6045185,2465500,PASS,4963,6002,10,20,2,16
XMSSMT-SHA2_20/2_256,PUB_R2,3114,3114,3115,5838796,2646704,PASS,4963,6002,10,20,2,16
XMSSMT-SHA2_20/2_256,PUB_R2,3115,3115,3116,10664445,2621204,PASS,4963,6002,10,20,2,16
XMSSMT-SHA2_20/2_256,PUB_R2,3116,3116,3117,5775259,2716278,PASS,4963,6002,10,20,2,16
XMSSMT-SHA2_20/2_256,PUB_R2,3117,3117,3118,6100944,2421815,PASS,4963,6002,10,20,2,16
XMSSMT-SHA2_20/2_256,PUB_R2,3118,3118,3119,5775871,2713148,PASS,4963,6002,10,20,2,16
XMSSMT-SHA2_20/2_256,PUB_R2,3119,3119,3120,15547963,2538574,PASS,4963,6002,10,20,2,16
XMSSMT-SHA2_20/2_256,PUB_R2,3120,3120,3121,17815463,2623500,PASS,4963,6002,10,20,2,16
XMSSMT-SHA2_20/2_256,PUB_R2,3121,3121,3122,15550907,2488556,PASS,4963,6002,10,20,2,16
XMSSMT-SHA2_20/2_256,PUB_R2,3122,3122,3123,8326296,2558611,PASS,4963,6002,10,20,2,16
XMSSMT-SHA2_20/2_256,PUB_R2,3123,3123,3124,10671166,2616500,PASS,4963,6002,10,20,2,16
XMSSMT-SHA2_20/2_256,PUB_R2,3124,3124,3125,5635370,2874111,PASS,4963,6002,10,20,2,16
XMSSMT-SHA2_20/2_256,PUB_R2,3125,3125,3126,5974389,2520889,PASS,4963,6002,10,20,2,16
XMSSMT-SHA2_20/2_256,PUB_R2,3126,3126,3127,5982167,2521092,PASS,4963,6002,10,20,2,16
XMSSMT-SHA2_20/2_256,PUB_R2,3127,3127,3128,15566444,2487519,PASS,4963,6002,10,20,2,16
XMSSMT-SHA2_20/2_256,PUB_R2,3128,3128,3129,10554408,2713944,PASS,4963,6002,10,20,2,16
XMSSMT-SHA2_20/2_256,PUB_R2,3129,3129,3130,5842296,2647019,PASS,4963,6002,10,20,2,16
XMSSMT-SHA2_20/2_256,PUB_R2,3130,3130,3131,6009519,2495445,PASS,4963,6002,10,20,2,16
XMSSMT-SHA2_20/2_256,PUB_R2,3131,3131,3132,10725148,2554203,PASS,4963,6002,10,20,2,16
XMSSMT-SHA2_20/2_256,PUB_R2,3132,3132,3133,5918167,2584648,PASS,4963,6002,10,20,2,16
XMSSMT-SHA2_20/2_256,PUB_R2,3133,3133,3134,5779981,2725389,PASS,4963,6002,10,20,2,16
XMSSMT-SHA2_20/2_256,PUB_R2,3134,3134,3135,5939852,2551093,PASS,4963,6002,10,20,2,16
XMSSMT-SHA2_20/2_256,PUB_R2,3135,3135,3136,15541926,2553278,PASS,4963,6002,10,20,2,16
XMSSMT-SHA2_20/2_256,PUB_R2,3136,3136,3137,17939741,2524648,PASS,4963,6002,10,20,2,16
XMSSMT-SHA2_20/2_256,PUB_R2,3137,3137,3138,15326426,2757945,PASS,4963,6002,10,20,2,16
XMSSMT-SHA2_20/2_256,PUB_R2,3138,3138,3139,17931629,2536167,PASS,4963,6002,10,20,2,16
XMSSMT-SHA2_20/2_256,PUB_R2,3139,3139,3140,15568815,2525593,PASS,4963,6002,10,20,2,16
XMSSMT-SHA2_20/2_256,PUB_R2,3140,3140,3141,17827185,2655574,PASS,4963,6002,10,20,2,16
XMSSMT-SHA2_20/2_256,PUB_R2,3141,3141,3142,15508814,2584851,PASS,4963,6002,10,20,2,16
XMSSMT-SHA2_20/2_256,PUB_R2,3142,3142,3143,17939907,2524537,PASS,4963,6002,10,20,2,16
XMSSMT-SHA2_20/2_256,PUB_R2,3143,3143,3144,15416352,2655685,PASS,4963,6002,10,20,2,16
XMSSMT-SHA2_20/2_256,PUB_R2,3144,3144,3145,17791630,2665370,PASS,4963,6002,10,20,2,16
XMSSMT-SHA2_20/2_256,PUB_R2,3145,3145,3146,15466741,2588871,PASS,4963,6002,10,20,2,16
XMSSMT-SHA2_20/2_256,PUB_R2,3146,3146,3147,17924666,2520481,PASS,4963,6002,10,20,2,16
XMSSMT-SHA2_20/2_256,PUB_R2,3147,3147,3148,15496926,2549222,PASS,4963,6002,10,20,2,16
XMSSMT-SHA2_20/2_256,PUB_R2,3148,3148,3149,17822592,2614871,PASS,4963,6002,10,20,2,16
XMSSMT-SHA2_20/2_256,PUB_R2,3149,3149,3150,15291185,2781222,PASS,4963,6002,10,20,2,16
XMSSMT-SHA2_20/2_256,PUB_R2,3150,3150,3151,17935907,2525648,PASS,4963,6002,10,20,2,16
XMSSMT-SHA2_20/2_256,PUB_R2,3151,3151,3152,15559685,2487204,PASS,4963,6002,10,20,2,16
XMSSMT-SHA2_20/2_256,PUB_R2,3152,3152,3153,17928240,2488981,PASS,4963,6002,10,20,2,16
XMSSMT-SHA2_20/2_256,PUB_R2,3153,3153,3154,15486963,2554463,PASS,4963,6002,10,20,2,16
XMSSMT-SHA2_20/2_256,PUB_R2,3154,3154,3155,8267852,2619500,PASS,4963,6002,10,20,2,16
XMSSMT-SHA2_20/2_256,PUB_R2,3155,3155,3156,10662222,2620500,PASS,4963,6002,10,20,2,16
XMSSMT-SHA2_20/2_256,PUB_R2,3156,3156,3157,6004240,2484260,PASS,4963,6002,10,20,2,16
XMSSMT-SHA2_20/2_256,PUB_R2,3157,3157,3158,6044463,2456981,PASS,4963,6002,10,20,2,16
XMSSMT-SHA2_20/2_256,PUB_R2,3158,3158,3159,5877926,2612741,PASS,4963,6002,10,20,2,16
XMSSMT-SHA2_20/2_256,PUB_R2,3159,3159,3160,15332925,2711871,PASS,4963,6002,10,20,2,16
XMSSMT-SHA2_20/2_256,PUB_R2,3160,3160,3161,10656593,2617315,PASS,4963,6002,10,20,2,16
XMSSMT-SHA2_20/2_256,PUB_R2,3161,3161,3162,5944407,2552278,PASS,4963,6002,10,20,2,16
XMSSMT-SHA2_20/2_256,PUB_R2,3162,3162,3163,6064815,2425648,PASS,4963,6002,10,20,2,16
XMSSMT-SHA2_20/2_256,PUB_R2,3163,3163,3164,10651611,2618574,PASS,4963,6002,10,20,2,16
XMSSMT-SHA2_20/2_256,PUB_R2,3164,3164,3165,5944222,2555778,PASS,4963,6002,10,20,2,16
XMSSMT-SHA2_20/2_256,PUB_R2,3165,3165,3166,5942944,2562185,PASS,4963,6002,10,20,2,16
XMSSMT-SHA2_20/2_256,PUB_R2,3166,3166,3167,5858945,2647611,PASS,4963,6002,10,20,2,16
XMSSMT-SHA2_20/2_256,PUB_R2,3167,3167,3168,15552241,2525148,PASS,4963,6002,10,20,2,16
XMSSMT-SHA2_20/2_256,PUB_R2,3168,3168,3169,17802722,2659630,PASS,4963,6002,10,20,2,16
XMSSMT-SHA2_20/2_256,PUB_R2,3169,3169,3170,15312148,2746500,PASS,4963,6002,10,20,2,16
XMSSMT-SHA2_20/2_256,PUB_R2,3170,3170,3171,17720186,2750315,PASS,4963,6002,10,20,2,16
XMSSMT-SHA2_20/2_256,PUB_R2,3171,3171,3172,15338222,2727223,PASS,4963,6002,10,20,2,16
XMSSMT-SHA2_20/2_256,PUB_R2,3172,3172,3173,17840407,2624055,PASS,4963,6002,10,20,2,16
XMSSMT-SHA2_20/2_256,PUB_R2,3173,3173,3174,15443926,2618167,PASS,4963,6002,10,20,2,16
XMSSMT-SHA2_20/2_256,PUB_R2,3174,3174,3175,8120278,2773463,PASS,4963,6002,10,20,2,16
XMSSMT-SHA2_20/2_256,PUB_R2,3175,3175,3176,15419111,2651926,PASS,4963,6002,10,20,2,16
XMSSMT-SHA2_20/2_256,PUB_R2,3176,3176,3177,10707463,2586277,PASS,4963,6002,10,20,2,16
XMSSMT-SHA2_20/2_256,PUB_R2,3177,3177,3178,5889945,2618277,PASS,4963,6002,10,20,2,16
XMSSMT-SHA2_20/2_256,PUB_R2,3178,3178,3179,5799519,2712241,PASS,4963,6002,10,20,2,16
XMSSMT-SHA2_20/2_256,PUB_R2,3179,3179,3180,10683704,2598796,PASS,4963,6002,10,20,2,16
XMSSMT-SHA2_20/2_256,PUB_R2,3180,3180,3181,6045130,2460018,PASS,4963,6002,10,20,2,16
XMSSMT-SHA2_20/2_256,PUB_R2,3181,3181,3182,5979037,2533981,PASS,4963,6002,10,20,2,16
XMSSMT-SHA2_20/2_256,PUB_R2,3182,3182,3183,5793389,2712574,PASS,4963,6002,10,20,2,16
XMSSMT-SHA2_20/2_256,PUB_R2,3183,3183,3184,15493519,2622315,PASS,4963,6002,10,20,2,16
XMSSMT-SHA2_20/2_256,PUB_R2,3184,3184,3185,17787018,2653685,PASS,4963,6002,10,20,2,16
XMSSMT-SHA2_20/2_256,PUB_R2,3185,3185,3186,15552834,2524685,PASS,4963,6002,10,20,2,16
XMSSMT-SHA2_20/2_256,PUB_R2,3186,3186,3187,8326241,2586093,PASS,4963,6002,10,20,2,16
XMSSMT-SHA2_20/2_256,PUB_R2,3187,3187,3188,10634592,2647797,PASS,4963,6002,10,20,2,16
XMSSMT-SHA2_20/2_256,PUB_R2,3188,3188,3189,5972852,2539389,PASS,4963,6002,10,20,2,16
XMSSMT-SHA2_20/2_256,PUB_R2,3189,3189,3190,5859093,2648222,PASS,4963,6002,10,20,2,16
XMSSMT-SHA2_20/2_256,PUB_R2,3190,3190,3191,5840851,2658723,PASS,4963,6002,10,20,2,16
XMSSMT-SHA2_20/2_256,PUB_R2,3191,3191,3192,15415408,2650333,PASS,4963,6002,10,20,2,16
XMSSMT-SHA2_20/2_256,PUB_R2,3192,3192,3193,10659482,2618389,PASS,4963,6002,10,20,2,16
XMSSMT-SHA2_20/2_256,PUB_R2,3193,3193,3194,5902611,2620407,PASS,4963,6002,10,20,2,16
XMSSMT-SHA2_20/2_256,PUB_R2,3194,3194,3195,5905871,2585685,PASS,4963,6002,10,20,2,16
XMSSMT-SHA2_20/2_256,PUB_R2,3195,3195,3196,10580851,2709888,PASS,4963,6002,10,20,2,16
XMSSMT-SHA2_20/2_256,PUB_R2,3196,3196,3197,5877814,2647889,PASS,4963,6002,10,20,2,16
XMSSMT-SHA2_20/2_256,PUB_R2,3197,3197,3198,5952074,2555130,PASS,4963,6002,10,20,2,16
XMSSMT-SHA2_20/2_256,PUB_R2,3198,3198,3199,5893667,2619111,PASS,4963,6002,10,20,2,16
XMSSMT-SHA2_20/2_256,PUB_R2,3199,3199,3200,15325852,2752092,PASS,4963,6002,10,20,2,16
XMSSMT-SHA2_20/2_256,PUB_R2,3200,3200,3201,17888518,2516130,PASS,4963,6002,10,20,2,16
XMSSMT-SHA2_20/2_256,PUB_R2,3201,3201,3202,15513649,2556574,PASS,4963,6002,10,20,2,16
XMSSMT-SHA2_20/2_256,PUB_R2,3202,3202,3203,17821222,2617500,PASS,4963,6002,10,20,2,16
XMSSMT-SHA2_20/2_256,PUB_R2,3203,3203,3204,15508741,2553778,PASS,4963,6002,10,20,2,16
XMSSMT-SHA2_20/2_256,PUB_R2,3204,3204,3205,17938333,2563500,PASS,4963,6002,10,20,2,16
XMSSMT-SHA2_20/2_256,PUB_R2,3205,3205,3206,15402093,2657426,PASS,4963,6002,10,20,2,16
XMSSMT-SHA2_20/2_256,PUB_R2,3206,3206,3207,17844351,2615241,PASS,4963,6002,10,20,2,16
XMSSMT-SHA2_20/2_256,PUB_R2,3207,3207,3208,15339351,2779315,PASS,4963,6002,10,20,2,16
XMSSMT-SHA2_20/2_256,PUB_R2,3208,3208,3209,17913388,2523056,PASS,4963,6002,10,20,2,16
XMSSMT-SHA2_20/2_256,PUB_R2,3209,3209,3210,15540889,2556296,PASS,4963,6002,10,20,2,16
XMSSMT-SHA2_20/2_256,PUB_R2,3210,3210,3211,17893611,2587908,PASS,4963,6002,10,20,2,16
XMSSMT-SHA2_20/2_256,PUB_R2,3211,3211,3212,15473778,2600685,PASS,4963,6002,10,20,2,16
XMSSMT-SHA2_20/2_256,PUB_R2,3212,3212,3213,17937130,2490056,PASS,4963,6002,10,20,2,16
XMSSMT-SHA2_20/2_256,PUB_R2,3213,3213,3214,15313407,2746278,PASS,4963,6002,10,20,2,16
XMSSMT-SHA2_20/2_256,PUB_R2,3214,3214,3215,17794296,2649167,PASS,4963,6002,10,20,2,16
XMSSMT-SHA2_20/2_256,PUB_R2,3215,3215,3216,15478870,2585370,PASS,4963,6002,10,20,2,16
XMSSMT-SHA2_20/2_256,PUB_R2,3216,3216,3217,17842981,2619333,PASS,4963,6002,10,20,2,16
XMSSMT-SHA2_20/2_256,PUB_R2,3217,3217,3218,15462463,2635426,PASS,4963,6002,10,20,2,16
XMSSMT-SHA2_20/2_256,PUB_R2,3218,3218,3219,17660445,2775889,PASS,4963,6002,10,20,2,16
XMSSMT-SHA2_20/2_256,PUB_R2,3219,3219,3220,15456037,2583574,PASS,4963,6002,10,20,2,16
XMSSMT-SHA2_20/2_256,PUB_R2,3220,3220,3221,17700444,2711815,PASS,4963,6002,10,20,2,16
XMSSMT-SHA2_20/2_256,PUB_R2,3221,3221,3222,15387574,2650852,PASS,4963,6002,10,20,2,16
XMSSMT-SHA2_20/2_256,PUB_R2,3222,3222,3223,17959000,2454130,PASS,4963,6002,10,20,2,16
XMSSMT-SHA2_20/2_256,PUB_R2,3223,3223,3224,15401315,2652556,PASS,4963,6002,10,20,2,16
XMSSMT-SHA2_20/2_256,PUB_R2,3224,3224,3225,17936944,2489482,PASS,4963,6002,10,20,2,16
XMSSMT-SHA2_20/2_256,PUB_R2,3225,3225,3226,15297278,2742963,PASS,4963,6002,10,20,2,16
XMSSMT-SHA2_20/2_256,PUB_R2,3226,3226,3227,17689981,2741482,PASS,4963,6002,10,20,2,16
XMSSMT-SHA2_20/2_256,PUB_R2,3227,3227,3228,15538723,2488611,PASS,4963,6002,10,20,2,16
XMSSMT-SHA2_20/2_256,PUB_R2,3228,3228,3229,17910815,2527296,PASS,4963,6002,10,20,2,16
XMSSMT-SHA2_20/2_256,PUB_R2,3229,3229,3230,15516315,2572500,PASS,4963,6002,10,20,2,16
XMSSMT-SHA2_20/2_256,PUB_R2,3230,3230,3231,17966241,2494500,PASS,4963,6002,10,20,2,16
XMSSMT-SHA2_20/2_256,PUB_R2,3231,3231,3232,15647889,2426352,PASS,4963,6002,10,20,2,16
XMSSMT-SHA2_20/2_256,PUB_R2,3232,3232,3233,17717463,2710612,PASS,4963,6002,10,20,2,16
XMSSMT-SHA2_20/2_256,PUB_R2,3233,3233,3234,15335555,2716555,PASS,4963,6002,10,20,2,16
XMSSMT-SHA2_20/2_256,PUB_R2,3234,3234,3235,17872666,2589760,PASS,4963,6002,10,20,2,16
XMSSMT-SHA2_20/2_256,PUB_R2,3235,3235,3236,15411611,2657611,PASS,4963,6002,10,20,2,16
XMSSMT-SHA2_20/2_256,PUB_R2,3236,3236,3237,17800537,2658482,PASS,4963,6002,10,20,2,16
XMSSMT-SHA2_20/2_256,PUB_R2,3237,3237,3238,15490555,2551907,PASS,4963,6002,10,20,2,16
XMSSMT-SHA2_20/2_256,PUB_R2,3238,3238,3239,17867741,2583241,PASS,4963,6002,10,20,2,16
XMSSMT-SHA2_20/2_256,PUB_R2,3239,3239,3240,15576611,2493852,PASS,4963,6002,10,20,2,16
XMSSMT-SHA2_20/2_256,PUB_R2,3240,3240,3241,17694167,2748445,PASS,4963,6002,10,20,2,16
XMSSMT-SHA2_20/2_256,PUB_R2,3241,3241,3242,15437277,2618481,PASS,4963,6002,10,20,2,16
XMSSMT-SHA2_20/2_256,PUB_R2,3242,3242,3243,17914945,2610500,PASS,4963,6002,10,20,2,16
XMSSMT-SHA2_20/2_256,PUB_R2,3243,3243,3244,10690315,2588259,PASS,4963,6002,10,20,2,16
XMSSMT-SHA2_20/2_256,PUB_R2,3244,3244,3245,5985907,2525851,PASS,4963,6002,10,20,2,16
XMSSMT-SHA2_20/2_256,PUB_R2,3245,3245,3246,5759926,2750889,PASS,4963,6002,10,20,2,16
XMSSMT-SHA2_20/2_256,PUB_R2,3246,3246,3247,5898092,2618148,PASS,4963,6002,10,20,2,16
XMSSMT-SHA2_20/2_256,PUB_R2,3247,3247,3248,15424703,2654425,PASS,4963,6002,10,20,2,16
XMSSMT-SHA2_20/2_256,PUB_R2,3248,3248,3249,17924648,2524945,PASS,4963,6002,10,20,2,16
XMSSMT-SHA2_20/2_256,PUB_R2,3249,3249,3250,15577796,2490000,PASS,4963,6002,10,20,2,16
XMSSMT-SHA2_20/2_256,PUB_R2,3250,3250,3251,8300833,2619926,PASS,4963,6002,10,20,2,16
XMSSMT-SHA2_20/2_256,PUB_R2,3251,3251,3252,10741833,2554315,PASS,4963,6002,10,20,2,16
XMSSMT-SHA2_20/2_256,PUB_R2,3252,3252,3253,5979092,2522833,PASS,4963,6002,10,20,2,16
XMSSMT-SHA2_20/2_256,PUB_R2,3253,3253,3254,5865907,2651463,PASS,4963,6002,10,20,2,16
XMSSMT-SHA2_20/2_256,PUB_R2,3254,3254,3255,5777260,2710463,PASS,4963,6002,10,20,2,16
XMSSMT-SHA2_20/2_256,PUB_R2,3255,3255,3256,15446407,2620111,PASS,4963,6002,10,20,2,16
XMSSMT-SHA2_20/2_256,PUB_R2,3256,3256,3257,10667315,2620148,PASS,4963,6002,10,20,2,16
XMSSMT-SHA2_20/2_256,PUB_R2,3257,3257,3258,5979889,2530926,PASS,4963,6002,10,20,2,16
XMSSMT-SHA2_20/2_256,PUB_R2,3258,3258,3259,5967370,2520889,PASS,4963,6002,10,20,2,16
XMSSMT-SHA2_20/2_256,PUB_R2,3259,3259,3260,10701556,2584981,PASS,4963,6002,10,20,2,16
XMSSMT-SHA2_20/2_256,PUB_R2,3260,3260,3261,5947759,2558463,PASS,4963,6002,10,20,2,16
XMSSMT-SHA2_20/2_256,PUB_R2,3261,3261,3262,5970278,2555889,PASS,4963,6002,10,20,2,16
XMSSMT-SHA2_20/2_256,PUB_R2,3262,3262,3263,5842241,2668055,PASS,4963,6002,10,20,2,16
XMSSMT-SHA2_20/2_256,PUB_R2,3263,3263,3264,15519148,2589593,PASS,4963,6002,10,20,2,16
XMSSMT-SHA2_20/2_256,PUB_R2,3264,3264,3265,17897574,2554889,PASS,4963,6002,10,20,2,16
XMSSMT-SHA2_20/2_256,PUB_R2,3265,3265,3266,15597611,2492593,PASS,4963,6002,10,20,2,16
XMSSMT-SHA2_20/2_256,PUB_R2,3266,3266,3267,17890204,2554482,PASS,4963,6002,10,20,2,16
XMSSMT-SHA2_20/2_256,PUB_R2,3267,3267,3268,15579018,2491463,PASS,4963,6002,10,20,2,16
XMSSMT-SHA2_20/2_256,PUB_R2,3268,3268,3269,17988908,2512259,PASS,4963,6002,10,20,2,16
XMSSMT-SHA2_20/2_256,PUB_R2,3269,3269,3270,15474851,2596833,PASS,4963,6002,10,20,2,16
XMSSMT-SHA2_20/2_256,PUB_R2,3270,3270,3271,17832703,2650389,PASS,4963,6002,10,20,2,16
XMSSMT-SHA2_20/2_256,PUB_R2,3271,3271,3272,15492371,2592204,PASS,4963,6002,10,20,2,16
XMSSMT-SHA2_20/2_256,PUB_R2,3272,3272,3273,17957685,2491759,PASS,4963,6002,10,20,2,16
XMSSMT-SHA2_20/2_256,PUB_R2,3273,3273,3274,15414741,2647963,PASS,4963,6002,10,20,2,16
XMSSMT-SHA2_20/2_256,PUB_R2,3274,3274,3275,17847296,2630723,PASS,4963,6002,10,20,2,16
XMSSMT-SHA2_20/2_256,PUB_R2,3275,3275,3276,15305926,2770148,PASS,4963,6002,10,20,2,16
XMSSMT-SHA2_20/2_256,PUB_R2,3276,3276,3277,17832130,2652278,PASS,4963,6002,10,20,2,16
XMSSMT-SHA2_20/2_256,PUB_R2,3277,3277,3278,15457926,2623815,PASS,4963,6002,10,20,2,16
XMSSMT-SHA2_20/2_256,PUB_R2,3278,3278,3279,17796334,2653592,PASS,4963,6002,10,20,2,16
XMSSMT-SHA2_20/2_256,PUB_R2,3279,3279,3280,15572963,2487389,PASS,4963,6002,10,20,2,16
XMSSMT-SHA2_20/2_256,PUB_R2,3280,3280,3281,17814018,2616851,PASS,4963,6002,10,20,2,16
XMSSMT-SHA2_20/2_256,PUB_R2,3281,3281,3282,15474204,2587685,PASS,4963,6002,10,20,2,16
XMSSMT-SHA2_20/2_256,PUB_R2,3282,3282,3283,8245426,2654297,PASS,4963,6002,10,20,2,16
XMSSMT-SHA2_20/2_256,PUB_R2,3283,3283,3284,10664630,2622314,PASS,4963,6002,10,20,2,16
XMSSMT-SHA2_20/2_256,PUB_R2,3284,3284,3285,5846667,2650370,PASS,4963,6002,10,20,2,16
XMSSMT-SHA2_20/2_256,PUB_R2,3285,3285,3286,5886907,2616611,PASS,4963,6002,10,20,2,16
XMSSMT-SHA2_20/2_256,PUB_R2,3286,3286,3287,5979204,2521000,PASS,4963,6002,10,20,2,16
XMSSMT-SHA2_20/2_256,PUB_R2,3287,3287,3288,15404796,2651296,PASS,4963,6002,10,20,2,16
XMSSMT-SHA2_20/2_256,PUB_R2,3288,3288,3289,10778407,2488704,PASS,4963,6002,10,20,2,16
XMSSMT-SHA2_20/2_256,PUB_R2,3289,3289,3290,5849593,2648241,PASS,4963,6002,10,20,2,16
XMSSMT-SHA2_20/2_256,PUB_R2,3290,3290,3291,5846778,2648241,PASS,4963,6002,10,20,2,16
XMSSMT-SHA2_20/2_256,PUB_R2,3291,3291,3292,10721426,2553926,PASS,4963,6002,10,20,2,16
XMSSMT-SHA2_20/2_256,PUB_R2,3292,3292,3293,5713129,2790241,PASS,4963,6002,10,20,2,16
XMSSMT-SHA2_20/2_256,PUB_R2,3293,3293,3294,5864019,2652185,PASS,4963,6002,10,20,2,16
XMSSMT-SHA2_20/2_256,PUB_R2,3294,3294,3295,5688888,2821814,PASS,4963,6002,10,20,2,16
XMSSMT-SHA2_20/2_256,PUB_R2,3295,3295,3296,15484889,2623907,PASS,4963,6002,10,20,2,16
XMSSMT-SHA2_20/2_256,PUB_R2,3296,3296,3297,17862185,2589333,PASS,4963,6002,10,20,2,16
XMSSMT-SHA2_20/2_256,PUB_R2,3297,3297,3298,15472055,2617019,PASS,4963,6002,10,20,2,16
XMSSMT-SHA2_20/2_256,PUB_R2,3298,3298,3299,17756555,2713982,PASS,4963,6002,10,20,2,16
XMSSMT-SHA2_20/2_256,PUB_R2,3299,3299,3300,15657315,2430371,PASS,4963,6002,10,20,2,16
XMSSMT-SHA2_20/2_256,PUB_R2,3300,3300,3301,17896315,2597796,PASS,4963,6002,10,20,2,16
XMSSMT-SHA2_20/2_256,PUB_R2,3301,3301,3302,15573314,2536019,PASS,4963,6002,10,20,2,16
XMSSMT-SHA2_20/2_256,PUB_R2,3302,3302,3303,8121722,2777648,PASS,4963,6002,10,20,2,16
XMSSMT-SHA2_20/2_256,PUB_R2,3303,3303,3304,15503945,2595129,PASS,4963,6002,10,20,2,16
XMSSMT-SHA2_20/2_256,PUB_R2,3304,3304,3305,10706834,2583574,PASS,4963,6002,10,20,2,16
XMSSMT-SHA2_20/2_256,PUB_R2,3305,3305,3306,5901852,2620111,PASS,4963,6002,10,20,2,16
XMSSMT-SHA2_20/2_256,PUB_R2,3306,3306,3307,5943111,2552463,PASS,4963,6002,10,20,2,16
XMSSMT-SHA2_20/2_256,PUB_R2,3307,3307,3308,10815314,2495389,PASS,4963,6002,10,20,2,16
XMSSMT-SHA2_20/2_256,PUB_R2,3308,3308,3309,5984259,2562574,PASS,4963,6002,10,20,2,16
XMSSMT-SHA2_20/2_256,PUB_R2,3309,3309,3310,5888611,2616741,PASS,4963,6002,10,20,2,16
XMSSMT-SHA2_20/2_256,PUB_R2,3310,3310,3311,5884556,2616796,PASS,4963,6002,10,20,2,16
XMSSMT-SHA2_20/2_256,PUB_R2,3311,3311,3312,15508500,2568963,PASS,4963,6002,10,20,2,16
XMSSMT-SHA2_20/2_256,PUB_R2,3312,3312,3313,17816834,2655167,PASS,4963,6002,10,20,2,16
XMSSMT-SHA2_20/2_256,PUB_R2,3313,3313,3314,15495759,2619851,PASS,4963,6002,10,20,2,16
XMSSMT-SHA2_20/2_256,PUB_R2,3314,3314,3315,8424944,2494148,PASS,4963,6002,10,20,2,16
XMSSMT-SHA2_20/2_256,PUB_R2,3315,3315,3316,10626482,2649482,PASS,4963,6002,10,20,2,16
XMSSMT-SHA2_20/2_256,PUB_R2,3316,3316,3317,5797444,2711648,PASS,4963,6002,10,20,2,16
XMSSMT-SHA2_20/2_256,PUB_R2,3317,3317,3318,5788982,2723944,PASS,4963,6002,10,20,2,16
XMSSMT-SHA2_20/2_256,PUB_R2,3318,3318,3319,5786444,2711167,PASS,4963,6002,10,20,2,16
XMSSMT-SHA2_20/2_256,PUB_R2,3319,3319,3320,15310611,2745556,PASS,4963,6002,10,20,2,16
XMSSMT-SHA2_20/2_256,PUB_R2,3320,3320,3321,10538685,2747278,PASS,4963,6002,10,20,2,16
XMSSMT-SHA2_20/2_256,PUB_R2,3321,3321,3322,5887629,2617741,PASS,4963,6002,10,20,2,16
XMSSMT-SHA2_20/2_256,PUB_R2,3322,3322,3323,5993796,2522000,PASS,4963,6002,10,20,2,16
XMSSMT-SHA2_20/2_256,PUB_R2,3323,3323,3324,10737537,2552148,PASS,4963,6002,10,20,2,16
XMSSMT-SHA2_20/2_256,PUB_R2,3324,3324,3325,5943648,2549834,PASS,4963,6002,10,20,2,16
XMSSMT-SHA2_20/2_256,PUB_R2,3325,3325,3326,5932334,2584685,PASS,4963,6002,10,20,2,16
XMSSMT-SHA2_20/2_256,PUB_R2,3326,3326,3327,5776149,2709334,PASS,4963,6002,10,20,2,16
XMSSMT-SHA2_20/2_256,PUB_R2,3327,3327,3328,15420426,2652963,PASS,4963,6002,10,20,2,16
XMSSMT-SHA2_20/2_256,PUB_R2,3328,3328,3329,17854907,2593130,PASS,4963,6002,10,20,2,16
XMSSMT-SHA2_20/2_256,PUB_R2,3329,3329,3330,15411500,2662037,PASS,4963,6002,10,20,2,16
XMSSMT-SHA2_20/2_256,PUB_R2,3330,3330,3331,17736519,2715667,PASS,4963,6002,10,20,2,16
XMSSMT-SHA2_20/2_256,PUB_R2,3331,3331,3332,15422666,2649296,PASS,4963,6002,10,20,2,16
XMSSMT-SHA2_20/2_256,PUB_R2,3332,3332,3333,17710611,2713074,PASS,4963,6002,10,20,2,16
XMSSMT-SHA2_20/2_256,PUB_R2,3333,3333,3334,15302334,2745315,PASS,4963,6002,10,20,2,16
XMSSMT-SHA2_20/2_256,PUB_R2,3334,3334,3335,17771445,2715241,PASS,4963,6002,10,20,2,16
XMSSMT-SHA2_20/2_256,PUB_R2,3335,3335,3336,15489537,2637055,PASS,4963,6002,10,20,2,16
XMSSMT-SHA2_20/2_256,PUB_R2,3336,3336,3337,17730889,2716685,PASS,4963,6002,10,20,2,16
XMSSMT-SHA2_20/2_256,PUB_R2,3337,3337,3338,15553408,2520908,PASS,4963,6002,10,20,2,16
XMSSMT-SHA2_20/2_256,PUB_R2,3338,3338,3339,17841370,2615926,PASS,4963,6002,10,20,2,16
XMSSMT-SHA2_20/2_256,PUB_R2,3339,3339,3340,15481778,2623426,PASS,4963,6002,10,20,2,16
XMSSMT-SHA2_20/2_256,PUB_R2,3340,3340,3341,17886574,2558129,PASS,4963,6002,10,20,2,16
XMSSMT-SHA2_20/2_256,PUB_R2,3341,3341,3342,15323630,2769555,PASS,4963,6002,10,20,2,16
XMSSMT-SHA2_20/2_256,PUB_R2,3342,3342,3343,17841648,2620389,PASS,4963,6002,10,20,2,16
XMSSMT-SHA2_20/2_256,PUB_R2,3343,3343,3344,15535074,2556149,PASS,4963,6002,10,20,2,16
XMSSMT-SHA2_20/2_256,PUB_R2,3344,3344,3345,17956018,2522741,PASS,4963,6002,10,20,2,16
XMSSMT-SHA2_20/2_256,PUB_R2,3345,3345,3346,15512297,2590500,PASS,4963,6002,10,20,2,16
XMSSMT-SHA2_20/2_256,PUB_R2,3346,3346,3347,17685963,2745944,PASS,4963,6002,10,20,2,16
XMSSMT-SHA2_20/2_256,PUB_R2,3347,3347,3348,15426704,2615334,PASS,4963,6002,10,20,2,16
XMSSMT-SHA2_20/2_256,PUB_R2,3348,3348,3349,17808982,2620408,PASS,4963,6002,10,20,2,16
XMSSMT-SHA2_20/2_256,PUB_R2,3349,3349,3350,15528185,2519222,PASS,4963,6002,10,20,2,16
XMSSMT-SHA2_20/2_256,PUB_R2,3350,3350,3351,17827352,2615963,PASS,4963,6002,10,20,2,16
XMSSMT-SHA2_20/2_256,PUB_R2,3351,3351,3352,15349055,2714315,PASS,4963,6002,10,20,2,16
XMSSMT-SHA2_20/2_256,PUB_R2,3352,3352,3353,17684092,2746074,PASS,4963,6002,10,20,2,16
XMSSMT-SHA2_20/2_256,PUB_R2,3353,3353,3354,15412963,2650926,PASS,4963,6002,10,20,2,16
XMSSMT-SHA2_20/2_256,PUB_R2,3354,3354,3355,17866037,2584722,PASS,4963,6002,10,20,2,16
XMSSMT-SHA2_20/2_256,PUB_R2,3355,3355,3356,15342556,2726870,PASS,4963,6002,10,20,2,16
XMSSMT-SHA2_20/2_256,PUB_R2,3356,3356,3357,17815334,2650741,PASS,4963,6002,10,20,2,16
XMSSMT-SHA2_20/2_256,PUB_R2,3357,3357,3358,15523241,2556426,PASS,4963,6002,10,20,2,16
XMSSMT-SHA2_20/2_256,PUB_R2,3358,3358,3359,17993500,2461056,PASS,4963,6002,10,20,2,16
XMSSMT-SHA2_20/2_256,PUB_R2,3359,3359,3360,15275444,2807852,PASS,4963,6002,10,20,2,16
XMSSMT-SHA2_20/2_256,PUB_R2,3360,3360,3361,17904649,2556240,PASS,4963,6002,10,20,2,16
XMSSMT-SHA2_20/2_256,PUB_R2,3361,3361,3362,15427000,2658870,PASS,4963,6002,10,20,2,16
XMSSMT-SHA2_20/2_256,PUB_R2,3362,3362,3363,17968055,2524408,PASS,4963,6002,10,20,2,16
XMSSMT-SHA2_20/2_256,PUB_R2,3363,3363,3364,15509648,2557592,PASS,4963,6002,10,20,2,16
XMSSMT-SHA2_20/2_256,PUB_R2,3364,3364,3365,17913074,2557889,PASS,4963,6002,10,20,2,16
XMSSMT-SHA2_20/2_256,PUB_R2,3365,3365,3366,15319500,2739777,PASS,4963,6002,10,20,2,16
XMSSMT-SHA2_20/2_256,PUB_R2,3366,3366,3367,17951907,2522037,PASS,4963,6002,10,20,2,16
XMSSMT-SHA2_20/2_256,PUB_R2,3367,3367,3368,15463704,2633537,PASS,4963,6002,10,20,2,16
XMSSMT-SHA2_20/2_256,PUB_R2,3368,3368,3369,17897481,2555481,PASS,4963,6002,10,20,2,16
XMSSMT-SHA2_20/2_256,PUB_R2,3369,3369,3370,15557982,2522963,PASS,4963,6002,10,20,2,16
XMSSMT-SHA2_20/2_256,PUB_R2,3370,3370,3371,17894574,2591112,PASS,4963,6002,10,20,2,16
XMSSMT-SHA2_20/2_256,PUB_R2,3371,3371,3372,15529648,2554519,PASS,4963,6002,10,20,2,16
XMSSMT-SHA2_20/2_256,PUB_R2,3372,3372,3373,18044722,2461778,PASS,4963,6002,10,20,2,16
XMSSMT-SHA2_20/2_256,PUB_R2,3373,3373,3374,15458834,2598167,PASS,4963,6002,10,20,2,16
XMSSMT-SHA2_20/2_256,PUB_R2,3374,3374,3375,17913741,2562204,PASS,4963,6002,10,20,2,16
XMSSMT-SHA2_20/2_256,PUB_R2,3375,3375,3376,15331296,2743667,PASS,4963,6002,10,20,2,16
XMSSMT-SHA2_20/2_256,PUB_R2,3376,3376,3377,17723371,2713926,PASS,4963,6002,10,20,2,16
XMSSMT-SHA2_20/2_256,PUB_R2,3377,3377,3378,15328370,2747519,PASS,4963,6002,10,20,2,16
XMSSMT-SHA2_20/2_256,PUB_R2,3378,3378,3379,17926407,2518519,PASS,4963,6002,10,20,2,16
XMSSMT-SHA2_20/2_256,PUB_R2,3379,3379,3380,15514426,2565963,PASS,4963,6002,10,20,2,16
XMSSMT-SHA2_20/2_256,PUB_R2,3380,3380,3381,17864629,2595574,PASS,4963,6002,10,20,2,16
XMSSMT-SHA2_20/2_256,PUB_R2,3381,3381,3382,15301926,2778259,PASS,4963,6002,10,20,2,16
XMSSMT-SHA2_20/2_256,PUB_R2,3382,3382,3383,17913352,2555408,PASS,4963,6002,10,20,2,16
XMSSMT-SHA2_20/2_256,PUB_R2,3383,3383,3384,15556019,2524259,PASS,4963,6002,10,20,2,16
XMSSMT-SHA2_20/2_256,PUB_R2,3384,3384,3385,17718463,2714111,PASS,4963,6002,10,20,2,16
XMSSMT-SHA2_20/2_256,PUB_R2,3385,3385,3386,15317871,2751352,PASS,4963,6002,10,20,2,16
XMSSMT-SHA2_20/2_256,PUB_R2,3386,3386,3387,17745278,2761778,PASS,4963,6002,10,20,2,16
XMSSMT-SHA2_20/2_256,PUB_R2,3387,3387,3388,15492611,2619407,PASS,4963,6002,10,20,2,16
XMSSMT-SHA2_20/2_256,PUB_R2,3388,3388,3389,17912704,2553407,PASS,4963,6002,10,20,2,16
XMSSMT-SHA2_20/2_256,PUB_R2,3389,3389,3390,15586204,2493241,PASS,4963,6002,10,20,2,16
XMSSMT-SHA2_20/2_256,PUB_R2,3390,3390,3391,17875074,2588519,PASS,4963,6002,10,20,2,16
XMSSMT-SHA2_20/2_256,PUB_R2,3391,3391,3392,15555296,2522870,PASS,4963,6002,10,20,2,16
XMSSMT-SHA2_20/2_256,PUB_R2,3392,3392,3393,17822852,2663797,PASS,4963,6002,10,20,2,16
XMSSMT-SHA2_20/2_256,PUB_R2,3393,3393,3394,15530685,2554407,PASS,4963,6002,10,20,2,16
XMSSMT-SHA2_20/2_256,PUB_R2,3394,3394,3395,17741814,2715185,PASS,4963,6002,10,20,2,16
XMSSMT-SHA2_20/2_256,PUB_R2,3395,3395,3396,15459185,2650018,PASS,4963,6002,10,20,2,16
XMSSMT-SHA2_20/2_256,PUB_R2,3396,3396,3397,17926093,2522592,PASS,4963,6002,10,20,2,16
XMSSMT-SHA2_20/2_256,PUB_R2,3397,3397,3398,15458815,2622130,PASS,4963,6002,10,20,2,16
XMSSMT-SHA2_20/2_256,PUB_R2,3398,3398,3399,17692129,2748945,PASS,4963,6002,10,20,2,16
XMSSMT-SHA2_20/2_256,PUB_R2,3399,3399,3400,15488093,2551000,PASS,4963,6002,10,20,2,16
XMSSMT-SHA2_20/2_256,PUB_R2,3400,3400,3401,17840481,2582259,PASS,4963,6002,10,20,2,16
XMSSMT-SHA2_20/2_256,PUB_R2,3401,3401,3402,15395186,2651333,PASS,4963,6002,10,20,2,16
XMSSMT-SHA2_20/2_256,PUB_R2,3402,3402,3403,17829611,2583963,PASS,4963,6002,10,20,2,16
XMSSMT-SHA2_20/2_256,PUB_R2,3403,3403,3404,15478352,2555444,PASS,4963,6002,10,20,2,16
XMSSMT-SHA2_20/2_256,PUB_R2,3404,3404,3405,17763685,2649815,PASS,4963,6002,10,20,2,16
XMSSMT-SHA2_20/2_256,PUB_R2,3405,3405,3406,15384760,2649833,PASS,4963,6002,10,20,2,16
XMSSMT-SHA2_20/2_256,PUB_R2,3406,3406,3407,18011130,2423037,PASS,4963,6002,10,20,2,16
XMSSMT-SHA2_20/2_256,PUB_R2,3407,3407,3408,15330833,2713908,PASS,4963,6002,10,20,2,16
XMSSMT-SHA2_20/2_256,PUB_R2,3408,3408,3409,18060389,2396148,PASS,4963,6002,10,20,2,16
XMSSMT-SHA2_20/2_256,PUB_R2,3409,3409,3410,15483815,2583056,PASS,4963,6002,10,20,2,16
XMSSMT-SHA2_20/2_256,PUB_R2,3410,3410,3411,17864222,2587000,PASS,4963,6002,10,20,2,16
XMSSMT-SHA2_20/2_256,PUB_R2,3411,3411,3412,15422444,2652370,PASS,4963,6002,10,20,2,16
XMSSMT-SHA2_20/2_256,PUB_R2,3412,3412,3413,17821815,2627260,PASS,4963,6002,10,20,2,16
XMSSMT-SHA2_20/2_256,PUB_R2,3413,3413,3414,15427389,2661055,PASS,4963,6002,10,20,2,16
XMSSMT-SHA2_20/2_256,PUB_R2,3414,3414,3415,17858129,2621463,PASS,4963,6002,10,20,2,16
XMSSMT-SHA2_20/2_256,PUB_R2,3415,3415,3416,15482074,2586778,PASS,4963,6002,10,20,2,16
XMSSMT-SHA2_20/2_256,PUB_R2,3416,3416,3417,17786740,2646593,PASS,4963,6002,10,20,2,16
XMSSMT-SHA2_20/2_256,PUB_R2,3417,3417,3418,15486797,2587944,PASS,4963,6002,10,20,2,16
XMSSMT-SHA2_20/2_256,PUB_R2,3418,3418,3419,17742093,2726240,PASS,4963,6002,10,20,2,16
XMSSMT-SHA2_20/2_256,PUB_R2,3419,3419,3420,15495259,2582444,PASS,4963,6002,10,20,2,16
XMSSMT-SHA2_20/2_256,PUB_R2,3420,3420,3421,17918000,2525667,PASS,4963,6002,10,20,2,16
XMSSMT-SHA2_20/2_256,PUB_R2,3421,3421,3422,15482092,2590055,PASS,4963,6002,10,20,2,16
XMSSMT-SHA2_20/2_256,PUB_R2,3422,3422,3423,17822834,2612963,PASS,4963,6002,10,20,2,16
XMSSMT-SHA2_20/2_256,PUB_R2,3423,3423,3424,15363555,2712556,PASS,4963,6002,10,20,2,16
XMSSMT-SHA2_20/2_256,PUB_R2,3424,3424,3425,17797278,2665463,PASS,4963,6002,10,20,2,16
XMSSMT-SHA2_20/2_256,PUB_R2,3425,3425,3426,15510334,2617260,PASS,4963,6002,10,20,2,16
XMSSMT-SHA2_20/2_256,PUB_R2,3426,3426,3427,17705296,2746666,PASS,4963,6002,10,20,2,16
XMSSMT-SHA2_20/2_256,PUB_R2,3427,3427,3428,15414741,2653223,PASS,4963,6002,10,20,2,16
XMSSMT-SHA2_20/2_256,PUB_R2,3428,3428,3429,17703777,2747037,PASS,4963,6002,10,20,2,16
XMSSMT-SHA2_20/2_256,PUB_R2,3429,3429,3430,15556518,2525278,PASS,4963,6002,10,20,2,16
XMSSMT-SHA2_20/2_256,PUB_R2,3430,3430,3431,17717482,2757352,PASS,4963,6002,10,20,2,16
XMSSMT-SHA2_20/2_256,PUB_R2,3431,3431,3432,15223019,2841500,PASS,4963,6002,10,20,2,16
XMSSMT-SHA2_20/2_256,PUB_R2,3432,3432,3433,17903555,2557778,PASS,4963,6002,10,20,2,16
XMSSMT-SHA2_20/2_256,PUB_R2,3433,3433,3434,15516740,2555741,PASS,4963,6002,10,20,2,16
XMSSMT-SHA2_20/2_256,PUB_R2,3434,3434,3435,17821574,2652223,PASS,4963,6002,10,20,2,16
XMSSMT-SHA2_20/2_256,PUB_R2,3435,3435,3436,10586759,2711871,PASS,4963,6002,10,20,2,16
XMSSMT-SHA2_20/2_256,PUB_R2,3436,3436,3437,5977629,2534666,PASS,4963,6002,10,20,2,16
XMSSMT-SHA2_20/2_256,PUB_R2,3437,3437,3438,5919111,2586944,PASS,4963,6002,10,20,2,16
XMSSMT-SHA2_20/2_256,PUB_R2,3438,3438,3439,5936612,2563166,PASS,4963,6002,10,20,2,16
XMSSMT-SHA2_20/2_256,PUB_R2,3439,3439,3440,15487259,2591278,PASS,4963,6002,10,20,2,16
XMSSMT-SHA2_20/2_256,PUB_R2,3440,3440,3441,17921870,2583037,PASS,4963,6002,10,20,2,16
XMSSMT-SHA2_20/2_256,PUB_R2,3441,3441,3442,15340518,2714611,PASS,4963,6002,10,20,2,16
XMSSMT-SHA2_20/2_256,PUB_R2,3442,3442,3443,8396037,2554222,PASS,4963,6002,10,20,2,16
XMSSMT-SHA2_20/2_256,PUB_R2,3443,3443,3444,10660630,2615722,PASS,4963,6002,10,20,2,16
XMSSMT-SHA2_20/2_256,PUB_R2,3444,3444,3445,5921907,2580871,PASS,4963,6002,10,20,2,16
XMSSMT-SHA2_20/2_256,PUB_R2,3445,3445,3446,5922204,2583037,PASS,4963,6002,10,20,2,16
XMSSMT-SHA2_20/2_256,PUB_R2,3446,3446,3447,5860408,2647426,PASS,4963,6002,10,20,2,16
XMSSMT-SHA2_20/2_256,PUB_R2,3447,3447,3448,15286408,2778055,PASS,4963,6002,10,20,2,16
XMSSMT-SHA2_20/2_256,PUB_R2,3448,3448,3449,10574000,2712907,PASS,4963,6002,10,20,2,16
XMSSMT-SHA2_20/2_256,PUB_R2,3449,3449,3450,5952814,2550612,PASS,4963,6002,10,20,2,16
XMSSMT-SHA2_20/2_256,PUB_R2,3450,3450,3451,5859482,2666649,PASS,4963,6002,10,20,2,16
XMSSMT-SHA2_20/2_256,PUB_R2,3451,3451,3452,10742593,2567851,PASS,4963,6002,10,20,2,16
XMSSMT-SHA2_20/2_256,PUB_R2,3452,3452,3453,5855111,2651926,PASS,4963,6002,10,20,2,16
XMSSMT-SHA2_20/2_256,PUB_R2,3453,3453,3454,5762926,2757592,PASS,4963,6002,10,20,2,16
XMSSMT-SHA2_20/2_256,PUB_R2,3454,3454,3455,5929260,2589981,PASS,4963,6002,10,20,2,16
XMSSMT-SHA2_20/2_256,PUB_R2,3455,3455,3456,15566778,2524037,PASS,4963,6002,10,20,2,16
XMSSMT-SHA2_20/2_256,PUB_R2,3456,3456,3457,17996537,2469759,PASS,4963,6002,10,20,2,16
XMSSMT-SHA2_20/2_256,PUB_R2,3457,3457,3458,15357148,2710796,PASS,4963,6002,10,20,2,16
XMSSMT-SHA2_20/2_256,PUB_R2,3458,3458,3459,17868148,2587056,PASS,4963,6002,10,20,2,16
XMSSMT-SHA2_20/2_256,PUB_R2,3459,3459,3460,15547130,2490000,PASS,4963,6002,10,20,2,16
XMSSMT-SHA2_20/2_256,PUB_R2,3460,3460,3461,17786166,2652482,PASS,4963,6002,10,20,2,16
XMSSMT-SHA2_20/2_256,PUB_R2,3461,3461,3462,15562925,2491167,PASS,4963,6002,10,20,2,16
XMSSMT-SHA2_20/2_256,PUB_R2,3462,3462,3463,18019963,2427278,PASS,4963,6002,10,20,2,16
XMSSMT-SHA2_20/2_256,PUB_R2,3463,3463,3464,15501370,2554834,PASS,4963,6002,10,20,2,16
XMSSMT-SHA2_20/2_256,PUB_R2,3464,3464,3465,17822371,2614204,PASS,4963,6002,10,20,2,16
XMSSMT-SHA2_20/2_256,PUB_R2,3465,3465,3466,15562093,2493296,PASS,4963,6002,10,20,2,16
XMSSMT-SHA2_20/2_256,PUB_R2,3466,3466,3467,17899334,2556648,PASS,4963,6002,10,20,2,16
XMSSMT-SHA2_20/2_256,PUB_R2,3467,3467,3468,15534167,2524259,PASS,4963,6002,10,20,2,16
XMSSMT-SHA2_20/2_256,PUB_R2,3468,3468,3469,17931962,2526204,PASS,4963,6002,10,20,2,16
XMSSMT-SHA2_20/2_256,PUB_R2,3469,3469,3470,15450740,2615556,PASS,4963,6002,10,20,2,16
XMSSMT-SHA2_20/2_256,PUB_R2,3470,3470,3471,17889074,2593111,PASS,4963,6002,10,20,2,16
XMSSMT-SHA2_20/2_256,PUB_R2,3471,3471,3472,15253945,2821815,PASS,4963,6002,10,20,2,16
XMSSMT-SHA2_20/2_256,PUB_R2,3472,3472,3473,17943092,2528926,PASS,4963,6002,10,20,2,16
XMSSMT-SHA2_20/2_256,PUB_R2,3473,3473,3474,15454740,2619648,PASS,4963,6002,10,20,2,16
XMSSMT-SHA2_20/2_256,PUB_R2,3474,3474,3475,17764166,2720445,PASS,4963,6002,10,20,2,16
XMSSMT-SHA2_20/2_256,PUB_R2,3475,3475,3476,15438333,2620204,PASS,4963,6002,10,20,2,16
XMSSMT-SHA2_20/2_256,PUB_R2,3476,3476,3477,17866629,2594481,PASS,4963,6002,10,20,2,16
XMSSMT-SHA2_20/2_256,PUB_R2,3477,3477,3478,15436889,2664649,PASS,4963,6002,10,20,2,16
XMSSMT-SHA2_20/2_256,PUB_R2,3478,3478,3479,17731611,2722333,PASS,4963,6002,10,20,2,16
XMSSMT-SHA2_20/2_256,PUB_R2,3479,3479,3480,15533000,2555111,PASS,4963,6002,10,20,2,16
XMSSMT-SHA2_20/2_256,PUB_R2,3480,3480,3481,17780185,2647222,PASS,4963,6002,10,20,2,16
XMSSMT-SHA2_20/2_256,PUB_R2,3481,3481,3482,15517241,2557278,PASS,4963,6002,10,20,2,16
XMSSMT-SHA2_20/2_256,PUB_R2,3482,3482,3483,17839760,2627092,PASS,4963,6002,10,20,2,16
XMSSMT-SHA2_20/2_256,PUB_R2,3483,3483,3484,15528204,2572611,PASS,4963,6002,10,20,2,16
XMSSMT-SHA2_20/2_256,PUB_R2,3484,3484,3485,17822945,2628204,PASS,4963,6002,10,20,2,16
XMSSMT-SHA2_20/2_256,PUB_R2,3485,3485,3486,15441408,2616592,PASS,4963,6002,10,20,2,16
XMSSMT-SHA2_20/2_256,PUB_R2,3486,3486,3487,17907055,2580278,PASS,4963,6002,10,20,2,16
XMSSMT-SHA2_20/2_256,PUB_R2,3487,3487,3488,15430407,2652240,PASS,4963,6002,10,20,2,16
XMSSMT-SHA2_20/2_256,PUB_R2,3488,3488,3489,17800741,2655463,PASS,4963,6002,10,20,2,16
XMSSMT-SHA2_20/2_256,PUB_R2,3489,3489,3490,15515167,2578963,PASS,4963,6002,10,20,2,16
XMSSMT-SHA2_20/2_256,PUB_R2,3490,3490,3491,17881778,2590130,PASS,4963,6002,10,20,2,16
XMSSMT-SHA2_20/2_256,PUB_R2,3491,3491,3492,15417204,2646592,PASS,4963,6002,10,20,2,16
XMSSMT-SHA2_20/2_256,PUB_R2,3492,3492,3493,17871296,2585444,PASS,4963,6002,10,20,2,16
XMSSMT-SHA2_20/2_256,PUB_R2,3493,3493,3494,15510092,2552852,PASS,4963,6002,10,20,2,16
XMSSMT-SHA2_20/2_256,PUB_R2,3494,3494,3495,17810704,2650371,PASS,4963,6002,10,20,2,16
XMSSMT-SHA2_20/2_256,PUB_R2,3495,3495,3496,15544130,2530703,PASS,4963,6002,10,20,2,16
XMSSMT-SHA2_20/2_256,PUB_R2,3496,3496,3497,17722963,2718463,PASS,4963,6002,10,20,2,16
XMSSMT-SHA2_20/2_256,PUB_R2,3497,3497,3498,15401111,2657204,PASS,4963,6002,10,20,2,16
XMSSMT-SHA2_20/2_256,PUB_R2,3498,3498,3499,17914722,2554204,PASS,4963,6002,10,20,2,16
XMSSMT-SHA2_20/2_256,PUB_R2,3499,3499,3500,10569704,2713278,PASS,4963,6002,10,20,2,16
XMSSMT-SHA2_20/2_256,PUB_R2,3500,3500,3501,5736463,2777574,PASS,4963,6002,10,20,2,16
XMSSMT-SHA2_20/2_256,PUB_R2,3501,3501,3502,5993223,2524129,PASS,4963,6002,10,20,2,16
XMSSMT-SHA2_20/2_256,PUB_R2,3502,3502,3503,5907000,2583889,PASS,4963,6002,10,20,2,16
XMSSMT-SHA2_20/2_256,PUB_R2,3503,3503,3504,15634463,2466667,PASS,4963,6002,10,20,2,16
XMSSMT-SHA2_20/2_256,PUB_R2,3504,3504,3505,17824741,2633686,PASS,4963,6002,10,20,2,16
XMSSMT-SHA2_20/2_256,PUB_R2,3505,3505,3506,15478851,2597185,PASS,4963,6002,10,20,2,16
XMSSMT-SHA2_20/2_256,PUB_R2,3506,3506,3507,8309000,2586722,PASS,4963,6002,10,20,2,16
XMSSMT-SHA2_20/2_256,PUB_R2,3507,3507,3508,10552352,2743481,PASS,4963,6002,10,20,2,16
XMSSMT-SHA2_20/2_256,PUB_R2,3508,3508,3509,5988037,2521870,PASS,4963,6002,10,20,2,16
XMSSMT-SHA2_20/2_256,PUB_R2,3509,3509,3510,5884407,2613055,PASS,4963,6002,10,20,2,16
XMSSMT-SHA2_20/2_256,PUB_R2,3510,3510,3511,5990463,2568907,PASS,4963,6002,10,20,2,16
XMSSMT-SHA2_20/2_256,PUB_R2,3511,3511,3512,15557667,2535963,PASS,4963,6002,10,20,2,16
XMSSMT-SHA2_20/2_256,PUB_R2,3512,3512,3513,10644722,2654759,PASS,4963,6002,10,20,2,16
XMSSMT-SHA2_20/2_256,PUB_R2,3513,3513,3514,5888000,2652703,PASS,4963,6002,10,20,2,16
XMSSMT-SHA2_20/2_256,PUB_R2,3514,3514,3515,6006907,2506944,PASS,4963,6002,10,20,2,16
XMSSMT-SHA2_20/2_256,PUB_R2,3515,3515,3516,10706741,2586148,PASS,4963,6002,10,20,2,16
XMSSMT-SHA2_20/2_256,PUB_R2,3516,3516,3517,5942797,2551092,PASS,4963,6002,10,20,2,16
XMSSMT-SHA2_20/2_256,PUB_R2,3517,3517,3518,5983389,2525223,PASS,4963,6002,10,20,2,16
XMSSMT-SHA2_20/2_256,PUB_R2,3518,3518,3519,5915000,2587814,PASS,4963,6002,10,20,2,16
XMSSMT-SHA2_20/2_256,PUB_R2,3519,3519,3520,15289704,2779222,PASS,4963,6002,10,20,2,16
XMSSMT-SHA2_20/2_256,PUB_R2,3520,3520,3521,17824352,2621296,PASS,4963,6002,10,20,2,16
XMSSMT-SHA2_20/2_256,PUB_R2,3521,3521,3522,15424425,2651222,PASS,4963,6002,10,20,2,16
XMSSMT-SHA2_20/2_256,PUB_R2,3522,3522,3523,17824500,2620926,PASS,4963,6002,10,20,2,16
XMSSMT-SHA2_20/2_256,PUB_R2,3523,3523,3524,15534185,2521444,PASS,4963,6002,10,20,2,16
XMSSMT-SHA2_20/2_256,PUB_R2,3524,3524,3525,17888500,2552426,PASS,4963,6002,10,20,2,16
XMSSMT-SHA2_20/2_256,PUB_R2,3525,3525,3526,15331630,2711889,PASS,4963,6002,10,20,2,16
XMSSMT-SHA2_20/2_256,PUB_R2,3526,3526,3527,17841296,2584315,PASS,4963,6002,10,20,2,16
XMSSMT-SHA2_20/2_256,PUB_R2,3527,3527,3528,15372648,2715463,PASS,4963,6002,10,20,2,16
XMSSMT-SHA2_20/2_256,PUB_R2,3528,3528,3529,17945593,2508389,PASS,4963,6002,10,20,2,16
XMSSMT-SHA2_20/2_256,PUB_R2,3529,3529,3530,15534870,2529500,PASS,4963,6002,10,20,2,16
XMSSMT-SHA2_20/2_256,PUB_R2,3530,3530,3531,17705796,2746296,PASS,4963,6002,10,20,2,16
XMSSMT-SHA2_20/2_256,PUB_R2,3531,3531,3532,15314481,2751259,PASS,4963,6002,10,20,2,16
XMSSMT-SHA2_20/2_256,PUB_R2,3532,3532,3533,17819000,2621185,PASS,4963,6002,10,20,2,16
XMSSMT-SHA2_20/2_256,PUB_R2,3533,3533,3534,15468426,2616241,PASS,4963,6002,10,20,2,16
XMSSMT-SHA2_20/2_256,PUB_R2,3534,3534,3535,17898130,2554445,PASS,4963,6002,10,20,2,16
XMSSMT-SHA2_20/2_256,PUB_R2,3535,3535,3536,15467722,2594019,PASS,4963,6002,10,20,2,16
XMSSMT-SHA2_20/2_256,PUB_R2,3536,3536,3537,17852963,2599481,PASS,4963,6002,10,20,2,16
XMSSMT-SHA2_20/2_256,PUB_R2,3537,3537,3538,15477389,2591703,PASS,4963,6002,10,20,2,16
XMSSMT-SHA2_20/2_256,PUB_R2,3538,3538,3539,8262074,2613500,PASS,4963,6002,10,20,2,16
XMSSMT-SHA2_20/2_256,PUB_R2,3539,3539,3540,10644574,2651167,PASS,4963,6002,10,20,2,16
XMSSMT-SHA2_20/2_256,PUB_R2,3540,3540,3541,6020740,2490722,PASS,4963,6002,10,20,2,16
XMSSMT-SHA2_20/2_256,PUB_R2,3541,3541,3542,5887704,2619129,PASS,4963,6002,10,20,2,16
XMSSMT-SHA2_20/2_256,PUB_R2,3542,3542,3543,5788018,2716037,PASS,4963,6002,10,20,2,16
XMSSMT-SHA2_20/2_256,PUB_R2,3543,3543,3544,15372889,2722500,PASS,4963,6002,10,20,2,16
XMSSMT-SHA2_20/2_256,PUB_R2,3544,3544,3545,10559537,2728741,PASS,4963,6002,10,20,2,16
XMSSMT-SHA2_20/2_256,PUB_R2,3545,3545,3546,5981204,2526796,PASS,4963,6002,10,20,2,16
XMSSMT-SHA2_20/2_256,PUB_R2,3546,3546,3547,5981833,2520797,PASS,4963,6002,10,20,2,16
XMSSMT-SHA2_20/2_256,PUB_R2,3547,3547,3548,10719630,2558333,PASS,4963,6002,10,20,2,16
XMSSMT-SHA2_20/2_256,PUB_R2,3548,3548,3549,5922518,2588889,PASS,4963,6002,10,20,2,16
XMSSMT-SHA2_20/2_256,PUB_R2,3549,3549,3550,5843537,2658167,PASS,4963,6002,10,20,2,16
XMSSMT-SHA2_20/2_256,PUB_R2,3550,3550,3551,5963944,2553982,PASS,4963,6002,10,20,2,16
XMSSMT-SHA2_20/2_256,PUB_R2,3551,3551,3552,15294074,2776685,PASS,4963,6002,10,20,2,16
XMSSMT-SHA2_20/2_256,PUB_R2,3552,3552,3553,17895315,2556833,PASS,4963,6002,10,20,2,16
XMSSMT-SHA2_20/2_256,PUB_R2,3553,3553,3554,15552333,2560723,PASS,4963,6002,10,20,2,16
XMSSMT-SHA2_20/2_256,PUB_R2,3554,3554,3555,17844408,2616259,PASS,4963,6002,10,20,2,16
XMSSMT-SHA2_20/2_256,PUB_R2,3555,3555,3556,15343444,2716630,PASS,4963,6002,10,20,2,16
XMSSMT-SHA2_20/2_256,PUB_R2,3556,3556,3557,17898315,2558760,PASS,4963,6002,10,20,2,16
XMSSMT-SHA2_20/2_256,PUB_R2,3557,3557,3558,15479537,2582815,PASS,4963,6002,10,20,2,16
XMSSMT-SHA2_20/2_256,PUB_R2,3558,3558,3559,8379907,2537592,PASS,4963,6002,10,20,2,16
XMSSMT-SHA2_20/2_256,PUB_R2,3559,3559,3560,15448092,2619982,PASS,4963,6002,10,20,2,16
XMSSMT-SHA2_20/2_256,PUB_R2,3560,3560,3561,10757612,2538352,PASS,4963,6002,10,20,2,16
XMSSMT-SHA2_20/2_256,PUB_R2,3561,3561,3562,5885740,2617500,PASS,4963,6002,10,20,2,16
XMSSMT-SHA2_20/2_256,PUB_R2,3562,3562,3563,5990482,2522296,PASS,4963,6002,10,20,2,16
XMSSMT-SHA2_20/2_256,PUB_R2,3563,3563,3564,10689389,2585148,PASS,4963,6002,10,20,2,16
XMSSMT-SHA2_20/2_256,PUB_R2,3564,3564,3565,5852630,2650685,PASS,4963,6002,10,20,2,16
XMSSMT-SHA2_20/2_256,PUB_R2,3565,3565,3566,5970315,2530056,PASS,4963,6002,10,20,2,16
XMSSMT-SHA2_20/2_256,PUB_R2,3566,3566,3567,5890000,2617889,PASS,4963,6002,10,20,2,16
XMSSMT-SHA2_20/2_256,PUB_R2,3567,3567,3568,15438908,2614870,PASS,4963,6002,10,20,2,16
XMSSMT-SHA2_20/2_256,PUB_R2,3568,3568,3569,17966666,2494352,PASS,4963,6002,10,20,2,16
XMSSMT-SHA2_20/2_256,PUB_R2,3569,3569,3570,15556371,2555018,PASS,4963,6002,10,20,2,16
XMSSMT-SHA2_20/2_256,PUB_R2,3570,3570,3571,8288500,2619037,PASS,4963,6002,10,20,2,16
XMSSMT-SHA2_20/2_256,PUB_R2,3571,3571,3572,10673092,2622389,PASS,4963,6002,10,20,2,16
XMSSMT-SHA2_20/2_256,PUB_R2,3572,3572,3573,6041000,2454389,PASS,4963,6002,10,20,2,16
XMSSMT-SHA2_20/2_256,PUB_R2,3573,3573,3574,5966759,2557963,PASS,4963,6002,10,20,2,16
XMSSMT-SHA2_20/2_256,PUB_R2,3574,3574,3575,5912333,2581741,PASS,4963,6002,10,20,2,16
XMSSMT-SHA2_20/2_256,PUB_R2,3575,3575,3576,15542463,2561815,PASS,4963,6002,10,20,2,16
XMSSMT-SHA2_20/2_256,PUB_R2,3576,3576,3577,10729352,2551055,PASS,4963,6002,10,20,2,16
XMSSMT-SHA2_20/2_256,PUB_R2,3577,3577,3578,6096555,2427871,PASS,4963,6002,10,20,2,16
XMSSMT-SHA2_20/2_256,PUB_R2,3578,3578,3579,5909537,2584445,PASS,4963,6002,10,20,2,16
XMSSMT-SHA2_20/2_256,PUB_R2,3579,3579,3580,10723408,2557223,PASS,4963,6002,10,20,2,16
XMSSMT-SHA2_20/2_256,PUB_R2,3580,3580,3581,5883685,2630111,PASS,4963,6002,10,20,2,16
XMSSMT-SHA2_20/2_256,PUB_R2,3581,3581,3582,6018167,2490500,PASS,4963,6002,10,20,2,16
XMSSMT-SHA2_20/2_256,PUB_R2,3582,3582,3583,5797203,2715945,PASS,4963,6002,10,20,2,16
XMSSMT-SHA2_20/2_256,PUB_R2,3583,3583,3584,15526907,2605333,PASS,4963,6002,10,20,2,16
XMSSMT-SHA2_20/2_256,PUB_R2,3584,3584,3585,17878000,2623000,PASS,4963,6002,10,20,2,16
XMSSMT-SHA2_20/2_256,PUB_R2,3585,3585,3586,15349389,2714444,PASS,4963,6002,10,20,2,16
XMSSMT-SHA2_20/2_256,PUB_R2,3586,3586,3587,17799167,2652796,PASS,4963,6002,10,20,2,16
XMSSMT-SHA2_20/2_256,PUB_R2,3587,3587,3588,15433167,2617630,PASS,4963,6002,10,20,2,16
XMSSMT-SHA2_20/2_256,PUB_R2,3588,3588,3589,17797944,2651871,PASS,4963,6002,10,20,2,16
XMSSMT-SHA2_20/2_256,PUB_R2,3589,3589,3590,15447704,2622018,PASS,4963,6002,10,20,2,16
XMSSMT-SHA2_20/2_256,PUB_R2,3590,3590,3591,17871907,2588723,PASS,4963,6002,10,20,2,16
XMSSMT-SHA2_20/2_256,PUB_R2,3591,3591,3592,15504518,2554019,PASS,4963,6002,10,20,2,16
XMSSMT-SHA2_20/2_256,PUB_R2,3592,3592,3593,17795500,2649203,PASS,4963,6002,10,20,2,16
XMSSMT-SHA2_20/2_256,PUB_R2,3593,3593,3594,15399333,2650593,PASS,4963,6002,10,20,2,16
XMSSMT-SHA2_20/2_256,PUB_R2,3594,3594,3595,17906704,2559037,PASS,4963,6002,10,20,2,16
XMSSMT-SHA2_20/2_256,PUB_R2,3595,3595,3596,15455630,2633130,PASS,4963,6002,10,20,2,16
XMSSMT-SHA2_20/2_256,PUB_R2,3596,3596,3597,17947018,2525537,PASS,4963,6002,10,20,2,16
XMSSMT-SHA2_20/2_256,PUB_R2,3597,3597,3598,15489407,2586185,PASS,4963,6002,10,20,2,16
XMSSMT-SHA2_20/2_256,PUB_R2,3598,3598,3599,18026352,2462741,PASS,4963,6002,10,20,2,16
XMSSMT-SHA2_20/2_256,PUB_R2,3599,3599,3600,15525185,2559222,PASS,4963,6002,10,20,2,16
XMSSMT-SHA2_20/2_256,PUB_R2,3600,3600,3601,17814871,2659815,PASS,4963,6002,10,20,2,16
XMSSMT-SHA2_20/2_256,PUB_R2,3601,3601,3602,15586629,2512760,PASS,4963,6002,10,20,2,16
XMSSMT-SHA2_20/2_256,PUB_R2,3602,3602,3603,17919833,2560334,PASS,4963,6002,10,20,2,16
XMSSMT-SHA2_20/2_256,PUB_R2,3603,3603,3604,15329204,2746796,PASS,4963,6002,10,20,2,16
XMSSMT-SHA2_20/2_256,PUB_R2,3604,3604,3605,17810204,2649814,PASS,4963,6002,10,20,2,16
XMSSMT-SHA2_20/2_256,PUB_R2,3605,3605,3606,15556259,2527241,PASS,4963,6002,10,20,2,16
XMSSMT-SHA2_20/2_256,PUB_R2,3606,3606,3607,17846907,2623463,PASS,4963,6002,10,20,2,16
XMSSMT-SHA2_20/2_256,PUB_R2,3607,3607,3608,15483259,2602259,PASS,4963,6002,10,20,2,16
XMSSMT-SHA2_20/2_256,PUB_R2,3608,3608,3609,17868741,2594314,PASS,4963,6002,10,20,2,16
XMSSMT-SHA2_20/2_256,PUB_R2,3609,3609,3610,15451704,2634871,PASS,4963,6002,10,20,2,16
XMSSMT-SHA2_20/2_256,PUB_R2,3610,3610,3611,17809037,2648629,PASS,4963,6002,10,20,2,16
XMSSMT-SHA2_20/2_256,PUB_R2,3611,3611,3612,15364185,2717222,PASS,4963,6002,10,20,2,16
XMSSMT-SHA2_20/2_256,PUB_R2,3612,3612,3613,17807555,2653240,PASS,4963,6002,10,20,2,16
XMSSMT-SHA2_20/2_256,PUB_R2,3613,3613,3614,15696833,2396741,PASS,4963,6002,10,20,2,16
XMSSMT-SHA2_20/2_256,PUB_R2,3614,3614,3615,17743685,2725556,PASS,4963,6002,10,20,2,16
XMSSMT-SHA2_20/2_256,PUB_R2,3615,3615,3616,15414907,2665444,PASS,4963,6002,10,20,2,16
XMSSMT-SHA2_20/2_256,PUB_R2,3616,3616,3617,17733315,2778907,PASS,4963,6002,10,20,2,16
XMSSMT-SHA2_20/2_256,PUB_R2,3617,3617,3618,15450278,2617518,PASS,4963,6002,10,20,2,16
XMSSMT-SHA2_20/2_256,PUB_R2,3618,3618,3619,17909389,2558667,PASS,4963,6002,10,20,2,16
XMSSMT-SHA2_20/2_256,PUB_R2,3619,3619,3620,15504666,2553000,PASS,4963,6002,10,20,2,16
XMSSMT-SHA2_20/2_256,PUB_R2,3620,3620,3621,17746185,2713592,PASS,4963,6002,10,20,2,16
XMSSMT-SHA2_20/2_256,PUB_R2,3621,3621,3622,15594315,2504667,PASS,4963,6002,10,20,2,16
XMSSMT-SHA2_20/2_256,PUB_R2,3622,3622,3623,17946203,2521778,PASS,4963,6002,10,20,2,16
XMSSMT-SHA2_20/2_256,PUB_R2,3623,3623,3624,15347185,2713148,PASS,4963,6002,10,20,2,16
XMSSMT-SHA2_20/2_256,PUB_R2,3624,3624,3625,17979814,2461315,PASS,4963,6002,10,20,2,16
XMSSMT-SHA2_20/2_256,PUB_R2,3625,3625,3626,15499185,2581055,PASS,4963,6002,10,20,2,16
XMSSMT-SHA2_20/2_256,PUB_R2,3626,3626,3627,18007889,2493982,PASS,4963,6002,10,20,2,16
XMSSMT-SHA2_20/2_256,PUB_R2,3627,3627,3628,15463167,2639574,PASS,4963,6002,10,20,2,16
XMSSMT-SHA2_20/2_256,PUB_R2,3628,3628,3629,17859926,2589833,PASS,4963,6002,10,20,2,16
XMSSMT-SHA2_20/2_256,PUB_R2,3629,3629,3630,15355222,2718019,PASS,4963,6002,10,20,2,16
XMSSMT-SHA2_20/2_256,PUB_R2,3630,3630,3631,17793963,2649574,PASS,4963,6002,10,20,2,16
XMSSMT-SHA2_20/2_256,PUB_R2,3631,3631,3632,15519907,2585630,PASS,4963,6002,10,20,2,16
XMSSMT-SHA2_20/2_256,PUB_R2,3632,3632,3633,17950463,2494778,PASS,4963,6002,10,20,2,16
XMSSMT-SHA2_20/2_256,PUB_R2,3633,3633,3634,15485352,2602000,PASS,4963,6002,10,20,2,16
XMSSMT-SHA2_20/2_256,PUB_R2,3634,3634,3635,17842444,2632852,PASS,4963,6002,10,20,2,16
XMSSMT-SHA2_20/2_256,PUB_R2,3635,3635,3636,15488593,2591167,PASS,4963,6002,10,20,2,16
XMSSMT-SHA2_20/2_256,PUB_R2,3636,3636,3637,17830204,2651149,PASS,4963,6002,10,20,2,16
XMSSMT-SHA2_20/2_256,PUB_R2,3637,3637,3638,15469223,2583018,PASS,4963,6002,10,20,2,16
XMSSMT-SHA2_20/2_256,PUB_R2,3638,3638,3639,17840686,2615593,PASS,4963,6002,10,20,2,16
XMSSMT-SHA2_20/2_256,PUB_R2,3639,3639,3640,15531315,2525777,PASS,4963,6002,10,20,2,16
XMSSMT-SHA2_20/2_256,PUB_R2,3640,3640,3641,17898722,2523111,PASS,4963,6002,10,20,2,16
XMSSMT-SHA2_20/2_256,PUB_R2,3641,3641,3642,15176463,2873852,PASS,4963,6002,10,20,2,16
XMSSMT-SHA2_20/2_256,PUB_R2,3642,3642,3643,17815259,2617482,PASS,4963,6002,10,20,2,16
XMSSMT-SHA2_20/2_256,PUB_R2,3643,3643,3644,15514333,2523760,PASS,4963,6002,10,20,2,16
XMSSMT-SHA2_20/2_256,PUB_R2,3644,3644,3645,17655389,2777056,PASS,4963,6002,10,20,2,16
XMSSMT-SHA2_20/2_256,PUB_R2,3645,3645,3646,15397315,2652944,PASS,4963,6002,10,20,2,16
XMSSMT-SHA2_20/2_256,PUB_R2,3646,3646,3647,17865574,2595703,PASS,4963,6002,10,20,2,16
XMSSMT-SHA2_20/2_256,PUB_R2,3647,3647,3648,15453963,2619185,PASS,4963,6002,10,20,2,16
XMSSMT-SHA2_20/2_256,PUB_R2,3648,3648,3649,17952592,2520778,PASS,4963,6002,10,20,2,16
XMSSMT-SHA2_20/2_256,PUB_R2,3649,3649,3650,15581278,2494000,PASS,4963,6002,10,20,2,16
XMSSMT-SHA2_20/2_256,PUB_R2,3650,3650,3651,17923370,2523760,PASS,4963,6002,10,20,2,16
XMSSMT-SHA2_20/2_256,PUB_R2,3651,3651,3652,15621260,2461204,PASS,4963,6002,10,20,2,16
XMSSMT-SHA2_20/2_256,PUB_R2,3652,3652,3653,17848797,2629444,PASS,4963,6002,10,20,2,16
XMSSMT-SHA2_20/2_256,PUB_R2,3653,3653,3654,15465760,2620666,PASS,4963,6002,10,20,2,16
XMSSMT-SHA2_20/2_256,PUB_R2,3654,3654,3655,17737833,2712389,PASS,4963,6002,10,20,2,16
XMSSMT-SHA2_20/2_256,PUB_R2,3655,3655,3656,15437463,2653351,PASS,4963,6002,10,20,2,16
XMSSMT-SHA2_20/2_256,PUB_R2,3656,3656,3657,17902537,2555889,PASS,4963,6002,10,20,2,16
XMSSMT-SHA2_20/2_256,PUB_R2,3657,3657,3658,15362592,2710518,PASS,4963,6002,10,20,2,16
XMSSMT-SHA2_20/2_256,PUB_R2,3658,3658,3659,17979352,2518666,PASS,4963,6002,10,20,2,16
XMSSMT-SHA2_20/2_256,PUB_R2,3659,3659,3660,15589963,2493000,PASS,4963,6002,10,20,2,16
XMSSMT-SHA2_20/2_256,PUB_R2,3660,3660,3661,18102315,2362889,PASS,4963,6002,10,20,2,16
XMSSMT-SHA2_20/2_256,PUB_R2,3661,3661,3662,15454537,2619333,PASS,4963,6002,10,20,2,16
XMSSMT-SHA2_20/2_256,PUB_R2,3662,3662,3663,17811222,2651759,PASS,4963,6002,10,20,2,16
XMSSMT-SHA2_20/2_256,PUB_R2,3663,3663,3664,15420018,2648334,PASS,4963,6002,10,20,2,16
XMSSMT-SHA2_20/2_256,PUB_R2,3664,3664,3665,17821223,2667426,PASS,4963,6002,10,20,2,16
XMSSMT-SHA2_20/2_256,PUB_R2,3665,3665,3666,15473612,2592981,PASS,4963,6002,10,20,2,16
XMSSMT-SHA2_20/2_256,PUB_R2,3666,3666,3667,17937444,2555778,PASS,4963,6002,10,20,2,16
XMSSMT-SHA2_20/2_256,PUB_R2,3667,3667,3668,15454296,2625296,PASS,4963,6002,10,20,2,16
XMSSMT-SHA2_20/2_256,PUB_R2,3668,3668,3669,17653723,2813092,PASS,4963,6002,10,20,2,16
XMSSMT-SHA2_20/2_256,PUB_R2,3669,3669,3670,15500630,2615315,PASS,4963,6002,10,20,2,16
XMSSMT-SHA2_20/2_256,PUB_R2,3670,3670,3671,18005204,2464426,PASS,4963,6002,10,20,2,16
XMSSMT-SHA2_20/2_256,PUB_R2,3671,3671,3672,15368907,2723963,PASS,4963,6002,10,20,2,16
XMSSMT-SHA2_20/2_256,PUB_R2,3672,3672,3673,17972945,2492148,PASS,4963,6002,10,20,2,16
XMSSMT-SHA2_20/2_256,PUB_R2,3673,3673,3674,15438426,2653018,PASS,4963,6002,10,20,2,16
XMSSMT-SHA2_20/2_256,PUB_R2,3674,3674,3675,17941185,2523185,PASS,4963,6002,10,20,2,16
XMSSMT-SHA2_20/2_256,PUB_R2,3675,3675,3676,15651389,2426796,PASS,4963,6002,10,20,2,16
XMSSMT-SHA2_20/2_256,PUB_R2,3676,3676,3677,17894111,2551612,PASS,4963,6002,10,20,2,16
XMSSMT-SHA2_20/2_256,PUB_R2,3677,3677,3678,15558574,2529426,PASS,4963,6002,10,20,2,16
XMSSMT-SHA2_20/2_256,PUB_R2,3678,3678,3679,17843370,2662797,PASS,4963,6002,10,20,2,16
XMSSMT-SHA2_20/2_256,PUB_R2,3679,3679,3680,15522667,2558371,PASS,4963,6002,10,20,2,16
XMSSMT-SHA2_20/2_256,PUB_R2,3680,3680,3681,17943963,2488704,PASS,4963,6002,10,20,2,16
XMSSMT-SHA2_20/2_256,PUB_R2,3681,3681,3682,15321685,2745704,PASS,4963,6002,10,20,2,16
XMSSMT-SHA2_20/2_256,PUB_R2,3682,3682,3683,17972222,2490260,PASS,4963,6002,10,20,2,16
XMSSMT-SHA2_20/2_256,PUB_R2,3683,3683,3684,15425500,2651611,PASS,4963,6002,10,20,2,16
XMSSMT-SHA2_20/2_256,PUB_R2,3684,3684,3685,17922000,2572426,PASS,4963,6002,10,20,2,16
XMSSMT-SHA2_20/2_256,PUB_R2,3685,3685,3686,15495166,2556945,PASS,4963,6002,10,20,2,16
XMSSMT-SHA2_20/2_256,PUB_R2,3686,3686,3687,17959722,2493537,PASS,4963,6002,10,20,2,16
XMSSMT-SHA2_20/2_256,PUB_R2,3687,3687,3688,15608741,2455852,PASS,4963,6002,10,20,2,16
XMSSMT-SHA2_20/2_256,PUB_R2,3688,3688,3689,17992333,2457870,PASS,4963,6002,10,20,2,16
XMSSMT-SHA2_20/2_256,PUB_R2,3689,3689,3690,15440037,2620352,PASS,4963,6002,10,20,2,16
XMSSMT-SHA2_20/2_256,PUB_R2,3690,3690,3691,17683074,2781222,PASS,4963,6002,10,20,2,16
XMSSMT-SHA2_20/2_256,PUB_R2,3691,3691,3692,10532037,2742814,PASS,4963,6002,10,20,2,16
XMSSMT-SHA2_20/2_256,PUB_R2,3692,3692,3693,5844389,2648352,PASS,4963,6002,10,20,2,16
XMSSMT-SHA2_20/2_256,PUB_R2,3693,3693,3694,5882370,2617500,PASS,4963,6002,10,20,2,16
XMSSMT-SHA2_20/2_256,PUB_R2,3694,3694,3695,5941204,2554444,PASS,4963,6002,10,20,2,16
XMSSMT-SHA2_20/2_256,PUB_R2,3695,3695,3696,15464611,2588038,PASS,4963,6002,10,20,2,16
XMSSMT-SHA2_20/2_256,PUB_R2,3696,3696,3697,17834537,2618574,PASS,4963,6002,10,20,2,16
XMSSMT-SHA2_20/2_256,PUB_R2,3697,3697,3698,15509889,2554389,PASS,4963,6002,10,20,2,16
XMSSMT-SHA2_20/2_256,PUB_R2,3698,3698,3699,8436648,2458463,PASS,4963,6002,10,20,2,16
XMSSMT-SHA2_20/2_256,PUB_R2,3699,3699,3700,10631315,2650722,PASS,4963,6002,10,20,2,16
XMSSMT-SHA2_20/2_256,PUB_R2,3700,3700,3701,5906907,2585908,PASS,4963,6002,10,20,2,16
XMSSMT-SHA2_20/2_256,PUB_R2,3701,3701,3702,5949833,2557055,PASS,4963,6002,10,20,2,16
XMSSMT-SHA2_20/2_256,PUB_R2,3702,3702,3703,5918834,2588092,PASS,4963,6002,10,20,2,16
XMSSMT-SHA2_20/2_256,PUB_R2,3703,3703,3704,15550722,2526648,PASS,4963,6002,10,20,2,16
XMSSMT-SHA2_20/2_256,PUB_R2,3704,3704,3705,10768870,2525945,PASS,4963,6002,10,20,2,16
XMSSMT-SHA2_20/2_256,PUB_R2,3705,3705,3706,5963074,2569130,PASS,4963,6002,10,20,2,16
XMSSMT-SHA2_20/2_256,PUB_R2,3706,3706,3707,5976129,2519926,PASS,4963,6002,10,20,2,16
XMSSMT-SHA2_20/2_256,PUB_R2,3707,3707,3708,10588703,2717000,PASS,4963,6002,10,20,2,16
XMSSMT-SHA2_20/2_256,PUB_R2,3708,3708,3709,5906723,2590037,PASS,4963,6002,10,20,2,16
XMSSMT-SHA2_20/2_256,PUB_R2,3709,3709,3710,5782908,2751055,PASS,4963,6002,10,20,2,16
XMSSMT-SHA2_20/2_256,PUB_R2,3710,3710,3711,5971203,2522945,PASS,4963,6002,10,20,2,16
XMSSMT-SHA2_20/2_256,PUB_R2,3711,3711,3712,15347592,2756796,PASS,4963,6002,10,20,2,16
XMSSMT-SHA2_20/2_256,PUB_R2,3712,3712,3713,17680797,2797334,PASS,4963,6002,10,20,2,16
XMSSMT-SHA2_20/2_256,PUB_R2,3713,3713,3714,15599851,2489944,PASS,4963,6002,10,20,2,16
XMSSMT-SHA2_20/2_256,PUB_R2,3714,3714,3715,17871204,2584870,PASS,4963,6002,10,20,2,16
XMSSMT-SHA2_20/2_256,PUB_R2,3715,3715,3716,15484592,2588815,PASS,4963,6002,10,20,2,16
XMSSMT-SHA2_20/2_256,PUB_R2,3716,3716,3717,17919741,2526908,PASS,4963,6002,10,20,2,16
XMSSMT-SHA2_20/2_256,PUB_R2,3717,3717,3718,15448148,2617981,PASS,4963,6002,10,20,2,16
XMSSMT-SHA2_20/2_256,PUB_R2,3718,3718,3719,17904407,2589889,PASS,4963,6002,10,20,2,16
XMSSMT-SHA2_20/2_256,PUB_R2,3719,3719,3720,15330945,2749481,PASS,4963,6002,10,20,2,16
XMSSMT-SHA2_20/2_256,PUB_R2,3720,3720,3721,17781351,2647500,PASS,4963,6002,10,20,2,16
XMSSMT-SHA2_20/2_256,PUB_R2,3721,3721,3722,15512315,2554686,PASS,4963,6002,10,20,2,16
XMSSMT-SHA2_20/2_256,PUB_R2,3722,3722,3723,17746648,2715685,PASS,4963,6002,10,20,2,16
XMSSMT-SHA2_20/2_256,PUB_R2,3723,3723,3724,15372908,2723259,PASS,4963,6002,10,20,2,16
XMSSMT-SHA2_20/2_256,PUB_R2,3724,3724,3725,17934037,2521611,PASS,4963,6002,10,20,2,16
XMSSMT-SHA2_20/2_256,PUB_R2,3725,3725,3726,15347611,2717944,PASS,4963,6002,10,20,2,16
XMSSMT-SHA2_20/2_256,PUB_R2,3726,3726,3727,17790926,2662685,PASS,4963,6002,10,20,2,16
XMSSMT-SHA2_20/2_256,PUB_R2,3727,3727,3728,15553611,2523463,PASS,4963,6002,10,20,2,16
XMSSMT-SHA2_20/2_256,PUB_R2,3728,3728,3729,17809407,2618185,PASS,4963,6002,10,20,2,16
XMSSMT-SHA2_20/2_256,PUB_R2,3729,3729,3730,15442796,2613333,PASS,4963,6002,10,20,2,16
XMSSMT-SHA2_20/2_256,PUB_R2,3730,3730,3731,17952592,2553963,PASS,4963,6002,10,20,2,16
XMSSMT-SHA2_20/2_256,PUB_R2,3731,3731,3732,15510074,2572797,PASS,4963,6002,10,20,2,16
XMSSMT-SHA2_20/2_256,PUB_R2,3732,3732,3733,17801129,2649908,PASS,4963,6002,10,20,2,16
XMSSMT-SHA2_20/2_256,PUB_R2,3733,3733,3734,15250241,2808963,PASS,4963,6002,10,20,2,16
XMSSMT-SHA2_20/2_256,PUB_R2,3734,3734,3735,18001963,2458333,PASS,4963,6002,10,20,2,16
XMSSMT-SHA2_20/2_256,PUB_R2,3735,3735,3736,15463370,2584185,PASS,4963,6002,10,20,2,16
XMSSMT-SHA2_20/2_256,PUB_R2,3736,3736,3737,17938611,2526685,PASS,4963,6002,10,20,2,16
XMSSMT-SHA2_20/2_256,PUB_R2,3737,3737,3738,15467556,2632796,PASS,4963,6002,10,20,2,16
XMSSMT-SHA2_20/2_256,PUB_R2,3738,3738,3739,17914666,2557260,PASS,4963,6002,10,20,2,16
XMSSMT-SHA2_20/2_256,PUB_R2,3739,3739,3740,15502963,2584185,PASS,4963,6002,10,20,2,16
XMSSMT-SHA2_20/2_256,PUB_R2,3740,3740,3741,17738296,2714204,PASS,4963,6002,10,20,2,16
XMSSMT-SHA2_20/2_256,PUB_R2,3741,3741,3742,15436186,2618407,PASS,4963,6002,10,20,2,16
XMSSMT-SHA2_20/2_256,PUB_R2,3742,3742,3743,17647889,2814092,PASS,4963,6002,10,20,2,16
XMSSMT-SHA2_20/2_256,PUB_R2,3743,3743,3744,15605019,2472407,PASS,4963,6002,10,20,2,16
XMSSMT-SHA2_20/2_256,PUB_R2,3744,3744,3745,17799019,2651815,PASS,4963,6002,10,20,2,16
XMSSMT-SHA2_20/2_256,PUB_R2,3745,3745,3746,15573926,2521778,PASS,4963,6002,10,20,2,16
XMSSMT-SHA2_20/2_256,PUB_R2,3746,3746,3747,17902407,2584185,PASS,4963,6002,10,20,2,16
XMSSMT-SHA2_20/2_256,PUB_R2,3747,3747,3748,15525018,2556870,PASS,4963,6002,10,20,2,16
XMSSMT-SHA2_20/2_256,PUB_R2,3748,3748,3749,17849685,2622463,PASS,4963,6002,10,20,2,16
XMSSMT-SHA2_20/2_256,PUB_R2,3749,3749,3750,15534777,2521222,PASS,4963,6002,10,20,2,16
XMSSMT-SHA2_20/2_256,PUB_R2,3750,3750,3751,17881556,2587982,PASS,4963,6002,10,20,2,16
XMSSMT-SHA2_20/2_256,PUB_R2,3751,3751,3752,15311723,2743314,PASS,4963,6002,10,20,2,16
XMSSMT-SHA2_20/2_256,PUB_R2,3752,3752,3753,17873463,2551371,PASS,4963,6002,10,20,2,16
XMSSMT-SHA2_20/2_256,PUB_R2,3753,3753,3754,15509815,2554574,PASS,4963,6002,10,20,2,16
XMSSMT-SHA2_20/2_256,PUB_R2,3754,3754,3755,17911074,2554481,PASS,4963,6002,10,20,2,16
XMSSMT-SHA2_20/2_256,PUB_R2,3755,3755,3756,10761630,2522129,PASS,4963,6002,10,20,2,16
XMSSMT-SHA2_20/2_256,PUB_R2,3756,3756,3757,5976000,2520482,PASS,4963,6002,10,20,2,16
XMSSMT-SHA2_20/2_256,PUB_R2,3757,3757,3758,6017278,2490722,PASS,4963,6002,10,20,2,16
XMSSMT-SHA2_20/2_256,PUB_R2,3758,3758,3759,5886704,2620759,PASS,4963,6002,10,20,2,16
XMSSMT-SHA2_20/2_256,PUB_R2,3759,3759,3760,15534278,2522259,PASS,4963,6002,10,20,2,16
XMSSMT-SHA2_20/2_256,PUB_R2,3760,3760,3761,17872167,2594518,PASS,4963,6002,10,20,2,16
XMSSMT-SHA2_20/2_256,PUB_R2,3761,3761,3762,15468537,2623444,PASS,4963,6002,10,20,2,16
XMSSMT-SHA2_20/2_256,PUB_R2,3762,3762,3763,8209092,2716166,PASS,4963,6002,10,20,2,16
XMSSMT-SHA2_20/2_256,PUB_R2,3763,3763,3764,10760537,2535055,PASS,4963,6002,10,20,2,16
XMSSMT-SHA2_20/2_256,PUB_R2,3764,3764,3765,5921629,2586000,PASS,4963,6002,10,20,2,16
XMSSMT-SHA2_20/2_256,PUB_R2,3765,3765,3766,5797685,2719519,PASS,4963,6002,10,20,2,16
XMSSMT-SHA2_20/2_256,PUB_R2,3766,3766,3767,5905334,2617908,PASS,4963,6002,10,20,2,16
XMSSMT-SHA2_20/2_256,PUB_R2,3767,3767,3768,15502982,2590574,PASS,4963,6002,10,20,2,16
XMSSMT-SHA2_20/2_256,PUB_R2,3768,3768,3769,10775000,2520278,PASS,4963,6002,10,20,2,16
XMSSMT-SHA2_20/2_256,PUB_R2,3769,3769,3770,6020222,2489315,PASS,4963,6002,10,20,2,16
XMSSMT-SHA2_20/2_256,PUB_R2,3770,3770,3771,5968852,2553722,PASS,4963,6002,10,20,2,16
XMSSMT-SHA2_20/2_256,PUB_R2,3771,3771,3772,10590222,2718352,PASS,4963,6002,10,20,2,16
XMSSMT-SHA2_20/2_256,PUB_R2,3772,3772,3773,5883907,2620278,PASS,4963,6002,10,20,2,16
XMSSMT-SHA2_20/2_256,PUB_R2,3773,3773,3774,5928593,2589871,PASS,4963,6002,10,20,2,16
XMSSMT-SHA2_20/2_256,PUB_R2,3774,3774,3775,5846666,2647204,PASS,4963,6002,10,20,2,16
XMSSMT-SHA2_20/2_256,PUB_R2,3775,3775,3776,15579889,2497055,PASS,4963,6002,10,20,2,16
XMSSMT-SHA2_20/2_256,PUB_R2,3776,3776,3777,17808296,2664574,PASS,4963,6002,10,20,2,16
XMSSMT-SHA2_20/2_256,PUB_R2,3777,3777,3778,15474778,2589592,PASS,4963,6002,10,20,2,16
XMSSMT-SHA2_20/2_256,PUB_R2,3778,3778,3779,17895148,2585148,PASS,4963,6002,10,20,2,16
XMSSMT-SHA2_20/2_256,PUB_R2,3779,3779,3780,15332667,2747463,PASS,4963,6002,10,20,2,16
XMSSMT-SHA2_20/2_256,PUB_R2,3780,3780,3781,17853389,2587352,PASS,4963,6002,10,20,2,16
XMSSMT-SHA2_20/2_256,PUB_R2,3781,3781,3782,15520611,2554518,PASS,4963,6002,10,20,2,16
XMSSMT-SHA2_20/2_256,PUB_R2,3782,3782,3783,17695518,2755981,PASS,4963,6002,10,20,2,16
XMSSMT-SHA2_20/2_256,PUB_R2,3783,3783,3784,15526500,2552444,PASS,4963,6002,10,20,2,16
XMSSMT-SHA2_20/2_256,PUB_R2,3784,3784,3785,17919408,2518870,PASS,4963,6002,10,20,2,16
XMSSMT-SHA2_20/2_256,PUB_R2,3785,3785,3786,15370185,2718630,PASS,4963,6002,10,20,2,16
XMSSMT-SHA2_20/2_256,PUB_R2,3786,3786,3787,17854333,2589148,PASS,4963,6002,10,20,2,16
XMSSMT-SHA2_20/2_256,PUB_R2,3787,3787,3788,15487203,2586056,PASS,4963,6002,10,20,2,16
XMSSMT-SHA2_20/2_256,PUB_R2,3788,3788,3789,17847000,2601778,PASS,4963,6002,10,20,2,16
XMSSMT-SHA2_20/2_256,PUB_R2,3789,3789,3790,15371926,2724278,PASS,4963,6002,10,20,2,16
XMSSMT-SHA2_20/2_256,PUB_R2,3790,3790,3791,17873982,2584685,PASS,4963,6002,10,20,2,16
XMSSMT-SHA2_20/2_256,PUB_R2,3791,3791,3792,15462407,2666833,PASS,4963,6002,10,20,2,16
XMSSMT-SHA2_20/2_256,PUB_R2,3792,3792,3793,17826389,2619741,PASS,4963,6002,10,20,2,16
XMSSMT-SHA2_20/2_256,PUB_R2,3793,3793,3794,15457111,2616315,PASS,4963,6002,10,20,2,16
XMSSMT-SHA2_20/2_256,PUB_R2,3794,3794,3795,8371222,2555278,PASS,4963,6002,10,20,2,16
XMSSMT-SHA2_20/2_256,PUB_R2,3795,3795,3796,10578907,2720000,PASS,4963,6002,10,20,2,16
XMSSMT-SHA2_20/2_256,PUB_R2,3796,3796,3797,5971203,2521982,PASS,4963,6002,10,20,2,16
XMSSMT-SHA2_20/2_256,PUB_R2,3797,3797,3798,5758259,2749426,PASS,4963,6002,10,20,2,16
XMSSMT-SHA2_20/2_256,PUB_R2,3798,3798,3799,5939834,2553314,PASS,4963,6002,10,20,2,16
XMSSMT-SHA2_20/2_256,PUB_R2,3799,3799,3800,15332167,2745555,PASS,4963,6002,10,20,2,16
XMSSMT-SHA2_20/2_256,PUB_R2,3800,3800,3801,10511667,2777722,PASS,4963,6002,10,20,2,16
XMSSMT-SHA2_20/2_256,PUB_R2,3801,3801,3802,5886148,2677852,PASS,4963,6002,10,20,2,16
XMSSMT-SHA2_20/2_256,PUB_R2,3802,3802,3803,5974241,2521370,PASS,4963,6002,10,20,2,16
XMSSMT-SHA2_20/2_256,PUB_R2,3803,3803,3804,10728166,2550759,PASS,4963,6002,10,20,2,16
XMSSMT-SHA2_20/2_256,PUB_R2,3804,3804,3805,5974889,2526667,PASS,4963,6002,10,20,2,16
XMSSMT-SHA2_20/2_256,PUB_R2,3805,3805,3806,5984778,2522593,PASS,4963,6002,10,20,2,16
XMSSMT-SHA2_20/2_256,PUB_R2,3806,3806,3807,5777593,2725685,PASS,4963,6002,10,20,2,16
XMSSMT-SHA2_20/2_256,PUB_R2,3807,3807,3808,15556259,2489741,PASS,4963,6002,10,20,2,16
XMSSMT-SHA2_20/2_256,PUB_R2,3808,3808,3809,17872686,2587797,PASS,4963,6002,10,20,2,16
XMSSMT-SHA2_20/2_256,PUB_R2,3809,3809,3810,15510555,2552889,PASS,4963,6002,10,20,2,16
XMSSMT-SHA2_20/2_256,PUB_R2,3810,3810,3811,17866074,2588426,PASS,4963,6002,10,20,2,16
XMSSMT-SHA2_20/2_256,PUB_R2,3811,3811,3812,15405445,2647926,PASS,4963,6002,10,20,2,16
XMSSMT-SHA2_20/2_256,PUB_R2,3812,3812,3813,17989685,2494056,PASS,4963,6002,10,20,2,16
XMSSMT-SHA2_20/2_256,PUB_R2,3813,3813,3814,15650796,2431703,PASS,4963,6002,10,20,2,16
XMSSMT-SHA2_20/2_256,PUB_R2,3814,3814,3815,8305445,2620963,PASS,4963,6002,10,20,2,16
XMSSMT-SHA2_20/2_256,PUB_R2,3815,3815,3816,15478833,2549814,PASS,4963,6002,10,20,2,16
XMSSMT-SHA2_20/2_256,PUB_R2,3816,3816,3817,10647685,2617870,PASS,4963,6002,10,20,2,16
XMSSMT-SHA2_20/2_256,PUB_R2,3817,3817,3818,5915685,2589556,PASS,4963,6002,10,20,2,16
XMSSMT-SHA2_20/2_256,PUB_R2,3818,3818,3819,5680981,2808075,PASS,4963,6002,10,20,2,16
XMSSMT-SHA2_20/2_256,PUB_R2,3819,3819,3820,10723315,2550981,PASS,4963,6002,10,20,2,16
XMSSMT-SHA2_20/2_256,PUB_R2,3820,3820,3821,5924296,2583481,PASS,4963,6002,10,20,2,16
XMSSMT-SHA2_20/2_256,PUB_R2,3821,3821,3822,5796704,2718185,PASS,4963,6002,10,20,2,16
XMSSMT-SHA2_20/2_256,PUB_R2,3822,3822,3823,5871537,2616648,PASS,4963,6002,10,20,2,16
XMSSMT-SHA2_20/2_256,PUB_R2,3823,3823,3824,15245241,2812037,PASS,4963,6002,10,20,2,16
XMSSMT-SHA2_20/2_256,PUB_R2,3824,3824,3825,17848963,2582871,PASS,4963,6002,10,20,2,16
XMSSMT-SHA2_20/2_256,PUB_R2,3825,3825,3826,15420296,2616148,PASS,4963,6002,10,20,2,16
XMSSMT-SHA2_20/2_256,PUB_R2,3826,3826,3827,8360796,2523481,PASS,4963,6002,10,20,2,16
XMSSMT-SHA2_20/2_256,PUB_R2,3827,3827,3828,10716093,2552963,PASS,4963,6002,10,20,2,16
XMSSMT-SHA2_20/2_256,PUB_R2,3828,3828,3829,5746759,2747148,PASS,4963,6002,10,20,2,16
XMSSMT-SHA2_20/2_256,PUB_R2,3829,3829,3830,5777796,2712556,PASS,4963,6002,10,20,2,16
XMSSMT-SHA2_20/2_256,PUB_R2,3830,3830,3831,5920056,2584259,PASS,4963,6002,10,20,2,16
XMSSMT-SHA2_20/2_256,PUB_R2,3831,3831,3832,15551334,2540222,PASS,4963,6002,10,20,2,16
XMSSMT-SHA2_20/2_256,PUB_R2,3832,3832,3833,10493296,2796204,PASS,4963,6002,10,20,2,16
XMSSMT-SHA2_20/2_256,PUB_R2,3833,3833,3834,5884407,2612240,PASS,4963,6002,10,20,2,16
XMSSMT-SHA2_20/2_256,PUB_R2,3834,3834,3835,5952185,2555389,PASS,4963,6002,10,20,2,16
XMSSMT-SHA2_20/2_256,PUB_R2,3835,3835,3836,10621871,2650388,PASS,4963,6002,10,20,2,16
XMSSMT-SHA2_20/2_256,PUB_R2,3836,3836,3837,5735185,2784388,PASS,4963,6002,10,20,2,16
XMSSMT-SHA2_20/2_256,PUB_R2,3837,3837,3838,5909333,2590426,PASS,4963,6002,10,20,2,16
XMSSMT-SHA2_20/2_256,PUB_R2,3838,3838,3839,5995519,2527518,PASS,4963,6002,10,20,2,16
XMSSMT-SHA2_20/2_256,PUB_R2,3839,3839,3840,15427334,2654074,PASS,4963,6002,10,20,2,16
XMSSMT-SHA2_20/2_256,PUB_R2,3840,3840,3841,17898315,2557667,PASS,4963,6002,10,20,2,16
XMSSMT-SHA2_20/2_256,PUB_R2,3841,3841,3842,15491796,2586240,PASS,4963,6002,10,20,2,16
XMSSMT-SHA2_20/2_256,PUB_R2,3842,3842,3843,17842241,2618297,PASS,4963,6002,10,20,2,16
XMSSMT-SHA2_20/2_256,PUB_R2,3843,3843,3844,15412426,2657611,PASS,4963,6002,10,20,2,16
XMSSMT-SHA2_20/2_256,PUB_R2,3844,3844,3845,17794648,2658240,PASS,4963,6002,10,20,2,16
XMSSMT-SHA2_20/2_256,PUB_R2,3845,3845,3846,15542907,2520519,PASS,4963,6002,10,20,2,16
XMSSMT-SHA2_20/2_256,PUB_R2,3846,3846,3847,17815555,2652149,PASS,4963,6002,10,20,2,16
XMSSMT-SHA2_20/2_256,PUB_R2,3847,3847,3848,15472778,2584852,PASS,4963,6002,10,20,2,16
XMSSMT-SHA2_20/2_256,PUB_R2,3848,3848,3849,17933703,2528778,PASS,4963,6002,10,20,2,16
XMSSMT-SHA2_20/2_256,PUB_R2,3849,3849,3850,15468426,2630204,PASS,4963,6002,10,20,2,16
XMSSMT-SHA2_20/2_256,PUB_R2,3850,3850,3851,17819666,2655519,PASS,4963,6002,10,20,2,16
XMSSMT-SHA2_20/2_256,PUB_R2,3851,3851,3852,15561666,2525648,PASS,4963,6002,10,20,2,16
XMSSMT-SHA2_20/2_256,PUB_R2,3852,3852,3853,17790185,2647871,PASS,4963,6002,10,20,2,16
XMSSMT-SHA2_20/2_256,PUB_R2,3853,3853,3854,15509907,2555389,PASS,4963,6002,10,20,2,16
XMSSMT-SHA2_20/2_256,PUB_R2,3854,3854,3855,17840574,2627815,PASS,4963,6002,10,20,2,16
XMSSMT-SHA2_20/2_256,PUB_R2,3855,3855,3856,15523426,2568222,PASS,4963,6002,10,20,2,16
XMSSMT-SHA2_20/2_256,PUB_R2,3856,3856,3857,17862741,2587241,PASS,4963,6002,10,20,2,16
XMSSMT-SHA2_20/2_256,PUB_R2,3857,3857,3858,15455407,2619352,PASS,4963,6002,10,20,2,16
XMSSMT-SHA2_20/2_256,PUB_R2,3858,3858,3859,17969204,2487833,PASS,4963,6002,10,20,2,16
XMSSMT-SHA2_20/2_256,PUB_R2,3859,3859,3860,15439500,2617741,PASS,4963,6002,10,20,2,16
XMSSMT-SHA2_20/2_256,PUB_R2,3860,3860,3861,17823519,2667686,PASS,4963,6002,10,20,2,16
XMSSMT-SHA2_20/2_256,PUB_R2,3861,3861,3862,15346260,2732537,PASS,4963,6002,10,20,2,16
XMSSMT-SHA2_20/2_256,PUB_R2,3862,3862,3863,17707389,2747538,PASS,4963,6002,10,20,2,16
XMSSMT-SHA2_20/2_256,PUB_R2,3863,3863,3864,15406704,2646759,PASS,4963,6002,10,20,2,16
XMSSMT-SHA2_20/2_256,PUB_R2,3864,3864,3865,17721686,2744166,PASS,4963,6002,10,20,2,16
XMSSMT-SHA2_20/2_256,PUB_R2,3865,3865,3866,15415463,2672019,PASS,4963,6002,10,20,2,16
XMSSMT-SHA2_20/2_256,PUB_R2,3866,3866,3867,17881500,2589537,PASS,4963,6002,10,20,2,16
XMSSMT-SHA2_20/2_256,PUB_R2,3867,3867,3868,15483889,2600463,PASS,4963,6002,10,20,2,16
XMSSMT-SHA2_20/2_256,PUB_R2,3868,3868,3869,17890129,2563056,PASS,4963,6002,10,20,2,16
XMSSMT-SHA2_20/2_256,PUB_R2,3869,3869,3870,15354907,2734056,PASS,4963,6002,10,20,2,16
XMSSMT-SHA2_20/2_256,PUB_R2,3870,3870,3871,17912463,2554500,PASS,4963,6002,10,20,2,16
XMSSMT-SHA2_20/2_256,PUB_R2,3871,3871,3872,15537444,2522759,PASS,4963,6002,10,20,2,16
XMSSMT-SHA2_20/2_256,PUB_R2,3872,3872,3873,17857815,2588741,PASS,4963,6002,10,20,2,16
XMSSMT-SHA2_20/2_256,PUB_R2,3873,3873,3874,15479500,2588463,PASS,4963,6002,10,20,2,16
XMSSMT-SHA2_20/2_256,PUB_R2,3874,3874,3875,17880833,2600611,PASS,4963,6002,10,20,2,16
XMSSMT-SHA2_20/2_256,PUB_R2,3875,3875,3876,15413407,2707500,PASS,4963,6002,10,20,2,16
XMSSMT-SHA2_20/2_256,PUB_R2,3876,3876,3877,17955055,2486019,PASS,4963,6002,10,20,2,16
XMSSMT-SHA2_20/2_256,PUB_R2,3877,3877,3878,15463241,2586352,PASS,4963,6002,10,20,2,16
XMSSMT-SHA2_20/2_256,PUB_R2,3878,3878,3879,17686556,2744296,PASS,4963,6002,10,20,2,16
XMSSMT-SHA2_20/2_256,PUB_R2,3879,3879,3880,15393315,2644889,PASS,4963,6002,10,20,2,16
XMSSMT-SHA2_20/2_256,PUB_R2,3880,3880,3881,17793444,2647722,PASS,4963,6002,10,20,2,16
XMSSMT-SHA2_20/2_256,PUB_R2,3881,3881,3882,15427093,2619630,PASS,4963,6002,10,20,2,16
XMSSMT-SHA2_20/2_256,PUB_R2,3882,3882,3883,17927166,2522260,PASS,4963,6002,10,20,2,16
XMSSMT-SHA2_20/2_256,PUB_R2,3883,3883,3884,10559685,2711222,PASS,4963,6002,10,20,2,16
XMSSMT-SHA2_20/2_256,PUB_R2,3884,3884,3885,5877222,2618056,PASS,4963,6002,10,20,2,16
XMSSMT-SHA2_20/2_256,PUB_R2,3885,3885,3886,6004556,2489037,PASS,4963,6002,10,20,2,16
XMSSMT-SHA2_20/2_256,PUB_R2,3886,3886,3887,5905259,2585537,PASS,4963,6002,10,20,2,16
XMSSMT-SHA2_20/2_256,PUB_R2,3887,3887,3888,15426315,2615482,PASS,4963,6002,10,20,2,16
XMSSMT-SHA2_20/2_256,PUB_R2,3888,3888,3889,17802426,2652612,PASS,4963,6002,10,20,2,16
XMSSMT-SHA2_20/2_256,PUB_R2,3889,3889,3890,15469611,2629462,PASS,4963,6002,10,20,2,16
XMSSMT-SHA2_20/2_256,PUB_R2,3890,3890,3891,8180871,2712797,PASS,4963,6002,10,20,2,16
XMSSMT-SHA2_20/2_256,PUB_R2,3891,3891,3892,10761278,2521389,PASS,4963,6002,10,20,2,16
XMSSMT-SHA2_20/2_256,PUB_R2,3892,3892,3893,5842537,2656648,PASS,4963,6002,10,20,2,16
XMSSMT-SHA2_20/2_256,PUB_R2,3893,3893,3894,5941908,2581556,PASS,4963,6002,10,20,2,16
XMSSMT-SHA2_20/2_256,PUB_R2,3894,3894,3895,5880778,2620389,PASS,4963,6002,10,20,2,16
XMSSMT-SHA2_20/2_256,PUB_R2,3895,3895,3896,15351926,2724667,PASS,4963,6002,10,20,2,16
XMSSMT-SHA2_20/2_256,PUB_R2,3896,3896,3897,10633444,2646926,PASS,4963,6002,10,20,2,16
XMSSMT-SHA2_20/2_256,PUB_R2,3897,3897,3898,5940500,2583482,PASS,4963,6002,10,20,2,16
XMSSMT-SHA2_20/2_256,PUB_R2,3898,3898,3899,5946519,2561667,PASS,4963,6002,10,20,2,16
XMSSMT-SHA2_20/2_256,PUB_R2,3899,3899,3900,10546760,2744518,PASS,4963,6002,10,20,2,16
XMSSMT-SHA2_20/2_256,PUB_R2,3900,3900,3901,6045519,2461815,PASS,4963,6002,10,20,2,16
XMSSMT-SHA2_20/2_256,PUB_R2,3901,3901,3902,5914389,2582574,PASS,4963,6002,10,20,2,16
XMSSMT-SHA2_20/2_256,PUB_R2,3902,3902,3903,6055389,2458482,PASS,4963,6002,10,20,2,16
XMSSMT-SHA2_20/2_256,PUB_R2,3903,3903,3904,15542260,2524259,PASS,4963,6002,10,20,2,16
XMSSMT-SHA2_20/2_256,PUB_R2,3904,3904,3905,17891982,2557962,PASS,4963,6002,10,20,2,16
XMSSMT-SHA2_20/2_256,PUB_R2,3905,3905,3906,15505093,2553444,PASS,4963,6002,10,20,2,16
XMSSMT-SHA2_20/2_256,PUB_R2,3906,3906,3907,17906556,2554889,PASS,4963,6002,10,20,2,16
XMSSMT-SHA2_20/2_256,PUB_R2,3907,3907,3908,15478260,2598037,PASS,4963,6002,10,20,2,16
XMSSMT-SHA2_20/2_256,PUB_R2,3908,3908,3909,17833370,2629352,PASS,4963,6002,10,20,2,16
XMSSMT-SHA2_20/2_256,PUB_R2,3909,3909,3910,15353593,2711666,PASS,4963,6002,10,20,2,16
XMSSMT-SHA2_20/2_256,PUB_R2,3910,3910,3911,17882481,2586463,PASS,4963,6002,10,20,2,16
XMSSMT-SHA2_20/2_256,PUB_R2,3911,3911,3912,15487908,2585371,PASS,4963,6002,10,20,2,16
XMSSMT-SHA2_20/2_256,PUB_R2,3912,3912,3913,17799222,2650630,PASS,4963,6002,10,20,2,16
XMSSMT-SHA2_20/2_256,PUB_R2,3913,3913,3914,15422944,2652574,PASS,4963,6002,10,20,2,16
XMSSMT-SHA2_20/2_256,PUB_R2,3914,3914,3915,17870685,2595611,PASS,4963,6002,10,20,2,16
XMSSMT-SHA2_20/2_256,PUB_R2,3915,3915,3916,15503000,2555092,PASS,4963,6002,10,20,2,16
XMSSMT-SHA2_20/2_256,PUB_R2,3916,3916,3917,17955000,2488129,PASS,4963,6002,10,20,2,16
XMSSMT-SHA2_20/2_256,PUB_R2,3917,3917,3918,15444166,2618796,PASS,4963,6002,10,20,2,16
XMSSMT-SHA2_20/2_256,PUB_R2,3918,3918,3919,17918148,2550889,PASS,4963,6002,10,20,2,16
XMSSMT-SHA2_20/2_256,PUB_R2,3919,3919,3920,15570389,2527185,PASS,4963,6002,10,20,2,16
XMSSMT-SHA2_20/2_256,PUB_R2,3920,3920,3921,17953482,2507907,PASS,4963,6002,10,20,2,16
XMSSMT-SHA2_20/2_256,PUB_R2,3921,3921,3922,15490630,2583166,PASS,4963,6002,10,20,2,16
XMSSMT-SHA2_20/2_256,PUB_R2,3922,3922,3923,8471871,2452445,PASS,4963,6002,10,20,2,16
XMSSMT-SHA2_20/2_256,PUB_R2,3923,3923,3924,10543796,2745759,PASS,4963,6002,10,20,2,16
XMSSMT-SHA2_20/2_256,PUB_R2,3924,3924,3925,6008407,2499907,PASS,4963,6002,10,20,2,16
XMSSMT-SHA2_20/2_256,PUB_R2,3925,3925,3926,5947334,2552166,PASS,4963,6002,10,20,2,16
XMSSMT-SHA2_20/2_256,PUB_R2,3926,3926,3927,6019000,2506444,PASS,4963,6002,10,20,2,16
XMSSMT-SHA2_20/2_256,PUB_R2,3927,3927,3928,15554870,2549129,PASS,4963,6002,10,20,2,16
XMSSMT-SHA2_20/2_256,PUB_R2,3928,3928,3929,10754667,2541648,PASS,4963,6002,10,20,2,16
XMSSMT-SHA2_20/2_256,PUB_R2,3929,3929,3930,5886926,2617611,PASS,4963,6002,10,20,2,16
XMSSMT-SHA2_20/2_256,PUB_R2,3930,3930,3931,5883092,2636204,PASS,4963,6002,10,20,2,16
XMSSMT-SHA2_20/2_256,PUB_R2,3931,3931,3932,10757778,2523815,PASS,4963,6002,10,20,2,16
XMSSMT-SHA2_20/2_256,PUB_R2,3932,3932,3933,5926870,2584537,PASS,4963,6002,10,20,2,16
XMSSMT-SHA2_20/2_256,PUB_R2,3933,3933,3934,6003926,2494203,PASS,4963,6002,10,20,2,16
XMSSMT-SHA2_20/2_256,PUB_R2,3934,3934,3935,5877500,2616796,PASS,4963,6002,10,20,2,16
XMSSMT-SHA2_20/2_256,PUB_R2,3935,3935,3936,15455130,2618241,PASS,4963,6002,10,20,2,16
XMSSMT-SHA2_20/2_256,PUB_R2,3936,3936,3937,17929148,2524630,PASS,4963,6002,10,20,2,16
XMSSMT-SHA2_20/2_256,PUB_R2,3937,3937,3938,15451463,2620926,PASS,4963,6002,10,20,2,16
XMSSMT-SHA2_20/2_256,PUB_R2,3938,3938,3939,17807778,2667888,PASS,4963,6002,10,20,2,16
XMSSMT-SHA2_20/2_256,PUB_R2,3939,3939,3940,15574186,2535518,PASS,4963,6002,10,20,2,16
XMSSMT-SHA2_20/2_256,PUB_R2,3940,3940,3941,17960259,2525556,PASS,4963,6002,10,20,2,16
XMSSMT-SHA2_20/2_256,PUB_R2,3941,3941,3942,15482315,2584870,PASS,4963,6002,10,20,2,16
XMSSMT-SHA2_20/2_256,PUB_R2,3942,3942,3943,8247389,2656611,PASS,4963,6002,10,20,2,16
XMSSMT-SHA2_20/2_256,PUB_R2,3943,3943,3944,15364186,2711723,PASS,4963,6002,10,20,2,16
XMSSMT-SHA2_20/2_256,PUB_R2,3944,3944,3945,10656333,2619426,PASS,4963,6002,10,20,2,16
XMSSMT-SHA2_20/2_256,PUB_R2,3945,3945,3946,5851686,2652814,PASS,4963,6002,10,20,2,16
XMSSMT-SHA2_20/2_256,PUB_R2,3946,3946,3947,5718889,2783797,PASS,4963,6002,10,20,2,16
XMSSMT-SHA2_20/2_256,PUB_R2,3947,3947,3948,10762630,2522222,PASS,4963,6002,10,20,2,16
XMSSMT-SHA2_20/2_256,PUB_R2,3948,3948,3949,5943944,2554740,PASS,4963,6002,10,20,2,16
XMSSMT-SHA2_20/2_256,PUB_R2,3949,3949,3950,5950537,2557000,PASS,4963,6002,10,20,2,16
XMSSMT-SHA2_20/2_256,PUB_R2,3950,3950,3951,5846425,2652908,PASS,4963,6002,10,20,2,16
XMSSMT-SHA2_20/2_256,PUB_R2,3951,3951,3952,15501037,2585185,PASS,4963,6002,10,20,2,16
XMSSMT-SHA2_20/2_256,PUB_R2,3952,3952,3953,17797944,2647704,PASS,4963,6002,10,20,2,16
XMSSMT-SHA2_20/2_256,PUB_R2,3953,3953,3954,15466333,2587648,PASS,4963,6002,10,20,2,16
XMSSMT-SHA2_20/2_256,PUB_R2,3954,3954,3955,8241092,2651759,PASS,4963,6002,10,20,2,16
XMSSMT-SHA2_20/2_256,PUB_R2,3955,3955,3956,10625092,2651352,PASS,4963,6002,10,20,2,16
XMSSMT-SHA2_20/2_256,PUB_R2,3956,3956,3957,5750352,2745518,PASS,4963,6002,10,20,2,16
XMSSMT-SHA2_20/2_256,PUB_R2,3957,3957,3958,5946908,2565204,PASS,4963,6002,10,20,2,16
XMSSMT-SHA2_20/2_256,PUB_R2,3958,3958,3959,5912204,2581389,PASS,4963,6002,10,20,2,16
XMSSMT-SHA2_20/2_256,PUB_R2,3959,3959,3960,15327649,2747740,PASS,4963,6002,10,20,2,16
XMSSMT-SHA2_20/2_256,PUB_R2,3960,3960,3961,10708722,2588611,PASS,4963,6002,10,20,2,16
XMSSMT-SHA2_20/2_256,PUB_R2,3961,3961,3962,5898408,2621222,PASS,4963,6002,10,20,2,16
XMSSMT-SHA2_20/2_256,PUB_R2,3962,3962,3963,5918518,2584796,PASS,4963,6002,10,20,2,16
XMSSMT-SHA2_20/2_256,PUB_R2,3963,3963,3964,10689278,2621889,PASS,4963,6002,10,20,2,16
XMSSMT-SHA2_20/2_256,PUB_R2,3964,3964,3965,6002111,2489704,PASS,4963,6002,10,20,2,16
XMSSMT-SHA2_20/2_256,PUB_R2,3965,3965,3966,6003241,2528018,PASS,4963,6002,10,20,2,16
XMSSMT-SHA2_20/2_256,PUB_R2,3966,3966,3967,5847241,2651759,PASS,4963,6002,10,20,2,16
XMSSMT-SHA2_20/2_256,PUB_R2,3967,3967,3968,15493889,2596371,PASS,4963,6002,10,20,2,16
XMSSMT-SHA2_20/2_256,PUB_R2,3968,3968,3969,17675555,2780149,PASS,4963,6002,10,20,2,16
XMSSMT-SHA2_20/2_256,PUB_R2,3969,3969,3970,15531759,2524981,PASS,4963,6002,10,20,2,16
XMSSMT-SHA2_20/2_256,PUB_R2,3970,3970,3971,17888704,2550963,PASS,4963,6002,10,20,2,16
XMSSMT-SHA2_20/2_256,PUB_R2,3971,3971,3972,15416111,2653222,PASS,4963,6002,10,20,2,16
XMSSMT-SHA2_20/2_256,PUB_R2,3972,3972,3973,17836463,2624000,PASS,4963,6002,10,20,2,16
XMSSMT-SHA2_20/2_256,PUB_R2,3973,3973,3974,15551926,2536648,PASS,4963,6002,10,20,2,16
XMSSMT-SHA2_20/2_256,PUB_R2,3974,3974,3975,17910611,2560593,PASS,4963,6002,10,20,2,16
XMSSMT-SHA2_20/2_256,PUB_R2,3975,3975,3976,15477500,2589130,PASS,4963,6002,10,20,2,16
XMSSMT-SHA2_20/2_256,PUB_R2,3976,3976,3977,17705240,2745296,PASS,4963,6002,10,20,2,16
XMSSMT-SHA2_20/2_256,PUB_R2,3977,3977,3978,15512038,2554074,PASS,4963,6002,10,20,2,16
XMSSMT-SHA2_20/2_256,PUB_R2,3978,3978,3979,18031185,2428666,PASS,4963,6002,10,20,2,16
XMSSMT-SHA2_20/2_256,PUB_R2,3979,3979,3980,15353648,2717593,PASS,4963,6002,10,20,2,16
XMSSMT-SHA2_20/2_256,PUB_R2,3980,3980,3981,17831333,2627148,PASS,4963,6002,10,20,2,16
XMSSMT-SHA2_20/2_256,PUB_R2,3981,3981,3982,15489204,2565093,PASS,4963,6002,10,20,2,16
XMSSMT-SHA2_20/2_256,PUB_R2,3982,3982,3983,17969074,2488463,PASS,4963,6002,10,20,2,16
XMSSMT-SHA2_20/2_256,PUB_R2,3983,3983,3984,15514130,2555907,PASS,4963,6002,10,20,2,16
XMSSMT-SHA2_20/2_256,PUB_R2,3984,3984,3985,17902796,2555852,PASS,4963,6002,10,20,2,16
XMSSMT-SHA2_20/2_256,PUB_R2,3985,3985,3986,15442926,2617185,PASS,4963,6002,10,20,2,16
XMSSMT-SHA2_20/2_256,PUB_R2,3986,3986,3987,8160500,2745796,PASS,4963,6002,10,20,2,16
XMSSMT-SHA2_20/2_256,PUB_R2,3987,3987,3988,10744204,2554908,PASS,4963,6002,10,20,2,16
XMSSMT-SHA2_20/2_256,PUB_R2,3988,3988,3989,5877223,2621148,PASS,4963,6002,10,20,2,16
XMSSMT-SHA2_20/2_256,PUB_R2,3989,3989,3990,5868370,2650445,PASS,4963,6002,10,20,2,16
XMSSMT-SHA2_20/2_256,PUB_R2,3990,3990,3991,5871778,2616537,PASS,4963,6002,10,20,2,16
XMSSMT-SHA2_20/2_256,PUB_R2,3991,3991,3992,15544129,2523870,PASS,4963,6002,10,20,2,16
XMSSMT-SHA2_20/2_256,PUB_R2,3992,3992,3993,10736611,2553777,PASS,4963,6002,10,20,2,16
XMSSMT-SHA2_20/2_256,PUB_R2,3993,3993,3994,6057351,2462630,PASS,4963,6002,10,20,2,16
XMSSMT-SHA2_20/2_256,PUB_R2,3994,3994,3995,5973871,2584407,PASS,4963,6002,10,20,2,16
XMSSMT-SHA2_20/2_256,PUB_R2,3995,3995,3996,10585703,2714815,PASS,4963,6002,10,20,2,16
XMSSMT-SHA2_20/2_256,PUB_R2,3996,3996,3997,5943518,2554944,PASS,4963,6002,10,20,2,16
XMSSMT-SHA2_20/2_256,PUB_R2,3997,3997,3998,5805537,2711186,PASS,4963,6002,10,20,2,16
XMSSMT-SHA2_20/2_256,PUB_R2,3998,3998,3999,5939518,2570685,PASS,4963,6002,10,20,2,16
XMSSMT-SHA2_20/2_256,PUB_R2,3999,3999,4000,15616778,2473741,PASS,4963,6002,10,20,2,16
XMSSMT-SHA2_20/2_256,PUB_R2,4000,4000,4001,17894815,2584000,PASS,4963,6002,10,20,2,16
XMSSMT-SHA2_20/2_256,PUB_R2,4001,4001,4002,15286833,2779334,PASS,4963,6002,10,20,2,16
XMSSMT-SHA2_20/2_256,PUB_R2,4002,4002,4003,17823463,2619500,PASS,4963,6002,10,20,2,16
XMSSMT-SHA2_20/2_256,PUB_R2,4003,4003,4004,15527130,2552963,PASS,4963,6002,10,20,2,16
XMSSMT-SHA2_20/2_256,PUB_R2,4004,4004,4005,18003834,2474574,PASS,4963,6002,10,20,2,16
XMSSMT-SHA2_20/2_256,PUB_R2,4005,4005,4006,15472000,2600333,PASS,4963,6002,10,20,2,16
XMSSMT-SHA2_20/2_256,PUB_R2,4006,4006,4007,8252130,2652740,PASS,4963,6002,10,20,2,16
XMSSMT-SHA2_20/2_256,PUB_R2,4007,4007,4008,15442352,2614963,PASS,4963,6002,10,20,2,16
XMSSMT-SHA2_20/2_256,PUB_R2,4008,4008,4009,10649907,2653833,PASS,4963,6002,10,20,2,16
XMSSMT-SHA2_20/2_256,PUB_R2,4009,4009,4010,6020907,2505074,PASS,4963,6002,10,20,2,16
XMSSMT-SHA2_20/2_256,PUB_R2,4010,4010,4011,5884796,2617334,PASS,4963,6002,10,20,2,16
XMSSMT-SHA2_20/2_256,PUB_R2,4011,4011,4012,10709019,2585296,PASS,4963,6002,10,20,2,16
XMSSMT-SHA2_20/2_256,PUB_R2,4012,4012,4013,5851407,2647296,PASS,4963,6002,10,20,2,16
XMSSMT-SHA2_20/2_256,PUB_R2,4013,4013,4014,6009185,2486352,PASS,4963,6002,10,20,2,16
XMSSMT-SHA2_20/2_256,PUB_R2,4014,4014,4015,5914408,2590907,PASS,4963,6002,10,20,2,16
XMSSMT-SHA2_20/2_256,PUB_R2,4015,4015,4016,15337778,2733222,PASS,4963,6002,10,20,2,16
XMSSMT-SHA2_20/2_256,PUB_R2,4016,4016,4017,17790000,2650055,PASS,4963,6002,10,20,2,16
XMSSMT-SHA2_20/2_256,PUB_R2,4017,4017,4018,15410593,2651111,PASS,4963,6002,10,20,2,16
XMSSMT-SHA2_20/2_256,PUB_R2,4018,4018,4019,8279148,2617796,PASS,4963,6002,10,20,2,16
XMSSMT-SHA2_20/2_256,PUB_R2,4019,4019,4020,10729018,2555371,PASS,4963,6002,10,20,2,16
XMSSMT-SHA2_20/2_256,PUB_R2,4020,4020,4021,5782444,2715519,PASS,4963,6002,10,20,2,16
XMSSMT-SHA2_20/2_256,PUB_R2,4021,4021,4022,5753056,2745574,PASS,4963,6002,10,20,2,16
XMSSMT-SHA2_20/2_256,PUB_R2,4022,4022,4023,5913685,2583574,PASS,4963,6002,10,20,2,16
XMSSMT-SHA2_20/2_256,PUB_R2,4023,4023,4024,15430592,2651463,PASS,4963,6002,10,20,2,16
XMSSMT-SHA2_20/2_256,PUB_R2,4024,4024,4025,10625389,2652796,PASS,4963,6002,10,20,2,16
XMSSMT-SHA2_20/2_256,PUB_R2,4025,4025,4026,6013296,2489759,PASS,4963,6002,10,20,2,16
XMSSMT-SHA2_20/2_256,PUB_R2,4026,4026,4027,5945685,2555908,PASS,4963,6002,10,20,2,16
XMSSMT-SHA2_20/2_256,PUB_R2,4027,4027,4028,10829500,2486315,PASS,4963,6002,10,20,2,16
XMSSMT-SHA2_20/2_256,PUB_R2,4028,4028,4029,5875371,2653129,PASS,4963,6002,10,20,2,16
XMSSMT-SHA2_20/2_256,PUB_R2,4029,4029,4030,5857889,2657778,PASS,4963,6002,10,20,2,16
XMSSMT-SHA2_20/2_256,PUB_R2,4030,4030,4031,5896203,2624334,PASS,4963,6002,10,20,2,16
XMSSMT-SHA2_20/2_256,PUB_R2,4031,4031,4032,15539241,2557482,PASS,4963,6002,10,20,2,16
XMSSMT-SHA2_20/2_256,PUB_R2,4032,4032,4033,17932259,2526889,PASS,4963,6002,10,20,2,16
XMSSMT-SHA2_20/2_256,PUB_R2,4033,4033,4034,15368296,2721518,PASS,4963,6002,10,20,2,16
XMSSMT-SHA2_20/2_256,PUB_R2,4034,4034,4035,17651352,2808593,PASS,4963,6002,10,20,2,16
XMSSMT-SHA2_20/2_256,PUB_R2,4035,4035,4036,15364556,2727852,PASS,4963,6002,10,20,2,16
XMSSMT-SHA2_20/2_256,PUB_R2,4036,4036,4037,17828778,2621018,PASS,4963,6002,10,20,2,16
XMSSMT-SHA2_20/2_256,PUB_R2,4037,4037,4038,15417981,2648537,PASS,4963,6002,10,20,2,16
XMSSMT-SHA2_20/2_256,PUB_R2,4038,4038,4039,8320407,2584463,PASS,4963,6002,10,20,2,16
XMSSMT-SHA2_20/2_256,PUB_R2,4039,4039,4040,15566407,2524186,PASS,4963,6002,10,20,2,16
XMSSMT-SHA2_20/2_256,PUB_R2,4040,4040,4041,10720278,2566408,PASS,4963,6002,10,20,2,16
XMSSMT-SHA2_20/2_256,PUB_R2,4041,4041,4042,5887740,2619797,PASS,4963,6002,10,20,2,16
XMSSMT-SHA2_20/2_256,PUB_R2,4042,4042,4043,5920741,2588500,PASS,4963,6002,10,20,2,16
XMSSMT-SHA2_20/2_256,PUB_R2,4043,4043,4044,10584611,2737852,PASS,4963,6002,10,20,2,16
XMSSMT-SHA2_20/2_256,PUB_R2,4044,4044,4045,5926463,2587500,PASS,4963,6002,10,20,2,16
XMSSMT-SHA2_20/2_256,PUB_R2,4045,4045,4046,5913871,2599908,PASS,4963,6002,10,20,2,16
XMSSMT-SHA2_20/2_256,PUB_R2,4046,4046,4047,5765278,2750203,PASS,4963,6002,10,20,2,16
XMSSMT-SHA2_20/2_256,PUB_R2,4047,4047,4048,15634870,2428444,PASS,4963,6002,10,20,2,16
XMSSMT-SHA2_20/2_256,PUB_R2,4048,4048,4049,17815333,2653148,PASS,4963,6002,10,20,2,16
XMSSMT-SHA2_20/2_256,PUB_R2,4049,4049,4050,15459649,2625278,PASS,4963,6002,10,20,2,16
XMSSMT-SHA2_20/2_256,PUB_R2,4050,4050,4051,8268426,2653629,PASS,4963,6002,10,20,2,16
XMSSMT-SHA2_20/2_256,PUB_R2,4051,4051,4052,10752389,2553944,PASS,4963,6002,10,20,2,16
XMSSMT-SHA2_20/2_256,PUB_R2,4052,4052,4053,5884093,2620092,PASS,4963,6002,10,20,2,16
XMSSMT-SHA2_20/2_256,PUB_R2,4053,4053,4054,5973148,2553018,PASS,4963,6002,10,20,2,16
XMSSMT-SHA2_20/2_256,PUB_R2,4054,4054,4055,5785333,2723833,PASS,4963,6002,10,20,2,16
XMSSMT-SHA2_20/2_256,PUB_R2,4055,4055,4056,15364556,2718926,PASS,4963,6002,10,20,2,16
XMSSMT-SHA2_20/2_256,PUB_R2,4056,4056,4057,10769685,2519852,PASS,4963,6002,10,20,2,16
XMSSMT-SHA2_20/2_256,PUB_R2,4057,4057,4058,5904166,2618815,PASS,4963,6002,10,20,2,16
XMSSMT-SHA2_20/2_256,PUB_R2,4058,4058,4059,5711000,2776074,PASS,4963,6002,10,20,2,16
XMSSMT-SHA2_20/2_256,PUB_R2,4059,4059,4060,10639241,2651407,PASS,4963,6002,10,20,2,16
XMSSMT-SHA2_20/2_256,PUB_R2,4060,4060,4061,5921537,2582666,PASS,4963,6002,10,20,2,16
XMSSMT-SHA2_20/2_256,PUB_R2,4061,4061,4062,5862555,2649130,PASS,4963,6002,10,20,2,16
XMSSMT-SHA2_20/2_256,PUB_R2,4062,4062,4063,5862277,2650685,PASS,4963,6002,10,20,2,16
XMSSMT-SHA2_20/2_256,PUB_R2,4063,4063,4064,15521685,2560222,PASS,4963,6002,10,20,2,16
XMSSMT-SHA2_20/2_256,PUB_R2,4064,4064,4065,17744260,2717148,PASS,4963,6002,10,20,2,16
XMSSMT-SHA2_20/2_256,PUB_R2,4065,4065,4066,15421204,2651648,PASS,4963,6002,10,20,2,16
XMSSMT-SHA2_20/2_256,PUB_R2,4066,4066,4067,8418370,2493241,PASS,4963,6002,10,20,2,16
XMSSMT-SHA2_20/2_256,PUB_R2,4067,4067,4068,10466000,2812500,PASS,4963,6002,10,20,2,16
XMSSMT-SHA2_20/2_256,PUB_R2,4068,4068,4069,5920296,2587426,PASS,4963,6002,10,20,2,16
XMSSMT-SHA2_20/2_256,PUB_R2,4069,4069,4070,5983111,2536870,PASS,4963,6002,10,20,2,16
XMSSMT-SHA2_20/2_256,PUB_R2,4070,4070,4071,5797092,2715778,PASS,4963,6002,10,20,2,16
XMSSMT-SHA2_20/2_256,PUB_R2,4071,4071,4072,15428926,2652130,PASS,4963,6002,10,20,2,16
XMSSMT-SHA2_20/2_256,PUB_R2,4072,4072,4073,10694759,2649852,PASS,4963,6002,10,20,2,16
XMSSMT-SHA2_20/2_256,PUB_R2,4073,4073,4074,5884445,2625833,PASS,4963,6002,10,20,2,16
XMSSMT-SHA2_20/2_256,PUB_R2,4074,4074,4075,5927167,2583203,PASS,4963,6002,10,20,2,16
XMSSMT-SHA2_20/2_256,PUB_R2,4075,4075,4076,10617630,2713296,PASS,4963,6002,10,20,2,16
XMSSMT-SHA2_20/2_256,PUB_R2,4076,4076,4077,5975055,2521667,PASS,4963,6002,10,20,2,16
XMSSMT-SHA2_20/2_256,PUB_R2,4077,4077,4078,5992963,2528500,PASS,4963,6002,10,20,2,16
XMSSMT-SHA2_20/2_256,PUB_R2,4078,4078,4079,5878037,2617519,PASS,4963,6002,10,20,2,16
XMSSMT-SHA2_20/2_256,PUB_R2,4079,4079,4080,15417574,2651704,PASS,4963,6002,10,20,2,16
XMSSMT-SHA2_20/2_256,PUB_R2,4080,4080,4081,10868519,2433481,PASS,4963,6002,10,20,2,16
XMSSMT-SHA2_20/2_256,PUB_R2,4081,4081,4082,5790981,2725093,PASS,4963,6002,10,20,2,16
XMSSMT-SHA2_20/2_256,PUB_R2,4082,4082,4083,5911630,2587407,PASS,4963,6002,10,20,2,16
XMSSMT-SHA2_20/2_256,PUB_R2,4083,4083,4084,10709833,2585797,PASS,4963,6002,10,20,2,16
XMSSMT-SHA2_20/2_256,PUB_R2,4084,4084,4085,5876055,2619852,PASS,4963,6002,10,20,2,16
XMSSMT-SHA2_20/2_256,PUB_R2,4085,4085,4086,5966815,2554185,PASS,4963,6002,10,20,2,16
XMSSMT-SHA2_20/2_256,PUB_R2,4086,4086,4087,5839815,2666592,PASS,4963,6002,10,20,2,16
XMSSMT-SHA2_20/2_256,PUB_R2,4087,4087,4088,10629870,2649834,PASS,4963,6002,10,20,2,16
XMSSMT-SHA2_20/2_256,PUB_R2,4088,4088,4089,5917407,2588370,PASS,4963,6002,10,20,2,16
XMSSMT-SHA2_20/2_256,PUB_R2,4089,4089,4090,5923815,2589833,PASS,4963,6002,10,20,2,16
XMSSMT-SHA2_20/2_256,PUB_R2,4090,4090,4091,5778629,2742963,PASS,4963,6002,10,20,2,16
XMSSMT-SHA2_20/2_256,PUB_R2,4091,4091,4092,5919314,2586260,PASS,4963,6002,10,20,2,16
XMSSMT-SHA2_20/2_256,PUB_R2,4092,4092,4093,5802185,2713241,PASS,4963,6002,10,20,2,16
XMSSMT-SHA2_20/2_256,PUB_R2,4093,4093,4094,3405796,2710667,PASS,4963,6002,10,20,2,16
XMSSMT-SHA2_20/2_256,PUB_R2,4094,4094,4095,5935204,2588037,PASS,4963,6002,10,20,2,16
XMSSMT-SHA2_20/2_256,PUB_R2,4095,4095,4096,11869686,2615222,PASS,4963,6002,10,20,2,16
