parameter_set,key_rep,signature_index,sk_index_before,sk_index_after,sign_ns,verify_ns,verification_pass,signature_bytes,secret_key_bytes,tree_height,full_height,layers,wots_w
XMSSMT-SHA2_20/2_256,PUB_R3,0,0,1,5922907,2553333,PASS,4963,6002,10,20,2,16
XMSSMT-SHA2_20/2_256,PUB_R3,1,1,2,5850815,2608704,PASS,4963,6002,10,20,2,16
XMSSMT-SHA2_20/2_256,PUB_R3,2,2,3,5996333,2446963,PASS,4963,6002,10,20,2,16
XMSSMT-SHA2_20/2_256,PUB_R3,3,3,4,10628740,2579389,PASS,4963,6002,10,20,2,16
XMSSMT-SHA2_20/2_256,PUB_R3,4,4,5,5776741,2680777,PASS,4963,6002,10,20,2,16
XMSSMT-SHA2_20/2_256,PUB_R3,5,5,6,5939722,2515870,PASS,4963,6002,10,20,2,16
XMSSMT-SHA2_20/2_256,PUB_R3,6,6,7,5959870,2487722,PASS,4963,6002,10,20,2,16
XMSSMT-SHA2_20/2_256,PUB_R3,7,7,8,15630037,2353463,PASS,4963,6002,10,20,2,16
XMSSMT-SHA2_20/2_256,PUB_R3,8,8,9,10640074,2586185,PASS,4963,6002,10,20,2,16
XMSSMT-SHA2_20/2_256,PUB_R3,9,9,10,5797463,2682074,PASS,4963,6002,10,20,2,16
XMSSMT-SHA2_20/2_256,PUB_R3,10,10,11,5975648,2487388,PASS,4963,6002,10,20,2,16
XMSSMT-SHA2_20/2_256,PUB_R3,11,11,12,10531315,2706593,PASS,4963,6002,10,20,2,16
XMSSMT-SHA2_20/2_256,PUB_R3,12,12,13,5896277,2580315,PASS,4963,6002,10,20,2,16
XMSSMT-SHA2_20/2_256,PUB_R3,13,13,14,5952611,2521277,PASS,4963,6002,10,20,2,16
XMSSMT-SHA2_20/2_256,PUB_R3,14,14,15,5867296,2596667,PASS,4963,6002,10,20,2,16
XMSSMT-SHA2_20/2_256,PUB_R3,15,15,16,15477851,2552648,PASS,4963,6002,10,20,2,16
XMSSMT-SHA2_20/2_256,PUB_R3,16,16,17,17829537,2548055,PASS,4963,6002,10,20,2,16
XMSSMT-SHA2_20/2_256,PUB_R3,17,17,18,15593852,2427667,PASS,4963,6002,10,20,2,16
XMSSMT-SHA2_20/2_256,PUB_R3,18,18,19,8267815,2581537,PASS,4963,6002,10,20,2,16
XMSSMT-SHA2_20/2_256,PUB_R3,19,19,20,10733926,2527389,PASS,4963,6002,10,20,2,16
XMSSMT-SHA2_20/2_256,PUB_R3,20,20,21,5835185,2609518,PASS,4963,6002,10,20,2,16
XMSSMT-SHA2_20/2_256,PUB_R3,21,21,22,5786778,2693667,PASS,4963,6002,10,20,2,16
XMSSMT-SHA2_20/2_256,PUB_R3,22,22,23,5757426,2713926,PASS,4963,6002,10,20,2,16
XMSSMT-SHA2_20/2_256,PUB_R3,23,23,24,15502759,2631870,PASS,4963,6002,10,20,2,16
XMSSMT-SHA2_20/2_256,PUB_R3,24,24,25,10699759,2614815,PASS,4963,6002,10,20,2,16
XMSSMT-SHA2_20/2_256,PUB_R3,25,25,26,5793093,2738759,PASS,4963,6002,10,20,2,16
XMSSMT-SHA2_20/2_256,PUB_R3,26,26,27,5911500,2625444,PASS,4963,6002,10,20,2,16
XMSSMT-SHA2_20/2_256,PUB_R3,27,27,28,10715611,2628797,PASS,4963,6002,10,20,2,16
XMSSMT-SHA2_20/2_256,PUB_R3,28,28,29,5987833,2605537,PASS,4963,6002,10,20,2,16
XMSSMT-SHA2_20/2_256,PUB_R3,29,29,30,6069963,2486667,PASS,4963,6002,10,20,2,16
XMSSMT-SHA2_20/2_256,PUB_R3,30,30,31,5919445,2618482,PASS,4963,6002,10,20,2,16
XMSSMT-SHA2_20/2_256,PUB_R3,31,31,32,15670148,2585592,PASS,4963,6002,10,20,2,16
XMSSMT-SHA2_20/2_256,PUB_R3,32,32,33,17927592,2710185,PASS,4963,6002,10,20,2,16
XMSSMT-SHA2_20/2_256,PUB_R3,33,33,34,15536111,2589407,PASS,4963,6002,10,20,2,16
XMSSMT-SHA2_20/2_256,PUB_R3,34,34,35,17990519,2583370,PASS,4963,6002,10,20,2,16
XMSSMT-SHA2_20/2_256,PUB_R3,35,35,36,15643426,2483796,PASS,4963,6002,10,20,2,16
XMSSMT-SHA2_20/2_256,PUB_R3,36,36,37,17797481,2697130,PASS,4963,6002,10,20,2,16
XMSSMT-SHA2_20/2_256,PUB_R3,37,37,38,15607482,2531334,PASS,4963,6002,10,20,2,16
XMSSMT-SHA2_20/2_256,PUB_R3,38,38,39,8356389,2584315,PASS,4963,6002,10,20,2,16
XMSSMT-SHA2_20/2_256,PUB_R3,39,39,40,15580537,2595482,PASS,4963,6002,10,20,2,16
XMSSMT-SHA2_20/2_256,PUB_R3,40,40,41,10565723,2777167,PASS,4963,6002,10,20,2,16
XMSSMT-SHA2_20/2_256,PUB_R3,41,41,42,5908796,2624740,PASS,4963,6002,10,20,2,16
XMSSMT-SHA2_20/2_256,PUB_R3,42,42,43,5917649,2642908,PASS,4963,6002,10,20,2,16
XMSSMT-SHA2_20/2_256,PUB_R3,43,43,44,10698574,2613574,PASS,4963,6002,10,20,2,16
XMSSMT-SHA2_20/2_256,PUB_R3,44,44,45,5980889,2547982,PASS,4963,6002,10,20,2,16
XMSSMT-SHA2_20/2_256,PUB_R3,45,45,46,6111500,2426444,PASS,4963,6002,10,20,2,16
XMSSMT-SHA2_20/2_256,PUB_R3,46,46,47,6018463,2519314,PASS,4963,6002,10,20,2,16
XMSSMT-SHA2_20/2_256,PUB_R3,47,47,48,27808648,6624259,PASS,4963,6002,10,20,2,16
XMSSMT-SHA2_20/2_256,PUB_R3,48,48,49,35871537,2701037,PASS,4963,6002,10,20,2,16
XMSSMT-SHA2_20/2_256,PUB_R3,49,49,50,15456426,2549815,PASS,4963,6002,10,20,2,16
XMSSMT-SHA2_20/2_256,PUB_R3,50,50,51,8258575,2589537,PASS,4963,6002,10,20,2,16
XMSSMT-SHA2_20/2_256,PUB_R3,51,51,52,10674889,2583167,PASS,4963,6002,10,20,2,16
XMSSMT-SHA2_20/2_256,PUB_R3,52,52,53,5865482,2617778,PASS,4963,6002,10,20,2,16
XMSSMT-SHA2_20/2_256,PUB_R3,53,53,54,6059203,2421371,PASS,4963,6002,10,20,2,16
XMSSMT-SHA2_20/2_256,PUB_R3,54,54,55,5769685,2747593,PASS,4963,6002,10,20,2,16
XMSSMT-SHA2_20/2_256,PUB_R3,55,55,56,15406759,2617519,PASS,4963,6002,10,20,2,16
XMSSMT-SHA2_20/2_256,PUB_R3,56,56,57,10756037,2488629,PASS,4963,6002,10,20,2,16
XMSSMT-SHA2_20/2_256,PUB_R3,57,57,58,5760574,2715611,PASS,4963,6002,10,20,2,16
XMSSMT-SHA2_20/2_256,PUB_R3,58,58,59,5874666,2602334,PASS,4963,6002,10,20,2,16
XMSSMT-SHA2_20/2_256,PUB_R3,59,59,60,10864204,2507889,PASS,4963,6002,10,20,2,16
XMSSMT-SHA2_20/2_256,PUB_R3,60,60,61,6030241,2458166,PASS,4963,6002,10,20,2,16
XMSSMT-SHA2_20/2_256,PUB_R3,61,61,62,5947648,2524556,PASS,4963,6002,10,20,2,16
XMSSMT-SHA2_20/2_256,PUB_R3,62,62,63,5967037,2696130,PASS,4963,6002,10,20,2,16
XMSSMT-SHA2_20/2_256,PUB_R3,63,63,64,15877056,2707667,PASS,4963,6002,10,20,2,16
XMSSMT-SHA2_20/2_256,PUB_R3,64,64,65,18361259,2585852,PASS,4963,6002,10,20,2,16
XMSSMT-SHA2_20/2_256,PUB_R3,65,65,66,16076778,2751315,PASS,4963,6002,10,20,2,16
XMSSMT-SHA2_20/2_256,PUB_R3,66,66,67,18732370,2439074,PASS,4963,6002,10,20,2,16
XMSSMT-SHA2_20/2_256,PUB_R3,67,67,68,16136093,2669130,PASS,4963,6002,10,20,2,16
XMSSMT-SHA2_20/2_256,PUB_R3,68,68,69,18261815,2455463,PASS,4963,6002,10,20,2,16
XMSSMT-SHA2_20/2_256,PUB_R3,69,69,70,15569592,2612130,PASS,4963,6002,10,20,2,16
XMSSMT-SHA2_20/2_256,PUB_R3,70,70,71,18070538,2500834,PASS,4963,6002,10,20,2,16
XMSSMT-SHA2_20/2_256,PUB_R3,71,71,72,15265667,2745555,PASS,4963,6002,10,20,2,16
XMSSMT-SHA2_20/2_256,PUB_R3,72,72,73,17658666,2707352,PASS,4963,6002,10,20,2,16
XMSSMT-SHA2_20/2_256,PUB_R3,73,73,74,15270760,2714018,PASS,4963,6002,10,20,2,16
XMSSMT-SHA2_20/2_256,PUB_R3,74,74,75,17740574,2610167,PASS,4963,6002,10,20,2,16
XMSSMT-SHA2_20/2_256,PUB_R3,75,75,76,15490963,2484500,PASS,4963,6002,10,20,2,16
XMSSMT-SHA2_20/2_256,PUB_R3,76,76,77,17852408,2486852,PASS,4963,6002,10,20,2,16
XMSSMT-SHA2_20/2_256,PUB_R3,77,77,78,15208574,2773389,PASS,4963,6002,10,20,2,16
XMSSMT-SHA2_20/2_256,PUB_R3,78,78,79,17690185,2712185,PASS,4963,6002,10,20,2,16
XMSSMT-SHA2_20/2_256,PUB_R3,79,79,80,15540722,2487574,PASS,4963,6002,10,20,2,16
XMSSMT-SHA2_20/2_256,PUB_R3,80,80,81,17761000,2616778,PASS,4963,6002,10,20,2,16
XMSSMT-SHA2_20/2_256,PUB_R3,81,81,82,15439796,2546203,PASS,4963,6002,10,20,2,16
XMSSMT-SHA2_20/2_256,PUB_R3,82,82,83,8321907,2527500,PASS,4963,6002,10,20,2,16
XMSSMT-SHA2_20/2_256,PUB_R3,83,83,84,10708963,2514315,PASS,4963,6002,10,20,2,16
XMSSMT-SHA2_20/2_256,PUB_R3,84,84,85,6019148,2454945,PASS,4963,6002,10,20,2,16
XMSSMT-SHA2_20/2_256,PUB_R3,85,85,86,5874334,2586907,PASS,4963,6002,10,20,2,16
XMSSMT-SHA2_20/2_256,PUB_R3,86,86,87,5756166,2709463,PASS,4963,6002,10,20,2,16
XMSSMT-SHA2_20/2_256,PUB_R3,87,87,88,15518982,2481389,PASS,4963,6002,10,20,2,16
XMSSMT-SHA2_20/2_256,PUB_R3,88,88,89,10745426,2486000,PASS,4963,6002,10,20,2,16
XMSSMT-SHA2_20/2_256,PUB_R3,89,89,90,5905815,2554333,PASS,4963,6002,10,20,2,16
XMSSMT-SHA2_20/2_256,PUB_R3,90,90,91,6008000,2455223,PASS,4963,6002,10,20,2,16
XMSSMT-SHA2_20/2_256,PUB_R3,91,91,92,10704629,2546704,PASS,4963,6002,10,20,2,16
XMSSMT-SHA2_20/2_256,PUB_R3,92,92,93,5874315,2577741,PASS,4963,6002,10,20,2,16
XMSSMT-SHA2_20/2_256,PUB_R3,93,93,94,5954111,2513722,PASS,4963,6002,10,20,2,16
XMSSMT-SHA2_20/2_256,PUB_R3,94,94,95,5736408,2704093,PASS,4963,6002,10,20,2,16
XMSSMT-SHA2_20/2_256,PUB_R3,95,95,96,15452481,2552296,PASS,4963,6002,10,20,2,16
XMSSMT-SHA2_20/2_256,PUB_R3,96,96,97,17908462,2468852,PASS,4963,6002,10,20,2,16
XMSSMT-SHA2_20/2_256,PUB_R3,97,97,98,15316092,2681203,PASS,4963,6002,10,20,2,16
XMSSMT-SHA2_20/2_256,PUB_R3,98,98,99,17803722,2548445,PASS,4963,6002,10,20,2,16
XMSSMT-SHA2_20/2_256,PUB_R3,99,99,100,15298463,2671093,PASS,4963,6002,10,20,2,16
XMSSMT-SHA2_20/2_256,PUB_R3,100,100,101,17797537,2575518,PASS,4963,6002,10,20,2,16
XMSSMT-SHA2_20/2_256,PUB_R3,101,101,102,15399222,2618370,PASS,4963,6002,10,20,2,16
XMSSMT-SHA2_20/2_256,PUB_R3,102,102,103,8305907,2545704,PASS,4963,6002,10,20,2,16
XMSSMT-SHA2_20/2_256,PUB_R3,103,103,104,15287852,2708926,PASS,4963,6002,10,20,2,16
XMSSMT-SHA2_20/2_256,PUB_R3,104,104,105,10657740,2577740,PASS,4963,6002,10,20,2,16
XMSSMT-SHA2_20/2_256,PUB_R3,105,105,106,5878111,2576204,PASS,4963,6002,10,20,2,16
XMSSMT-SHA2_20/2_256,PUB_R3,106,106,107,5938704,2515278,PASS,4963,6002,10,20,2,16
XMSSMT-SHA2_20/2_256,PUB_R3,107,107,108,10734000,2498944,PASS,4963,6002,10,20,2,16
XMSSMT-SHA2_20/2_256,PUB_R3,108,108,109,5897797,2545778,PASS,4963,6002,10,20,2,16
XMSSMT-SHA2_20/2_256,PUB_R3,109,109,110,5966833,2495778,PASS,4963,6002,10,20,2,16
XMSSMT-SHA2_20/2_256,PUB_R3,110,110,111,5836370,2606574,PASS,4963,6002,10,20,2,16
XMSSMT-SHA2_20/2_256,PUB_R3,111,111,112,15466759,2518056,PASS,4963,6002,10,20,2,16
XMSSMT-SHA2_20/2_256,PUB_R3,112,112,113,17691612,2678370,PASS,4963,6002,10,20,2,16
XMSSMT-SHA2_20/2_256,PUB_R3,113,113,114,15421241,2582074,PASS,4963,6002,10,20,2,16
XMSSMT-SHA2_20/2_256,PUB_R3,114,114,115,8134018,2703388,PASS,4963,6002,10,20,2,16
XMSSMT-SHA2_20/2_256,PUB_R3,115,115,116,10552555,2678981,PASS,4963,6002,10,20,2,16
XMSSMT-SHA2_20/2_256,PUB_R3,116,116,117,5865408,2580166,PASS,4963,6002,10,20,2,16
XMSSMT-SHA2_20/2_256,PUB_R3,117,117,118,5952389,2516519,PASS,4963,6002,10,20,2,16
XMSSMT-SHA2_20/2_256,PUB_R3,118,118,119,5759537,2687425,PASS,4963,6002,10,20,2,16
XMSSMT-SHA2_20/2_256,PUB_R3,119,119,120,15473555,2516741,PASS,4963,6002,10,20,2,16
XMSSMT-SHA2_20/2_256,PUB_R3,120,120,121,10635166,2575482,PASS,4963,6002,10,20,2,16
XMSSMT-SHA2_20/2_256,PUB_R3,121,121,122,5787222,2673704,PASS,4963,6002,10,20,2,16
XMSSMT-SHA2_20/2_256,PUB_R3,122,122,123,5832130,2613592,PASS,4963,6002,10,20,2,16
XMSSMT-SHA2_20/2_256,PUB_R3,123,123,124,10658186,2613759,PASS,4963,6002,10,20,2,16
XMSSMT-SHA2_20/2_256,PUB_R3,124,124,125,5837426,2624426,PASS,4963,6002,10,20,2,16
XMSSMT-SHA2_20/2_256,PUB_R3,125,125,126,5910019,2545056,PASS,4963,6002,10,20,2,16
XMSSMT-SHA2_20/2_256,PUB_R3,126,126,127,5906574,2579037,PASS,4963,6002,10,20,2,16
XMSSMT-SHA2_20/2_256,PUB_R3,127,127,128,15323537,2676370,PASS,4963,6002,10,20,2,16
XMSSMT-SHA2_20/2_256,PUB_R3,128,128,129,17801889,2547500,PASS,4963,6002,10,20,2,16
XMSSMT-SHA2_20/2_256,PUB_R3,129,129,130,15272982,2702093,PASS,4963,6002,10,20,2,16
XMSSMT-SHA2_20/2_256,PUB_R3,130,130,131,17836574,2550055,PASS,4963,6002,10,20,2,16
XMSSMT-SHA2_20/2_256,PUB_R3,131,131,132,15417667,2543333,PASS,4963,6002,10,20,2,16
XMSSMT-SHA2_20/2_256,PUB_R3,132,132,133,17742612,2617093,PASS,4963,6002,10,20,2,16
XMSSMT-SHA2_20/2_256,PUB_R3,133,133,134,15373093,2615129,PASS,4963,6002,10,20,2,16
XMSSMT-SHA2_20/2_256,PUB_R3,134,134,135,17884870,2488593,PASS,4963,6002,10,20,2,16
XMSSMT-SHA2_20/2_256,PUB_R3,135,135,136,15364074,2607167,PASS,4963,6002,10,20,2,16
XMSSMT-SHA2_20/2_256,PUB_R3,136,136,137,17833723,2512981,PASS,4963,6002,10,20,2,16
XMSSMT-SHA2_20/2_256,PUB_R3,137,137,138,15406962,2546444,PASS,4963,6002,10,20,2,16
XMSSMT-SHA2_20/2_256,PUB_R3,138,138,139,17738667,2612055,PASS,4963,6002,10,20,2,16
XMSSMT-SHA2_20/2_256,PUB_R3,139,139,140,15411444,2541389,PASS,4963,6002,10,20,2,16
XMSSMT-SHA2_20/2_256,PUB_R3,140,140,141,17810296,2545834,PASS,4963,6002,10,20,2,16
XMSSMT-SHA2_20/2_256,PUB_R3,141,141,142,15541759,2418259,PASS,4963,6002,10,20,2,16
XMSSMT-SHA2_20/2_256,PUB_R3,142,142,143,17612222,2737593,PASS,4963,6002,10,20,2,16
XMSSMT-SHA2_20/2_256,PUB_R3,143,143,144,15306259,2672167,PASS,4963,6002,10,20,2,16
XMSSMT-SHA2_20/2_256,PUB_R3,144,144,145,17599648,2738204,PASS,4963,6002,10,20,2,16
XMSSMT-SHA2_20/2_256,PUB_R3,145,145,146,15286000,2675944,PASS,4963,6002,10,20,2,16
XMSSMT-SHA2_20/2_256,PUB_R3,146,146,147,17931334,2456981,PASS,4963,6002,10,20,2,16
XMSSMT-SHA2_20/2_256,PUB_R3,147,147,148,15490833,2517315,PASS,4963,6002,10,20,2,16
XMSSMT-SHA2_20/2_256,PUB_R3,148,148,149,17866926,2521296,PASS,4963,6002,10,20,2,16
XMSSMT-SHA2_20/2_256,PUB_R3,149,149,150,15469185,2512482,PASS,4963,6002,10,20,2,16
XMSSMT-SHA2_20/2_256,PUB_R3,150,150,151,17852185,2546463,PASS,4963,6002,10,20,2,16
XMSSMT-SHA2_20/2_256,PUB_R3,151,151,152,15396537,2581519,PASS,4963,6002,10,20,2,16
XMSSMT-SHA2_20/2_256,PUB_R3,152,152,153,17860537,2535760,PASS,4963,6002,10,20,2,16
XMSSMT-SHA2_20/2_256,PUB_R3,153,153,154,15440556,2550704,PASS,4963,6002,10,20,2,16
XMSSMT-SHA2_20/2_256,PUB_R3,154,154,155,17783963,2578648,PASS,4963,6002,10,20,2,16
XMSSMT-SHA2_20/2_256,PUB_R3,155,155,156,15398389,2577333,PASS,4963,6002,10,20,2,16
XMSSMT-SHA2_20/2_256,PUB_R3,156,156,157,17863889,2515981,PASS,4963,6002,10,20,2,16
XMSSMT-SHA2_20/2_256,PUB_R3,157,157,158,15422611,2582666,PASS,4963,6002,10,20,2,16
XMSSMT-SHA2_20/2_256,PUB_R3,158,158,159,17885426,2495241,PASS,4963,6002,10,20,2,16
XMSSMT-SHA2_20/2_256,PUB_R3,159,159,160,15445241,2546611,PASS,4963,6002,10,20,2,16
XMSSMT-SHA2_20/2_256,PUB_R3,160,160,161,17858296,2514148,PASS,4963,6002,10,20,2,16
XMSSMT-SHA2_20/2_256,PUB_R3,161,161,162,15508074,2487370,PASS,4963,6002,10,20,2,16
XMSSMT-SHA2_20/2_256,PUB_R3,162,162,163,17860592,2517278,PASS,4963,6002,10,20,2,16
XMSSMT-SHA2_20/2_256,PUB_R3,163,163,164,15542944,2452074,PASS,4963,6002,10,20,2,16
XMSSMT-SHA2_20/2_256,PUB_R3,164,164,165,17742537,2620722,PASS,4963,6002,10,20,2,16
XMSSMT-SHA2_20/2_256,PUB_R3,165,165,166,15374722,2616741,PASS,4963,6002,10,20,2,16
XMSSMT-SHA2_20/2_256,PUB_R3,166,166,167,17788389,2612982,PASS,4963,6002,10,20,2,16
XMSSMT-SHA2_20/2_256,PUB_R3,167,167,168,15221222,2770260,PASS,4963,6002,10,20,2,16
XMSSMT-SHA2_20/2_256,PUB_R3,168,168,169,17752629,2613926,PASS,4963,6002,10,20,2,16
XMSSMT-SHA2_20/2_256,PUB_R3,169,169,170,15500537,2481908,PASS,4963,6002,10,20,2,16
XMSSMT-SHA2_20/2_256,PUB_R3,170,170,171,17870741,2513426,PASS,4963,6002,10,20,2,16
XMSSMT-SHA2_20/2_256,PUB_R3,171,171,172,10549463,2673555,PASS,4963,6002,10,20,2,16
XMSSMT-SHA2_20/2_256,PUB_R3,172,172,173,5745056,2723352,PASS,4963,6002,10,20,2,16
XMSSMT-SHA2_20/2_256,PUB_R3,173,173,174,5869352,2578148,PASS,4963,6002,10,20,2,16
XMSSMT-SHA2_20/2_256,PUB_R3,174,174,175,5959111,2495148,PASS,4963,6002,10,20,2,16
XMSSMT-SHA2_20/2_256,PUB_R3,175,175,176,15409703,2580018,PASS,4963,6002,10,20,2,16
XMSSMT-SHA2_20/2_256,PUB_R3,176,176,177,17743333,2611741,PASS,4963,6002,10,20,2,16
XMSSMT-SHA2_20/2_256,PUB_R3,177,177,178,15556537,2416167,PASS,4963,6002,10,20,2,16
XMSSMT-SHA2_20/2_256,PUB_R3,178,178,179,8328167,2529352,PASS,4963,6002,10,20,2,16
XMSSMT-SHA2_20/2_256,PUB_R3,179,179,180,10758592,2491167,PASS,4963,6002,10,20,2,16
XMSSMT-SHA2_20/2_256,PUB_R3,180,180,181,5798223,2672518,PASS,4963,6002,10,20,2,16
XMSSMT-SHA2_20/2_256,PUB_R3,181,181,182,5932019,2517629,PASS,4963,6002,10,20,2,16
XMSSMT-SHA2_20/2_256,PUB_R3,182,182,183,5956018,2516296,PASS,4963,6002,10,20,2,16
XMSSMT-SHA2_20/2_256,PUB_R3,183,183,184,15483149,2520870,PASS,4963,6002,10,20,2,16
XMSSMT-SHA2_20/2_256,PUB_R3,184,184,185,10714574,2515629,PASS,4963,6002,10,20,2,16
XMSSMT-SHA2_20/2_256,PUB_R3,185,185,186,5989130,2488463,PASS,4963,6002,10,20,2,16
XMSSMT-SHA2_20/2_256,PUB_R3,186,186,187,5974778,2486556,PASS,4963,6002,10,20,2,16
XMSSMT-SHA2_20/2_256,PUB_R3,187,187,188,10639463,2591240,PASS,4963,6002,10,20,2,16
XMSSMT-SHA2_20/2_256,PUB_R3,188,188,189,5766481,2673612,PASS,4963,6002,10,20,2,16
XMSSMT-SHA2_20/2_256,PUB_R3,189,189,190,5839740,2623760,PASS,4963,6002,10,20,2,16
XMSSMT-SHA2_20/2_256,PUB_R3,190,190,191,5839148,2612000,PASS,4963,6002,10,20,2,16
XMSSMT-SHA2_20/2_256,PUB_R3,191,191,192,15425778,2582148,PASS,4963,6002,10,20,2,16
XMSSMT-SHA2_20/2_256,PUB_R3,192,192,193,17751222,2633556,PASS,4963,6002,10,20,2,16
XMSSMT-SHA2_20/2_256,PUB_R3,193,193,194,15324796,2675908,PASS,4963,6002,10,20,2,16
XMSSMT-SHA2_20/2_256,PUB_R3,194,194,195,17814000,2582241,PASS,4963,6002,10,20,2,16
XMSSMT-SHA2_20/2_256,PUB_R3,195,195,196,15471407,2517000,PASS,4963,6002,10,20,2,16
XMSSMT-SHA2_20/2_256,PUB_R3,196,196,197,17760055,2577833,PASS,4963,6002,10,20,2,16
XMSSMT-SHA2_20/2_256,PUB_R3,197,197,198,15397686,2579722,PASS,4963,6002,10,20,2,16
XMSSMT-SHA2_20/2_256,PUB_R3,198,198,199,17831593,2518111,PASS,4963,6002,10,20,2,16
XMSSMT-SHA2_20/2_256,PUB_R3,199,199,200,15226723,2738797,PASS,4963,6002,10,20,2,16
XMSSMT-SHA2_20/2_256,PUB_R3,200,200,201,17772426,2579389,PASS,4963,6002,10,20,2,16
XMSSMT-SHA2_20/2_256,PUB_R3,201,201,202,15457815,2515389,PASS,4963,6002,10,20,2,16
XMSSMT-SHA2_20/2_256,PUB_R3,202,202,203,17832797,2515092,PASS,4963,6002,10,20,2,16
XMSSMT-SHA2_20/2_256,PUB_R3,203,203,204,15473241,2513630,PASS,4963,6002,10,20,2,16
XMSSMT-SHA2_20/2_256,PUB_R3,204,204,205,17809500,2544519,PASS,4963,6002,10,20,2,16
XMSSMT-SHA2_20/2_256,PUB_R3,205,205,206,15301574,2675537,PASS,4963,6002,10,20,2,16
XMSSMT-SHA2_20/2_256,PUB_R3,206,206,207,17786926,2590370,PASS,4963,6002,10,20,2,16
XMSSMT-SHA2_20/2_256,PUB_R3,207,207,208,15570555,2457352,PASS,4963,6002,10,20,2,16
XMSSMT-SHA2_20/2_256,PUB_R3,208,208,209,17775685,2578444,PASS,4963,6002,10,20,2,16
XMSSMT-SHA2_20/2_256,PUB_R3,209,209,210,15504260,2485722,PASS,4963,6002,10,20,2,16
XMSSMT-SHA2_20/2_256,PUB_R3,210,210,211,8288963,2567666,PASS,4963,6002,10,20,2,16
XMSSMT-SHA2_20/2_256,PUB_R3,211,211,212,10602426,2613315,PASS,4963,6002,10,20,2,16
XMSSMT-SHA2_20/2_256,PUB_R3,212,212,213,5948148,2517241,PASS,4963,6002,10,20,2,16
XMSSMT-SHA2_20/2_256,PUB_R3,213,213,214,6065815,2385167,PASS,4963,6002,10,20,2,16
XMSSMT-SHA2_20/2_256,PUB_R3,214,214,215,5865537,2609518,PASS,4963,6002,10,20,2,16
XMSSMT-SHA2_20/2_256,PUB_R3,215,215,216,15308130,2675277,PASS,4963,6002,10,20,2,16
XMSSMT-SHA2_20/2_256,PUB_R3,216,216,217,10607518,2610463,PASS,4963,6002,10,20,2,16
XMSSMT-SHA2_20/2_256,PUB_R3,217,217,218,5899333,2541000,PASS,4963,6002,10,20,2,16
XMSSMT-SHA2_20/2_256,PUB_R3,218,218,219,5883056,2578870,PASS,4963,6002,10,20,2,16
XMSSMT-SHA2_20/2_256,PUB_R3,219,219,220,10665797,2558592,PASS,4963,6002,10,20,2,16
XMSSMT-SHA2_20/2_256,PUB_R3,220,220,221,5838907,2615389,PASS,4963,6002,10,20,2,16
XMSSMT-SHA2_20/2_256,PUB_R3,221,221,222,5968500,2496889,PASS,4963,6002,10,20,2,16
XMSSMT-SHA2_20/2_256,PUB_R3,222,222,223,5744963,2709185,PASS,4963,6002,10,20,2,16
XMSSMT-SHA2_20/2_256,PUB_R3,223,223,224,15374815,2611259,PASS,4963,6002,10,20,2,16
XMSSMT-SHA2_20/2_256,PUB_R3,224,224,225,17880500,2500111,PASS,4963,6002,10,20,2,16
XMSSMT-SHA2_20/2_256,PUB_R3,225,225,226,15492981,2480611,PASS,4963,6002,10,20,2,16
XMSSMT-SHA2_20/2_256,PUB_R3,226,226,227,17761314,2611167,PASS,4963,6002,10,20,2,16
XMSSMT-SHA2_20/2_256,PUB_R3,227,227,228,15369315,2618389,PASS,4963,6002,10,20,2,16
XMSSMT-SHA2_20/2_256,PUB_R3,228,228,229,17870204,2487223,PASS,4963,6002,10,20,2,16
XMSSMT-SHA2_20/2_256,PUB_R3,229,229,230,15378944,2607260,PASS,4963,6002,10,20,2,16
XMSSMT-SHA2_20/2_256,PUB_R3,230,230,231,8139334,2707925,PASS,4963,6002,10,20,2,16
XMSSMT-SHA2_20/2_256,PUB_R3,231,231,232,15435815,2549481,PASS,4963,6002,10,20,2,16
XMSSMT-SHA2_20/2_256,PUB_R3,232,232,233,10686704,2525259,PASS,4963,6002,10,20,2,16
XMSSMT-SHA2_20/2_256,PUB_R3,233,233,234,5870519,2575796,PASS,4963,6002,10,20,2,16
XMSSMT-SHA2_20/2_256,PUB_R3,234,234,235,5737555,2716019,PASS,4963,6002,10,20,2,16
XMSSMT-SHA2_20/2_256,PUB_R3,235,235,236,10624593,2582019,PASS,4963,6002,10,20,2,16
XMSSMT-SHA2_20/2_256,PUB_R3,236,236,237,5977167,2482185,PASS,4963,6002,10,20,2,16
XMSSMT-SHA2_20/2_256,PUB_R3,237,237,238,5996129,2463778,PASS,4963,6002,10,20,2,16
XMSSMT-SHA2_20/2_256,PUB_R3,238,238,239,6000074,2449537,PASS,4963,6002,10,20,2,16
XMSSMT-SHA2_20/2_256,PUB_R3,239,239,240,15503093,2480759,PASS,4963,6002,10,20,2,16
XMSSMT-SHA2_20/2_256,PUB_R3,240,240,241,17862019,2516129,PASS,4963,6002,10,20,2,16
XMSSMT-SHA2_20/2_256,PUB_R3,241,241,242,15286482,2711149,PASS,4963,6002,10,20,2,16
XMSSMT-SHA2_20/2_256,PUB_R3,242,242,243,8267777,2579148,PASS,4963,6002,10,20,2,16
XMSSMT-SHA2_20/2_256,PUB_R3,243,243,244,10522666,2710500,PASS,4963,6002,10,20,2,16
XMSSMT-SHA2_20/2_256,PUB_R3,244,244,245,5967611,2484333,PASS,4963,6002,10,20,2,16
XMSSMT-SHA2_20/2_256,PUB_R3,245,245,246,5754056,2708445,PASS,4963,6002,10,20,2,16
XMSSMT-SHA2_20/2_256,PUB_R3,246,246,247,5996000,2453019,PASS,4963,6002,10,20,2,16
XMSSMT-SHA2_20/2_256,PUB_R3,247,247,248,15393722,2592037,PASS,4963,6002,10,20,2,16
XMSSMT-SHA2_20/2_256,PUB_R3,248,248,249,10606315,2612463,PASS,4963,6002,10,20,2,16
XMSSMT-SHA2_20/2_256,PUB_R3,249,249,250,5986945,2481907,PASS,4963,6002,10,20,2,16
XMSSMT-SHA2_20/2_256,PUB_R3,250,250,251,5899648,2543037,PASS,4963,6002,10,20,2,16
XMSSMT-SHA2_20/2_256,PUB_R3,251,251,252,10782981,2452093,PASS,4963,6002,10,20,2,16
XMSSMT-SHA2_20/2_256,PUB_R3,252,252,253,5831778,2667537,PASS,4963,6002,10,20,2,16
XMSSMT-SHA2_20/2_256,PUB_R3,253,253,254,5845482,2610740,PASS,4963,6002,10,20,2,16
XMSSMT-SHA2_20/2_256,PUB_R3,254,254,255,5900204,2563926,PASS,4963,6002,10,20,2,16
XMSSMT-SHA2_20/2_256,PUB_R3,255,255,256,15597463,2421259,PASS,4963,6002,10,20,2,16
XMSSMT-SHA2_20/2_256,PUB_R3,256,256,257,17849907,2519019,PASS,4963,6002,10,20,2,16
XMSSMT-SHA2_20/2_256,PUB_R3,257,257,258,15389074,2609315,PASS,4963,6002,10,20,2,16
XMSSMT-SHA2_20/2_256,PUB_R3,258,258,259,17985741,2384722,PASS,4963,6002,10,20,2,16
XMSSMT-SHA2_20/2_256,PUB_R3,259,259,260,15365018,2611000,PASS,4963,6002,10,20,2,16
XMSSMT-SHA2_20/2_256,PUB_R3,260,260,261,17890074,2498963,PASS,4963,6002,10,20,2,16
XMSSMT-SHA2_20/2_256,PUB_R3,261,261,262,15438222,2552352,PASS,4963,6002,10,20,2,16
XMSSMT-SHA2_20/2_256,PUB_R3,262,262,263,17838870,2546241,PASS,4963,6002,10,20,2,16
XMSSMT-SHA2_20/2_256,PUB_R3,263,263,264,15452575,2551722,PASS,4963,6002,10,20,2,16
XMSSMT-SHA2_20/2_256,PUB_R3,264,264,265,17754722,2615241,PASS,4963,6002,10,20,2,16
XMSSMT-SHA2_20/2_256,PUB_R3,265,265,266,15480796,2480685,PASS,4963,6002,10,20,2,16
XMSSMT-SHA2_20/2_256,PUB_R3,266,266,267,17812093,2549463,PASS,4963,6002,10,20,2,16
XMSSMT-SHA2_20/2_256,PUB_R3,267,267,268,15339944,2610426,PASS,4963,6002,10,20,2,16
XMSSMT-SHA2_20/2_256,PUB_R3,268,268,269,17733945,2612815,PASS,4963,6002,10,20,2,16
XMSSMT-SHA2_20/2_256,PUB_R3,269,269,270,15407685,2548685,PASS,4963,6002,10,20,2,16
XMSSMT-SHA2_20/2_256,PUB_R3,270,270,271,17731074,2608944,PASS,4963,6002,10,20,2,16
XMSSMT-SHA2_20/2_256,PUB_R3,271,271,272,15417463,2546240,PASS,4963,6002,10,20,2,16
XMSSMT-SHA2_20/2_256,PUB_R3,272,272,273,17646759,2708167,PASS,4963,6002,10,20,2,16
XMSSMT-SHA2_20/2_256,PUB_R3,273,273,274,15449334,2515703,PASS,4963,6002,10,20,2,16
XMSSMT-SHA2_20/2_256,PUB_R3,274,274,275,17746982,2623444,PASS,4963,6002,10,20,2,16
XMSSMT-SHA2_20/2_256,PUB_R3,275,275,276,15199426,2802963,PASS,4963,6002,10,20,2,16
XMSSMT-SHA2_20/2_256,PUB_R3,276,276,277,17839333,2547574,PASS,4963,6002,10,20,2,16
XMSSMT-SHA2_20/2_256,PUB_R3,277,277,278,15441685,2550019,PASS,4963,6002,10,20,2,16
XMSSMT-SHA2_20/2_256,PUB_R3,278,278,279,17829074,2552148,PASS,4963,6002,10,20,2,16
XMSSMT-SHA2_20/2_256,PUB_R3,279,279,280,15398148,2578129,PASS,4963,6002,10,20,2,16
XMSSMT-SHA2_20/2_256,PUB_R3,280,280,281,17800444,2559370,PASS,4963,6002,10,20,2,16
XMSSMT-SHA2_20/2_256,PUB_R3,281,281,282,15227685,2746834,PASS,4963,6002,10,20,2,16
XMSSMT-SHA2_20/2_256,PUB_R3,282,282,283,17604482,2767593,PASS,4963,6002,10,20,2,16
XMSSMT-SHA2_20/2_256,PUB_R3,283,283,284,15352370,2608407,PASS,4963,6002,10,20,2,16
XMSSMT-SHA2_20/2_256,PUB_R3,284,284,285,17812111,2548889,PASS,4963,6002,10,20,2,16
XMSSMT-SHA2_20/2_256,PUB_R3,285,285,286,15465148,2509611,PASS,4963,6002,10,20,2,16
XMSSMT-SHA2_20/2_256,PUB_R3,286,286,287,17865963,2520852,PASS,4963,6002,10,20,2,16
XMSSMT-SHA2_20/2_256,PUB_R3,287,287,288,15380908,2619519,PASS,4963,6002,10,20,2,16
XMSSMT-SHA2_20/2_256,PUB_R3,288,288,289,17894481,2498315,PASS,4963,6002,10,20,2,16
XMSSMT-SHA2_20/2_256,PUB_R3,289,289,290,15429963,2549426,PASS,4963,6002,10,20,2,16
XMSSMT-SHA2_20/2_256,PUB_R3,290,290,291,17861186,2521482,PASS,4963,6002,10,20,2,16
XMSSMT-SHA2_20/2_256,PUB_R3,291,291,292,15363630,2612463,PASS,4963,6002,10,20,2,16
XMSSMT-SHA2_20/2_256,PUB_R3,292,292,293,17683741,2672593,PASS,4963,6002,10,20,2,16
XMSSMT-SHA2_20/2_256,PUB_R3,293,293,294,15449870,2517018,PASS,4963,6002,10,20,2,16
XMSSMT-SHA2_20/2_256,PUB_R3,294,294,295,17694666,2687462,PASS,4963,6002,10,20,2,16
XMSSMT-SHA2_20/2_256,PUB_R3,295,295,296,15405778,2577519,PASS,4963,6002,10,20,2,16
XMSSMT-SHA2_20/2_256,PUB_R3,296,296,297,17687889,2672482,PASS,4963,6002,10,20,2,16
XMSSMT-SHA2_20/2_256,PUB_R3,297,297,298,15492944,2482259,PASS,4963,6002,10,20,2,16
XMSSMT-SHA2_20/2_256,PUB_R3,298,298,299,17718185,2680241,PASS,4963,6002,10,20,2,16
XMSSMT-SHA2_20/2_256,PUB_R3,299,299,300,15436426,2548296,PASS,4963,6002,10,20,2,16
XMSSMT-SHA2_20/2_256,PUB_R3,300,300,301,17877500,2496389,PASS,4963,6002,10,20,2,16
XMSSMT-SHA2_20/2_256,PUB_R3,301,301,302,15498056,2483148,PASS,4963,6002,10,20,2,16
XMSSMT-SHA2_20/2_256,PUB_R3,302,302,303,17780593,2577018,PASS,4963,6002,10,20,2,16
XMSSMT-SHA2_20/2_256,PUB_R3,303,303,304,15536722,2455538,PASS,4963,6002,10,20,2,16
XMSSMT-SHA2_20/2_256,PUB_R3,304,304,305,17766981,2579648,PASS,4963,6002,10,20,2,16
XMSSMT-SHA2_20/2_256,PUB_R3,305,305,306,15474648,2544963,PASS,4963,6002,10,20,2,16
XMSSMT-SHA2_20/2_256,PUB_R3,306,306,307,17690500,2679222,PASS,4963,6002,10,20,2,16
XMSSMT-SHA2_20/2_256,PUB_R3,307,307,308,15571463,2432834,PASS,4963,6002,10,20,2,16
XMSSMT-SHA2_20/2_256,PUB_R3,308,308,309,17682296,2680574,PASS,4963,6002,10,20,2,16
XMSSMT-SHA2_20/2_256,PUB_R3,309,309,310,15263018,2704870,PASS,4963,6002,10,20,2,16
XMSSMT-SHA2_20/2_256,PUB_R3,310,310,311,17805018,2580092,PASS,4963,6002,10,20,2,16
XMSSMT-SHA2_20/2_256,PUB_R3,311,311,312,15290852,2710907,PASS,4963,6002,10,20,2,16
XMSSMT-SHA2_20/2_256,PUB_R3,312,312,313,17820574,2546611,PASS,4963,6002,10,20,2,16
XMSSMT-SHA2_20/2_256,PUB_R3,313,313,314,15457370,2558444,PASS,4963,6002,10,20,2,16
XMSSMT-SHA2_20/2_256,PUB_R3,314,314,315,17767611,2621129,PASS,4963,6002,10,20,2,16
XMSSMT-SHA2_20/2_256,PUB_R3,315,315,316,15441278,2547963,PASS,4963,6002,10,20,2,16
XMSSMT-SHA2_20/2_256,PUB_R3,316,316,317,17581759,2771889,PASS,4963,6002,10,20,2,16
XMSSMT-SHA2_20/2_256,PUB_R3,317,317,318,15235685,2738593,PASS,4963,6002,10,20,2,16
XMSSMT-SHA2_20/2_256,PUB_R3,318,318,319,17698278,2675944,PASS,4963,6002,10,20,2,16
XMSSMT-SHA2_20/2_256,PUB_R3,319,319,320,15474981,2512963,PASS,4963,6002,10,20,2,16
XMSSMT-SHA2_20/2_256,PUB_R3,320,320,321,17850074,2519240,PASS,4963,6002,10,20,2,16
XMSSMT-SHA2_20/2_256,PUB_R3,321,321,322,15390944,2582018,PASS,4963,6002,10,20,2,16
XMSSMT-SHA2_20/2_256,PUB_R3,322,322,323,17739278,2608500,PASS,4963,6002,10,20,2,16
XMSSMT-SHA2_20/2_256,PUB_R3,323,323,324,15423444,2547537,PASS,4963,6002,10,20,2,16
XMSSMT-SHA2_20/2_256,PUB_R3,324,324,325,17862500,2484426,PASS,4963,6002,10,20,2,16
XMSSMT-SHA2_20/2_256,PUB_R3,325,325,326,15497389,2484648,PASS,4963,6002,10,20,2,16
XMSSMT-SHA2_20/2_256,PUB_R3,326,326,327,17757611,2610593,PASS,4963,6002,10,20,2,16
XMSSMT-SHA2_20/2_256,PUB_R3,327,327,328,15403129,2626408,PASS,4963,6002,10,20,2,16
XMSSMT-SHA2_20/2_256,PUB_R3,328,328,329,17814519,2558926,PASS,4963,6002,10,20,2,16
XMSSMT-SHA2_20/2_256,PUB_R3,329,329,330,15493575,2517833,PASS,4963,6002,10,20,2,16
XMSSMT-SHA2_20/2_256,PUB_R3,330,330,331,17636445,2741186,PASS,4963,6002,10,20,2,16
XMSSMT-SHA2_20/2_256,PUB_R3,331,331,332,15472408,2519648,PASS,4963,6002,10,20,2,16
XMSSMT-SHA2_20/2_256,PUB_R3,332,332,333,17770574,2618148,PASS,4963,6002,10,20,2,16
XMSSMT-SHA2_20/2_256,PUB_R3,333,333,334,15439408,2560167,PASS,4963,6002,10,20,2,16
XMSSMT-SHA2_20/2_256,PUB_R3,334,334,335,17869370,2523759,PASS,4963,6002,10,20,2,16
XMSSMT-SHA2_20/2_256,PUB_R3,335,335,336,15500852,2512704,PASS,4963,6002,10,20,2,16
XMSSMT-SHA2_20/2_256,PUB_R3,336,336,337,17759463,2610222,PASS,4963,6002,10,20,2,16
XMSSMT-SHA2_20/2_256,PUB_R3,337,337,338,15515981,2487333,PASS,4963,6002,10,20,2,16
XMSSMT-SHA2_20/2_256,PUB_R3,338,338,339,17855000,2519685,PASS,4963,6002,10,20,2,16
XMSSMT-SHA2_20/2_256,PUB_R3,339,339,340,15445537,2550519,PASS,4963,6002,10,20,2,16
XMSSMT-SHA2_20/2_256,PUB_R3,340,340,341,17755889,2617666,PASS,4963,6002,10,20,2,16
XMSSMT-SHA2_20/2_256,PUB_R3,341,341,342,15432740,2557630,PASS,4963,6002,10,20,2,16
XMSSMT-SHA2_20/2_256,PUB_R3,342,342,343,17914241,2483648,PASS,4963,6002,10,20,2,16
XMSSMT-SHA2_20/2_256,PUB_R3,343,343,344,15446278,2551556,PASS,4963,6002,10,20,2,16
XMSSMT-SHA2_20/2_256,PUB_R3,344,344,345,17891574,2489111,PASS,4963,6002,10,20,2,16
XMSSMT-SHA2_20/2_256,PUB_R3,345,345,346,15318445,2674463,PASS,4963,6002,10,20,2,16
XMSSMT-SHA2_20/2_256,PUB_R3,346,346,347,17639945,2743259,PASS,4963,6002,10,20,2,16
XMSSMT-SHA2_20/2_256,PUB_R3,347,347,348,15295463,2720556,PASS,4963,6002,10,20,2,16
XMSSMT-SHA2_20/2_256,PUB_R3,348,348,349,17760834,2615871,PASS,4963,6002,10,20,2,16
XMSSMT-SHA2_20/2_256,PUB_R3,349,349,350,15488056,2514333,PASS,4963,6002,10,20,2,16
XMSSMT-SHA2_20/2_256,PUB_R3,350,350,351,17868408,2517759,PASS,4963,6002,10,20,2,16
XMSSMT-SHA2_20/2_256,PUB_R3,351,351,352,15294426,2711722,PASS,4963,6002,10,20,2,16
XMSSMT-SHA2_20/2_256,PUB_R3,352,352,353,17753093,2619611,PASS,4963,6002,10,20,2,16
XMSSMT-SHA2_20/2_256,PUB_R3,353,353,354,15421074,2596037,PASS,4963,6002,10,20,2,16
XMSSMT-SHA2_20/2_256,PUB_R3,354,354,355,17808537,2584926,PASS,4963,6002,10,20,2,16
XMSSMT-SHA2_20/2_256,PUB_R3,355,355,356,15455981,2547204,PASS,4963,6002,10,20,2,16
XMSSMT-SHA2_20/2_256,PUB_R3,356,356,357,17940056,2420704,PASS,4963,6002,10,20,2,16
XMSSMT-SHA2_20/2_256,PUB_R3,357,357,358,15526426,2518482,PASS,4963,6002,10,20,2,16
XMSSMT-SHA2_20/2_256,PUB_R3,358,358,359,17713537,2675815,PASS,4963,6002,10,20,2,16
XMSSMT-SHA2_20/2_256,PUB_R3,359,359,360,15446426,2552963,PASS,4963,6002,10,20,2,16
XMSSMT-SHA2_20/2_256,PUB_R3,360,360,361,17886074,2487852,PASS,4963,6002,10,20,2,16
XMSSMT-SHA2_20/2_256,PUB_R3,361,361,362,15378260,2621371,PASS,4963,6002,10,20,2,16
XMSSMT-SHA2_20/2_256,PUB_R3,362,362,363,17916723,2484426,PASS,4963,6002,10,20,2,16
XMSSMT-SHA2_20/2_256,PUB_R3,363,363,364,10744074,2482777,PASS,4963,6002,10,20,2,16
XMSSMT-SHA2_20/2_256,PUB_R3,364,364,365,5747574,2722908,PASS,4963,6002,10,20,2,16
XMSSMT-SHA2_20/2_256,PUB_R3,365,365,366,5921556,2550870,PASS,4963,6002,10,20,2,16
XMSSMT-SHA2_20/2_256,PUB_R3,366,366,367,5769445,2674907,PASS,4963,6002,10,20,2,16
XMSSMT-SHA2_20/2_256,PUB_R3,367,367,368,15326907,2675926,PASS,4963,6002,10,20,2,16
XMSSMT-SHA2_20/2_256,PUB_R3,368,368,369,17893760,2485870,PASS,4963,6002,10,20,2,16
XMSSMT-SHA2_20/2_256,PUB_R3,369,369,370,15379630,2620315,PASS,4963,6002,10,20,2,16
XMSSMT-SHA2_20/2_256,PUB_R3,370,370,371,8166000,2681722,PASS,4963,6002,10,20,2,16
XMSSMT-SHA2_20/2_256,PUB_R3,371,371,372,10701037,2516981,PASS,4963,6002,10,20,2,16
XMSSMT-SHA2_20/2_256,PUB_R3,372,372,373,5960297,2484129,PASS,4963,6002,10,20,2,16
XMSSMT-SHA2_20/2_256,PUB_R3,373,373,374,5875796,2582815,PASS,4963,6002,10,20,2,16
XMSSMT-SHA2_20/2_256,PUB_R3,374,374,375,5839852,2610944,PASS,4963,6002,10,20,2,16
XMSSMT-SHA2_20/2_256,PUB_R3,375,375,376,15442556,2549519,PASS,4963,6002,10,20,2,16
XMSSMT-SHA2_20/2_256,PUB_R3,376,376,377,10800351,2421074,PASS,4963,6002,10,20,2,16
XMSSMT-SHA2_20/2_256,PUB_R3,377,377,378,5781556,2675259,PASS,4963,6002,10,20,2,16
XMSSMT-SHA2_20/2_256,PUB_R3,378,378,379,5898648,2545426,PASS,4963,6002,10,20,2,16
XMSSMT-SHA2_20/2_256,PUB_R3,379,379,380,10703703,2517241,PASS,4963,6002,10,20,2,16
XMSSMT-SHA2_20/2_256,PUB_R3,380,380,381,5927574,2517111,PASS,4963,6002,10,20,2,16
XMSSMT-SHA2_20/2_256,PUB_R3,381,381,382,5774815,2676130,PASS,4963,6002,10,20,2,16
XMSSMT-SHA2_20/2_256,PUB_R3,382,382,383,5862111,2580056,PASS,4963,6002,10,20,2,16
XMSSMT-SHA2_20/2_256,PUB_R3,383,383,384,15566463,2417981,PASS,4963,6002,10,20,2,16
XMSSMT-SHA2_20/2_256,PUB_R3,384,384,385,17606667,2739352,PASS,4963,6002,10,20,2,16
XMSSMT-SHA2_20/2_256,PUB_R3,385,385,386,15471555,2517630,PASS,4963,6002,10,20,2,16
XMSSMT-SHA2_20/2_256,PUB_R3,386,386,387,17792111,2576111,PASS,4963,6002,10,20,2,16
XMSSMT-SHA2_20/2_256,PUB_R3,387,387,388,15469685,2568796,PASS,4963,6002,10,20,2,16
XMSSMT-SHA2_20/2_256,PUB_R3,388,388,389,17868537,2536111,PASS,4963,6002,10,20,2,16
XMSSMT-SHA2_20/2_256,PUB_R3,389,389,390,15396907,2611981,PASS,4963,6002,10,20,2,16
XMSSMT-SHA2_20/2_256,PUB_R3,390,390,391,17882038,2519407,PASS,4963,6002,10,20,2,16
XMSSMT-SHA2_20/2_256,PUB_R3,391,391,392,15569851,2458723,PASS,4963,6002,10,20,2,16
XMSSMT-SHA2_20/2_256,PUB_R3,392,392,393,17874000,2519056,PASS,4963,6002,10,20,2,16
XMSSMT-SHA2_20/2_256,PUB_R3,393,393,394,15297278,2722963,PASS,4963,6002,10,20,2,16
XMSSMT-SHA2_20/2_256,PUB_R3,394,394,395,17807259,2586981,PASS,4963,6002,10,20,2,16
XMSSMT-SHA2_20/2_256,PUB_R3,395,395,396,15386445,2623852,PASS,4963,6002,10,20,2,16
XMSSMT-SHA2_20/2_256,PUB_R3,396,396,397,17793222,2579852,PASS,4963,6002,10,20,2,16
XMSSMT-SHA2_20/2_256,PUB_R3,397,397,398,15516463,2487167,PASS,4963,6002,10,20,2,16
XMSSMT-SHA2_20/2_256,PUB_R3,398,398,399,17876982,2518963,PASS,4963,6002,10,20,2,16
XMSSMT-SHA2_20/2_256,PUB_R3,399,399,400,15262241,2739445,PASS,4963,6002,10,20,2,16
XMSSMT-SHA2_20/2_256,PUB_R3,400,400,401,17930593,2455833,PASS,4963,6002,10,20,2,16
XMSSMT-SHA2_20/2_256,PUB_R3,401,401,402,15408908,2596241,PASS,4963,6002,10,20,2,16
XMSSMT-SHA2_20/2_256,PUB_R3,402,402,403,17865945,2552945,PASS,4963,6002,10,20,2,16
XMSSMT-SHA2_20/2_256,PUB_R3,403,403,404,15378815,2608963,PASS,4963,6002,10,20,2,16
XMSSMT-SHA2_20/2_256,PUB_R3,404,404,405,17772148,2578981,PASS,4963,6002,10,20,2,16
XMSSMT-SHA2_20/2_256,PUB_R3,405,405,406,15512537,2483296,PASS,4963,6002,10,20,2,16
XMSSMT-SHA2_20/2_256,PUB_R3,406,406,407,17782722,2577759,PASS,4963,6002,10,20,2,16
XMSSMT-SHA2_20/2_256,PUB_R3,407,407,408,15412741,2590852,PASS,4963,6002,10,20,2,16
XMSSMT-SHA2_20/2_256,PUB_R3,408,408,409,17683759,2675167,PASS,4963,6002,10,20,2,16
XMSSMT-SHA2_20/2_256,PUB_R3,409,409,410,15322241,2675444,PASS,4963,6002,10,20,2,16
XMSSMT-SHA2_20/2_256,PUB_R3,410,410,411,17788129,2576389,PASS,4963,6002,10,20,2,16
XMSSMT-SHA2_20/2_256,PUB_R3,411,411,412,15439241,2549334,PASS,4963,6002,10,20,2,16
XMSSMT-SHA2_20/2_256,PUB_R3,412,412,413,17804407,2552129,PASS,4963,6002,10,20,2,16
XMSSMT-SHA2_20/2_256,PUB_R3,413,413,414,15510796,2496740,PASS,4963,6002,10,20,2,16
XMSSMT-SHA2_20/2_256,PUB_R3,414,414,415,17924537,2454648,PASS,4963,6002,10,20,2,16
XMSSMT-SHA2_20/2_256,PUB_R3,415,415,416,15410408,2580500,PASS,4963,6002,10,20,2,16
XMSSMT-SHA2_20/2_256,PUB_R3,416,416,417,17952351,2383612,PASS,4963,6002,10,20,2,16
XMSSMT-SHA2_20/2_256,PUB_R3,417,417,418,15421500,2578629,PASS,4963,6002,10,20,2,16
XMSSMT-SHA2_20/2_256,PUB_R3,418,418,419,17815204,2546704,PASS,4963,6002,10,20,2,16
XMSSMT-SHA2_20/2_256,PUB_R3,419,419,420,15477444,2516426,PASS,4963,6002,10,20,2,16
XMSSMT-SHA2_20/2_256,PUB_R3,420,420,421,17706630,2676593,PASS,4963,6002,10,20,2,16
XMSSMT-SHA2_20/2_256,PUB_R3,421,421,422,15446648,2557704,PASS,4963,6002,10,20,2,16
XMSSMT-SHA2_20/2_256,PUB_R3,422,422,423,17878648,2484685,PASS,4963,6002,10,20,2,16
XMSSMT-SHA2_20/2_256,PUB_R3,423,423,424,15440871,2545185,PASS,4963,6002,10,20,2,16
XMSSMT-SHA2_20/2_256,PUB_R3,424,424,425,17841149,2516111,PASS,4963,6002,10,20,2,16
XMSSMT-SHA2_20/2_256,PUB_R3,425,425,426,15388463,2613555,PASS,4963,6002,10,20,2,16
XMSSMT-SHA2_20/2_256,PUB_R3,426,426,427,17535518,2843797,PASS,4963,6002,10,20,2,16
XMSSMT-SHA2_20/2_256,PUB_R3,427,427,428,10688000,2546722,PASS,4963,6002,10,20,2,16
XMSSMT-SHA2_20/2_256,PUB_R3,428,428,429,6011481,2455888,PASS,4963,6002,10,20,2,16
XMSSMT-SHA2_20/2_256,PUB_R3,429,429,430,5965796,2482611,PASS,4963,6002,10,20,2,16
XMSSMT-SHA2_20/2_256,PUB_R3,430,430,431,5762222,2676111,PASS,4963,6002,10,20,2,16
XMSSMT-SHA2_20/2_256,PUB_R3,431,431,432,15497111,2483555,PASS,4963,6002,10,20,2,16
XMSSMT-SHA2_20/2_256,PUB_R3,432,432,433,17857056,2518667,PASS,4963,6002,10,20,2,16
XMSSMT-SHA2_20/2_256,PUB_R3,433,433,434,15361630,2610555,PASS,4963,6002,10,20,2,16
XMSSMT-SHA2_20/2_256,PUB_R3,434,434,435,8282426,2547667,PASS,4963,6002,10,20,2,16
XMSSMT-SHA2_20/2_256,PUB_R3,435,435,436,10763667,2454296,PASS,4963,6002,10,20,2,16
XMSSMT-SHA2_20/2_256,PUB_R3,436,436,437,5838241,2614592,PASS,4963,6002,10,20,2,16
XMSSMT-SHA2_20/2_256,PUB_R3,437,437,438,5969223,2482815,PASS,4963,6002,10,20,2,16
XMSSMT-SHA2_20/2_256,PUB_R3,438,438,439,5772111,2673611,PASS,4963,6002,10,20,2,16
XMSSMT-SHA2_20/2_256,PUB_R3,439,439,440,15438019,2548963,PASS,4963,6002,10,20,2,16
XMSSMT-SHA2_20/2_256,PUB_R3,440,440,441,10606741,2615704,PASS,4963,6002,10,20,2,16
XMSSMT-SHA2_20/2_256,PUB_R3,441,441,442,5876574,2578629,PASS,4963,6002,10,20,2,16
XMSSMT-SHA2_20/2_256,PUB_R3,442,442,443,5908278,2547148,PASS,4963,6002,10,20,2,16
XMSSMT-SHA2_20/2_256,PUB_R3,443,443,444,10675092,2552445,PASS,4963,6002,10,20,2,16
XMSSMT-SHA2_20/2_256,PUB_R3,444,444,445,5859407,2580852,PASS,4963,6002,10,20,2,16
XMSSMT-SHA2_20/2_256,PUB_R3,445,445,446,5874870,2585444,PASS,4963,6002,10,20,2,16
XMSSMT-SHA2_20/2_256,PUB_R3,446,446,447,5872093,2585759,PASS,4963,6002,10,20,2,16
XMSSMT-SHA2_20/2_256,PUB_R3,447,447,448,15437370,2583185,PASS,4963,6002,10,20,2,16
XMSSMT-SHA2_20/2_256,PUB_R3,448,448,449,17805111,2607148,PASS,4963,6002,10,20,2,16
XMSSMT-SHA2_20/2_256,PUB_R3,449,449,450,15453908,2565815,PASS,4963,6002,10,20,2,16
XMSSMT-SHA2_20/2_256,PUB_R3,450,450,451,17803666,2578722,PASS,4963,6002,10,20,2,16
XMSSMT-SHA2_20/2_256,PUB_R3,451,451,452,15553426,2454834,PASS,4963,6002,10,20,2,16
XMSSMT-SHA2_20/2_256,PUB_R3,452,452,453,17634166,2744111,PASS,4963,6002,10,20,2,16
XMSSMT-SHA2_20/2_256,PUB_R3,453,453,454,15482296,2516500,PASS,4963,6002,10,20,2,16
XMSSMT-SHA2_20/2_256,PUB_R3,454,454,455,17835797,2550130,PASS,4963,6002,10,20,2,16
XMSSMT-SHA2_20/2_256,PUB_R3,455,455,456,15480518,2525648,PASS,4963,6002,10,20,2,16
XMSSMT-SHA2_20/2_256,PUB_R3,456,456,457,17762834,2614241,PASS,4963,6002,10,20,2,16
XMSSMT-SHA2_20/2_256,PUB_R3,457,457,458,15334704,2677574,PASS,4963,6002,10,20,2,16
XMSSMT-SHA2_20/2_256,PUB_R3,458,458,459,17720519,2676759,PASS,4963,6002,10,20,2,16
XMSSMT-SHA2_20/2_256,PUB_R3,459,459,460,15407351,2580963,PASS,4963,6002,10,20,2,16
XMSSMT-SHA2_20/2_256,PUB_R3,460,460,461,17860278,2516204,PASS,4963,6002,10,20,2,16
XMSSMT-SHA2_20/2_256,PUB_R3,461,461,462,15324407,2697037,PASS,4963,6002,10,20,2,16
XMSSMT-SHA2_20/2_256,PUB_R3,462,462,463,17803260,2583278,PASS,4963,6002,10,20,2,16
XMSSMT-SHA2_20/2_256,PUB_R3,463,463,464,15426759,2579778,PASS,4963,6002,10,20,2,16
XMSSMT-SHA2_20/2_256,PUB_R3,464,464,465,17686889,2675722,PASS,4963,6002,10,20,2,16
XMSSMT-SHA2_20/2_256,PUB_R3,465,465,466,15389222,2613870,PASS,4963,6002,10,20,2,16
XMSSMT-SHA2_20/2_256,PUB_R3,466,466,467,8262277,2582981,PASS,4963,6002,10,20,2,16
XMSSMT-SHA2_20/2_256,PUB_R3,467,467,468,10722666,2497685,PASS,4963,6002,10,20,2,16
XMSSMT-SHA2_20/2_256,PUB_R3,468,468,469,5904686,2546297,PASS,4963,6002,10,20,2,16
XMSSMT-SHA2_20/2_256,PUB_R3,469,469,470,5877925,2599259,PASS,4963,6002,10,20,2,16
XMSSMT-SHA2_20/2_256,PUB_R3,470,470,471,5934667,2512648,PASS,4963,6002,10,20,2,16
XMSSMT-SHA2_20/2_256,PUB_R3,471,471,472,15482426,2521407,PASS,4963,6002,10,20,2,16
XMSSMT-SHA2_20/2_256,PUB_R3,472,472,473,10674834,2550000,PASS,4963,6002,10,20,2,16
XMSSMT-SHA2_20/2_256,PUB_R3,473,473,474,5793167,2678482,PASS,4963,6002,10,20,2,16
XMSSMT-SHA2_20/2_256,PUB_R3,474,474,475,5972592,2481352,PASS,4963,6002,10,20,2,16
XMSSMT-SHA2_20/2_256,PUB_R3,475,475,476,10644908,2582667,PASS,4963,6002,10,20,2,16
XMSSMT-SHA2_20/2_256,PUB_R3,476,476,477,5839370,2616518,PASS,4963,6002,10,20,2,16
XMSSMT-SHA2_20/2_256,PUB_R3,477,477,478,6012963,2455315,PASS,4963,6002,10,20,2,16
XMSSMT-SHA2_20/2_256,PUB_R3,478,478,479,5737037,2709666,PASS,4963,6002,10,20,2,16
XMSSMT-SHA2_20/2_256,PUB_R3,479,479,480,15528852,2487426,PASS,4963,6002,10,20,2,16
XMSSMT-SHA2_20/2_256,PUB_R3,480,480,481,17822648,2584000,PASS,4963,6002,10,20,2,16
XMSSMT-SHA2_20/2_256,PUB_R3,481,481,482,15498111,2487463,PASS,4963,6002,10,20,2,16
XMSSMT-SHA2_20/2_256,PUB_R3,482,482,483,17752018,2608981,PASS,4963,6002,10,20,2,16
XMSSMT-SHA2_20/2_256,PUB_R3,483,483,484,15509296,2486907,PASS,4963,6002,10,20,2,16
XMSSMT-SHA2_20/2_256,PUB_R3,484,484,485,17940500,2485574,PASS,4963,6002,10,20,2,16
XMSSMT-SHA2_20/2_256,PUB_R3,485,485,486,15481500,2518944,PASS,4963,6002,10,20,2,16
XMSSMT-SHA2_20/2_256,PUB_R3,486,486,487,8177444,2674074,PASS,4963,6002,10,20,2,16
XMSSMT-SHA2_20/2_256,PUB_R3,487,487,488,15584445,2421704,PASS,4963,6002,10,20,2,16
XMSSMT-SHA2_20/2_256,PUB_R3,488,488,489,10783482,2455315,PASS,4963,6002,10,20,2,16
XMSSMT-SHA2_20/2_256,PUB_R3,489,489,490,5870982,2586482,PASS,4963,6002,10,20,2,16
XMSSMT-SHA2_20/2_256,PUB_R3,490,490,491,5848093,2610629,PASS,4963,6002,10,20,2,16
XMSSMT-SHA2_20/2_256,PUB_R3,491,491,492,10717500,2514703,PASS,4963,6002,10,20,2,16
XMSSMT-SHA2_20/2_256,PUB_R3,492,492,493,5999611,2449407,PASS,4963,6002,10,20,2,16
XMSSMT-SHA2_20/2_256,PUB_R3,493,493,494,6016926,2459592,PASS,4963,6002,10,20,2,16
XMSSMT-SHA2_20/2_256,PUB_R3,494,494,495,5835556,2610556,PASS,4963,6002,10,20,2,16
XMSSMT-SHA2_20/2_256,PUB_R3,495,495,496,15452926,2550500,PASS,4963,6002,10,20,2,16
XMSSMT-SHA2_20/2_256,PUB_R3,496,496,497,17867537,2545445,PASS,4963,6002,10,20,2,16
XMSSMT-SHA2_20/2_256,PUB_R3,497,497,498,15386815,2627833,PASS,4963,6002,10,20,2,16
XMSSMT-SHA2_20/2_256,PUB_R3,498,498,499,8387333,2453222,PASS,4963,6002,10,20,2,16
XMSSMT-SHA2_20/2_256,PUB_R3,499,499,500,10631093,2578630,PASS,4963,6002,10,20,2,16
XMSSMT-SHA2_20/2_256,PUB_R3,500,500,501,5891000,2547371,PASS,4963,6002,10,20,2,16
XMSSMT-SHA2_20/2_256,PUB_R3,501,501,502,5906481,2552537,PASS,4963,6002,10,20,2,16
XMSSMT-SHA2_20/2_256,PUB_R3,502,502,503,5838870,2606334,PASS,4963,6002,10,20,2,16
XMSSMT-SHA2_20/2_256,PUB_R3,503,503,504,15275093,2707871,PASS,4963,6002,10,20,2,16
XMSSMT-SHA2_20/2_256,PUB_R3,504,504,505,10591870,2610815,PASS,4963,6002,10,20,2,16
XMSSMT-SHA2_20/2_256,PUB_R3,505,505,506,6061537,2387055,PASS,4963,6002,10,20,2,16
XMSSMT-SHA2_20/2_256,PUB_R3,506,506,507,5827426,2608148,PASS,4963,6002,10,20,2,16
XMSSMT-SHA2_20/2_256,PUB_R3,507,507,508,10614425,2611481,PASS,4963,6002,10,20,2,16
XMSSMT-SHA2_20/2_256,PUB_R3,508,508,509,5703685,2741870,PASS,4963,6002,10,20,2,16
XMSSMT-SHA2_20/2_256,PUB_R3,509,509,510,5835759,2611148,PASS,4963,6002,10,20,2,16
XMSSMT-SHA2_20/2_256,PUB_R3,510,510,511,5988389,2451630,PASS,4963,6002,10,20,2,16
XMSSMT-SHA2_20/2_256,PUB_R3,511,511,512,15418333,2575519,PASS,4963,6002,10,20,2,16
XMSSMT-SHA2_20/2_256,PUB_R3,512,512,513,17717093,2606592,PASS,4963,6002,10,20,2,16
XMSSMT-SHA2_20/2_256,PUB_R3,513,513,514,15357963,2612463,PASS,4963,6002,10,20,2,16
XMSSMT-SHA2_20/2_256,PUB_R3,514,514,515,17850760,2516648,PASS,4963,6002,10,20,2,16
XMSSMT-SHA2_20/2_256,PUB_R3,515,515,516,15457093,2565204,PASS,4963,6002,10,20,2,16
XMSSMT-SHA2_20/2_256,PUB_R3,516,516,517,17784444,2593259,PASS,4963,6002,10,20,2,16
XMSSMT-SHA2_20/2_256,PUB_R3,517,517,518,15375648,2625741,PASS,4963,6002,10,20,2,16
XMSSMT-SHA2_20/2_256,PUB_R3,518,518,519,17772537,2606685,PASS,4963,6002,10,20,2,16
XMSSMT-SHA2_20/2_256,PUB_R3,519,519,520,15420889,2583074,PASS,4963,6002,10,20,2,16
XMSSMT-SHA2_20/2_256,PUB_R3,520,520,521,17892389,2485889,PASS,4963,6002,10,20,2,16
XMSSMT-SHA2_20/2_256,PUB_R3,521,521,522,15424814,2581741,PASS,4963,6002,10,20,2,16
XMSSMT-SHA2_20/2_256,PUB_R3,522,522,523,17764426,2610389,PASS,4963,6002,10,20,2,16
XMSSMT-SHA2_20/2_256,PUB_R3,523,523,524,15306518,2681149,PASS,4963,6002,10,20,2,16
XMSSMT-SHA2_20/2_256,PUB_R3,524,524,525,17947167,2422111,PASS,4963,6002,10,20,2,16
XMSSMT-SHA2_20/2_256,PUB_R3,525,525,526,15494371,2520871,PASS,4963,6002,10,20,2,16
XMSSMT-SHA2_20/2_256,PUB_R3,526,526,527,17865519,2517796,PASS,4963,6002,10,20,2,16
XMSSMT-SHA2_20/2_256,PUB_R3,527,527,528,15420167,2583204,PASS,4963,6002,10,20,2,16
XMSSMT-SHA2_20/2_256,PUB_R3,528,528,529,17830686,2550666,PASS,4963,6002,10,20,2,16
XMSSMT-SHA2_20/2_256,PUB_R3,529,529,530,15438852,2593000,PASS,4963,6002,10,20,2,16
XMSSMT-SHA2_20/2_256,PUB_R3,530,530,531,17785333,2582260,PASS,4963,6002,10,20,2,16
XMSSMT-SHA2_20/2_256,PUB_R3,531,531,532,15444426,2544815,PASS,4963,6002,10,20,2,16
XMSSMT-SHA2_20/2_256,PUB_R3,532,532,533,17836926,2512777,PASS,4963,6002,10,20,2,16
XMSSMT-SHA2_20/2_256,PUB_R3,533,533,534,15516241,2486482,PASS,4963,6002,10,20,2,16
XMSSMT-SHA2_20/2_256,PUB_R3,534,534,535,17973222,2391907,PASS,4963,6002,10,20,2,16
XMSSMT-SHA2_20/2_256,PUB_R3,535,535,536,15433593,2598629,PASS,4963,6002,10,20,2,16
XMSSMT-SHA2_20/2_256,PUB_R3,536,536,537,17682870,2674908,PASS,4963,6002,10,20,2,16
XMSSMT-SHA2_20/2_256,PUB_R3,537,537,538,15558852,2451389,PASS,4963,6002,10,20,2,16
XMSSMT-SHA2_20/2_256,PUB_R3,538,538,539,17792055,2578111,PASS,4963,6002,10,20,2,16
XMSSMT-SHA2_20/2_256,PUB_R3,539,539,540,15451297,2549463,PASS,4963,6002,10,20,2,16
XMSSMT-SHA2_20/2_256,PUB_R3,540,540,541,17900889,2451926,PASS,4963,6002,10,20,2,16
XMSSMT-SHA2_20/2_256,PUB_R3,541,541,542,15425056,2582129,PASS,4963,6002,10,20,2,16
XMSSMT-SHA2_20/2_256,PUB_R3,542,542,543,17943370,2450426,PASS,4963,6002,10,20,2,16
XMSSMT-SHA2_20/2_256,PUB_R3,543,543,544,15395463,2617852,PASS,4963,6002,10,20,2,16
XMSSMT-SHA2_20/2_256,PUB_R3,544,544,545,17639593,2705611,PASS,4963,6002,10,20,2,16
XMSSMT-SHA2_20/2_256,PUB_R3,545,545,546,15279259,2730186,PASS,4963,6002,10,20,2,16
XMSSMT-SHA2_20/2_256,PUB_R3,546,546,547,17853389,2517481,PASS,4963,6002,10,20,2,16
XMSSMT-SHA2_20/2_256,PUB_R3,547,547,548,15321741,2675760,PASS,4963,6002,10,20,2,16
XMSSMT-SHA2_20/2_256,PUB_R3,548,548,549,17803093,2583037,PASS,4963,6002,10,20,2,16
XMSSMT-SHA2_20/2_256,PUB_R3,549,549,550,15576908,2426833,PASS,4963,6002,10,20,2,16
XMSSMT-SHA2_20/2_256,PUB_R3,550,550,551,17897315,2487519,PASS,4963,6002,10,20,2,16
XMSSMT-SHA2_20/2_256,PUB_R3,551,551,552,15374852,2608222,PASS,4963,6002,10,20,2,16
XMSSMT-SHA2_20/2_256,PUB_R3,552,552,553,17957778,2420685,PASS,4963,6002,10,20,2,16
XMSSMT-SHA2_20/2_256,PUB_R3,553,553,554,15419722,2585093,PASS,4963,6002,10,20,2,16
XMSSMT-SHA2_20/2_256,PUB_R3,554,554,555,17891555,2528000,PASS,4963,6002,10,20,2,16
XMSSMT-SHA2_20/2_256,PUB_R3,555,555,556,15315223,2710222,PASS,4963,6002,10,20,2,16
XMSSMT-SHA2_20/2_256,PUB_R3,556,556,557,17868389,2453722,PASS,4963,6002,10,20,2,16
XMSSMT-SHA2_20/2_256,PUB_R3,557,557,558,15394278,2579667,PASS,4963,6002,10,20,2,16
XMSSMT-SHA2_20/2_256,PUB_R3,558,558,559,17779741,2581371,PASS,4963,6002,10,20,2,16
XMSSMT-SHA2_20/2_256,PUB_R3,559,559,560,15362352,2610575,PASS,4963,6002,10,20,2,16
XMSSMT-SHA2_20/2_256,PUB_R3,560,560,561,17792037,2546611,PASS,4963,6002,10,20,2,16
XMSSMT-SHA2_20/2_256,PUB_R3,561,561,562,15421574,2545019,PASS,4963,6002,10,20,2,16
XMSSMT-SHA2_20/2_256,PUB_R3,562,562,563,17775815,2544907,PASS,4963,6002,10,20,2,16
XMSSMT-SHA2_20/2_256,PUB_R3,563,563,564,15419241,2547907,PASS,4963,6002,10,20,2,16
XMSSMT-SHA2_20/2_256,PUB_R3,564,564,565,17816222,2511945,PASS,4963,6002,10,20,2,16
XMSSMT-SHA2_20/2_256,PUB_R3,565,565,566,15357611,2608944,PASS,4963,6002,10,20,2,16
XMSSMT-SHA2_20/2_256,PUB_R3,566,566,567,17666000,2673092,PASS,4963,6002,10,20,2,16
XMSSMT-SHA2_20/2_256,PUB_R3,567,567,568,15438667,2550241,PASS,4963,6002,10,20,2,16
XMSSMT-SHA2_20/2_256,PUB_R3,568,568,569,17799870,2549852,PASS,4963,6002,10,20,2,16
XMSSMT-SHA2_20/2_256,PUB_R3,569,569,570,15429667,2602371,PASS,4963,6002,10,20,2,16
XMSSMT-SHA2_20/2_256,PUB_R3,570,570,571,17802889,2587407,PASS,4963,6002,10,20,2,16
XMSSMT-SHA2_20/2_256,PUB_R3,571,571,572,15479926,2515907,PASS,4963,6002,10,20,2,16
XMSSMT-SHA2_20/2_256,PUB_R3,572,572,573,17770907,2577408,PASS,4963,6002,10,20,2,16
XMSSMT-SHA2_20/2_256,PUB_R3,573,573,574,15515277,2485852,PASS,4963,6002,10,20,2,16
XMSSMT-SHA2_20/2_256,PUB_R3,574,574,575,17746278,2620630,PASS,4963,6002,10,20,2,16
XMSSMT-SHA2_20/2_256,PUB_R3,575,575,576,15290741,2708796,PASS,4963,6002,10,20,2,16
XMSSMT-SHA2_20/2_256,PUB_R3,576,576,577,17786685,2578111,PASS,4963,6002,10,20,2,16
XMSSMT-SHA2_20/2_256,PUB_R3,577,577,578,15524186,2465945,PASS,4963,6002,10,20,2,16
XMSSMT-SHA2_20/2_256,PUB_R3,578,578,579,17786463,2577741,PASS,4963,6002,10,20,2,16
XMSSMT-SHA2_20/2_256,PUB_R3,579,579,580,15432907,2546629,PASS,4963,6002,10,20,2,16
XMSSMT-SHA2_20/2_256,PUB_R3,580,580,581,17730389,2613463,PASS,4963,6002,10,20,2,16
XMSSMT-SHA2_20/2_256,PUB_R3,581,581,582,15508926,2488463,PASS,4963,6002,10,20,2,16
XMSSMT-SHA2_20/2_256,PUB_R3,582,582,583,17827315,2549815,PASS,4963,6002,10,20,2,16
XMSSMT-SHA2_20/2_256,PUB_R3,583,583,584,15412444,2581926,PASS,4963,6002,10,20,2,16
XMSSMT-SHA2_20/2_256,PUB_R3,584,584,585,17886685,2457463,PASS,4963,6002,10,20,2,16
XMSSMT-SHA2_20/2_256,PUB_R3,585,585,586,15441352,2549129,PASS,4963,6002,10,20,2,16
XMSSMT-SHA2_20/2_256,PUB_R3,586,586,587,17781408,2612630,PASS,4963,6002,10,20,2,16
XMSSMT-SHA2_20/2_256,PUB_R3,587,587,588,15405296,2616130,PASS,4963,6002,10,20,2,16
XMSSMT-SHA2_20/2_256,PUB_R3,588,588,589,17815463,2559574,PASS,4963,6002,10,20,2,16
XMSSMT-SHA2_20/2_256,PUB_R3,589,589,590,15511426,2488203,PASS,4963,6002,10,20,2,16
XMSSMT-SHA2_20/2_256,PUB_R3,590,590,591,17790611,2580278,PASS,4963,6002,10,20,2,16
XMSSMT-SHA2_20/2_256,PUB_R3,591,591,592,15443593,2546612,PASS,4963,6002,10,20,2,16
XMSSMT-SHA2_20/2_256,PUB_R3,592,592,593,17942074,2419444,PASS,4963,6002,10,20,2,16
XMSSMT-SHA2_20/2_256,PUB_R3,593,593,594,15474259,2516500,PASS,4963,6002,10,20,2,16
XMSSMT-SHA2_20/2_256,PUB_R3,594,594,595,17695945,2688537,PASS,4963,6002,10,20,2,16
XMSSMT-SHA2_20/2_256,PUB_R3,595,595,596,15420204,2579815,PASS,4963,6002,10,20,2,16
XMSSMT-SHA2_20/2_256,PUB_R3,596,596,597,17824370,2548908,PASS,4963,6002,10,20,2,16
XMSSMT-SHA2_20/2_256,PUB_R3,597,597,598,15514148,2518574,PASS,4963,6002,10,20,2,16
XMSSMT-SHA2_20/2_256,PUB_R3,598,598,599,17758315,2614371,PASS,4963,6002,10,20,2,16
XMSSMT-SHA2_20/2_256,PUB_R3,599,599,600,15512889,2484333,PASS,4963,6002,10,20,2,16
XMSSMT-SHA2_20/2_256,PUB_R3,600,600,601,17801722,2560408,PASS,4963,6002,10,20,2,16
XMSSMT-SHA2_20/2_256,PUB_R3,601,601,602,15483148,2518278,PASS,4963,6002,10,20,2,16
XMSSMT-SHA2_20/2_256,PUB_R3,602,602,603,17875704,2515018,PASS,4963,6002,10,20,2,16
XMSSMT-SHA2_20/2_256,PUB_R3,603,603,604,15289315,2711908,PASS,4963,6002,10,20,2,16
XMSSMT-SHA2_20/2_256,PUB_R3,604,604,605,17770111,2579723,PASS,4963,6002,10,20,2,16
XMSSMT-SHA2_20/2_256,PUB_R3,605,605,606,15384092,2609278,PASS,4963,6002,10,20,2,16
XMSSMT-SHA2_20/2_256,PUB_R3,606,606,607,17943611,2419908,PASS,4963,6002,10,20,2,16
XMSSMT-SHA2_20/2_256,PUB_R3,607,607,608,15492389,2524222,PASS,4963,6002,10,20,2,16
XMSSMT-SHA2_20/2_256,PUB_R3,608,608,609,17803778,2545796,PASS,4963,6002,10,20,2,16
XMSSMT-SHA2_20/2_256,PUB_R3,609,609,610,15504685,2484222,PASS,4963,6002,10,20,2,16
XMSSMT-SHA2_20/2_256,PUB_R3,610,610,611,17618426,2739648,PASS,4963,6002,10,20,2,16
XMSSMT-SHA2_20/2_256,PUB_R3,611,611,612,15401797,2579314,PASS,4963,6002,10,20,2,16
XMSSMT-SHA2_20/2_256,PUB_R3,612,612,613,17820945,2548592,PASS,4963,6002,10,20,2,16
XMSSMT-SHA2_20/2_256,PUB_R3,613,613,614,15284352,2711056,PASS,4963,6002,10,20,2,16
XMSSMT-SHA2_20/2_256,PUB_R3,614,614,615,17837592,2514371,PASS,4963,6002,10,20,2,16
XMSSMT-SHA2_20/2_256,PUB_R3,615,615,616,15439852,2546963,PASS,4963,6002,10,20,2,16
XMSSMT-SHA2_20/2_256,PUB_R3,616,616,617,17749148,2613074,PASS,4963,6002,10,20,2,16
XMSSMT-SHA2_20/2_256,PUB_R3,617,617,618,15536611,2453722,PASS,4963,6002,10,20,2,16
XMSSMT-SHA2_20/2_256,PUB_R3,618,618,619,17887093,2521796,PASS,4963,6002,10,20,2,16
XMSSMT-SHA2_20/2_256,PUB_R3,619,619,620,10576167,2678185,PASS,4963,6002,10,20,2,16
XMSSMT-SHA2_20/2_256,PUB_R3,620,620,621,5748667,2707593,PASS,4963,6002,10,20,2,16
XMSSMT-SHA2_20/2_256,PUB_R3,621,621,622,5923685,2549185,PASS,4963,6002,10,20,2,16
XMSSMT-SHA2_20/2_256,PUB_R3,622,622,623,5830834,2615870,PASS,4963,6002,10,20,2,16
XMSSMT-SHA2_20/2_256,PUB_R3,623,623,624,15403259,2612871,PASS,4963,6002,10,20,2,16
XMSSMT-SHA2_20/2_256,PUB_R3,624,624,625,17877926,2518334,PASS,4963,6002,10,20,2,16
XMSSMT-SHA2_20/2_256,PUB_R3,625,625,626,15447426,2559704,PASS,4963,6002,10,20,2,16
XMSSMT-SHA2_20/2_256,PUB_R3,626,626,627,8351149,2488741,PASS,4963,6002,10,20,2,16
XMSSMT-SHA2_20/2_256,PUB_R3,627,627,628,10622037,2611722,PASS,4963,6002,10,20,2,16
XMSSMT-SHA2_20/2_256,PUB_R3,628,628,629,5851315,2612463,PASS,4963,6002,10,20,2,16
XMSSMT-SHA2_20/2_256,PUB_R3,629,629,630,5846944,2614556,PASS,4963,6002,10,20,2,16
XMSSMT-SHA2_20/2_256,PUB_R3,630,630,631,5918574,2547222,PASS,4963,6002,10,20,2,16
XMSSMT-SHA2_20/2_256,PUB_R3,631,631,632,15417908,2586852,PASS,4963,6002,10,20,2,16
XMSSMT-SHA2_20/2_256,PUB_R3,632,632,633,10696815,2523185,PASS,4963,6002,10,20,2,16
XMSSMT-SHA2_20/2_256,PUB_R3,633,633,634,5843148,2610445,PASS,4963,6002,10,20,2,16
XMSSMT-SHA2_20/2_256,PUB_R3,634,634,635,5783760,2674852,PASS,4963,6002,10,20,2,16
XMSSMT-SHA2_20/2_256,PUB_R3,635,635,636,10700389,2525166,PASS,4963,6002,10,20,2,16
XMSSMT-SHA2_20/2_256,PUB_R3,636,636,637,5974204,2485352,PASS,4963,6002,10,20,2,16
XMSSMT-SHA2_20/2_256,PUB_R3,637,637,638,5873092,2593019,PASS,4963,6002,10,20,2,16
XMSSMT-SHA2_20/2_256,PUB_R3,638,638,639,5910000,2550167,PASS,4963,6002,10,20,2,16
XMSSMT-SHA2_20/2_256,PUB_R3,639,639,640,15435222,2544426,PASS,4963,6002,10,20,2,16
XMSSMT-SHA2_20/2_256,PUB_R3,640,640,641,17684111,2673870,PASS,4963,6002,10,20,2,16
XMSSMT-SHA2_20/2_256,PUB_R3,641,641,642,15281111,2715426,PASS,4963,6002,10,20,2,16
XMSSMT-SHA2_20/2_256,PUB_R3,642,642,643,17689741,2722055,PASS,4963,6002,10,20,2,16
XMSSMT-SHA2_20/2_256,PUB_R3,643,643,644,15542519,2454741,PASS,4963,6002,10,20,2,16
XMSSMT-SHA2_20/2_256,PUB_R3,644,644,645,17936204,2456944,PASS,4963,6002,10,20,2,16
XMSSMT-SHA2_20/2_256,PUB_R3,645,645,646,15449777,2546704,PASS,4963,6002,10,20,2,16
XMSSMT-SHA2_20/2_256,PUB_R3,646,646,647,17771907,2612167,PASS,4963,6002,10,20,2,16
XMSSMT-SHA2_20/2_256,PUB_R3,647,647,648,15458463,2580037,PASS,4963,6002,10,20,2,16
XMSSMT-SHA2_20/2_256,PUB_R3,648,648,649,17705907,2692112,PASS,4963,6002,10,20,2,16
XMSSMT-SHA2_20/2_256,PUB_R3,649,649,650,15412593,2580611,PASS,4963,6002,10,20,2,16
XMSSMT-SHA2_20/2_256,PUB_R3,650,650,651,17868500,2517130,PASS,4963,6002,10,20,2,16
XMSSMT-SHA2_20/2_256,PUB_R3,651,651,652,15292889,2711000,PASS,4963,6002,10,20,2,16
XMSSMT-SHA2_20/2_256,PUB_R3,652,652,653,17859981,2517259,PASS,4963,6002,10,20,2,16
XMSSMT-SHA2_20/2_256,PUB_R3,653,653,654,15117259,2864722,PASS,4963,6002,10,20,2,16
XMSSMT-SHA2_20/2_256,PUB_R3,654,654,655,17926203,2473037,PASS,4963,6002,10,20,2,16
XMSSMT-SHA2_20/2_256,PUB_R3,655,655,656,15377982,2610111,PASS,4963,6002,10,20,2,16
XMSSMT-SHA2_20/2_256,PUB_R3,656,656,657,17761371,2609908,PASS,4963,6002,10,20,2,16
XMSSMT-SHA2_20/2_256,PUB_R3,657,657,658,15434686,2582833,PASS,4963,6002,10,20,2,16
XMSSMT-SHA2_20/2_256,PUB_R3,658,658,659,17788926,2577889,PASS,4963,6002,10,20,2,16
XMSSMT-SHA2_20/2_256,PUB_R3,659,659,660,15263852,2735148,PASS,4963,6002,10,20,2,16
XMSSMT-SHA2_20/2_256,PUB_R3,660,660,661,17763000,2616556,PASS,4963,6002,10,20,2,16
XMSSMT-SHA2_20/2_256,PUB_R3,661,661,662,15377240,2624111,PASS,4963,6002,10,20,2,16
XMSSMT-SHA2_20/2_256,PUB_R3,662,662,663,17856741,2526000,PASS,4963,6002,10,20,2,16
XMSSMT-SHA2_20/2_256,PUB_R3,663,663,664,15382186,2612574,PASS,4963,6002,10,20,2,16
XMSSMT-SHA2_20/2_256,PUB_R3,664,664,665,17808315,2546981,PASS,4963,6002,10,20,2,16
XMSSMT-SHA2_20/2_256,PUB_R3,665,665,666,15447667,2545925,PASS,4963,6002,10,20,2,16
XMSSMT-SHA2_20/2_256,PUB_R3,666,666,667,17701408,2672704,PASS,4963,6002,10,20,2,16
XMSSMT-SHA2_20/2_256,PUB_R3,667,667,668,15398778,2585926,PASS,4963,6002,10,20,2,16
XMSSMT-SHA2_20/2_256,PUB_R3,668,668,669,17653334,2706518,PASS,4963,6002,10,20,2,16
XMSSMT-SHA2_20/2_256,PUB_R3,669,669,670,15390926,2574315,PASS,4963,6002,10,20,2,16
XMSSMT-SHA2_20/2_256,PUB_R3,670,670,671,17780482,2610592,PASS,4963,6002,10,20,2,16
XMSSMT-SHA2_20/2_256,PUB_R3,671,671,672,15388111,2580074,PASS,4963,6002,10,20,2,16
XMSSMT-SHA2_20/2_256,PUB_R3,672,672,673,17640704,2707963,PASS,4963,6002,10,20,2,16
XMSSMT-SHA2_20/2_256,PUB_R3,673,673,674,15517889,2451889,PASS,4963,6002,10,20,2,16
XMSSMT-SHA2_20/2_256,PUB_R3,674,674,675,17861851,2483888,PASS,4963,6002,10,20,2,16
XMSSMT-SHA2_20/2_256,PUB_R3,675,675,676,15293018,2678000,PASS,4963,6002,10,20,2,16
XMSSMT-SHA2_20/2_256,PUB_R3,676,676,677,17803908,2546259,PASS,4963,6002,10,20,2,16
XMSSMT-SHA2_20/2_256,PUB_R3,677,677,678,15385907,2579426,PASS,4963,6002,10,20,2,16
XMSSMT-SHA2_20/2_256,PUB_R3,678,678,679,18018481,2361889,PASS,4963,6002,10,20,2,16
XMSSMT-SHA2_20/2_256,PUB_R3,679,679,680,15425908,2579333,PASS,4963,6002,10,20,2,16
XMSSMT-SHA2_20/2_256,PUB_R3,680,680,681,17827944,2549241,PASS,4963,6002,10,20,2,16
XMSSMT-SHA2_20/2_256,PUB_R3,681,681,682,15404537,2581389,PASS,4963,6002,10,20,2,16
XMSSMT-SHA2_20/2_256,PUB_R3,682,682,683,17796741,2592982,PASS,4963,6002,10,20,2,16
XMSSMT-SHA2_20/2_256,PUB_R3,683,683,684,10545352,2671575,PASS,4963,6002,10,20,2,16
XMSSMT-SHA2_20/2_256,PUB_R3,684,684,685,5686630,2768981,PASS,4963,6002,10,20,2,16
XMSSMT-SHA2_20/2_256,PUB_R3,685,685,686,5767981,2675315,PASS,4963,6002,10,20,2,16
XMSSMT-SHA2_20/2_256,PUB_R3,686,686,687,5853796,2612870,PASS,4963,6002,10,20,2,16
XMSSMT-SHA2_20/2_256,PUB_R3,687,687,688,15302555,2677037,PASS,4963,6002,10,20,2,16
XMSSMT-SHA2_20/2_256,PUB_R3,688,688,689,17792500,2581129,PASS,4963,6002,10,20,2,16
XMSSMT-SHA2_20/2_256,PUB_R3,689,689,690,15310222,2683259,PASS,4963,6002,10,20,2,16
XMSSMT-SHA2_20/2_256,PUB_R3,690,690,691,8340000,2516000,PASS,4963,6002,10,20,2,16
XMSSMT-SHA2_20/2_256,PUB_R3,691,691,692,10612500,2614685,PASS,4963,6002,10,20,2,16
XMSSMT-SHA2_20/2_256,PUB_R3,692,692,693,5972704,2489704,PASS,4963,6002,10,20,2,16
XMSSMT-SHA2_20/2_256,PUB_R3,693,693,694,5985352,2493333,PASS,4963,6002,10,20,2,16
XMSSMT-SHA2_20/2_256,PUB_R3,694,694,695,5773537,2680741,PASS,4963,6002,10,20,2,16
XMSSMT-SHA2_20/2_256,PUB_R3,695,695,696,15524130,2465907,PASS,4963,6002,10,20,2,16
XMSSMT-SHA2_20/2_256,PUB_R3,696,696,697,10611908,2611815,PASS,4963,6002,10,20,2,16
XMSSMT-SHA2_20/2_256,PUB_R3,697,697,698,5977815,2490871,PASS,4963,6002,10,20,2,16
XMSSMT-SHA2_20/2_256,PUB_R3,698,698,699,5777593,2675389,PASS,4963,6002,10,20,2,16
XMSSMT-SHA2_20/2_256,PUB_R3,699,699,700,10517222,2706056,PASS,4963,6002,10,20,2,16
XMSSMT-SHA2_20/2_256,PUB_R3,700,700,701,5781593,2688759,PASS,4963,6002,10,20,2,16
XMSSMT-SHA2_20/2_256,PUB_R3,701,701,702,5874963,2580463,PASS,4963,6002,10,20,2,16
XMSSMT-SHA2_20/2_256,PUB_R3,702,702,703,5743315,2723241,PASS,4963,6002,10,20,2,16
XMSSMT-SHA2_20/2_256,PUB_R3,703,703,704,15293000,2706500,PASS,4963,6002,10,20,2,16
XMSSMT-SHA2_20/2_256,PUB_R3,704,704,705,17798167,2580907,PASS,4963,6002,10,20,2,16
XMSSMT-SHA2_20/2_256,PUB_R3,705,705,706,15498722,2484260,PASS,4963,6002,10,20,2,16
XMSSMT-SHA2_20/2_256,PUB_R3,706,706,707,17853408,2523037,PASS,4963,6002,10,20,2,16
XMSSMT-SHA2_20/2_256,PUB_R3,707,707,708,15382519,2613056,PASS,4963,6002,10,20,2,16
XMSSMT-SHA2_20/2_256,PUB_R3,708,708,709,17846926,2565408,PASS,4963,6002,10,20,2,16
XMSSMT-SHA2_20/2_256,PUB_R3,709,709,710,15472481,2517833,PASS,4963,6002,10,20,2,16
XMSSMT-SHA2_20/2_256,PUB_R3,710,710,711,17802648,2578333,PASS,4963,6002,10,20,2,16
XMSSMT-SHA2_20/2_256,PUB_R3,711,711,712,15416019,2580556,PASS,4963,6002,10,20,2,16
XMSSMT-SHA2_20/2_256,PUB_R3,712,712,713,17677556,2677259,PASS,4963,6002,10,20,2,16
XMSSMT-SHA2_20/2_256,PUB_R3,713,713,714,15391686,2609537,PASS,4963,6002,10,20,2,16
XMSSMT-SHA2_20/2_256,PUB_R3,714,714,715,17836407,2555444,PASS,4963,6002,10,20,2,16
XMSSMT-SHA2_20/2_256,PUB_R3,715,715,716,15506352,2486556,PASS,4963,6002,10,20,2,16
XMSSMT-SHA2_20/2_256,PUB_R3,716,716,717,17772759,2619760,PASS,4963,6002,10,20,2,16
XMSSMT-SHA2_20/2_256,PUB_R3,717,717,718,15296945,2707982,PASS,4963,6002,10,20,2,16
XMSSMT-SHA2_20/2_256,PUB_R3,718,718,719,17825611,2579760,PASS,4963,6002,10,20,2,16
XMSSMT-SHA2_20/2_256,PUB_R3,719,719,720,15392556,2607852,PASS,4963,6002,10,20,2,16
XMSSMT-SHA2_20/2_256,PUB_R3,720,720,721,17814833,2545685,PASS,4963,6002,10,20,2,16
XMSSMT-SHA2_20/2_256,PUB_R3,721,721,722,15454055,2558555,PASS,4963,6002,10,20,2,16
XMSSMT-SHA2_20/2_256,PUB_R3,722,722,723,8290889,2545908,PASS,4963,6002,10,20,2,16
XMSSMT-SHA2_20/2_256,PUB_R3,723,723,724,10743722,2486500,PASS,4963,6002,10,20,2,16
XMSSMT-SHA2_20/2_256,PUB_R3,724,724,725,5865223,2578870,PASS,4963,6002,10,20,2,16
XMSSMT-SHA2_20/2_256,PUB_R3,725,725,726,5703463,2777056,PASS,4963,6002,10,20,2,16
XMSSMT-SHA2_20/2_256,PUB_R3,726,726,727,5828407,2613241,PASS,4963,6002,10,20,2,16
XMSSMT-SHA2_20/2_256,PUB_R3,727,727,728,15408167,2597741,PASS,4963,6002,10,20,2,16
XMSSMT-SHA2_20/2_256,PUB_R3,728,728,729,10627723,2577296,PASS,4963,6002,10,20,2,16
XMSSMT-SHA2_20/2_256,PUB_R3,729,729,730,5847963,2612926,PASS,4963,6002,10,20,2,16
XMSSMT-SHA2_20/2_256,PUB_R3,730,730,731,5899223,2543704,PASS,4963,6002,10,20,2,16
XMSSMT-SHA2_20/2_256,PUB_R3,731,731,732,10712611,2512518,PASS,4963,6002,10,20,2,16
XMSSMT-SHA2_20/2_256,PUB_R3,732,732,733,6030111,2433037,PASS,4963,6002,10,20,2,16
XMSSMT-SHA2_20/2_256,PUB_R3,733,733,734,5843370,2613130,PASS,4963,6002,10,20,2,16
XMSSMT-SHA2_20/2_256,PUB_R3,734,734,735,5925482,2516444,PASS,4963,6002,10,20,2,16
XMSSMT-SHA2_20/2_256,PUB_R3,735,735,736,15489667,2480926,PASS,4963,6002,10,20,2,16
XMSSMT-SHA2_20/2_256,PUB_R3,736,736,737,17727574,2607481,PASS,4963,6002,10,20,2,16
XMSSMT-SHA2_20/2_256,PUB_R3,737,737,738,15391130,2594852,PASS,4963,6002,10,20,2,16
XMSSMT-SHA2_20/2_256,PUB_R3,738,738,739,17813871,2551166,PASS,4963,6002,10,20,2,16
XMSSMT-SHA2_20/2_256,PUB_R3,739,739,740,15461722,2514333,PASS,4963,6002,10,20,2,16
XMSSMT-SHA2_20/2_256,PUB_R3,740,740,741,17849074,2518037,PASS,4963,6002,10,20,2,16
XMSSMT-SHA2_20/2_256,PUB_R3,741,741,742,15434426,2515130,PASS,4963,6002,10,20,2,16
XMSSMT-SHA2_20/2_256,PUB_R3,742,742,743,8222445,2611129,PASS,4963,6002,10,20,2,16
XMSSMT-SHA2_20/2_256,PUB_R3,743,743,744,15384259,2576797,PASS,4963,6002,10,20,2,16
XMSSMT-SHA2_20/2_256,PUB_R3,744,744,745,10503463,2708352,PASS,4963,6002,10,20,2,16
XMSSMT-SHA2_20/2_256,PUB_R3,745,745,746,5840778,2624667,PASS,4963,6002,10,20,2,16
XMSSMT-SHA2_20/2_256,PUB_R3,746,746,747,5965297,2486741,PASS,4963,6002,10,20,2,16
XMSSMT-SHA2_20/2_256,PUB_R3,747,747,748,10642815,2588815,PASS,4963,6002,10,20,2,16
XMSSMT-SHA2_20/2_256,PUB_R3,748,748,749,5742574,2710166,PASS,4963,6002,10,20,2,16
XMSSMT-SHA2_20/2_256,PUB_R3,749,749,750,5792537,2670167,PASS,4963,6002,10,20,2,16
XMSSMT-SHA2_20/2_256,PUB_R3,750,750,751,5926741,2513963,PASS,4963,6002,10,20,2,16
XMSSMT-SHA2_20/2_256,PUB_R3,751,751,752,15508334,2491537,PASS,4963,6002,10,20,2,16
XMSSMT-SHA2_20/2_256,PUB_R3,752,752,753,17826889,2560630,PASS,4963,6002,10,20,2,16
XMSSMT-SHA2_20/2_256,PUB_R3,753,753,754,15489000,2518370,PASS,4963,6002,10,20,2,16
XMSSMT-SHA2_20/2_256,PUB_R3,754,754,755,8388759,2451315,PASS,4963,6002,10,20,2,16
XMSSMT-SHA2_20/2_256,PUB_R3,755,755,756,10821944,2423593,PASS,4963,6002,10,20,2,16
XMSSMT-SHA2_20/2_256,PUB_R3,756,756,757,5908944,2553574,PASS,4963,6002,10,20,2,16
XMSSMT-SHA2_20/2_256,PUB_R3,757,757,758,5773592,2672463,PASS,4963,6002,10,20,2,16
XMSSMT-SHA2_20/2_256,PUB_R3,758,758,759,5949389,2519389,PASS,4963,6002,10,20,2,16
XMSSMT-SHA2_20/2_256,PUB_R3,759,759,760,15399055,2578519,PASS,4963,6002,10,20,2,16
XMSSMT-SHA2_20/2_256,PUB_R3,760,760,761,10643852,2584666,PASS,4963,6002,10,20,2,16
XMSSMT-SHA2_20/2_256,PUB_R3,761,761,762,5933963,2516315,PASS,4963,6002,10,20,2,16
XMSSMT-SHA2_20/2_256,PUB_R3,762,762,763,5902334,2561297,PASS,4963,6002,10,20,2,16
XMSSMT-SHA2_20/2_256,PUB_R3,763,763,764,10698333,2512408,PASS,4963,6002,10,20,2,16
XMSSMT-SHA2_20/2_256,PUB_R3,764,764,765,5801093,2675815,PASS,4963,6002,10,20,2,16
XMSSMT-SHA2_20/2_256,PUB_R3,765,765,766,5841981,2622741,PASS,4963,6002,10,20,2,16
XMSSMT-SHA2_20/2_256,PUB_R3,766,766,767,5779296,2676630,PASS,4963,6002,10,20,2,16
XMSSMT-SHA2_20/2_256,PUB_R3,767,767,768,15337370,2679037,PASS,4963,6002,10,20,2,16
XMSSMT-SHA2_20/2_256,PUB_R3,768,768,769,17851889,2513648,PASS,4963,6002,10,20,2,16
XMSSMT-SHA2_20/2_256,PUB_R3,769,769,770,15648963,2361278,PASS,4963,6002,10,20,2,16
XMSSMT-SHA2_20/2_256,PUB_R3,770,770,771,17851537,2569518,PASS,4963,6002,10,20,2,16
XMSSMT-SHA2_20/2_256,PUB_R3,771,771,772,15322019,2674111,PASS,4963,6002,10,20,2,16
XMSSMT-SHA2_20/2_256,PUB_R3,772,772,773,17761278,2611870,PASS,4963,6002,10,20,2,16
XMSSMT-SHA2_20/2_256,PUB_R3,773,773,774,15468537,2517241,PASS,4963,6002,10,20,2,16
XMSSMT-SHA2_20/2_256,PUB_R3,774,774,775,17879593,2519537,PASS,4963,6002,10,20,2,16
XMSSMT-SHA2_20/2_256,PUB_R3,775,775,776,15449852,2548148,PASS,4963,6002,10,20,2,16
XMSSMT-SHA2_20/2_256,PUB_R3,776,776,777,17779019,2626352,PASS,4963,6002,10,20,2,16
XMSSMT-SHA2_20/2_256,PUB_R3,777,777,778,15432703,2580259,PASS,4963,6002,10,20,2,16
XMSSMT-SHA2_20/2_256,PUB_R3,778,778,779,17793000,2578982,PASS,4963,6002,10,20,2,16
XMSSMT-SHA2_20/2_256,PUB_R3,779,779,780,15528796,2488389,PASS,4963,6002,10,20,2,16
XMSSMT-SHA2_20/2_256,PUB_R3,780,780,781,17815296,2552963,PASS,4963,6002,10,20,2,16
XMSSMT-SHA2_20/2_256,PUB_R3,781,781,782,15237796,2768907,PASS,4963,6002,10,20,2,16
XMSSMT-SHA2_20/2_256,PUB_R3,782,782,783,17707019,2680111,PASS,4963,6002,10,20,2,16
XMSSMT-SHA2_20/2_256,PUB_R3,783,783,784,15600723,2431778,PASS,4963,6002,10,20,2,16
XMSSMT-SHA2_20/2_256,PUB_R3,784,784,785,17751296,2615648,PASS,4963,6002,10,20,2,16
XMSSMT-SHA2_20/2_256,PUB_R3,785,785,786,15443649,2552259,PASS,4963,6002,10,20,2,16
XMSSMT-SHA2_20/2_256,PUB_R3,786,786,787,17839574,2547888,PASS,4963,6002,10,20,2,16
XMSSMT-SHA2_20/2_256,PUB_R3,787,787,788,15619426,2386278,PASS,4963,6002,10,20,2,16
XMSSMT-SHA2_20/2_256,PUB_R3,788,788,789,17829334,2511704,PASS,4963,6002,10,20,2,16
XMSSMT-SHA2_20/2_256,PUB_R3,789,789,790,15451926,2554796,PASS,4963,6002,10,20,2,16
XMSSMT-SHA2_20/2_256,PUB_R3,790,790,791,17792630,2591241,PASS,4963,6002,10,20,2,16
XMSSMT-SHA2_20/2_256,PUB_R3,791,791,792,15419407,2578648,PASS,4963,6002,10,20,2,16
XMSSMT-SHA2_20/2_256,PUB_R3,792,792,793,17637074,2704222,PASS,4963,6002,10,20,2,16
XMSSMT-SHA2_20/2_256,PUB_R3,793,793,794,15551926,2458111,PASS,4963,6002,10,20,2,16
XMSSMT-SHA2_20/2_256,PUB_R3,794,794,795,17876315,2521722,PASS,4963,6002,10,20,2,16
XMSSMT-SHA2_20/2_256,PUB_R3,795,795,796,15382871,2613777,PASS,4963,6002,10,20,2,16
XMSSMT-SHA2_20/2_256,PUB_R3,796,796,797,17777333,2580260,PASS,4963,6002,10,20,2,16
XMSSMT-SHA2_20/2_256,PUB_R3,797,797,798,15439926,2545760,PASS,4963,6002,10,20,2,16
XMSSMT-SHA2_20/2_256,PUB_R3,798,798,799,17794111,2580426,PASS,4963,6002,10,20,2,16
XMSSMT-SHA2_20/2_256,PUB_R3,799,799,800,15454685,2549648,PASS,4963,6002,10,20,2,16
XMSSMT-SHA2_20/2_256,PUB_R3,800,800,801,17666334,2675129,PASS,4963,6002,10,20,2,16
XMSSMT-SHA2_20/2_256,PUB_R3,801,801,802,15448241,2546000,PASS,4963,6002,10,20,2,16
XMSSMT-SHA2_20/2_256,PUB_R3,802,802,803,17755574,2610760,PASS,4963,6002,10,20,2,16
XMSSMT-SHA2_20/2_256,PUB_R3,803,803,804,15406074,2583926,PASS,4963,6002,10,20,2,16
XMSSMT-SHA2_20/2_256,PUB_R3,804,804,805,17683352,2678018,PASS,4963,6002,10,20,2,16
XMSSMT-SHA2_20/2_256,PUB_R3,805,805,806,15554111,2420333,PASS,4963,6002,10,20,2,16
XMSSMT-SHA2_20/2_256,PUB_R3,806,806,807,17778703,2619945,PASS,4963,6002,10,20,2,16
XMSSMT-SHA2_20/2_256,PUB_R3,807,807,808,15491555,2516056,PASS,4963,6002,10,20,2,16
XMSSMT-SHA2_20/2_256,PUB_R3,808,808,809,17843518,2546667,PASS,4963,6002,10,20,2,16
XMSSMT-SHA2_20/2_256,PUB_R3,809,809,810,15475852,2519963,PASS,4963,6002,10,20,2,16
XMSSMT-SHA2_20/2_256,PUB_R3,810,810,811,17847389,2561963,PASS,4963,6002,10,20,2,16
XMSSMT-SHA2_20/2_256,PUB_R3,811,811,812,10612500,2610926,PASS,4963,6002,10,20,2,16
XMSSMT-SHA2_20/2_256,PUB_R3,812,812,813,5991130,2484167,PASS,4963,6002,10,20,2,16
XMSSMT-SHA2_20/2_256,PUB_R3,813,813,814,5876278,2575889,PASS,4963,6002,10,20,2,16
XMSSMT-SHA2_20/2_256,PUB_R3,814,814,815,5954278,2522612,PASS,4963,6002,10,20,2,16
XMSSMT-SHA2_20/2_256,PUB_R3,815,815,816,15383277,2613407,PASS,4963,6002,10,20,2,16
XMSSMT-SHA2_20/2_256,PUB_R3,816,816,817,17846370,2517556,PASS,4963,6002,10,20,2,16
XMSSMT-SHA2_20/2_256,PUB_R3,817,817,818,15437074,2551981,PASS,4963,6002,10,20,2,16
XMSSMT-SHA2_20/2_256,PUB_R3,818,818,819,8352259,2514685,PASS,4963,6002,10,20,2,16
XMSSMT-SHA2_20/2_256,PUB_R3,819,819,820,10788481,2455352,PASS,4963,6002,10,20,2,16
XMSSMT-SHA2_20/2_256,PUB_R3,820,820,821,5931611,2514778,PASS,4963,6002,10,20,2,16
XMSSMT-SHA2_20/2_256,PUB_R3,821,821,822,5948537,2523018,PASS,4963,6002,10,20,2,16
XMSSMT-SHA2_20/2_256,PUB_R3,822,822,823,5868203,2586445,PASS,4963,6002,10,20,2,16
XMSSMT-SHA2_20/2_256,PUB_R3,823,823,824,15612259,2395185,PASS,4963,6002,10,20,2,16
XMSSMT-SHA2_20/2_256,PUB_R3,824,824,825,10757796,2486186,PASS,4963,6002,10,20,2,16
XMSSMT-SHA2_20/2_256,PUB_R3,825,825,826,5981481,2486166,PASS,4963,6002,10,20,2,16
XMSSMT-SHA2_20/2_256,PUB_R3,826,826,827,5769389,2676333,PASS,4963,6002,10,20,2,16
XMSSMT-SHA2_20/2_256,PUB_R3,827,827,828,10744555,2482389,PASS,4963,6002,10,20,2,16
XMSSMT-SHA2_20/2_256,PUB_R3,828,828,829,6010018,2450500,PASS,4963,6002,10,20,2,16
XMSSMT-SHA2_20/2_256,PUB_R3,829,829,830,5881463,2578056,PASS,4963,6002,10,20,2,16
XMSSMT-SHA2_20/2_256,PUB_R3,830,830,831,5931648,2528204,PASS,4963,6002,10,20,2,16
XMSSMT-SHA2_20/2_256,PUB_R3,831,831,832,15471833,2547870,PASS,4963,6002,10,20,2,16
XMSSMT-SHA2_20/2_256,PUB_R3,832,832,833,17689426,2673093,PASS,4963,6002,10,20,2,16
XMSSMT-SHA2_20/2_256,PUB_R3,833,833,834,15314185,2675834,PASS,4963,6002,10,20,2,16
XMSSMT-SHA2_20/2_256,PUB_R3,834,834,835,17692388,2678167,PASS,4963,6002,10,20,2,16
XMSSMT-SHA2_20/2_256,PUB_R3,835,835,836,15417037,2577759,PASS,4963,6002,10,20,2,16
XMSSMT-SHA2_20/2_256,PUB_R3,836,836,837,17698407,2679000,PASS,4963,6002,10,20,2,16
XMSSMT-SHA2_20/2_256,PUB_R3,837,837,838,15474556,2526370,PASS,4963,6002,10,20,2,16
XMSSMT-SHA2_20/2_256,PUB_R3,838,838,839,17893870,2487574,PASS,4963,6002,10,20,2,16
XMSSMT-SHA2_20/2_256,PUB_R3,839,839,840,15418204,2581296,PASS,4963,6002,10,20,2,16
XMSSMT-SHA2_20/2_256,PUB_R3,840,840,841,17749741,2614389,PASS,4963,6002,10,20,2,16
XMSSMT-SHA2_20/2_256,PUB_R3,841,841,842,15469944,2549685,PASS,4963,6002,10,20,2,16
XMSSMT-SHA2_20/2_256,PUB_R3,842,842,843,17786908,2618444,PASS,4963,6002,10,20,2,16
XMSSMT-SHA2_20/2_256,PUB_R3,843,843,844,15381537,2621814,PASS,4963,6002,10,20,2,16
XMSSMT-SHA2_20/2_256,PUB_R3,844,844,845,17632463,2747778,PASS,4963,6002,10,20,2,16
XMSSMT-SHA2_20/2_256,PUB_R3,845,845,846,15595185,2451037,PASS,4963,6002,10,20,2,16
XMSSMT-SHA2_20/2_256,PUB_R3,846,846,847,18011963,2396500,PASS,4963,6002,10,20,2,16
XMSSMT-SHA2_20/2_256,PUB_R3,847,847,848,15425667,2580370,PASS,4963,6002,10,20,2,16
XMSSMT-SHA2_20/2_256,PUB_R3,848,848,849,17758648,2616185,PASS,4963,6002,10,20,2,16
XMSSMT-SHA2_20/2_256,PUB_R3,849,849,850,15486852,2524611,PASS,4963,6002,10,20,2,16
XMSSMT-SHA2_20/2_256,PUB_R3,850,850,851,8322778,2512074,PASS,4963,6002,10,20,2,16
XMSSMT-SHA2_20/2_256,PUB_R3,851,851,852,10486667,2741796,PASS,4963,6002,10,20,2,16
XMSSMT-SHA2_20/2_256,PUB_R3,852,852,853,5994407,2453093,PASS,4963,6002,10,20,2,16
XMSSMT-SHA2_20/2_256,PUB_R3,853,853,854,5881759,2581556,PASS,4963,6002,10,20,2,16
XMSSMT-SHA2_20/2_256,PUB_R3,854,854,855,5902908,2553759,PASS,4963,6002,10,20,2,16
XMSSMT-SHA2_20/2_256,PUB_R3,855,855,856,15214778,2772444,PASS,4963,6002,10,20,2,16
XMSSMT-SHA2_20/2_256,PUB_R3,856,856,857,10825296,2423408,PASS,4963,6002,10,20,2,16
XMSSMT-SHA2_20/2_256,PUB_R3,857,857,858,5852055,2615611,PASS,4963,6002,10,20,2,16
XMSSMT-SHA2_20/2_256,PUB_R3,858,858,859,5961000,2485093,PASS,4963,6002,10,20,2,16
XMSSMT-SHA2_20/2_256,PUB_R3,859,859,860,10688667,2550278,PASS,4963,6002,10,20,2,16
XMSSMT-SHA2_20/2_256,PUB_R3,860,860,861,5968112,2483371,PASS,4963,6002,10,20,2,16
XMSSMT-SHA2_20/2_256,PUB_R3,861,861,862,5923352,2550296,PASS,4963,6002,10,20,2,16
XMSSMT-SHA2_20/2_256,PUB_R3,862,862,863,5891148,2546630,PASS,4963,6002,10,20,2,16
XMSSMT-SHA2_20/2_256,PUB_R3,863,863,864,15403018,2577186,PASS,4963,6002,10,20,2,16
XMSSMT-SHA2_20/2_256,PUB_R3,864,864,865,17891648,2449167,PASS,4963,6002,10,20,2,16
XMSSMT-SHA2_20/2_256,PUB_R3,865,865,866,15498334,2488241,PASS,4963,6002,10,20,2,16
XMSSMT-SHA2_20/2_256,PUB_R3,866,866,867,17813777,2549612,PASS,4963,6002,10,20,2,16
XMSSMT-SHA2_20/2_256,PUB_R3,867,867,868,15370870,2610000,PASS,4963,6002,10,20,2,16
XMSSMT-SHA2_20/2_256,PUB_R3,868,868,869,17797351,2579092,PASS,4963,6002,10,20,2,16
XMSSMT-SHA2_20/2_256,PUB_R3,869,869,870,15307074,2678277,PASS,4963,6002,10,20,2,16
XMSSMT-SHA2_20/2_256,PUB_R3,870,870,871,8291130,2550240,PASS,4963,6002,10,20,2,16
XMSSMT-SHA2_20/2_256,PUB_R3,871,871,872,15441222,2551129,PASS,4963,6002,10,20,2,16
XMSSMT-SHA2_20/2_256,PUB_R3,872,872,873,10700963,2513944,PASS,4963,6002,10,20,2,16
XMSSMT-SHA2_20/2_256,PUB_R3,873,873,874,5910148,2563130,PASS,4963,6002,10,20,2,16
XMSSMT-SHA2_20/2_256,PUB_R3,874,874,875,5965630,2484870,PASS,4963,6002,10,20,2,16
XMSSMT-SHA2_20/2_256,PUB_R3,875,875,876,10514463,2718240,PASS,4963,6002,10,20,2,16
XMSSMT-SHA2_20/2_256,PUB_R3,876,876,877,5974315,2491333,PASS,4963,6002,10,20,2,16
XMSSMT-SHA2_20/2_256,PUB_R3,877,877,878,5889722,2577481,PASS,4963,6002,10,20,2,16
XMSSMT-SHA2_20/2_256,PUB_R3,878,878,879,5991555,2451389,PASS,4963,6002,10,20,2,16
XMSSMT-SHA2_20/2_256,PUB_R3,879,879,880,15393704,2617445,PASS,4963,6002,10,20,2,16
XMSSMT-SHA2_20/2_256,PUB_R3,880,880,881,17812759,2561241,PASS,4963,6002,10,20,2,16
XMSSMT-SHA2_20/2_256,PUB_R3,881,881,882,15412796,2581074,PASS,4963,6002,10,20,2,16
XMSSMT-SHA2_20/2_256,PUB_R3,882,882,883,8232370,2608555,PASS,4963,6002,10,20,2,16
XMSSMT-SHA2_20/2_256,PUB_R3,883,883,884,10562833,2674056,PASS,4963,6002,10,20,2,16
XMSSMT-SHA2_20/2_256,PUB_R3,884,884,885,5841296,2627223,PASS,4963,6002,10,20,2,16
XMSSMT-SHA2_20/2_256,PUB_R3,885,885,886,5943481,2516130,PASS,4963,6002,10,20,2,16
XMSSMT-SHA2_20/2_256,PUB_R3,886,886,887,5873260,2579482,PASS,4963,6002,10,20,2,16
XMSSMT-SHA2_20/2_256,PUB_R3,887,887,888,15437648,2546908,PASS,4963,6002,10,20,2,16
XMSSMT-SHA2_20/2_256,PUB_R3,888,888,889,10691815,2523408,PASS,4963,6002,10,20,2,16
XMSSMT-SHA2_20/2_256,PUB_R3,889,889,890,5747426,2707408,PASS,4963,6002,10,20,2,16
XMSSMT-SHA2_20/2_256,PUB_R3,890,890,891,5970815,2503778,PASS,4963,6002,10,20,2,16
XMSSMT-SHA2_20/2_256,PUB_R3,891,891,892,10538686,2672388,PASS,4963,6002,10,20,2,16
XMSSMT-SHA2_20/2_256,PUB_R3,892,892,893,5859445,2612203,PASS,4963,6002,10,20,2,16
XMSSMT-SHA2_20/2_256,PUB_R3,893,893,894,5885444,2585611,PASS,4963,6002,10,20,2,16
XMSSMT-SHA2_20/2_256,PUB_R3,894,894,895,5986500,2485444,PASS,4963,6002,10,20,2,16
XMSSMT-SHA2_20/2_256,PUB_R3,895,895,896,15521074,2484462,PASS,4963,6002,10,20,2,16
XMSSMT-SHA2_20/2_256,PUB_R3,896,896,897,17871945,2481537,PASS,4963,6002,10,20,2,16
XMSSMT-SHA2_20/2_256,PUB_R3,897,897,898,15452222,2554945,PASS,4963,6002,10,20,2,16
XMSSMT-SHA2_20/2_256,PUB_R3,898,898,899,17760130,2624277,PASS,4963,6002,10,20,2,16
XMSSMT-SHA2_20/2_256,PUB_R3,899,899,900,15392778,2611074,PASS,4963,6002,10,20,2,16
XMSSMT-SHA2_20/2_256,PUB_R3,900,900,901,17840204,2550611,PASS,4963,6002,10,20,2,16
XMSSMT-SHA2_20/2_256,PUB_R3,901,901,902,15415315,2582315,PASS,4963,6002,10,20,2,16
XMSSMT-SHA2_20/2_256,PUB_R3,902,902,903,17700296,2678889,PASS,4963,6002,10,20,2,16
XMSSMT-SHA2_20/2_256,PUB_R3,903,903,904,15496667,2517426,PASS,4963,6002,10,20,2,16
XMSSMT-SHA2_20/2_256,PUB_R3,904,904,905,17871259,2539352,PASS,4963,6002,10,20,2,16
XMSSMT-SHA2_20/2_256,PUB_R3,905,905,906,15387371,2625334,PASS,4963,6002,10,20,2,16
XMSSMT-SHA2_20/2_256,PUB_R3,906,906,907,17841593,2548389,PASS,4963,6002,10,20,2,16
XMSSMT-SHA2_20/2_256,PUB_R3,907,907,908,15320426,2680408,PASS,4963,6002,10,20,2,16
XMSSMT-SHA2_20/2_256,PUB_R3,908,908,909,17760278,2616704,PASS,4963,6002,10,20,2,16
XMSSMT-SHA2_20/2_256,PUB_R3,909,909,910,15454944,2547371,PASS,4963,6002,10,20,2,16
XMSSMT-SHA2_20/2_256,PUB_R3,910,910,911,17879982,2515852,PASS,4963,6002,10,20,2,16
XMSSMT-SHA2_20/2_256,PUB_R3,911,911,912,15540648,2466259,PASS,4963,6002,10,20,2,16
XMSSMT-SHA2_20/2_256,PUB_R3,912,912,913,17839482,2521019,PASS,4963,6002,10,20,2,16
XMSSMT-SHA2_20/2_256,PUB_R3,913,913,914,15486166,2515593,PASS,4963,6002,10,20,2,16
XMSSMT-SHA2_20/2_256,PUB_R3,914,914,915,8287204,2549926,PASS,4963,6002,10,20,2,16
XMSSMT-SHA2_20/2_256,PUB_R3,915,915,916,10691037,2544981,PASS,4963,6002,10,20,2,16
XMSSMT-SHA2_20/2_256,PUB_R3,916,916,917,5849185,2613870,PASS,4963,6002,10,20,2,16
XMSSMT-SHA2_20/2_256,PUB_R3,917,917,918,5938241,2514463,PASS,4963,6002,10,20,2,16
XMSSMT-SHA2_20/2_256,PUB_R3,918,918,919,5966945,2503945,PASS,4963,6002,10,20,2,16
XMSSMT-SHA2_20/2_256,PUB_R3,919,919,920,15474963,2512852,PASS,4963,6002,10,20,2,16
XMSSMT-SHA2_20/2_256,PUB_R3,920,920,921,10515278,2713537,PASS,4963,6002,10,20,2,16
XMSSMT-SHA2_20/2_256,PUB_R3,921,921,922,5934593,2515889,PASS,4963,6002,10,20,2,16
XMSSMT-SHA2_20/2_256,PUB_R3,922,922,923,5999315,2468167,PASS,4963,6002,10,20,2,16
XMSSMT-SHA2_20/2_256,PUB_R3,923,923,924,10637463,2580056,PASS,4963,6002,10,20,2,16
XMSSMT-SHA2_20/2_256,PUB_R3,924,924,925,5750574,2698389,PASS,4963,6002,10,20,2,16
XMSSMT-SHA2_20/2_256,PUB_R3,925,925,926,5869870,2583278,PASS,4963,6002,10,20,2,16
XMSSMT-SHA2_20/2_256,PUB_R3,926,926,927,5944056,2517074,PASS,4963,6002,10,20,2,16
XMSSMT-SHA2_20/2_256,PUB_R3,927,927,928,15284833,2712759,PASS,4963,6002,10,20,2,16
XMSSMT-SHA2_20/2_256,PUB_R3,928,928,929,17678870,2676093,PASS,4963,6002,10,20,2,16
XMSSMT-SHA2_20/2_256,PUB_R3,929,929,930,15432704,2548796,PASS,4963,6002,10,20,2,16
XMSSMT-SHA2_20/2_256,PUB_R3,930,930,931,17730315,2609685,PASS,4963,6002,10,20,2,16
XMSSMT-SHA2_20/2_256,PUB_R3,931,931,932,15400315,2577778,PASS,4963,6002,10,20,2,16
XMSSMT-SHA2_20/2_256,PUB_R3,932,932,933,17711630,2607074,PASS,4963,6002,10,20,2,16
XMSSMT-SHA2_20/2_256,PUB_R3,933,933,934,15288351,2672575,PASS,4963,6002,10,20,2,16
XMSSMT-SHA2_20/2_256,PUB_R3,934,934,935,8276722,2543982,PASS,4963,6002,10,20,2,16
XMSSMT-SHA2_20/2_256,PUB_R3,935,935,936,15427963,2550500,PASS,4963,6002,10,20,2,16
XMSSMT-SHA2_20/2_256,PUB_R3,936,936,937,10462148,2734759,PASS,4963,6002,10,20,2,16
XMSSMT-SHA2_20/2_256,PUB_R3,937,937,938,5745111,2705223,PASS,4963,6002,10,20,2,16
XMSSMT-SHA2_20/2_256,PUB_R3,938,938,939,5986814,2449037,PASS,4963,6002,10,20,2,16
XMSSMT-SHA2_20/2_256,PUB_R3,939,939,940,10492334,2720833,PASS,4963,6002,10,20,2,16
XMSSMT-SHA2_20/2_256,PUB_R3,940,940,941,5764555,2672166,PASS,4963,6002,10,20,2,16
XMSSMT-SHA2_20/2_256,PUB_R3,941,941,942,5771814,2674204,PASS,4963,6002,10,20,2,16
XMSSMT-SHA2_20/2_256,PUB_R3,942,942,943,5866462,2575388,PASS,4963,6002,10,20,2,16
XMSSMT-SHA2_20/2_256,PUB_R3,943,943,944,15430945,2550444,PASS,4963,6002,10,20,2,16
XMSSMT-SHA2_20/2_256,PUB_R3,944,944,945,17672389,2678851,PASS,4963,6002,10,20,2,16
XMSSMT-SHA2_20/2_256,PUB_R3,945,945,946,15440203,2581649,PASS,4963,6002,10,20,2,16
XMSSMT-SHA2_20/2_256,PUB_R3,946,946,947,8241074,2612093,PASS,4963,6002,10,20,2,16
XMSSMT-SHA2_20/2_256,PUB_R3,947,947,948,10637944,2585074,PASS,4963,6002,10,20,2,16
XMSSMT-SHA2_20/2_256,PUB_R3,948,948,949,5964000,2513778,PASS,4963,6002,10,20,2,16
XMSSMT-SHA2_20/2_256,PUB_R3,949,949,950,5903426,2567574,PASS,4963,6002,10,20,2,16
XMSSMT-SHA2_20/2_256,PUB_R3,950,950,951,5774833,2673074,PASS,4963,6002,10,20,2,16
XMSSMT-SHA2_20/2_256,PUB_R3,951,951,952,15571871,2422537,PASS,4963,6002,10,20,2,16
XMSSMT-SHA2_20/2_256,PUB_R3,952,952,953,10715204,2515537,PASS,4963,6002,10,20,2,16
XMSSMT-SHA2_20/2_256,PUB_R3,953,953,954,5974389,2486111,PASS,4963,6002,10,20,2,16
XMSSMT-SHA2_20/2_256,PUB_R3,954,954,955,5908278,2544963,PASS,4963,6002,10,20,2,16
XMSSMT-SHA2_20/2_256,PUB_R3,955,955,956,10490037,2741796,PASS,4963,6002,10,20,2,16
XMSSMT-SHA2_20/2_256,PUB_R3,956,956,957,6020481,2416704,PASS,4963,6002,10,20,2,16
XMSSMT-SHA2_20/2_256,PUB_R3,957,957,958,5982463,2482667,PASS,4963,6002,10,20,2,16
XMSSMT-SHA2_20/2_256,PUB_R3,958,958,959,5933648,2516167,PASS,4963,6002,10,20,2,16
XMSSMT-SHA2_20/2_256,PUB_R3,959,959,960,15529000,2492519,PASS,4963,6002,10,20,2,16
XMSSMT-SHA2_20/2_256,PUB_R3,960,960,961,17953204,2433371,PASS,4963,6002,10,20,2,16
XMSSMT-SHA2_20/2_256,PUB_R3,961,961,962,15410889,2581241,PASS,4963,6002,10,20,2,16
XMSSMT-SHA2_20/2_256,PUB_R3,962,962,963,17795241,2579315,PASS,4963,6002,10,20,2,16
XMSSMT-SHA2_20/2_256,PUB_R3,963,963,964,15436186,2550315,PASS,4963,6002,10,20,2,16
XMSSMT-SHA2_20/2_256,PUB_R3,964,964,965,17627222,2739667,PASS,4963,6002,10,20,2,16
XMSSMT-SHA2_20/2_256,PUB_R3,965,965,966,15413574,2584371,PASS,4963,6002,10,20,2,16
XMSSMT-SHA2_20/2_256,PUB_R3,966,966,967,8335759,2512797,PASS,4963,6002,10,20,2,16
XMSSMT-SHA2_20/2_256,PUB_R3,967,967,968,15473481,2514889,PASS,4963,6002,10,20,2,16
XMSSMT-SHA2_20/2_256,PUB_R3,968,968,969,10737463,2482574,PASS,4963,6002,10,20,2,16
XMSSMT-SHA2_20/2_256,PUB_R3,969,969,970,5942797,2518630,PASS,4963,6002,10,20,2,16
XMSSMT-SHA2_20/2_256,PUB_R3,970,970,971,5973333,2481926,PASS,4963,6002,10,20,2,16
XMSSMT-SHA2_20/2_256,PUB_R3,971,971,972,10706296,2519370,PASS,4963,6002,10,20,2,16
XMSSMT-SHA2_20/2_256,PUB_R3,972,972,973,5998148,2453722,PASS,4963,6002,10,20,2,16
XMSSMT-SHA2_20/2_256,PUB_R3,973,973,974,5912481,2555000,PASS,4963,6002,10,20,2,16
XMSSMT-SHA2_20/2_256,PUB_R3,974,974,975,5958277,2485204,PASS,4963,6002,10,20,2,16
XMSSMT-SHA2_20/2_256,PUB_R3,975,975,976,15449889,2550407,PASS,4963,6002,10,20,2,16
XMSSMT-SHA2_20/2_256,PUB_R3,976,976,977,17695148,2694186,PASS,4963,6002,10,20,2,16
XMSSMT-SHA2_20/2_256,PUB_R3,977,977,978,15381037,2620148,PASS,4963,6002,10,20,2,16
XMSSMT-SHA2_20/2_256,PUB_R3,978,978,979,8226129,2611908,PASS,4963,6002,10,20,2,16
XMSSMT-SHA2_20/2_256,PUB_R3,979,979,980,10684629,2547426,PASS,4963,6002,10,20,2,16
XMSSMT-SHA2_20/2_256,PUB_R3,980,980,981,5912055,2546297,PASS,4963,6002,10,20,2,16
XMSSMT-SHA2_20/2_256,PUB_R3,981,981,982,5721037,2731907,PASS,4963,6002,10,20,2,16
XMSSMT-SHA2_20/2_256,PUB_R3,982,982,983,5868981,2591667,PASS,4963,6002,10,20,2,16
XMSSMT-SHA2_20/2_256,PUB_R3,983,983,984,15438667,2561407,PASS,4963,6002,10,20,2,16
XMSSMT-SHA2_20/2_256,PUB_R3,984,984,985,10759944,2455204,PASS,4963,6002,10,20,2,16
XMSSMT-SHA2_20/2_256,PUB_R3,985,985,986,5887741,2578333,PASS,4963,6002,10,20,2,16
XMSSMT-SHA2_20/2_256,PUB_R3,986,986,987,5861833,2595334,PASS,4963,6002,10,20,2,16
XMSSMT-SHA2_20/2_256,PUB_R3,987,987,988,10714759,2519204,PASS,4963,6002,10,20,2,16
XMSSMT-SHA2_20/2_256,PUB_R3,988,988,989,5747037,2708981,PASS,4963,6002,10,20,2,16
XMSSMT-SHA2_20/2_256,PUB_R3,989,989,990,5965333,2484204,PASS,4963,6002,10,20,2,16
XMSSMT-SHA2_20/2_256,PUB_R3,990,990,991,5841815,2608518,PASS,4963,6002,10,20,2,16
XMSSMT-SHA2_20/2_256,PUB_R3,991,991,992,15444296,2551130,PASS,4963,6002,10,20,2,16
XMSSMT-SHA2_20/2_256,PUB_R3,992,992,993,17780241,2611797,PASS,4963,6002,10,20,2,16
XMSSMT-SHA2_20/2_256,PUB_R3,993,993,994,15481167,2516555,PASS,4963,6002,10,20,2,16
XMSSMT-SHA2_20/2_256,PUB_R3,994,994,995,8179056,2678722,PASS,4963,6002,10,20,2,16
XMSSMT-SHA2_20/2_256,PUB_R3,995,995,996,10509611,2705648,PASS,4963,6002,10,20,2,16
XMSSMT-SHA2_20/2_256,PUB_R3,996,996,997,5841740,2609056,PASS,4963,6002,10,20,2,16
XMSSMT-SHA2_20/2_256,PUB_R3,997,997,998,5902908,2556592,PASS,4963,6002,10,20,2,16
XMSSMT-SHA2_20/2_256,PUB_R3,998,998,999,6004723,2456037,PASS,4963,6002,10,20,2,16
XMSSMT-SHA2_20/2_256,PUB_R3,999,999,1000,15403889,2575796,PASS,4963,6002,10,20,2,16
XMSSMT-SHA2_20/2_256,PUB_R3,1000,1000,1001,10708945,2515092,PASS,4963,6002,10,20,2,16
XMSSMT-SHA2_20/2_256,PUB_R3,1001,1001,1002,5838574,2630685,PASS,4963,6002,10,20,2,16
XMSSMT-SHA2_20/2_256,PUB_R3,1002,1002,1003,5876760,2581463,PASS,4963,6002,10,20,2,16
XMSSMT-SHA2_20/2_256,PUB_R3,1003,1003,1004,10662778,2547352,PASS,4963,6002,10,20,2,16
XMSSMT-SHA2_20/2_256,PUB_R3,1004,1004,1005,5840130,2609037,PASS,4963,6002,10,20,2,16
XMSSMT-SHA2_20/2_256,PUB_R3,1005,1005,1006,5988796,2484278,PASS,4963,6002,10,20,2,16
XMSSMT-SHA2_20/2_256,PUB_R3,1006,1006,1007,5779777,2677315,PASS,4963,6002,10,20,2,16
XMSSMT-SHA2_20/2_256,PUB_R3,1007,1007,1008,15500055,2489352,PASS,4963,6002,10,20,2,16
XMSSMT-SHA2_20/2_256,PUB_R3,1008,1008,1009,10546056,2669518,PASS,4963,6002,10,20,2,16
XMSSMT-SHA2_20/2_256,PUB_R3,1009,1009,1010,5930482,2510703,PASS,4963,6002,10,20,2,16
XMSSMT-SHA2_20/2_256,PUB_R3,1010,1010,1011,5863241,2576278,PASS,4963,6002,10,20,2,16
XMSSMT-SHA2_20/2_256,PUB_R3,1011,1011,1012,10622759,2578574,PASS,4963,6002,10,20,2,16
XMSSMT-SHA2_20/2_256,PUB_R3,1012,1012,1013,5893704,2549333,PASS,4963,6002,10,20,2,16
XMSSMT-SHA2_20/2_256,PUB_R3,1013,1013,1014,5902649,2552537,PASS,4963,6002,10,20,2,16
XMSSMT-SHA2_20/2_256,PUB_R3,1014,1014,1015,6018741,2420833,PASS,4963,6002,10,20,2,16
XMSSMT-SHA2_20/2_256,PUB_R3,1015,1015,1016,10652222,2573741,PASS,4963,6002,10,20,2,16
XMSSMT-SHA2_20/2_256,PUB_R3,1016,1016,1017,5963741,2481648,PASS,4963,6002,10,20,2,16
XMSSMT-SHA2_20/2_256,PUB_R3,1017,1017,1018,5868519,2581129,PASS,4963,6002,10,20,2,16
XMSSMT-SHA2_20/2_256,PUB_R3,1018,1018,1019,5824555,2608889,PASS,4963,6002,10,20,2,16
XMSSMT-SHA2_20/2_256,PUB_R3,1019,1019,1020,5867278,2576296,PASS,4963,6002,10,20,2,16
XMSSMT-SHA2_20/2_256,PUB_R3,1020,1020,1021,5829666,2610889,PASS,4963,6002,10,20,2,16
XMSSMT-SHA2_20/2_256,PUB_R3,1021,1021,1022,3521426,2540667,PASS,4963,6002,10,20,2,16
XMSSMT-SHA2_20/2_256,PUB_R3,1022,1022,1023,5896759,2547852,PASS,4963,6002,10,20,2,16
XMSSMT-SHA2_20/2_256,PUB_R3,1023,1023,1024,7126037,2483981,PASS,4963,6002,10,20,2,16
XMSSMT-SHA2_20/2_256,PUB_R3,1024,1024,1025,5922963,2515019,PASS,4963,6002,10,20,2,16
XMSSMT-SHA2_20/2_256,PUB_R3,1025,1025,1026,5992945,2447834,PASS,4963,6002,10,20,2,16
XMSSMT-SHA2_20/2_256,PUB_R3,1026,1026,1027,5981833,2481092,PASS,4963,6002,10,20,2,16
XMSSMT-SHA2_20/2_256,PUB_R3,1027,1027,1028,10634445,2580463,PASS,4963,6002,10,20,2,16
XMSSMT-SHA2_20/2_256,PUB_R3,1028,1028,1029,5825778,2606278,PASS,4963,6002,10,20,2,16
XMSSMT-SHA2_20/2_256,PUB_R3,1029,1029,1030,5836556,2625889,PASS,4963,6002,10,20,2,16
XMSSMT-SHA2_20/2_256,PUB_R3,1030,1030,1031,5929482,2516111,PASS,4963,6002,10,20,2,16
XMSSMT-SHA2_20/2_256,PUB_R3,1031,1031,1032,15572722,2417944,PASS,4963,6002,10,20,2,16
XMSSMT-SHA2_20/2_256,PUB_R3,1032,1032,1033,10668740,2545260,PASS,4963,6002,10,20,2,16
XMSSMT-SHA2_20/2_256,PUB_R3,1033,1033,1034,5868667,2584000,PASS,4963,6002,10,20,2,16
XMSSMT-SHA2_20/2_256,PUB_R3,1034,1034,1035,5844037,2610334,PASS,4963,6002,10,20,2,16
XMSSMT-SHA2_20/2_256,PUB_R3,1035,1035,1036,10611074,2609592,PASS,4963,6002,10,20,2,16
XMSSMT-SHA2_20/2_256,PUB_R3,1036,1036,1037,5842704,2607834,PASS,4963,6002,10,20,2,16
XMSSMT-SHA2_20/2_256,PUB_R3,1037,1037,1038,5947685,2520537,PASS,4963,6002,10,20,2,16
XMSSMT-SHA2_20/2_256,PUB_R3,1038,1038,1039,5998592,2455186,PASS,4963,6002,10,20,2,16
XMSSMT-SHA2_20/2_256,PUB_R3,1039,1039,1040,15445111,2549537,PASS,4963,6002,10,20,2,16
XMSSMT-SHA2_20/2_256,PUB_R3,1040,1040,1041,17797278,2576333,PASS,4963,6002,10,20,2,16
XMSSMT-SHA2_20/2_256,PUB_R3,1041,1041,1042,15483666,2519574,PASS,4963,6002,10,20,2,16
XMSSMT-SHA2_20/2_256,PUB_R3,1042,1042,1043,8214185,2609667,PASS,4963,6002,10,20,2,16
XMSSMT-SHA2_20/2_256,PUB_R3,1043,1043,1044,10770834,2452445,PASS,4963,6002,10,20,2,16
XMSSMT-SHA2_20/2_256,PUB_R3,1044,1044,1045,5903260,2550908,PASS,4963,6002,10,20,2,16
XMSSMT-SHA2_20/2_256,PUB_R3,1045,1045,1046,5931463,2514148,PASS,4963,6002,10,20,2,16
XMSSMT-SHA2_20/2_256,PUB_R3,1046,1046,1047,5985537,2461519,PASS,4963,6002,10,20,2,16
XMSSMT-SHA2_20/2_256,PUB_R3,1047,1047,1048,15417611,2587259,PASS,4963,6002,10,20,2,16
XMSSMT-SHA2_20/2_256,PUB_R3,1048,1048,1049,10591019,2624556,PASS,4963,6002,10,20,2,16
XMSSMT-SHA2_20/2_256,PUB_R3,1049,1049,1050,6030074,2418778,PASS,4963,6002,10,20,2,16
XMSSMT-SHA2_20/2_256,PUB_R3,1050,1050,1051,5830926,2623926,PASS,4963,6002,10,20,2,16
XMSSMT-SHA2_20/2_256,PUB_R3,1051,1051,1052,10710018,2520167,PASS,4963,6002,10,20,2,16
XMSSMT-SHA2_20/2_256,PUB_R3,1052,1052,1053,5849962,2613537,PASS,4963,6002,10,20,2,16
XMSSMT-SHA2_20/2_256,PUB_R3,1053,1053,1054,5834741,2618667,PASS,4963,6002,10,20,2,16
XMSSMT-SHA2_20/2_256,PUB_R3,1054,1054,1055,5836537,2609240,PASS,4963,6002,10,20,2,16
XMSSMT-SHA2_20/2_256,PUB_R3,1055,1055,1056,15384074,2610055,PASS,4963,6002,10,20,2,16
XMSSMT-SHA2_20/2_256,PUB_R3,1056,1056,1057,17899351,2484574,PASS,4963,6002,10,20,2,16
XMSSMT-SHA2_20/2_256,PUB_R3,1057,1057,1058,15404018,2579352,PASS,4963,6002,10,20,2,16
XMSSMT-SHA2_20/2_256,PUB_R3,1058,1058,1059,17808648,2588667,PASS,4963,6002,10,20,2,16
XMSSMT-SHA2_20/2_256,PUB_R3,1059,1059,1060,15372555,2611055,PASS,4963,6002,10,20,2,16
XMSSMT-SHA2_20/2_256,PUB_R3,1060,1060,1061,17793722,2582870,PASS,4963,6002,10,20,2,16
XMSSMT-SHA2_20/2_256,PUB_R3,1061,1061,1062,15372649,2613555,PASS,4963,6002,10,20,2,16
XMSSMT-SHA2_20/2_256,PUB_R3,1062,1062,1063,8323851,2527574,PASS,4963,6002,10,20,2,16
XMSSMT-SHA2_20/2_256,PUB_R3,1063,1063,1064,15379741,2610148,PASS,4963,6002,10,20,2,16
XMSSMT-SHA2_20/2_256,PUB_R3,1064,1064,1065,10760037,2460797,PASS,4963,6002,10,20,2,16
XMSSMT-SHA2_20/2_256,PUB_R3,1065,1065,1066,5939093,2515611,PASS,4963,6002,10,20,2,16
XMSSMT-SHA2_20/2_256,PUB_R3,1066,1066,1067,5959722,2492055,PASS,4963,6002,10,20,2,16
XMSSMT-SHA2_20/2_256,PUB_R3,1067,1067,1068,10680204,2546055,PASS,4963,6002,10,20,2,16
XMSSMT-SHA2_20/2_256,PUB_R3,1068,1068,1069,5876408,2576537,PASS,4963,6002,10,20,2,16
XMSSMT-SHA2_20/2_256,PUB_R3,1069,1069,1070,6007388,2451482,PASS,4963,6002,10,20,2,16
XMSSMT-SHA2_20/2_256,PUB_R3,1070,1070,1071,5949945,2514612,PASS,4963,6002,10,20,2,16
XMSSMT-SHA2_20/2_256,PUB_R3,1071,1071,1072,15479574,2516723,PASS,4963,6002,10,20,2,16
XMSSMT-SHA2_20/2_256,PUB_R3,1072,1072,1073,17715871,2677741,PASS,4963,6002,10,20,2,16
XMSSMT-SHA2_20/2_256,PUB_R3,1073,1073,1074,15468500,2515278,PASS,4963,6002,10,20,2,16
XMSSMT-SHA2_20/2_256,PUB_R3,1074,1074,1075,8327963,2512426,PASS,4963,6002,10,20,2,16
XMSSMT-SHA2_20/2_256,PUB_R3,1075,1075,1076,10731555,2501741,PASS,4963,6002,10,20,2,16
XMSSMT-SHA2_20/2_256,PUB_R3,1076,1076,1077,5829685,2630111,PASS,4963,6002,10,20,2,16
XMSSMT-SHA2_20/2_256,PUB_R3,1077,1077,1078,5936834,2524519,PASS,4963,6002,10,20,2,16
XMSSMT-SHA2_20/2_256,PUB_R3,1078,1078,1079,5834222,2610963,PASS,4963,6002,10,20,2,16
XMSSMT-SHA2_20/2_256,PUB_R3,1079,1079,1080,15425740,2542444,PASS,4963,6002,10,20,2,16
XMSSMT-SHA2_20/2_256,PUB_R3,1080,1080,1081,10615315,2613593,PASS,4963,6002,10,20,2,16
XMSSMT-SHA2_20/2_256,PUB_R3,1081,1081,1082,5773148,2688556,PASS,4963,6002,10,20,2,16
XMSSMT-SHA2_20/2_256,PUB_R3,1082,1082,1083,5614203,2830055,PASS,4963,6002,10,20,2,16
XMSSMT-SHA2_20/2_256,PUB_R3,1083,1083,1084,10663445,2541055,PASS,4963,6002,10,20,2,16
XMSSMT-SHA2_20/2_256,PUB_R3,1084,1084,1085,5928408,2510926,PASS,4963,6002,10,20,2,16
XMSSMT-SHA2_20/2_256,PUB_R3,1085,1085,1086,5887593,2582167,PASS,4963,6002,10,20,2,16
XMSSMT-SHA2_20/2_256,PUB_R3,1086,1086,1087,5838648,2613222,PASS,4963,6002,10,20,2,16
XMSSMT-SHA2_20/2_256,PUB_R3,1087,1087,1088,15447556,2548555,PASS,4963,6002,10,20,2,16
XMSSMT-SHA2_20/2_256,PUB_R3,1088,1088,1089,17769148,2613204,PASS,4963,6002,10,20,2,16
XMSSMT-SHA2_20/2_256,PUB_R3,1089,1089,1090,15268611,2707593,PASS,4963,6002,10,20,2,16
XMSSMT-SHA2_20/2_256,PUB_R3,1090,1090,1091,17788204,2578777,PASS,4963,6002,10,20,2,16
XMSSMT-SHA2_20/2_256,PUB_R3,1091,1091,1092,15261592,2701852,PASS,4963,6002,10,20,2,16
XMSSMT-SHA2_20/2_256,PUB_R3,1092,1092,1093,17815982,2547963,PASS,4963,6002,10,20,2,16
XMSSMT-SHA2_20/2_256,PUB_R3,1093,1093,1094,15481500,2481166,PASS,4963,6002,10,20,2,16
XMSSMT-SHA2_20/2_256,PUB_R3,1094,1094,1095,17795630,2547093,PASS,4963,6002,10,20,2,16
XMSSMT-SHA2_20/2_256,PUB_R3,1095,1095,1096,15287241,2669611,PASS,4963,6002,10,20,2,16
XMSSMT-SHA2_20/2_256,PUB_R3,1096,1096,1097,17877426,2482500,PASS,4963,6002,10,20,2,16
XMSSMT-SHA2_20/2_256,PUB_R3,1097,1097,1098,15392074,2580222,PASS,4963,6002,10,20,2,16
XMSSMT-SHA2_20/2_256,PUB_R3,1098,1098,1099,17675315,2671129,PASS,4963,6002,10,20,2,16
XMSSMT-SHA2_20/2_256,PUB_R3,1099,1099,1100,15450777,2514259,PASS,4963,6002,10,20,2,16
XMSSMT-SHA2_20/2_256,PUB_R3,1100,1100,1101,17761834,2583426,PASS,4963,6002,10,20,2,16
XMSSMT-SHA2_20/2_256,PUB_R3,1101,1101,1102,15447278,2549408,PASS,4963,6002,10,20,2,16
XMSSMT-SHA2_20/2_256,PUB_R3,1102,1102,1103,17901074,2484778,PASS,4963,6002,10,20,2,16
XMSSMT-SHA2_20/2_256,PUB_R3,1103,1103,1104,15306667,2707130,PASS,4963,6002,10,20,2,16
XMSSMT-SHA2_20/2_256,PUB_R3,1104,1104,1105,17813667,2549074,PASS,4963,6002,10,20,2,16
XMSSMT-SHA2_20/2_256,PUB_R3,1105,1105,1106,15321074,2670519,PASS,4963,6002,10,20,2,16
XMSSMT-SHA2_20/2_256,PUB_R3,1106,1106,1107,8234685,2614129,PASS,4963,6002,10,20,2,16
XMSSMT-SHA2_20/2_256,PUB_R3,1107,1107,1108,10448018,2771037,PASS,4963,6002,10,20,2,16
XMSSMT-SHA2_20/2_256,PUB_R3,1108,1108,1109,5908870,2544963,PASS,4963,6002,10,20,2,16
XMSSMT-SHA2_20/2_256,PUB_R3,1109,1109,1110,5771130,2688315,PASS,4963,6002,10,20,2,16
XMSSMT-SHA2_20/2_256,PUB_R3,1110,1110,1111,5969426,2480018,PASS,4963,6002,10,20,2,16
XMSSMT-SHA2_20/2_256,PUB_R3,1111,1111,1112,15483167,2514482,PASS,4963,6002,10,20,2,16
XMSSMT-SHA2_20/2_256,PUB_R3,1112,1112,1113,10682000,2552240,PASS,4963,6002,10,20,2,16
XMSSMT-SHA2_20/2_256,PUB_R3,1113,1113,1114,5872593,2595074,PASS,4963,6002,10,20,2,16
XMSSMT-SHA2_20/2_256,PUB_R3,1114,1114,1115,5779389,2674555,PASS,4963,6002,10,20,2,16
XMSSMT-SHA2_20/2_256,PUB_R3,1115,1115,1116,10734223,2480740,PASS,4963,6002,10,20,2,16
XMSSMT-SHA2_20/2_256,PUB_R3,1116,1116,1117,5909204,2549611,PASS,4963,6002,10,20,2,16
XMSSMT-SHA2_20/2_256,PUB_R3,1117,1117,1118,5862463,2609500,PASS,4963,6002,10,20,2,16
XMSSMT-SHA2_20/2_256,PUB_R3,1118,1118,1119,5675370,2770185,PASS,4963,6002,10,20,2,16
XMSSMT-SHA2_20/2_256,PUB_R3,1119,1119,1120,15453667,2548722,PASS,4963,6002,10,20,2,16
XMSSMT-SHA2_20/2_256,PUB_R3,1120,1120,1121,17920315,2484112,PASS,4963,6002,10,20,2,16
XMSSMT-SHA2_20/2_256,PUB_R3,1121,1121,1122,15374037,2612648,PASS,4963,6002,10,20,2,16
XMSSMT-SHA2_20/2_256,PUB_R3,1122,1122,1123,17878556,2481870,PASS,4963,6002,10,20,2,16
XMSSMT-SHA2_20/2_256,PUB_R3,1123,1123,1124,15438370,2545815,PASS,4963,6002,10,20,2,16
XMSSMT-SHA2_20/2_256,PUB_R3,1124,1124,1125,17876166,2479815,PASS,4963,6002,10,20,2,16
XMSSMT-SHA2_20/2_256,PUB_R3,1125,1125,1126,15383260,2616481,PASS,4963,6002,10,20,2,16
XMSSMT-SHA2_20/2_256,PUB_R3,1126,1126,1127,8395556,2450703,PASS,4963,6002,10,20,2,16
XMSSMT-SHA2_20/2_256,PUB_R3,1127,1127,1128,15434778,2545593,PASS,4963,6002,10,20,2,16
XMSSMT-SHA2_20/2_256,PUB_R3,1128,1128,1129,10632463,2576778,PASS,4963,6002,10,20,2,16
XMSSMT-SHA2_20/2_256,PUB_R3,1129,1129,1130,5714704,2736408,PASS,4963,6002,10,20,2,16
XMSSMT-SHA2_20/2_256,PUB_R3,1130,1130,1131,5964333,2484185,PASS,4963,6002,10,20,2,16
XMSSMT-SHA2_20/2_256,PUB_R3,1131,1131,1132,10665148,2563204,PASS,4963,6002,10,20,2,16
XMSSMT-SHA2_20/2_256,PUB_R3,1132,1132,1133,5830463,2607222,PASS,4963,6002,10,20,2,16
XMSSMT-SHA2_20/2_256,PUB_R3,1133,1133,1134,5649167,2815426,PASS,4963,6002,10,20,2,16
XMSSMT-SHA2_20/2_256,PUB_R3,1134,1134,1135,5830889,2606037,PASS,4963,6002,10,20,2,16
XMSSMT-SHA2_20/2_256,PUB_R3,1135,1135,1136,15504204,2485445,PASS,4963,6002,10,20,2,16
XMSSMT-SHA2_20/2_256,PUB_R3,1136,1136,1137,17913074,2461889,PASS,4963,6002,10,20,2,16
XMSSMT-SHA2_20/2_256,PUB_R3,1137,1137,1138,15410574,2577240,PASS,4963,6002,10,20,2,16
XMSSMT-SHA2_20/2_256,PUB_R3,1138,1138,1139,8273334,2579463,PASS,4963,6002,10,20,2,16
XMSSMT-SHA2_20/2_256,PUB_R3,1139,1139,1140,10654092,2577463,PASS,4963,6002,10,20,2,16
XMSSMT-SHA2_20/2_256,PUB_R3,1140,1140,1141,5767926,2678703,PASS,4963,6002,10,20,2,16
XMSSMT-SHA2_20/2_256,PUB_R3,1141,1141,1142,5730519,2737333,PASS,4963,6002,10,20,2,16
XMSSMT-SHA2_20/2_256,PUB_R3,1142,1142,1143,5966352,2497686,PASS,4963,6002,10,20,2,16
XMSSMT-SHA2_20/2_256,PUB_R3,1143,1143,1144,15515945,2484556,PASS,4963,6002,10,20,2,16
XMSSMT-SHA2_20/2_256,PUB_R3,1144,1144,1145,10700481,2518815,PASS,4963,6002,10,20,2,16
XMSSMT-SHA2_20/2_256,PUB_R3,1145,1145,1146,6038852,2421889,PASS,4963,6002,10,20,2,16
XMSSMT-SHA2_20/2_256,PUB_R3,1146,1146,1147,5839185,2613815,PASS,4963,6002,10,20,2,16
XMSSMT-SHA2_20/2_256,PUB_R3,1147,1147,1148,10562167,2711204,PASS,4963,6002,10,20,2,16
XMSSMT-SHA2_20/2_256,PUB_R3,1148,1148,1149,5849759,2608796,PASS,4963,6002,10,20,2,16
XMSSMT-SHA2_20/2_256,PUB_R3,1149,1149,1150,5784426,2669018,PASS,4963,6002,10,20,2,16
XMSSMT-SHA2_20/2_256,PUB_R3,1150,1150,1151,5697648,2769333,PASS,4963,6002,10,20,2,16
XMSSMT-SHA2_20/2_256,PUB_R3,1151,1151,1152,15444426,2549426,PASS,4963,6002,10,20,2,16
XMSSMT-SHA2_20/2_256,PUB_R3,1152,1152,1153,17775259,2580630,PASS,4963,6002,10,20,2,16
XMSSMT-SHA2_20/2_256,PUB_R3,1153,1153,1154,15311944,2675241,PASS,4963,6002,10,20,2,16
XMSSMT-SHA2_20/2_256,PUB_R3,1154,1154,1155,17745222,2609556,PASS,4963,6002,10,20,2,16
XMSSMT-SHA2_20/2_256,PUB_R3,1155,1155,1156,15404519,2580296,PASS,4963,6002,10,20,2,16
XMSSMT-SHA2_20/2_256,PUB_R3,1156,1156,1157,17829204,2550185,PASS,4963,6002,10,20,2,16
XMSSMT-SHA2_20/2_256,PUB_R3,1157,1157,1158,15484426,2520815,PASS,4963,6002,10,20,2,16
XMSSMT-SHA2_20/2_256,PUB_R3,1158,1158,1159,17832815,2552204,PASS,4963,6002,10,20,2,16
XMSSMT-SHA2_20/2_256,PUB_R3,1159,1159,1160,15287130,2705778,PASS,4963,6002,10,20,2,16
XMSSMT-SHA2_20/2_256,PUB_R3,1160,1160,1161,18002463,2355407,PASS,4963,6002,10,20,2,16
XMSSMT-SHA2_20/2_256,PUB_R3,1161,1161,1162,15369982,2612130,PASS,4963,6002,10,20,2,16
XMSSMT-SHA2_20/2_256,PUB_R3,1162,1162,1163,17772259,2579629,PASS,4963,6002,10,20,2,16
XMSSMT-SHA2_20/2_256,PUB_R3,1163,1163,1164,15388648,2577315,PASS,4963,6002,10,20,2,16
XMSSMT-SHA2_20/2_256,PUB_R3,1164,1164,1165,17803926,2549759,PASS,4963,6002,10,20,2,16
XMSSMT-SHA2_20/2_256,PUB_R3,1165,1165,1166,15488648,2507814,PASS,4963,6002,10,20,2,16
XMSSMT-SHA2_20/2_256,PUB_R3,1166,1166,1167,17865722,2515834,PASS,4963,6002,10,20,2,16
XMSSMT-SHA2_20/2_256,PUB_R3,1167,1167,1168,15405223,2581685,PASS,4963,6002,10,20,2,16
XMSSMT-SHA2_20/2_256,PUB_R3,1168,1168,1169,17775204,2582408,PASS,4963,6002,10,20,2,16
XMSSMT-SHA2_20/2_256,PUB_R3,1169,1169,1170,15444370,2553407,PASS,4963,6002,10,20,2,16
XMSSMT-SHA2_20/2_256,PUB_R3,1170,1170,1171,17904463,2518778,PASS,4963,6002,10,20,2,16
XMSSMT-SHA2_20/2_256,PUB_R3,1171,1171,1172,15527797,2488703,PASS,4963,6002,10,20,2,16
XMSSMT-SHA2_20/2_256,PUB_R3,1172,1172,1173,17776074,2616741,PASS,4963,6002,10,20,2,16
XMSSMT-SHA2_20/2_256,PUB_R3,1173,1173,1174,15423111,2579241,PASS,4963,6002,10,20,2,16
XMSSMT-SHA2_20/2_256,PUB_R3,1174,1174,1175,17759240,2615555,PASS,4963,6002,10,20,2,16
XMSSMT-SHA2_20/2_256,PUB_R3,1175,1175,1176,15416759,2582556,PASS,4963,6002,10,20,2,16
XMSSMT-SHA2_20/2_256,PUB_R3,1176,1176,1177,17792834,2590945,PASS,4963,6002,10,20,2,16
XMSSMT-SHA2_20/2_256,PUB_R3,1177,1177,1178,15422463,2584222,PASS,4963,6002,10,20,2,16
XMSSMT-SHA2_20/2_256,PUB_R3,1178,1178,1179,17637389,2741611,PASS,4963,6002,10,20,2,16
XMSSMT-SHA2_20/2_256,PUB_R3,1179,1179,1180,15387185,2612222,PASS,4963,6002,10,20,2,16
XMSSMT-SHA2_20/2_256,PUB_R3,1180,1180,1181,17987963,2389092,PASS,4963,6002,10,20,2,16
XMSSMT-SHA2_20/2_256,PUB_R3,1181,1181,1182,15444426,2549130,PASS,4963,6002,10,20,2,16
XMSSMT-SHA2_20/2_256,PUB_R3,1182,1182,1183,17820518,2601537,PASS,4963,6002,10,20,2,16
XMSSMT-SHA2_20/2_256,PUB_R3,1183,1183,1184,15239093,2774685,PASS,4963,6002,10,20,2,16
XMSSMT-SHA2_20/2_256,PUB_R3,1184,1184,1185,17784648,2580648,PASS,4963,6002,10,20,2,16
XMSSMT-SHA2_20/2_256,PUB_R3,1185,1185,1186,15408889,2581815,PASS,4963,6002,10,20,2,16
XMSSMT-SHA2_20/2_256,PUB_R3,1186,1186,1187,17826204,2547852,PASS,4963,6002,10,20,2,16
XMSSMT-SHA2_20/2_256,PUB_R3,1187,1187,1188,15395444,2611037,PASS,4963,6002,10,20,2,16
XMSSMT-SHA2_20/2_256,PUB_R3,1188,1188,1189,17819370,2566149,PASS,4963,6002,10,20,2,16
XMSSMT-SHA2_20/2_256,PUB_R3,1189,1189,1190,15498056,2484500,PASS,4963,6002,10,20,2,16
XMSSMT-SHA2_20/2_256,PUB_R3,1190,1190,1191,17801333,2579889,PASS,4963,6002,10,20,2,16
XMSSMT-SHA2_20/2_256,PUB_R3,1191,1191,1192,15578945,2425722,PASS,4963,6002,10,20,2,16
XMSSMT-SHA2_20/2_256,PUB_R3,1192,1192,1193,17815222,2549037,PASS,4963,6002,10,20,2,16
XMSSMT-SHA2_20/2_256,PUB_R3,1193,1193,1194,15328926,2675167,PASS,4963,6002,10,20,2,16
XMSSMT-SHA2_20/2_256,PUB_R3,1194,1194,1195,17698037,2676852,PASS,4963,6002,10,20,2,16
XMSSMT-SHA2_20/2_256,PUB_R3,1195,1195,1196,10636926,2577111,PASS,4963,6002,10,20,2,16
XMSSMT-SHA2_20/2_256,PUB_R3,1196,1196,1197,5836611,2626222,PASS,4963,6002,10,20,2,16
XMSSMT-SHA2_20/2_256,PUB_R3,1197,1197,1198,6003426,2453482,PASS,4963,6002,10,20,2,16
XMSSMT-SHA2_20/2_256,PUB_R3,1198,1198,1199,5947241,2516834,PASS,4963,6002,10,20,2,16
XMSSMT-SHA2_20/2_256,PUB_R3,1199,1199,1200,15443296,2549093,PASS,4963,6002,10,20,2,16
XMSSMT-SHA2_20/2_256,PUB_R3,1200,1200,1201,17782166,2581185,PASS,4963,6002,10,20,2,16
XMSSMT-SHA2_20/2_256,PUB_R3,1201,1201,1202,15470000,2548037,PASS,4963,6002,10,20,2,16
XMSSMT-SHA2_20/2_256,PUB_R3,1202,1202,1203,8182185,2688407,PASS,4963,6002,10,20,2,16
XMSSMT-SHA2_20/2_256,PUB_R3,1203,1203,1204,10893389,2355481,PASS,4963,6002,10,20,2,16
XMSSMT-SHA2_20/2_256,PUB_R3,1204,1204,1205,5955130,2515796,PASS,4963,6002,10,20,2,16
XMSSMT-SHA2_20/2_256,PUB_R3,1205,1205,1206,5939370,2533204,PASS,4963,6002,10,20,2,16
XMSSMT-SHA2_20/2_256,PUB_R3,1206,1206,1207,5775222,2674982,PASS,4963,6002,10,20,2,16
XMSSMT-SHA2_20/2_256,PUB_R3,1207,1207,1208,15600722,2387278,PASS,4963,6002,10,20,2,16
XMSSMT-SHA2_20/2_256,PUB_R3,1208,1208,1209,10661055,2583203,PASS,4963,6002,10,20,2,16
XMSSMT-SHA2_20/2_256,PUB_R3,1209,1209,1210,5837759,2622926,PASS,4963,6002,10,20,2,16
XMSSMT-SHA2_20/2_256,PUB_R3,1210,1210,1211,5908111,2549908,PASS,4963,6002,10,20,2,16
XMSSMT-SHA2_20/2_256,PUB_R3,1211,1211,1212,10611463,2616760,PASS,4963,6002,10,20,2,16
XMSSMT-SHA2_20/2_256,PUB_R3,1212,1212,1213,5875204,2581297,PASS,4963,6002,10,20,2,16
XMSSMT-SHA2_20/2_256,PUB_R3,1213,1213,1214,5795111,2673185,PASS,4963,6002,10,20,2,16
XMSSMT-SHA2_20/2_256,PUB_R3,1214,1214,1215,5939574,2515666,PASS,4963,6002,10,20,2,16
XMSSMT-SHA2_20/2_256,PUB_R3,1215,1215,1216,15493037,2519241,PASS,4963,6002,10,20,2,16
XMSSMT-SHA2_20/2_256,PUB_R3,1216,1216,1217,17830722,2569481,PASS,4963,6002,10,20,2,16
XMSSMT-SHA2_20/2_256,PUB_R3,1217,1217,1218,15389074,2618296,PASS,4963,6002,10,20,2,16
XMSSMT-SHA2_20/2_256,PUB_R3,1218,1218,1219,17764074,2618407,PASS,4963,6002,10,20,2,16
XMSSMT-SHA2_20/2_256,PUB_R3,1219,1219,1220,15465222,2518426,PASS,4963,6002,10,20,2,16
XMSSMT-SHA2_20/2_256,PUB_R3,1220,1220,1221,17755575,2609481,PASS,4963,6002,10,20,2,16
XMSSMT-SHA2_20/2_256,PUB_R3,1221,1221,1222,15277889,2708482,PASS,4963,6002,10,20,2,16
XMSSMT-SHA2_20/2_256,PUB_R3,1222,1222,1223,17688889,2678722,PASS,4963,6002,10,20,2,16
XMSSMT-SHA2_20/2_256,PUB_R3,1223,1223,1224,15481592,2517834,PASS,4963,6002,10,20,2,16
XMSSMT-SHA2_20/2_256,PUB_R3,1224,1224,1225,17743445,2610778,PASS,4963,6002,10,20,2,16
XMSSMT-SHA2_20/2_256,PUB_R3,1225,1225,1226,15578963,2425204,PASS,4963,6002,10,20,2,16
XMSSMT-SHA2_20/2_256,PUB_R3,1226,1226,1227,17696500,2679444,PASS,4963,6002,10,20,2,16
XMSSMT-SHA2_20/2_256,PUB_R3,1227,1227,1228,15511648,2482260,PASS,4963,6002,10,20,2,16
XMSSMT-SHA2_20/2_256,PUB_R3,1228,1228,1229,17728686,2611426,PASS,4963,6002,10,20,2,16
XMSSMT-SHA2_20/2_256,PUB_R3,1229,1229,1230,15506278,2451019,PASS,4963,6002,10,20,2,16
XMSSMT-SHA2_20/2_256,PUB_R3,1230,1230,1231,17903203,2486000,PASS,4963,6002,10,20,2,16
XMSSMT-SHA2_20/2_256,PUB_R3,1231,1231,1232,15398537,2611741,PASS,4963,6002,10,20,2,16
XMSSMT-SHA2_20/2_256,PUB_R3,1232,1232,1233,17863796,2518426,PASS,4963,6002,10,20,2,16
XMSSMT-SHA2_20/2_256,PUB_R3,1233,1233,1234,15287555,2703963,PASS,4963,6002,10,20,2,16
XMSSMT-SHA2_20/2_256,PUB_R3,1234,1234,1235,8262223,2595129,PASS,4963,6002,10,20,2,16
XMSSMT-SHA2_20/2_256,PUB_R3,1235,1235,1236,10637611,2574834,PASS,4963,6002,10,20,2,16
XMSSMT-SHA2_20/2_256,PUB_R3,1236,1236,1237,5912925,2545648,PASS,4963,6002,10,20,2,16
XMSSMT-SHA2_20/2_256,PUB_R3,1237,1237,1238,5901333,2554889,PASS,4963,6002,10,20,2,16
XMSSMT-SHA2_20/2_256,PUB_R3,1238,1238,1239,5907981,2547130,PASS,4963,6002,10,20,2,16
XMSSMT-SHA2_20/2_256,PUB_R3,1239,1239,1240,15265648,2707185,PASS,4963,6002,10,20,2,16
XMSSMT-SHA2_20/2_256,PUB_R3,1240,1240,1241,10606611,2607593,PASS,4963,6002,10,20,2,16
XMSSMT-SHA2_20/2_256,PUB_R3,1241,1241,1242,5773574,2685760,PASS,4963,6002,10,20,2,16
XMSSMT-SHA2_20/2_256,PUB_R3,1242,1242,1243,5837370,2609037,PASS,4963,6002,10,20,2,16
XMSSMT-SHA2_20/2_256,PUB_R3,1243,1243,1244,10694908,2518889,PASS,4963,6002,10,20,2,16
XMSSMT-SHA2_20/2_256,PUB_R3,1244,1244,1245,5896611,2547111,PASS,4963,6002,10,20,2,16
XMSSMT-SHA2_20/2_256,PUB_R3,1245,1245,1246,5922315,2545000,PASS,4963,6002,10,20,2,16
XMSSMT-SHA2_20/2_256,PUB_R3,1246,1246,1247,5901834,2543926,PASS,4963,6002,10,20,2,16
XMSSMT-SHA2_20/2_256,PUB_R3,1247,1247,1248,15305111,2673592,PASS,4963,6002,10,20,2,16
XMSSMT-SHA2_20/2_256,PUB_R3,1248,1248,1249,17870982,2493611,PASS,4963,6002,10,20,2,16
XMSSMT-SHA2_20/2_256,PUB_R3,1249,1249,1250,15369833,2609722,PASS,4963,6002,10,20,2,16
XMSSMT-SHA2_20/2_256,PUB_R3,1250,1250,1251,17779537,2578907,PASS,4963,6002,10,20,2,16
XMSSMT-SHA2_20/2_256,PUB_R3,1251,1251,1252,15382482,2586926,PASS,4963,6002,10,20,2,16
XMSSMT-SHA2_20/2_256,PUB_R3,1252,1252,1253,17841852,2518444,PASS,4963,6002,10,20,2,16
XMSSMT-SHA2_20/2_256,PUB_R3,1253,1253,1254,15396370,2578981,PASS,4963,6002,10,20,2,16
XMSSMT-SHA2_20/2_256,PUB_R3,1254,1254,1255,8303760,2544037,PASS,4963,6002,10,20,2,16
XMSSMT-SHA2_20/2_256,PUB_R3,1255,1255,1256,15460500,2515704,PASS,4963,6002,10,20,2,16
XMSSMT-SHA2_20/2_256,PUB_R3,1256,1256,1257,10691481,2519778,PASS,4963,6002,10,20,2,16
XMSSMT-SHA2_20/2_256,PUB_R3,1257,1257,1258,5868907,2574945,PASS,4963,6002,10,20,2,16
XMSSMT-SHA2_20/2_256,PUB_R3,1258,1258,1259,6034555,2417204,PASS,4963,6002,10,20,2,16
XMSSMT-SHA2_20/2_256,PUB_R3,1259,1259,1260,10545240,2690630,PASS,4963,6002,10,20,2,16
XMSSMT-SHA2_20/2_256,PUB_R3,1260,1260,1261,5872167,2580074,PASS,4963,6002,10,20,2,16
XMSSMT-SHA2_20/2_256,PUB_R3,1261,1261,1262,5929852,2526111,PASS,4963,6002,10,20,2,16
XMSSMT-SHA2_20/2_256,PUB_R3,1262,1262,1263,5706241,2738000,PASS,4963,6002,10,20,2,16
XMSSMT-SHA2_20/2_256,PUB_R3,1263,1263,1264,15276259,2701463,PASS,4963,6002,10,20,2,16
XMSSMT-SHA2_20/2_256,PUB_R3,1264,1264,1265,17874333,2491481,PASS,4963,6002,10,20,2,16
XMSSMT-SHA2_20/2_256,PUB_R3,1265,1265,1266,15382037,2581444,PASS,4963,6002,10,20,2,16
XMSSMT-SHA2_20/2_256,PUB_R3,1266,1266,1267,8330129,2514277,PASS,4963,6002,10,20,2,16
XMSSMT-SHA2_20/2_256,PUB_R3,1267,1267,1268,10668537,2549167,PASS,4963,6002,10,20,2,16
XMSSMT-SHA2_20/2_256,PUB_R3,1268,1268,1269,5898278,2547445,PASS,4963,6002,10,20,2,16
XMSSMT-SHA2_20/2_256,PUB_R3,1269,1269,1270,5758093,2702740,PASS,4963,6002,10,20,2,16
XMSSMT-SHA2_20/2_256,PUB_R3,1270,1270,1271,5934759,2521778,PASS,4963,6002,10,20,2,16
XMSSMT-SHA2_20/2_256,PUB_R3,1271,1271,1272,15528963,2462130,PASS,4963,6002,10,20,2,16
XMSSMT-SHA2_20/2_256,PUB_R3,1272,1272,1273,10698407,2513518,PASS,4963,6002,10,20,2,16
XMSSMT-SHA2_20/2_256,PUB_R3,1273,1273,1274,5916018,2546518,PASS,4963,6002,10,20,2,16
XMSSMT-SHA2_20/2_256,PUB_R3,1274,1274,1275,5996148,2451389,PASS,4963,6002,10,20,2,16
XMSSMT-SHA2_20/2_256,PUB_R3,1275,1275,1276,10623611,2611445,PASS,4963,6002,10,20,2,16
XMSSMT-SHA2_20/2_256,PUB_R3,1276,1276,1277,6062833,2443185,PASS,4963,6002,10,20,2,16
XMSSMT-SHA2_20/2_256,PUB_R3,1277,1277,1278,5875278,2582500,PASS,4963,6002,10,20,2,16
XMSSMT-SHA2_20/2_256,PUB_R3,1278,1278,1279,5983426,2485500,PASS,4963,6002,10,20,2,16
XMSSMT-SHA2_20/2_256,PUB_R3,1279,1279,1280,15422481,2581592,PASS,4963,6002,10,20,2,16
XMSSMT-SHA2_20/2_256,PUB_R3,1280,1280,1281,17770389,2580852,PASS,4963,6002,10,20,2,16
XMSSMT-SHA2_20/2_256,PUB_R3,1281,1281,1282,15307259,2669241,PASS,4963,6002,10,20,2,16
XMSSMT-SHA2_20/2_256,PUB_R3,1282,1282,1283,17654926,2740222,PASS,4963,6002,10,20,2,16
XMSSMT-SHA2_20/2_256,PUB_R3,1283,1283,1284,15459500,2517778,PASS,4963,6002,10,20,2,16
XMSSMT-SHA2_20/2_256,PUB_R3,1284,1284,1285,17756204,2622314,PASS,4963,6002,10,20,2,16
XMSSMT-SHA2_20/2_256,PUB_R3,1285,1285,1286,15242204,2741889,PASS,4963,6002,10,20,2,16
XMSSMT-SHA2_20/2_256,PUB_R3,1286,1286,1287,17697037,2675259,PASS,4963,6002,10,20,2,16
XMSSMT-SHA2_20/2_256,PUB_R3,1287,1287,1288,15289315,2710667,PASS,4963,6002,10,20,2,16
XMSSMT-SHA2_20/2_256,PUB_R3,1288,1288,1289,17779944,2583981,PASS,4963,6002,10,20,2,16
XMSSMT-SHA2_20/2_256,PUB_R3,1289,1289,1290,15353740,2607111,PASS,4963,6002,10,20,2,16
XMSSMT-SHA2_20/2_256,PUB_R3,1290,1290,1291,17979685,2355797,PASS,4963,6002,10,20,2,16
XMSSMT-SHA2_20/2_256,PUB_R3,1291,1291,1292,15384703,2577055,PASS,4963,6002,10,20,2,16
XMSSMT-SHA2_20/2_256,PUB_R3,1292,1292,1293,17790723,2543426,PASS,4963,6002,10,20,2,16
XMSSMT-SHA2_20/2_256,PUB_R3,1293,1293,1294,15444056,2513074,PASS,4963,6002,10,20,2,16
XMSSMT-SHA2_20/2_256,PUB_R3,1294,1294,1295,17924185,2418185,PASS,4963,6002,10,20,2,16
XMSSMT-SHA2_20/2_256,PUB_R3,1295,1295,1296,15384055,2575704,PASS,4963,6002,10,20,2,16
XMSSMT-SHA2_20/2_256,PUB_R3,1296,1296,1297,17779537,2573297,PASS,4963,6002,10,20,2,16
XMSSMT-SHA2_20/2_256,PUB_R3,1297,1297,1298,15418907,2548704,PASS,4963,6002,10,20,2,16
XMSSMT-SHA2_20/2_256,PUB_R3,1298,1298,1299,17764426,2631889,PASS,4963,6002,10,20,2,16
XMSSMT-SHA2_20/2_256,PUB_R3,1299,1299,1300,15490463,2518834,PASS,4963,6002,10,20,2,16
XMSSMT-SHA2_20/2_256,PUB_R3,1300,1300,1301,17870314,2484500,PASS,4963,6002,10,20,2,16
XMSSMT-SHA2_20/2_256,PUB_R3,1301,1301,1302,15590630,2420296,PASS,4963,6002,10,20,2,16
XMSSMT-SHA2_20/2_256,PUB_R3,1302,1302,1303,17725814,2677444,PASS,4963,6002,10,20,2,16
XMSSMT-SHA2_20/2_256,PUB_R3,1303,1303,1304,15255815,2741037,PASS,4963,6002,10,20,2,16
XMSSMT-SHA2_20/2_256,PUB_R3,1304,1304,1305,17856500,2532000,PASS,4963,6002,10,20,2,16
XMSSMT-SHA2_20/2_256,PUB_R3,1305,1305,1306,15441482,2546315,PASS,4963,6002,10,20,2,16
XMSSMT-SHA2_20/2_256,PUB_R3,1306,1306,1307,17905722,2484130,PASS,4963,6002,10,20,2,16
XMSSMT-SHA2_20/2_256,PUB_R3,1307,1307,1308,15441593,2548148,PASS,4963,6002,10,20,2,16
XMSSMT-SHA2_20/2_256,PUB_R3,1308,1308,1309,17816315,2550982,PASS,4963,6002,10,20,2,16
XMSSMT-SHA2_20/2_256,PUB_R3,1309,1309,1310,15389296,2613407,PASS,4963,6002,10,20,2,16
XMSSMT-SHA2_20/2_256,PUB_R3,1310,1310,1311,17698593,2693907,PASS,4963,6002,10,20,2,16
XMSSMT-SHA2_20/2_256,PUB_R3,1311,1311,1312,15288204,2721426,PASS,4963,6002,10,20,2,16
XMSSMT-SHA2_20/2_256,PUB_R3,1312,1312,1313,17871926,2484167,PASS,4963,6002,10,20,2,16
XMSSMT-SHA2_20/2_256,PUB_R3,1313,1313,1314,15470259,2520870,PASS,4963,6002,10,20,2,16
XMSSMT-SHA2_20/2_256,PUB_R3,1314,1314,1315,17935759,2455537,PASS,4963,6002,10,20,2,16
XMSSMT-SHA2_20/2_256,PUB_R3,1315,1315,1316,15374000,2605741,PASS,4963,6002,10,20,2,16
XMSSMT-SHA2_20/2_256,PUB_R3,1316,1316,1317,17695463,2680389,PASS,4963,6002,10,20,2,16
XMSSMT-SHA2_20/2_256,PUB_R3,1317,1317,1318,15353444,2618944,PASS,4963,6002,10,20,2,16
XMSSMT-SHA2_20/2_256,PUB_R3,1318,1318,1319,17857000,2528870,PASS,4963,6002,10,20,2,16
XMSSMT-SHA2_20/2_256,PUB_R3,1319,1319,1320,15506889,2485871,PASS,4963,6002,10,20,2,16
XMSSMT-SHA2_20/2_256,PUB_R3,1320,1320,1321,17830241,2514463,PASS,4963,6002,10,20,2,16
XMSSMT-SHA2_20/2_256,PUB_R3,1321,1321,1322,15439963,2546741,PASS,4963,6002,10,20,2,16
XMSSMT-SHA2_20/2_256,PUB_R3,1322,1322,1323,17753759,2608278,PASS,4963,6002,10,20,2,16
XMSSMT-SHA2_20/2_256,PUB_R3,1323,1323,1324,15228055,2744352,PASS,4963,6002,10,20,2,16
XMSSMT-SHA2_20/2_256,PUB_R3,1324,1324,1325,17783037,2597167,PASS,4963,6002,10,20,2,16
XMSSMT-SHA2_20/2_256,PUB_R3,1325,1325,1326,15449278,2548889,PASS,4963,6002,10,20,2,16
XMSSMT-SHA2_20/2_256,PUB_R3,1326,1326,1327,17690425,2672778,PASS,4963,6002,10,20,2,16
XMSSMT-SHA2_20/2_256,PUB_R3,1327,1327,1328,15388426,2612666,PASS,4963,6002,10,20,2,16
XMSSMT-SHA2_20/2_256,PUB_R3,1328,1328,1329,17830926,2550704,PASS,4963,6002,10,20,2,16
XMSSMT-SHA2_20/2_256,PUB_R3,1329,1329,1330,15427185,2579648,PASS,4963,6002,10,20,2,16
XMSSMT-SHA2_20/2_256,PUB_R3,1330,1330,1331,17734574,2621667,PASS,4963,6002,10,20,2,16
XMSSMT-SHA2_20/2_256,PUB_R3,1331,1331,1332,15474074,2534185,PASS,4963,6002,10,20,2,16
XMSSMT-SHA2_20/2_256,PUB_R3,1332,1332,1333,17845907,2512685,PASS,4963,6002,10,20,2,16
XMSSMT-SHA2_20/2_256,PUB_R3,1333,1333,1334,15370037,2613075,PASS,4963,6002,10,20,2,16
XMSSMT-SHA2_20/2_256,PUB_R3,1334,1334,1335,17820815,2548796,PASS,4963,6002,10,20,2,16
XMSSMT-SHA2_20/2_256,PUB_R3,1335,1335,1336,15430722,2578204,PASS,4963,6002,10,20,2,16
XMSSMT-SHA2_20/2_256,PUB_R3,1336,1336,1337,17814593,2547371,PASS,4963,6002,10,20,2,16
XMSSMT-SHA2_20/2_256,PUB_R3,1337,1337,1338,15410685,2592370,PASS,4963,6002,10,20,2,16
XMSSMT-SHA2_20/2_256,PUB_R3,1338,1338,1339,17779740,2581482,PASS,4963,6002,10,20,2,16
XMSSMT-SHA2_20/2_256,PUB_R3,1339,1339,1340,15431444,2543759,PASS,4963,6002,10,20,2,16
XMSSMT-SHA2_20/2_256,PUB_R3,1340,1340,1341,17922777,2419148,PASS,4963,6002,10,20,2,16
XMSSMT-SHA2_20/2_256,PUB_R3,1341,1341,1342,15403852,2581186,PASS,4963,6002,10,20,2,16
XMSSMT-SHA2_20/2_256,PUB_R3,1342,1342,1343,17687407,2675351,PASS,4963,6002,10,20,2,16
XMSSMT-SHA2_20/2_256,PUB_R3,1343,1343,1344,15513074,2488092,PASS,4963,6002,10,20,2,16
XMSSMT-SHA2_20/2_256,PUB_R3,1344,1344,1345,17787889,2545945,PASS,4963,6002,10,20,2,16
XMSSMT-SHA2_20/2_256,PUB_R3,1345,1345,1346,15304648,2674481,PASS,4963,6002,10,20,2,16
XMSSMT-SHA2_20/2_256,PUB_R3,1346,1346,1347,17734018,2609334,PASS,4963,6002,10,20,2,16
XMSSMT-SHA2_20/2_256,PUB_R3,1347,1347,1348,15455574,2513944,PASS,4963,6002,10,20,2,16
XMSSMT-SHA2_20/2_256,PUB_R3,1348,1348,1349,17614352,2703407,PASS,4963,6002,10,20,2,16
XMSSMT-SHA2_20/2_256,PUB_R3,1349,1349,1350,15382500,2608815,PASS,4963,6002,10,20,2,16
XMSSMT-SHA2_20/2_256,PUB_R3,1350,1350,1351,17759962,2620648,PASS,4963,6002,10,20,2,16
XMSSMT-SHA2_20/2_256,PUB_R3,1351,1351,1352,15433833,2559148,PASS,4963,6002,10,20,2,16
XMSSMT-SHA2_20/2_256,PUB_R3,1352,1352,1353,17774463,2599000,PASS,4963,6002,10,20,2,16
XMSSMT-SHA2_20/2_256,PUB_R3,1353,1353,1354,15488963,2519445,PASS,4963,6002,10,20,2,16
XMSSMT-SHA2_20/2_256,PUB_R3,1354,1354,1355,17838703,2550203,PASS,4963,6002,10,20,2,16
XMSSMT-SHA2_20/2_256,PUB_R3,1355,1355,1356,15376222,2607186,PASS,4963,6002,10,20,2,16
XMSSMT-SHA2_20/2_256,PUB_R3,1356,1356,1357,17638944,2743000,PASS,4963,6002,10,20,2,16
XMSSMT-SHA2_20/2_256,PUB_R3,1357,1357,1358,15414611,2595407,PASS,4963,6002,10,20,2,16
XMSSMT-SHA2_20/2_256,PUB_R3,1358,1358,1359,17767778,2613667,PASS,4963,6002,10,20,2,16
XMSSMT-SHA2_20/2_256,PUB_R3,1359,1359,1360,15337963,2670389,PASS,4963,6002,10,20,2,16
XMSSMT-SHA2_20/2_256,PUB_R3,1360,1360,1361,17784685,2583908,PASS,4963,6002,10,20,2,16
XMSSMT-SHA2_20/2_256,PUB_R3,1361,1361,1362,15471611,2518518,PASS,4963,6002,10,20,2,16
XMSSMT-SHA2_20/2_256,PUB_R3,1362,1362,1363,17698537,2680963,PASS,4963,6002,10,20,2,16
XMSSMT-SHA2_20/2_256,PUB_R3,1363,1363,1364,15489648,2526314,PASS,4963,6002,10,20,2,16
XMSSMT-SHA2_20/2_256,PUB_R3,1364,1364,1365,17793278,2587093,PASS,4963,6002,10,20,2,16
XMSSMT-SHA2_20/2_256,PUB_R3,1365,1365,1366,15543870,2450092,PASS,4963,6002,10,20,2,16
XMSSMT-SHA2_20/2_256,PUB_R3,1366,1366,1367,17647667,2739778,PASS,4963,6002,10,20,2,16
XMSSMT-SHA2_20/2_256,PUB_R3,1367,1367,1368,15379852,2612889,PASS,4963,6002,10,20,2,16
XMSSMT-SHA2_20/2_256,PUB_R3,1368,1368,1369,17862334,2521815,PASS,4963,6002,10,20,2,16
XMSSMT-SHA2_20/2_256,PUB_R3,1369,1369,1370,15409296,2577370,PASS,4963,6002,10,20,2,16
XMSSMT-SHA2_20/2_256,PUB_R3,1370,1370,1371,17908908,2499445,PASS,4963,6002,10,20,2,16
XMSSMT-SHA2_20/2_256,PUB_R3,1371,1371,1372,15531667,2464833,PASS,4963,6002,10,20,2,16
XMSSMT-SHA2_20/2_256,PUB_R3,1372,1372,1373,17745296,2616093,PASS,4963,6002,10,20,2,16
XMSSMT-SHA2_20/2_256,PUB_R3,1373,1373,1374,15591277,2423260,PASS,4963,6002,10,20,2,16
XMSSMT-SHA2_20/2_256,PUB_R3,1374,1374,1375,17865611,2519315,PASS,4963,6002,10,20,2,16
XMSSMT-SHA2_20/2_256,PUB_R3,1375,1375,1376,15517074,2483000,PASS,4963,6002,10,20,2,16
XMSSMT-SHA2_20/2_256,PUB_R3,1376,1376,1377,17714408,2682926,PASS,4963,6002,10,20,2,16
XMSSMT-SHA2_20/2_256,PUB_R3,1377,1377,1378,15318611,2689389,PASS,4963,6002,10,20,2,16
XMSSMT-SHA2_20/2_256,PUB_R3,1378,1378,1379,17894222,2487334,PASS,4963,6002,10,20,2,16
XMSSMT-SHA2_20/2_256,PUB_R3,1379,1379,1380,15282741,2704093,PASS,4963,6002,10,20,2,16
XMSSMT-SHA2_20/2_256,PUB_R3,1380,1380,1381,17627686,2741203,PASS,4963,6002,10,20,2,16
XMSSMT-SHA2_20/2_256,PUB_R3,1381,1381,1382,15471111,2546000,PASS,4963,6002,10,20,2,16
XMSSMT-SHA2_20/2_256,PUB_R3,1382,1382,1383,17791537,2583037,PASS,4963,6002,10,20,2,16
XMSSMT-SHA2_20/2_256,PUB_R3,1383,1383,1384,15318167,2686981,PASS,4963,6002,10,20,2,16
XMSSMT-SHA2_20/2_256,PUB_R3,1384,1384,1385,17872556,2518056,PASS,4963,6002,10,20,2,16
XMSSMT-SHA2_20/2_256,PUB_R3,1385,1385,1386,15408241,2581019,PASS,4963,6002,10,20,2,16
XMSSMT-SHA2_20/2_256,PUB_R3,1386,1386,1387,17829334,2544092,PASS,4963,6002,10,20,2,16
XMSSMT-SHA2_20/2_256,PUB_R3,1387,1387,1388,10550722,2679926,PASS,4963,6002,10,20,2,16
XMSSMT-SHA2_20/2_256,PUB_R3,1388,1388,1389,5868241,2579666,PASS,4963,6002,10,20,2,16
XMSSMT-SHA2_20/2_256,PUB_R3,1389,1389,1390,6012204,2453463,PASS,4963,6002,10,20,2,16
XMSSMT-SHA2_20/2_256,PUB_R3,1390,1390,1391,6054815,2388167,PASS,4963,6002,10,20,2,16
XMSSMT-SHA2_20/2_256,PUB_R3,1391,1391,1392,15605222,2389482,PASS,4963,6002,10,20,2,16
XMSSMT-SHA2_20/2_256,PUB_R3,1392,1392,1393,17818852,2555500,PASS,4963,6002,10,20,2,16
XMSSMT-SHA2_20/2_256,PUB_R3,1393,1393,1394,15500611,2496722,PASS,4963,6002,10,20,2,16
XMSSMT-SHA2_20/2_256,PUB_R3,1394,1394,1395,8381093,2453722,PASS,4963,6002,10,20,2,16
XMSSMT-SHA2_20/2_256,PUB_R3,1395,1395,1396,10438185,2769333,PASS,4963,6002,10,20,2,16
XMSSMT-SHA2_20/2_256,PUB_R3,1396,1396,1397,6016575,2413685,PASS,4963,6002,10,20,2,16
XMSSMT-SHA2_20/2_256,PUB_R3,1397,1397,1398,5870611,2576630,PASS,4963,6002,10,20,2,16
XMSSMT-SHA2_20/2_256,PUB_R3,1398,1398,1399,5862796,2575852,PASS,4963,6002,10,20,2,16
XMSSMT-SHA2_20/2_256,PUB_R3,1399,1399,1400,15429778,2547593,PASS,4963,6002,10,20,2,16
XMSSMT-SHA2_20/2_256,PUB_R3,1400,1400,1401,10581204,2606611,PASS,4963,6002,10,20,2,16
XMSSMT-SHA2_20/2_256,PUB_R3,1401,1401,1402,5937223,2513815,PASS,4963,6002,10,20,2,16
XMSSMT-SHA2_20/2_256,PUB_R3,1402,1402,1403,5857537,2573297,PASS,4963,6002,10,20,2,16
XMSSMT-SHA2_20/2_256,PUB_R3,1403,1403,1404,10667593,2550611,PASS,4963,6002,10,20,2,16
XMSSMT-SHA2_20/2_256,PUB_R3,1404,1404,1405,6049778,2386834,PASS,4963,6002,10,20,2,16
XMSSMT-SHA2_20/2_256,PUB_R3,1405,1405,1406,5835741,2610815,PASS,4963,6002,10,20,2,16
XMSSMT-SHA2_20/2_256,PUB_R3,1406,1406,1407,5864111,2578889,PASS,4963,6002,10,20,2,16
XMSSMT-SHA2_20/2_256,PUB_R3,1407,1407,1408,15536167,2451426,PASS,4963,6002,10,20,2,16
XMSSMT-SHA2_20/2_256,PUB_R3,1408,1408,1409,17749537,2578815,PASS,4963,6002,10,20,2,16
XMSSMT-SHA2_20/2_256,PUB_R3,1409,1409,1410,15498667,2483981,PASS,4963,6002,10,20,2,16
XMSSMT-SHA2_20/2_256,PUB_R3,1410,1410,1411,17791870,2579704,PASS,4963,6002,10,20,2,16
XMSSMT-SHA2_20/2_256,PUB_R3,1411,1411,1412,15347648,2688240,PASS,4963,6002,10,20,2,16
XMSSMT-SHA2_20/2_256,PUB_R3,1412,1412,1413,17752685,2629851,PASS,4963,6002,10,20,2,16
XMSSMT-SHA2_20/2_256,PUB_R3,1413,1413,1414,15405334,2577648,PASS,4963,6002,10,20,2,16
XMSSMT-SHA2_20/2_256,PUB_R3,1414,1414,1415,17865351,2514426,PASS,4963,6002,10,20,2,16
XMSSMT-SHA2_20/2_256,PUB_R3,1415,1415,1416,15279963,2709129,PASS,4963,6002,10,20,2,16
XMSSMT-SHA2_20/2_256,PUB_R3,1416,1416,1417,17859333,2518408,PASS,4963,6002,10,20,2,16
XMSSMT-SHA2_20/2_256,PUB_R3,1417,1417,1418,15318297,2691963,PASS,4963,6002,10,20,2,16
XMSSMT-SHA2_20/2_256,PUB_R3,1418,1418,1419,17787722,2582334,PASS,4963,6002,10,20,2,16
XMSSMT-SHA2_20/2_256,PUB_R3,1419,1419,1420,15451167,2545482,PASS,4963,6002,10,20,2,16
XMSSMT-SHA2_20/2_256,PUB_R3,1420,1420,1421,17810574,2546074,PASS,4963,6002,10,20,2,16
XMSSMT-SHA2_20/2_256,PUB_R3,1421,1421,1422,15517240,2487370,PASS,4963,6002,10,20,2,16
XMSSMT-SHA2_20/2_256,PUB_R3,1422,1422,1423,17711167,2677518,PASS,4963,6002,10,20,2,16
XMSSMT-SHA2_20/2_256,PUB_R3,1423,1423,1424,15326148,2676500,PASS,4963,6002,10,20,2,16
XMSSMT-SHA2_20/2_256,PUB_R3,1424,1424,1425,17785556,2579759,PASS,4963,6002,10,20,2,16
XMSSMT-SHA2_20/2_256,PUB_R3,1425,1425,1426,15485704,2496037,PASS,4963,6002,10,20,2,16
XMSSMT-SHA2_20/2_256,PUB_R3,1426,1426,1427,17851074,2520426,PASS,4963,6002,10,20,2,16
XMSSMT-SHA2_20/2_256,PUB_R3,1427,1427,1428,15440815,2549315,PASS,4963,6002,10,20,2,16
XMSSMT-SHA2_20/2_256,PUB_R3,1428,1428,1429,17759907,2612982,PASS,4963,6002,10,20,2,16
XMSSMT-SHA2_20/2_256,PUB_R3,1429,1429,1430,15387167,2614148,PASS,4963,6002,10,20,2,16
XMSSMT-SHA2_20/2_256,PUB_R3,1430,1430,1431,17645185,2740148,PASS,4963,6002,10,20,2,16
XMSSMT-SHA2_20/2_256,PUB_R3,1431,1431,1432,15440685,2559759,PASS,4963,6002,10,20,2,16
XMSSMT-SHA2_20/2_256,PUB_R3,1432,1432,1433,17785648,2580519,PASS,4963,6002,10,20,2,16
XMSSMT-SHA2_20/2_256,PUB_R3,1433,1433,1434,15503000,2481778,PASS,4963,6002,10,20,2,16
XMSSMT-SHA2_20/2_256,PUB_R3,1434,1434,1435,17759519,2607241,PASS,4963,6002,10,20,2,16
XMSSMT-SHA2_20/2_256,PUB_R3,1435,1435,1436,15422000,2546667,PASS,4963,6002,10,20,2,16
XMSSMT-SHA2_20/2_256,PUB_R3,1436,1436,1437,17898500,2460408,PASS,4963,6002,10,20,2,16
XMSSMT-SHA2_20/2_256,PUB_R3,1437,1437,1438,15500722,2494741,PASS,4963,6002,10,20,2,16
XMSSMT-SHA2_20/2_256,PUB_R3,1438,1438,1439,17835777,2554686,PASS,4963,6002,10,20,2,16
XMSSMT-SHA2_20/2_256,PUB_R3,1439,1439,1440,15366740,2610907,PASS,4963,6002,10,20,2,16
XMSSMT-SHA2_20/2_256,PUB_R3,1440,1440,1441,17632130,2738185,PASS,4963,6002,10,20,2,16
XMSSMT-SHA2_20/2_256,PUB_R3,1441,1441,1442,15524185,2520389,PASS,4963,6002,10,20,2,16
XMSSMT-SHA2_20/2_256,PUB_R3,1442,1442,1443,17770000,2614611,PASS,4963,6002,10,20,2,16
XMSSMT-SHA2_20/2_256,PUB_R3,1443,1443,1444,15288703,2710463,PASS,4963,6002,10,20,2,16
XMSSMT-SHA2_20/2_256,PUB_R3,1444,1444,1445,17909130,2484963,PASS,4963,6002,10,20,2,16
XMSSMT-SHA2_20/2_256,PUB_R3,1445,1445,1446,15500223,2485926,PASS,4963,6002,10,20,2,16
XMSSMT-SHA2_20/2_256,PUB_R3,1446,1446,1447,17710797,2680444,PASS,4963,6002,10,20,2,16
XMSSMT-SHA2_20/2_256,PUB_R3,1447,1447,1448,15386000,2613444,PASS,4963,6002,10,20,2,16
XMSSMT-SHA2_20/2_256,PUB_R3,1448,1448,1449,17796741,2547333,PASS,4963,6002,10,20,2,16
XMSSMT-SHA2_20/2_256,PUB_R3,1449,1449,1450,15530982,2485389,PASS,4963,6002,10,20,2,16
XMSSMT-SHA2_20/2_256,PUB_R3,1450,1450,1451,17873723,2516463,PASS,4963,6002,10,20,2,16
XMSSMT-SHA2_20/2_256,PUB_R3,1451,1451,1452,10611315,2617166,PASS,4963,6002,10,20,2,16
XMSSMT-SHA2_20/2_256,PUB_R3,1452,1452,1453,5909148,2548315,PASS,4963,6002,10,20,2,16
XMSSMT-SHA2_20/2_256,PUB_R3,1453,1453,1454,5835463,2610593,PASS,4963,6002,10,20,2,16
XMSSMT-SHA2_20/2_256,PUB_R3,1454,1454,1455,5860741,2580481,PASS,4963,6002,10,20,2,16
XMSSMT-SHA2_20/2_256,PUB_R3,1455,1455,1456,15285518,2672481,PASS,4963,6002,10,20,2,16
XMSSMT-SHA2_20/2_256,PUB_R3,1456,1456,1457,17795648,2545703,PASS,4963,6002,10,20,2,16
XMSSMT-SHA2_20/2_256,PUB_R3,1457,1457,1458,15293722,2675167,PASS,4963,6002,10,20,2,16
XMSSMT-SHA2_20/2_256,PUB_R3,1458,1458,1459,8116759,2705685,PASS,4963,6002,10,20,2,16
XMSSMT-SHA2_20/2_256,PUB_R3,1459,1459,1460,10593148,2610277,PASS,4963,6002,10,20,2,16
XMSSMT-SHA2_20/2_256,PUB_R3,1460,1460,1461,5736629,2707056,PASS,4963,6002,10,20,2,16
XMSSMT-SHA2_20/2_256,PUB_R3,1461,1461,1462,6061314,2386741,PASS,4963,6002,10,20,2,16
XMSSMT-SHA2_20/2_256,PUB_R3,1462,1462,1463,5902814,2546259,PASS,4963,6002,10,20,2,16
XMSSMT-SHA2_20/2_256,PUB_R3,1463,1463,1464,15509981,2487704,PASS,4963,6002,10,20,2,16
XMSSMT-SHA2_20/2_256,PUB_R3,1464,1464,1465,10712408,2483074,PASS,4963,6002,10,20,2,16
XMSSMT-SHA2_20/2_256,PUB_R3,1465,1465,1466,5877018,2577778,PASS,4963,6002,10,20,2,16
XMSSMT-SHA2_20/2_256,PUB_R3,1466,1466,1467,5930055,2514296,PASS,4963,6002,10,20,2,16
XMSSMT-SHA2_20/2_256,PUB_R3,1467,1467,1468,10707945,2519889,PASS,4963,6002,10,20,2,16
XMSSMT-SHA2_20/2_256,PUB_R3,1468,1468,1469,5829389,2610222,PASS,4963,6002,10,20,2,16
XMSSMT-SHA2_20/2_256,PUB_R3,1469,1469,1470,5877815,2587278,PASS,4963,6002,10,20,2,16
XMSSMT-SHA2_20/2_256,PUB_R3,1470,1470,1471,5902908,2549704,PASS,4963,6002,10,20,2,16
XMSSMT-SHA2_20/2_256,PUB_R3,1471,1471,1472,15268297,2745759,PASS,4963,6002,10,20,2,16
XMSSMT-SHA2_20/2_256,PUB_R3,1472,1472,1473,17849334,2563278,PASS,4963,6002,10,20,2,16
XMSSMT-SHA2_20/2_256,PUB_R3,1473,1473,1474,15189185,2821833,PASS,4963,6002,10,20,2,16
XMSSMT-SHA2_20/2_256,PUB_R3,1474,1474,1475,17605260,2770482,PASS,4963,6002,10,20,2,16
XMSSMT-SHA2_20/2_256,PUB_R3,1475,1475,1476,15324093,2680759,PASS,4963,6002,10,20,2,16
XMSSMT-SHA2_20/2_256,PUB_R3,1476,1476,1477,17820426,2550630,PASS,4963,6002,10,20,2,16
XMSSMT-SHA2_20/2_256,PUB_R3,1477,1477,1478,15398482,2613556,PASS,4963,6002,10,20,2,16
XMSSMT-SHA2_20/2_256,PUB_R3,1478,1478,1479,17937852,2450093,PASS,4963,6002,10,20,2,16
XMSSMT-SHA2_20/2_256,PUB_R3,1479,1479,1480,15513944,2485741,PASS,4963,6002,10,20,2,16
XMSSMT-SHA2_20/2_256,PUB_R3,1480,1480,1481,17819019,2550908,PASS,4963,6002,10,20,2,16
XMSSMT-SHA2_20/2_256,PUB_R3,1481,1481,1482,15486778,2514760,PASS,4963,6002,10,20,2,16
XMSSMT-SHA2_20/2_256,PUB_R3,1482,1482,1483,17911296,2455518,PASS,4963,6002,10,20,2,16
XMSSMT-SHA2_20/2_256,PUB_R3,1483,1483,1484,15469352,2513018,PASS,4963,6002,10,20,2,16
XMSSMT-SHA2_20/2_256,PUB_R3,1484,1484,1485,17923222,2454296,PASS,4963,6002,10,20,2,16
XMSSMT-SHA2_20/2_256,PUB_R3,1485,1485,1486,15368426,2622370,PASS,4963,6002,10,20,2,16
XMSSMT-SHA2_20/2_256,PUB_R3,1486,1486,1487,17897204,2486907,PASS,4963,6002,10,20,2,16
XMSSMT-SHA2_20/2_256,PUB_R3,1487,1487,1488,15662204,2324926,PASS,4963,6002,10,20,2,16
XMSSMT-SHA2_20/2_256,PUB_R3,1488,1488,1489,17594259,2767815,PASS,4963,6002,10,20,2,16
XMSSMT-SHA2_20/2_256,PUB_R3,1489,1489,1490,15289111,2706870,PASS,4963,6002,10,20,2,16
XMSSMT-SHA2_20/2_256,PUB_R3,1490,1490,1491,8301537,2548166,PASS,4963,6002,10,20,2,16
XMSSMT-SHA2_20/2_256,PUB_R3,1491,1491,1492,10633945,2590018,PASS,4963,6002,10,20,2,16
XMSSMT-SHA2_20/2_256,PUB_R3,1492,1492,1493,5929222,2516167,PASS,4963,6002,10,20,2,16
XMSSMT-SHA2_20/2_256,PUB_R3,1493,1493,1494,5982963,2480666,PASS,4963,6002,10,20,2,16
XMSSMT-SHA2_20/2_256,PUB_R3,1494,1494,1495,6035981,2418759,PASS,4963,6002,10,20,2,16
XMSSMT-SHA2_20/2_256,PUB_R3,1495,1495,1496,15508389,2484703,PASS,4963,6002,10,20,2,16
XMSSMT-SHA2_20/2_256,PUB_R3,1496,1496,1497,10703352,2516296,PASS,4963,6002,10,20,2,16
XMSSMT-SHA2_20/2_256,PUB_R3,1497,1497,1498,5921834,2547870,PASS,4963,6002,10,20,2,16
XMSSMT-SHA2_20/2_256,PUB_R3,1498,1498,1499,5866019,2573888,PASS,4963,6002,10,20,2,16
XMSSMT-SHA2_20/2_256,PUB_R3,1499,1499,1500,10613444,2614593,PASS,4963,6002,10,20,2,16
XMSSMT-SHA2_20/2_256,PUB_R3,1500,1500,1501,5831074,2613963,PASS,4963,6002,10,20,2,16
XMSSMT-SHA2_20/2_256,PUB_R3,1501,1501,1502,5726667,2739167,PASS,4963,6002,10,20,2,16
XMSSMT-SHA2_20/2_256,PUB_R3,1502,1502,1503,5925445,2520148,PASS,4963,6002,10,20,2,16
XMSSMT-SHA2_20/2_256,PUB_R3,1503,1503,1504,15452982,2550611,PASS,4963,6002,10,20,2,16
XMSSMT-SHA2_20/2_256,PUB_R3,1504,1504,1505,17899907,2489926,PASS,4963,6002,10,20,2,16
XMSSMT-SHA2_20/2_256,PUB_R3,1505,1505,1506,15376556,2612833,PASS,4963,6002,10,20,2,16
XMSSMT-SHA2_20/2_256,PUB_R3,1506,1506,1507,17876296,2479982,PASS,4963,6002,10,20,2,16
XMSSMT-SHA2_20/2_256,PUB_R3,1507,1507,1508,15281852,2707833,PASS,4963,6002,10,20,2,16
XMSSMT-SHA2_20/2_256,PUB_R3,1508,1508,1509,17887851,2517666,PASS,4963,6002,10,20,2,16
XMSSMT-SHA2_20/2_256,PUB_R3,1509,1509,1510,15269352,2706759,PASS,4963,6002,10,20,2,16
XMSSMT-SHA2_20/2_256,PUB_R3,1510,1510,1511,8243000,2611852,PASS,4963,6002,10,20,2,16
XMSSMT-SHA2_20/2_256,PUB_R3,1511,1511,1512,15408962,2577796,PASS,4963,6002,10,20,2,16
XMSSMT-SHA2_20/2_256,PUB_R3,1512,1512,1513,10737222,2484630,PASS,4963,6002,10,20,2,16
XMSSMT-SHA2_20/2_256,PUB_R3,1513,1513,1514,5964648,2487222,PASS,4963,6002,10,20,2,16
XMSSMT-SHA2_20/2_256,PUB_R3,1514,1514,1515,5912593,2548481,PASS,4963,6002,10,20,2,16
XMSSMT-SHA2_20/2_256,PUB_R3,1515,1515,1516,10565334,2678092,PASS,4963,6002,10,20,2,16
XMSSMT-SHA2_20/2_256,PUB_R3,1516,1516,1517,5903148,2547056,PASS,4963,6002,10,20,2,16
XMSSMT-SHA2_20/2_256,PUB_R3,1517,1517,1518,5801166,2678389,PASS,4963,6002,10,20,2,16
XMSSMT-SHA2_20/2_256,PUB_R3,1518,1518,1519,5736982,2705148,PASS,4963,6002,10,20,2,16
XMSSMT-SHA2_20/2_256,PUB_R3,1519,1519,1520,15564741,2415296,PASS,4963,6002,10,20,2,16
XMSSMT-SHA2_20/2_256,PUB_R3,1520,1520,1521,17701667,2676611,PASS,4963,6002,10,20,2,16
XMSSMT-SHA2_20/2_256,PUB_R3,1521,1521,1522,15403352,2590222,PASS,4963,6002,10,20,2,16
XMSSMT-SHA2_20/2_256,PUB_R3,1522,1522,1523,8290629,2543741,PASS,4963,6002,10,20,2,16
XMSSMT-SHA2_20/2_256,PUB_R3,1523,1523,1524,10468982,2735963,PASS,4963,6002,10,20,2,16
XMSSMT-SHA2_20/2_256,PUB_R3,1524,1524,1525,5861315,2580445,PASS,4963,6002,10,20,2,16
XMSSMT-SHA2_20/2_256,PUB_R3,1525,1525,1526,5955722,2480908,PASS,4963,6002,10,20,2,16
XMSSMT-SHA2_20/2_256,PUB_R3,1526,1526,1527,5961111,2489092,PASS,4963,6002,10,20,2,16
XMSSMT-SHA2_20/2_256,PUB_R3,1527,1527,1528,15377260,2575277,PASS,4963,6002,10,20,2,16
XMSSMT-SHA2_20/2_256,PUB_R3,1528,1528,1529,10582630,2610611,PASS,4963,6002,10,20,2,16
XMSSMT-SHA2_20/2_256,PUB_R3,1529,1529,1530,5869907,2579167,PASS,4963,6002,10,20,2,16
XMSSMT-SHA2_20/2_256,PUB_R3,1530,1530,1531,5767796,2671815,PASS,4963,6002,10,20,2,16
XMSSMT-SHA2_20/2_256,PUB_R3,1531,1531,1532,10712629,2476963,PASS,4963,6002,10,20,2,16
XMSSMT-SHA2_20/2_256,PUB_R3,1532,1532,1533,5994389,2452389,PASS,4963,6002,10,20,2,16
XMSSMT-SHA2_20/2_256,PUB_R3,1533,1533,1534,5765797,2673333,PASS,4963,6002,10,20,2,16
XMSSMT-SHA2_20/2_256,PUB_R3,1534,1534,1535,5858870,2579223,PASS,4963,6002,10,20,2,16
XMSSMT-SHA2_20/2_256,PUB_R3,1535,1535,1536,15370149,2604908,PASS,4963,6002,10,20,2,16
XMSSMT-SHA2_20/2_256,PUB_R3,1536,1536,1537,17634407,2704685,PASS,4963,6002,10,20,2,16
XMSSMT-SHA2_20/2_256,PUB_R3,1537,1537,1538,15442019,2513463,PASS,4963,6002,10,20,2,16
XMSSMT-SHA2_20/2_256,PUB_R3,1538,1538,1539,17748093,2614852,PASS,4963,6002,10,20,2,16
XMSSMT-SHA2_20/2_256,PUB_R3,1539,1539,1540,15413741,2582703,PASS,4963,6002,10,20,2,16
XMSSMT-SHA2_20/2_256,PUB_R3,1540,1540,1541,17772463,2626130,PASS,4963,6002,10,20,2,16
XMSSMT-SHA2_20/2_256,PUB_R3,1541,1541,1542,15500630,2536167,PASS,4963,6002,10,20,2,16
XMSSMT-SHA2_20/2_256,PUB_R3,1542,1542,1543,17774889,2613889,PASS,4963,6002,10,20,2,16
XMSSMT-SHA2_20/2_256,PUB_R3,1543,1543,1544,15380426,2614018,PASS,4963,6002,10,20,2,16
XMSSMT-SHA2_20/2_256,PUB_R3,1544,1544,1545,17982111,2392426,PASS,4963,6002,10,20,2,16
XMSSMT-SHA2_20/2_256,PUB_R3,1545,1545,1546,15383389,2612611,PASS,4963,6002,10,20,2,16
XMSSMT-SHA2_20/2_256,PUB_R3,1546,1546,1547,17817648,2613537,PASS,4963,6002,10,20,2,16
XMSSMT-SHA2_20/2_256,PUB_R3,1547,1547,1548,15395833,2584018,PASS,4963,6002,10,20,2,16
XMSSMT-SHA2_20/2_256,PUB_R3,1548,1548,1549,17750592,2614796,PASS,4963,6002,10,20,2,16
XMSSMT-SHA2_20/2_256,PUB_R3,1549,1549,1550,15544759,2449982,PASS,4963,6002,10,20,2,16
XMSSMT-SHA2_20/2_256,PUB_R3,1550,1550,1551,17815333,2584148,PASS,4963,6002,10,20,2,16
XMSSMT-SHA2_20/2_256,PUB_R3,1551,1551,1552,15403315,2579778,PASS,4963,6002,10,20,2,16
XMSSMT-SHA2_20/2_256,PUB_R3,1552,1552,1553,17895815,2486296,PASS,4963,6002,10,20,2,16
XMSSMT-SHA2_20/2_256,PUB_R3,1553,1553,1554,15496000,2488575,PASS,4963,6002,10,20,2,16
XMSSMT-SHA2_20/2_256,PUB_R3,1554,1554,1555,17801704,2584741,PASS,4963,6002,10,20,2,16
XMSSMT-SHA2_20/2_256,PUB_R3,1555,1555,1556,15439963,2546148,PASS,4963,6002,10,20,2,16
XMSSMT-SHA2_20/2_256,PUB_R3,1556,1556,1557,17924426,2452463,PASS,4963,6002,10,20,2,16
XMSSMT-SHA2_20/2_256,PUB_R3,1557,1557,1558,15540981,2454259,PASS,4963,6002,10,20,2,16
XMSSMT-SHA2_20/2_256,PUB_R3,1558,1558,1559,17802314,2590223,PASS,4963,6002,10,20,2,16
XMSSMT-SHA2_20/2_256,PUB_R3,1559,1559,1560,15263352,2736241,PASS,4963,6002,10,20,2,16
XMSSMT-SHA2_20/2_256,PUB_R3,1560,1560,1561,18000870,2389575,PASS,4963,6002,10,20,2,16
XMSSMT-SHA2_20/2_256,PUB_R3,1561,1561,1562,15484537,2483389,PASS,4963,6002,10,20,2,16
XMSSMT-SHA2_20/2_256,PUB_R3,1562,1562,1563,17913611,2483092,PASS,4963,6002,10,20,2,16
XMSSMT-SHA2_20/2_256,PUB_R3,1563,1563,1564,15310574,2670018,PASS,4963,6002,10,20,2,16
XMSSMT-SHA2_20/2_256,PUB_R3,1564,1564,1565,17573092,2774223,PASS,4963,6002,10,20,2,16
XMSSMT-SHA2_20/2_256,PUB_R3,1565,1565,1566,15288278,2711685,PASS,4963,6002,10,20,2,16
XMSSMT-SHA2_20/2_256,PUB_R3,1566,1566,1567,17827797,2580518,PASS,4963,6002,10,20,2,16
XMSSMT-SHA2_20/2_256,PUB_R3,1567,1567,1568,15517778,2486740,PASS,4963,6002,10,20,2,16
XMSSMT-SHA2_20/2_256,PUB_R3,1568,1568,1569,17781537,2581722,PASS,4963,6002,10,20,2,16
XMSSMT-SHA2_20/2_256,PUB_R3,1569,1569,1570,15315296,2671167,PASS,4963,6002,10,20,2,16
XMSSMT-SHA2_20/2_256,PUB_R3,1570,1570,1571,17824240,2580556,PASS,4963,6002,10,20,2,16
XMSSMT-SHA2_20/2_256,PUB_R3,1571,1571,1572,15296222,2712963,PASS,4963,6002,10,20,2,16
XMSSMT-SHA2_20/2_256,PUB_R3,1572,1572,1573,17797945,2584185,PASS,4963,6002,10,20,2,16
XMSSMT-SHA2_20/2_256,PUB_R3,1573,1573,1574,15454148,2554834,PASS,4963,6002,10,20,2,16
XMSSMT-SHA2_20/2_256,PUB_R3,1574,1574,1575,17794482,2580945,PASS,4963,6002,10,20,2,16
XMSSMT-SHA2_20/2_256,PUB_R3,1575,1575,1576,15330814,2672278,PASS,4963,6002,10,20,2,16
XMSSMT-SHA2_20/2_256,PUB_R3,1576,1576,1577,17823222,2546000,PASS,4963,6002,10,20,2,16
XMSSMT-SHA2_20/2_256,PUB_R3,1577,1577,1578,15410760,2580407,PASS,4963,6002,10,20,2,16
XMSSMT-SHA2_20/2_256,PUB_R3,1578,1578,1579,17669500,2720334,PASS,4963,6002,10,20,2,16
XMSSMT-SHA2_20/2_256,PUB_R3,1579,1579,1580,15472093,2513574,PASS,4963,6002,10,20,2,16
XMSSMT-SHA2_20/2_256,PUB_R3,1580,1580,1581,17940185,2421463,PASS,4963,6002,10,20,2,16
XMSSMT-SHA2_20/2_256,PUB_R3,1581,1581,1582,15455463,2516296,PASS,4963,6002,10,20,2,16
XMSSMT-SHA2_20/2_256,PUB_R3,1582,1582,1583,17771148,2578204,PASS,4963,6002,10,20,2,16
XMSSMT-SHA2_20/2_256,PUB_R3,1583,1583,1584,15425963,2550037,PASS,4963,6002,10,20,2,16
XMSSMT-SHA2_20/2_256,PUB_R3,1584,1584,1585,17817722,2515149,PASS,4963,6002,10,20,2,16
XMSSMT-SHA2_20/2_256,PUB_R3,1585,1585,1586,15430815,2545889,PASS,4963,6002,10,20,2,16
XMSSMT-SHA2_20/2_256,PUB_R3,1586,1586,1587,17646408,2706740,PASS,4963,6002,10,20,2,16
XMSSMT-SHA2_20/2_256,PUB_R3,1587,1587,1588,15480833,2481370,PASS,4963,6002,10,20,2,16
XMSSMT-SHA2_20/2_256,PUB_R3,1588,1588,1589,17758833,2578130,PASS,4963,6002,10,20,2,16
XMSSMT-SHA2_20/2_256,PUB_R3,1589,1589,1590,15457796,2516092,PASS,4963,6002,10,20,2,16
XMSSMT-SHA2_20/2_256,PUB_R3,1590,1590,1591,17822686,2547352,PASS,4963,6002,10,20,2,16
XMSSMT-SHA2_20/2_256,PUB_R3,1591,1591,1592,15438445,2551796,PASS,4963,6002,10,20,2,16
XMSSMT-SHA2_20/2_256,PUB_R3,1592,1592,1593,17783889,2588166,PASS,4963,6002,10,20,2,16
XMSSMT-SHA2_20/2_256,PUB_R3,1593,1593,1594,15525352,2498408,PASS,4963,6002,10,20,2,16
XMSSMT-SHA2_20/2_256,PUB_R3,1594,1594,1595,17808704,2607000,PASS,4963,6002,10,20,2,16
XMSSMT-SHA2_20/2_256,PUB_R3,1595,1595,1596,15311500,2673667,PASS,4963,6002,10,20,2,16
XMSSMT-SHA2_20/2_256,PUB_R3,1596,1596,1597,17797018,2578297,PASS,4963,6002,10,20,2,16
XMSSMT-SHA2_20/2_256,PUB_R3,1597,1597,1598,15410296,2581759,PASS,4963,6002,10,20,2,16
XMSSMT-SHA2_20/2_256,PUB_R3,1598,1598,1599,17734333,2691407,PASS,4963,6002,10,20,2,16
XMSSMT-SHA2_20/2_256,PUB_R3,1599,1599,1600,15536241,2485704,PASS,4963,6002,10,20,2,16
XMSSMT-SHA2_20/2_256,PUB_R3,1600,1600,1601,17960815,2424112,PASS,4963,6002,10,20,2,16
XMSSMT-SHA2_20/2_256,PUB_R3,1601,1601,1602,15317185,2685334,PASS,4963,6002,10,20,2,16
XMSSMT-SHA2_20/2_256,PUB_R3,1602,1602,1603,17910797,2454092,PASS,4963,6002,10,20,2,16
XMSSMT-SHA2_20/2_256,PUB_R3,1603,1603,1604,15447000,2548019,PASS,4963,6002,10,20,2,16
XMSSMT-SHA2_20/2_256,PUB_R3,1604,1604,1605,17800148,2563519,PASS,4963,6002,10,20,2,16
XMSSMT-SHA2_20/2_256,PUB_R3,1605,1605,1606,15435148,2549074,PASS,4963,6002,10,20,2,16
XMSSMT-SHA2_20/2_256,PUB_R3,1606,1606,1607,17731778,2675241,PASS,4963,6002,10,20,2,16
XMSSMT-SHA2_20/2_256,PUB_R3,1607,1607,1608,15482778,2518389,PASS,4963,6002,10,20,2,16
XMSSMT-SHA2_20/2_256,PUB_R3,1608,1608,1609,17809945,2549778,PASS,4963,6002,10,20,2,16
XMSSMT-SHA2_20/2_256,PUB_R3,1609,1609,1610,15484426,2516222,PASS,4963,6002,10,20,2,16
XMSSMT-SHA2_20/2_256,PUB_R3,1610,1610,1611,17826148,2545740,PASS,4963,6002,10,20,2,16
XMSSMT-SHA2_20/2_256,PUB_R3,1611,1611,1612,15324686,2680166,PASS,4963,6002,10,20,2,16
XMSSMT-SHA2_20/2_256,PUB_R3,1612,1612,1613,17705926,2693444,PASS,4963,6002,10,20,2,16
XMSSMT-SHA2_20/2_256,PUB_R3,1613,1613,1614,15323945,2676000,PASS,4963,6002,10,20,2,16
XMSSMT-SHA2_20/2_256,PUB_R3,1614,1614,1615,17884981,2483408,PASS,4963,6002,10,20,2,16
XMSSMT-SHA2_20/2_256,PUB_R3,1615,1615,1616,15451334,2546482,PASS,4963,6002,10,20,2,16
XMSSMT-SHA2_20/2_256,PUB_R3,1616,1616,1617,17853186,2512315,PASS,4963,6002,10,20,2,16
XMSSMT-SHA2_20/2_256,PUB_R3,1617,1617,1618,15380611,2612722,PASS,4963,6002,10,20,2,16
XMSSMT-SHA2_20/2_256,PUB_R3,1618,1618,1619,17885241,2497722,PASS,4963,6002,10,20,2,16
XMSSMT-SHA2_20/2_256,PUB_R3,1619,1619,1620,15420167,2580444,PASS,4963,6002,10,20,2,16
XMSSMT-SHA2_20/2_256,PUB_R3,1620,1620,1621,17825093,2549426,PASS,4963,6002,10,20,2,16
XMSSMT-SHA2_20/2_256,PUB_R3,1621,1621,1622,15449240,2546667,PASS,4963,6002,10,20,2,16
XMSSMT-SHA2_20/2_256,PUB_R3,1622,1622,1623,17754852,2612407,PASS,4963,6002,10,20,2,16
XMSSMT-SHA2_20/2_256,PUB_R3,1623,1623,1624,15438814,2548018,PASS,4963,6002,10,20,2,16
XMSSMT-SHA2_20/2_256,PUB_R3,1624,1624,1625,17731259,2622481,PASS,4963,6002,10,20,2,16
XMSSMT-SHA2_20/2_256,PUB_R3,1625,1625,1626,15385500,2610944,PASS,4963,6002,10,20,2,16
XMSSMT-SHA2_20/2_256,PUB_R3,1626,1626,1627,17709223,2675889,PASS,4963,6002,10,20,2,16
XMSSMT-SHA2_20/2_256,PUB_R3,1627,1627,1628,15429574,2551388,PASS,4963,6002,10,20,2,16
XMSSMT-SHA2_20/2_256,PUB_R3,1628,1628,1629,17781074,2582074,PASS,4963,6002,10,20,2,16
XMSSMT-SHA2_20/2_256,PUB_R3,1629,1629,1630,15305889,2672759,PASS,4963,6002,10,20,2,16
XMSSMT-SHA2_20/2_256,PUB_R3,1630,1630,1631,17906759,2489870,PASS,4963,6002,10,20,2,16
XMSSMT-SHA2_20/2_256,PUB_R3,1631,1631,1632,15508334,2490074,PASS,4963,6002,10,20,2,16
XMSSMT-SHA2_20/2_256,PUB_R3,1632,1632,1633,17840834,2514278,PASS,4963,6002,10,20,2,16
XMSSMT-SHA2_20/2_256,PUB_R3,1633,1633,1634,15462408,2548092,PASS,4963,6002,10,20,2,16
XMSSMT-SHA2_20/2_256,PUB_R3,1634,1634,1635,17625315,2704075,PASS,4963,6002,10,20,2,16
XMSSMT-SHA2_20/2_256,PUB_R3,1635,1635,1636,15468093,2512944,PASS,4963,6002,10,20,2,16
XMSSMT-SHA2_20/2_256,PUB_R3,1636,1636,1637,17758648,2577092,PASS,4963,6002,10,20,2,16
XMSSMT-SHA2_20/2_256,PUB_R3,1637,1637,1638,15351260,2611407,PASS,4963,6002,10,20,2,16
XMSSMT-SHA2_20/2_256,PUB_R3,1638,1638,1639,17730834,2609166,PASS,4963,6002,10,20,2,16
XMSSMT-SHA2_20/2_256,PUB_R3,1639,1639,1640,15584130,2385963,PASS,4963,6002,10,20,2,16
XMSSMT-SHA2_20/2_256,PUB_R3,1640,1640,1641,17937851,2382778,PASS,4963,6002,10,20,2,16
XMSSMT-SHA2_20/2_256,PUB_R3,1641,1641,1642,15513296,2450000,PASS,4963,6002,10,20,2,16
XMSSMT-SHA2_20/2_256,PUB_R3,1642,1642,1643,17769926,2580852,PASS,4963,6002,10,20,2,16
XMSSMT-SHA2_20/2_256,PUB_R3,1643,1643,1644,10526371,2705463,PASS,4963,6002,10,20,2,16
XMSSMT-SHA2_20/2_256,PUB_R3,1644,1644,1645,5870611,2581685,PASS,4963,6002,10,20,2,16
XMSSMT-SHA2_20/2_256,PUB_R3,1645,1645,1646,5984945,2479555,PASS,4963,6002,10,20,2,16
XMSSMT-SHA2_20/2_256,PUB_R3,1646,1646,1647,5824223,2614870,PASS,4963,6002,10,20,2,16
XMSSMT-SHA2_20/2_256,PUB_R3,1647,1647,1648,15452629,2555315,PASS,4963,6002,10,20,2,16
XMSSMT-SHA2_20/2_256,PUB_R3,1648,1648,1649,17774537,2613000,PASS,4963,6002,10,20,2,16
XMSSMT-SHA2_20/2_256,PUB_R3,1649,1649,1650,15293760,2680352,PASS,4963,6002,10,20,2,16
XMSSMT-SHA2_20/2_256,PUB_R3,1650,1650,1651,8339574,2516222,PASS,4963,6002,10,20,2,16
XMSSMT-SHA2_20/2_256,PUB_R3,1651,1651,1652,10606314,2606723,PASS,4963,6002,10,20,2,16
XMSSMT-SHA2_20/2_256,PUB_R3,1652,1652,1653,5791556,2676019,PASS,4963,6002,10,20,2,16
XMSSMT-SHA2_20/2_256,PUB_R3,1653,1653,1654,5868759,2578315,PASS,4963,6002,10,20,2,16
XMSSMT-SHA2_20/2_256,PUB_R3,1654,1654,1655,5857797,2615945,PASS,4963,6002,10,20,2,16
XMSSMT-SHA2_20/2_256,PUB_R3,1655,1655,1656,15414074,2582592,PASS,4963,6002,10,20,2,16
XMSSMT-SHA2_20/2_256,PUB_R3,1656,1656,1657,10739648,2492851,PASS,4963,6002,10,20,2,16
XMSSMT-SHA2_20/2_256,PUB_R3,1657,1657,1658,5903925,2547129,PASS,4963,6002,10,20,2,16
XMSSMT-SHA2_20/2_256,PUB_R3,1658,1658,1659,5775297,2683574,PASS,4963,6002,10,20,2,16
XMSSMT-SHA2_20/2_256,PUB_R3,1659,1659,1660,10753482,2488963,PASS,4963,6002,10,20,2,16
XMSSMT-SHA2_20/2_256,PUB_R3,1660,1660,1661,5889815,2581982,PASS,4963,6002,10,20,2,16
XMSSMT-SHA2_20/2_256,PUB_R3,1661,1661,1662,5843630,2622741,PASS,4963,6002,10,20,2,16
XMSSMT-SHA2_20/2_256,PUB_R3,1662,1662,1663,5927259,2513759,PASS,4963,6002,10,20,2,16
XMSSMT-SHA2_20/2_256,PUB_R3,1663,1663,1664,15561629,2449945,PASS,4963,6002,10,20,2,16
XMSSMT-SHA2_20/2_256,PUB_R3,1664,1664,1665,17762204,2614833,PASS,4963,6002,10,20,2,16
XMSSMT-SHA2_20/2_256,PUB_R3,1665,1665,1666,15305963,2678537,PASS,4963,6002,10,20,2,16
XMSSMT-SHA2_20/2_256,PUB_R3,1666,1666,1667,17591445,2777926,PASS,4963,6002,10,20,2,16
XMSSMT-SHA2_20/2_256,PUB_R3,1667,1667,1668,15268315,2700741,PASS,4963,6002,10,20,2,16
XMSSMT-SHA2_20/2_256,PUB_R3,1668,1668,1669,17682834,2674037,PASS,4963,6002,10,20,2,16
XMSSMT-SHA2_20/2_256,PUB_R3,1669,1669,1670,15525500,2449686,PASS,4963,6002,10,20,2,16
XMSSMT-SHA2_20/2_256,PUB_R3,1670,1670,1671,17856093,2512055,PASS,4963,6002,10,20,2,16
XMSSMT-SHA2_20/2_256,PUB_R3,1671,1671,1672,15431629,2549778,PASS,4963,6002,10,20,2,16
XMSSMT-SHA2_20/2_256,PUB_R3,1672,1672,1673,17813463,2563815,PASS,4963,6002,10,20,2,16
XMSSMT-SHA2_20/2_256,PUB_R3,1673,1673,1674,15500463,2515648,PASS,4963,6002,10,20,2,16
XMSSMT-SHA2_20/2_256,PUB_R3,1674,1674,1675,17795908,2577722,PASS,4963,6002,10,20,2,16
XMSSMT-SHA2_20/2_256,PUB_R3,1675,1675,1676,15423129,2544926,PASS,4963,6002,10,20,2,16
XMSSMT-SHA2_20/2_256,PUB_R3,1676,1676,1677,17894685,2453093,PASS,4963,6002,10,20,2,16
XMSSMT-SHA2_20/2_256,PUB_R3,1677,1677,1678,15321500,2672463,PASS,4963,6002,10,20,2,16
XMSSMT-SHA2_20/2_256,PUB_R3,1678,1678,1679,17929167,2469612,PASS,4963,6002,10,20,2,16
XMSSMT-SHA2_20/2_256,PUB_R3,1679,1679,1680,15437685,2557852,PASS,4963,6002,10,20,2,16
XMSSMT-SHA2_20/2_256,PUB_R3,1680,1680,1681,17945852,2417056,PASS,4963,6002,10,20,2,16
XMSSMT-SHA2_20/2_256,PUB_R3,1681,1681,1682,15254204,2738852,PASS,4963,6002,10,20,2,16
XMSSMT-SHA2_20/2_256,PUB_R3,1682,1682,1683,17657629,2705259,PASS,4963,6002,10,20,2,16
XMSSMT-SHA2_20/2_256,PUB_R3,1683,1683,1684,15540315,2448426,PASS,4963,6002,10,20,2,16
XMSSMT-SHA2_20/2_256,PUB_R3,1684,1684,1685,17648463,2707000,PASS,4963,6002,10,20,2,16
XMSSMT-SHA2_20/2_256,PUB_R3,1685,1685,1686,15495167,2494481,PASS,4963,6002,10,20,2,16
XMSSMT-SHA2_20/2_256,PUB_R3,1686,1686,1687,17776370,2581240,PASS,4963,6002,10,20,2,16
XMSSMT-SHA2_20/2_256,PUB_R3,1687,1687,1688,15475130,2513444,PASS,4963,6002,10,20,2,16
XMSSMT-SHA2_20/2_256,PUB_R3,1688,1688,1689,17987444,2388333,PASS,4963,6002,10,20,2,16
XMSSMT-SHA2_20/2_256,PUB_R3,1689,1689,1690,15441074,2548481,PASS,4963,6002,10,20,2,16
XMSSMT-SHA2_20/2_256,PUB_R3,1690,1690,1691,17805908,2547463,PASS,4963,6002,10,20,2,16
XMSSMT-SHA2_20/2_256,PUB_R3,1691,1691,1692,15454425,2554185,PASS,4963,6002,10,20,2,16
XMSSMT-SHA2_20/2_256,PUB_R3,1692,1692,1693,17763241,2577741,PASS,4963,6002,10,20,2,16
XMSSMT-SHA2_20/2_256,PUB_R3,1693,1693,1694,15432445,2546445,PASS,4963,6002,10,20,2,16
XMSSMT-SHA2_20/2_256,PUB_R3,1694,1694,1695,17842222,2545797,PASS,4963,6002,10,20,2,16
XMSSMT-SHA2_20/2_256,PUB_R3,1695,1695,1696,15367611,2610092,PASS,4963,6002,10,20,2,16
XMSSMT-SHA2_20/2_256,PUB_R3,1696,1696,1697,17750315,2579834,PASS,4963,6002,10,20,2,16
XMSSMT-SHA2_20/2_256,PUB_R3,1697,1697,1698,15444593,2511222,PASS,4963,6002,10,20,2,16
XMSSMT-SHA2_20/2_256,PUB_R3,1698,1698,1699,17896389,2447148,PASS,4963,6002,10,20,2,16
XMSSMT-SHA2_20/2_256,PUB_R3,1699,1699,1700,15481926,2483556,PASS,4963,6002,10,20,2,16
XMSSMT-SHA2_20/2_256,PUB_R3,1700,1700,1701,17718629,2608297,PASS,4963,6002,10,20,2,16
XMSSMT-SHA2_20/2_256,PUB_R3,1701,1701,1702,15285223,2672889,PASS,4963,6002,10,20,2,16
XMSSMT-SHA2_20/2_256,PUB_R3,1702,1702,1703,17627704,2708408,PASS,4963,6002,10,20,2,16
XMSSMT-SHA2_20/2_256,PUB_R3,1703,1703,1704,15373593,2611334,PASS,4963,6002,10,20,2,16
XMSSMT-SHA2_20/2_256,PUB_R3,1704,1704,1705,17684166,2671370,PASS,4963,6002,10,20,2,16
XMSSMT-SHA2_20/2_256,PUB_R3,1705,1705,1706,15425555,2585426,PASS,4963,6002,10,20,2,16
XMSSMT-SHA2_20/2_256,PUB_R3,1706,1706,1707,17719463,2688315,PASS,4963,6002,10,20,2,16
XMSSMT-SHA2_20/2_256,PUB_R3,1707,1707,1708,10779945,2451704,PASS,4963,6002,10,20,2,16
XMSSMT-SHA2_20/2_256,PUB_R3,1708,1708,1709,5918056,2547630,PASS,4963,6002,10,20,2,16
XMSSMT-SHA2_20/2_256,PUB_R3,1709,1709,1710,6068500,2387315,PASS,4963,6002,10,20,2,16
XMSSMT-SHA2_20/2_256,PUB_R3,1710,1710,1711,5884056,2578056,PASS,4963,6002,10,20,2,16
XMSSMT-SHA2_20/2_256,PUB_R3,1711,1711,1712,15335574,2675408,PASS,4963,6002,10,20,2,16
XMSSMT-SHA2_20/2_256,PUB_R3,1712,1712,1713,17771703,2580056,PASS,4963,6002,10,20,2,16
XMSSMT-SHA2_20/2_256,PUB_R3,1713,1713,1714,15515981,2496389,PASS,4963,6002,10,20,2,16
XMSSMT-SHA2_20/2_256,PUB_R3,1714,1714,1715,8356815,2479389,PASS,4963,6002,10,20,2,16
XMSSMT-SHA2_20/2_256,PUB_R3,1715,1715,1716,10706444,2519704,PASS,4963,6002,10,20,2,16
XMSSMT-SHA2_20/2_256,PUB_R3,1716,1716,1717,5892278,2545703,PASS,4963,6002,10,20,2,16
XMSSMT-SHA2_20/2_256,PUB_R3,1717,1717,1718,5921018,2553426,PASS,4963,6002,10,20,2,16
XMSSMT-SHA2_20/2_256,PUB_R3,1718,1718,1719,5893797,2551907,PASS,4963,6002,10,20,2,16
XMSSMT-SHA2_20/2_256,PUB_R3,1719,1719,1720,15564000,2453500,PASS,4963,6002,10,20,2,16
XMSSMT-SHA2_20/2_256,PUB_R3,1720,1720,1721,10521333,2706130,PASS,4963,6002,10,20,2,16
XMSSMT-SHA2_20/2_256,PUB_R3,1721,1721,1722,5793463,2677723,PASS,4963,6002,10,20,2,16
XMSSMT-SHA2_20/2_256,PUB_R3,1722,1722,1723,5871519,2582130,PASS,4963,6002,10,20,2,16
XMSSMT-SHA2_20/2_256,PUB_R3,1723,1723,1724,10616926,2607667,PASS,4963,6002,10,20,2,16
XMSSMT-SHA2_20/2_256,PUB_R3,1724,1724,1725,5882111,2581092,PASS,4963,6002,10,20,2,16
XMSSMT-SHA2_20/2_256,PUB_R3,1725,1725,1726,5846240,2608370,PASS,4963,6002,10,20,2,16
XMSSMT-SHA2_20/2_256,PUB_R3,1726,1726,1727,5930593,2531741,PASS,4963,6002,10,20,2,16
XMSSMT-SHA2_20/2_256,PUB_R3,1727,1727,1728,15428241,2582037,PASS,4963,6002,10,20,2,16
XMSSMT-SHA2_20/2_256,PUB_R3,1728,1728,1729,17851037,2512945,PASS,4963,6002,10,20,2,16
XMSSMT-SHA2_20/2_256,PUB_R3,1729,1729,1730,15269611,2705537,PASS,4963,6002,10,20,2,16
XMSSMT-SHA2_20/2_256,PUB_R3,1730,1730,1731,17813445,2547556,PASS,4963,6002,10,20,2,16
XMSSMT-SHA2_20/2_256,PUB_R3,1731,1731,1732,15452555,2512888,PASS,4963,6002,10,20,2,16
XMSSMT-SHA2_20/2_256,PUB_R3,1732,1732,1733,17659315,2708685,PASS,4963,6002,10,20,2,16
XMSSMT-SHA2_20/2_256,PUB_R3,1733,1733,1734,15416926,2594537,PASS,4963,6002,10,20,2,16
XMSSMT-SHA2_20/2_256,PUB_R3,1734,1734,1735,17775537,2613797,PASS,4963,6002,10,20,2,16
XMSSMT-SHA2_20/2_256,PUB_R3,1735,1735,1736,15450944,2548797,PASS,4963,6002,10,20,2,16
XMSSMT-SHA2_20/2_256,PUB_R3,1736,1736,1737,17880259,2486778,PASS,4963,6002,10,20,2,16
XMSSMT-SHA2_20/2_256,PUB_R3,1737,1737,1738,15430667,2544093,PASS,4963,6002,10,20,2,16
XMSSMT-SHA2_20/2_256,PUB_R3,1738,1738,1739,17602908,2772814,PASS,4963,6002,10,20,2,16
XMSSMT-SHA2_20/2_256,PUB_R3,1739,1739,1740,15366593,2614222,PASS,4963,6002,10,20,2,16
XMSSMT-SHA2_20/2_256,PUB_R3,1740,1740,1741,17875149,2524259,PASS,4963,6002,10,20,2,16
XMSSMT-SHA2_20/2_256,PUB_R3,1741,1741,1742,15464130,2514074,PASS,4963,6002,10,20,2,16
XMSSMT-SHA2_20/2_256,PUB_R3,1742,1742,1743,17832723,2579740,PASS,4963,6002,10,20,2,16
XMSSMT-SHA2_20/2_256,PUB_R3,1743,1743,1744,15498148,2519482,PASS,4963,6002,10,20,2,16
XMSSMT-SHA2_20/2_256,PUB_R3,1744,1744,1745,17678259,2675852,PASS,4963,6002,10,20,2,16
XMSSMT-SHA2_20/2_256,PUB_R3,1745,1745,1746,15555148,2465204,PASS,4963,6002,10,20,2,16
XMSSMT-SHA2_20/2_256,PUB_R3,1746,1746,1747,8261982,2578926,PASS,4963,6002,10,20,2,16
XMSSMT-SHA2_20/2_256,PUB_R3,1747,1747,1748,10545388,2676148,PASS,4963,6002,10,20,2,16
XMSSMT-SHA2_20/2_256,PUB_R3,1748,1748,1749,5832093,2616092,PASS,4963,6002,10,20,2,16
XMSSMT-SHA2_20/2_256,PUB_R3,1749,1749,1750,5874685,2581000,PASS,4963,6002,10,20,2,16
XMSSMT-SHA2_20/2_256,PUB_R3,1750,1750,1751,5926445,2521722,PASS,4963,6002,10,20,2,16
XMSSMT-SHA2_20/2_256,PUB_R3,1751,1751,1752,15498408,2483945,PASS,4963,6002,10,20,2,16
XMSSMT-SHA2_20/2_256,PUB_R3,1752,1752,1753,10557167,2680463,PASS,4963,6002,10,20,2,16
XMSSMT-SHA2_20/2_256,PUB_R3,1753,1753,1754,5924723,2550611,PASS,4963,6002,10,20,2,16
XMSSMT-SHA2_20/2_256,PUB_R3,1754,1754,1755,5930704,2518074,PASS,4963,6002,10,20,2,16
XMSSMT-SHA2_20/2_256,PUB_R3,1755,1755,1756,10712760,2515963,PASS,4963,6002,10,20,2,16
XMSSMT-SHA2_20/2_256,PUB_R3,1756,1756,1757,5876871,2580537,PASS,4963,6002,10,20,2,16
XMSSMT-SHA2_20/2_256,PUB_R3,1757,1757,1758,5883907,2578019,PASS,4963,6002,10,20,2,16
XMSSMT-SHA2_20/2_256,PUB_R3,1758,1758,1759,5895852,2545945,PASS,4963,6002,10,20,2,16
XMSSMT-SHA2_20/2_256,PUB_R3,1759,1759,1760,15478556,2482296,PASS,4963,6002,10,20,2,16
XMSSMT-SHA2_20/2_256,PUB_R3,1760,1760,1761,17793851,2544426,PASS,4963,6002,10,20,2,16
XMSSMT-SHA2_20/2_256,PUB_R3,1761,1761,1762,15351389,2651907,PASS,4963,6002,10,20,2,16
XMSSMT-SHA2_20/2_256,PUB_R3,1762,1762,1763,17748037,2613444,PASS,4963,6002,10,20,2,16
XMSSMT-SHA2_20/2_256,PUB_R3,1763,1763,1764,15480833,2480815,PASS,4963,6002,10,20,2,16
XMSSMT-SHA2_20/2_256,PUB_R3,1764,1764,1765,17769203,2578111,PASS,4963,6002,10,20,2,16
XMSSMT-SHA2_20/2_256,PUB_R3,1765,1765,1766,15465648,2482000,PASS,4963,6002,10,20,2,16
XMSSMT-SHA2_20/2_256,PUB_R3,1766,1766,1767,8349870,2484481,PASS,4963,6002,10,20,2,16
XMSSMT-SHA2_20/2_256,PUB_R3,1767,1767,1768,15436741,2513370,PASS,4963,6002,10,20,2,16
XMSSMT-SHA2_20/2_256,PUB_R3,1768,1768,1769,10791796,2420315,PASS,4963,6002,10,20,2,16
XMSSMT-SHA2_20/2_256,PUB_R3,1769,1769,1770,5770667,2674722,PASS,4963,6002,10,20,2,16
XMSSMT-SHA2_20/2_256,PUB_R3,1770,1770,1771,5780130,2685426,PASS,4963,6002,10,20,2,16
XMSSMT-SHA2_20/2_256,PUB_R3,1771,1771,1772,10534889,2678555,PASS,4963,6002,10,20,2,16
XMSSMT-SHA2_20/2_256,PUB_R3,1772,1772,1773,5902537,2552259,PASS,4963,6002,10,20,2,16
XMSSMT-SHA2_20/2_256,PUB_R3,1773,1773,1774,5943445,2514796,PASS,4963,6002,10,20,2,16
XMSSMT-SHA2_20/2_256,PUB_R3,1774,1774,1775,5862370,2575370,PASS,4963,6002,10,20,2,16
XMSSMT-SHA2_20/2_256,PUB_R3,1775,1775,1776,15414889,2582815,PASS,4963,6002,10,20,2,16
XMSSMT-SHA2_20/2_256,PUB_R3,1776,1776,1777,17901722,2461315,PASS,4963,6002,10,20,2,16
XMSSMT-SHA2_20/2_256,PUB_R3,1777,1777,1778,15459055,2552908,PASS,4963,6002,10,20,2,16
XMSSMT-SHA2_20/2_256,PUB_R3,1778,1778,1779,8345333,2486167,PASS,4963,6002,10,20,2,16
XMSSMT-SHA2_20/2_256,PUB_R3,1779,1779,1780,10712519,2514463,PASS,4963,6002,10,20,2,16
XMSSMT-SHA2_20/2_256,PUB_R3,1780,1780,1781,5958796,2514481,PASS,4963,6002,10,20,2,16
XMSSMT-SHA2_20/2_256,PUB_R3,1781,1781,1782,5778537,2677185,PASS,4963,6002,10,20,2,16
XMSSMT-SHA2_20/2_256,PUB_R3,1782,1782,1783,5915203,2549278,PASS,4963,6002,10,20,2,16
XMSSMT-SHA2_20/2_256,PUB_R3,1783,1783,1784,15531407,2481537,PASS,4963,6002,10,20,2,16
XMSSMT-SHA2_20/2_256,PUB_R3,1784,1784,1785,10643241,2582037,PASS,4963,6002,10,20,2,16
XMSSMT-SHA2_20/2_256,PUB_R3,1785,1785,1786,5899334,2547667,PASS,4963,6002,10,20,2,16
XMSSMT-SHA2_20/2_256,PUB_R3,1786,1786,1787,5935407,2527148,PASS,4963,6002,10,20,2,16
XMSSMT-SHA2_20/2_256,PUB_R3,1787,1787,1788,10675444,2551926,PASS,4963,6002,10,20,2,16
XMSSMT-SHA2_20/2_256,PUB_R3,1788,1788,1789,5756611,2705666,PASS,4963,6002,10,20,2,16
XMSSMT-SHA2_20/2_256,PUB_R3,1789,1789,1790,5878111,2582592,PASS,4963,6002,10,20,2,16
XMSSMT-SHA2_20/2_256,PUB_R3,1790,1790,1791,5951649,2513185,PASS,4963,6002,10,20,2,16
XMSSMT-SHA2_20/2_256,PUB_R3,1791,1791,1792,15406481,2598686,PASS,4963,6002,10,20,2,16
XMSSMT-SHA2_20/2_256,PUB_R3,1792,1792,1793,17810148,2548834,PASS,4963,6002,10,20,2,16
XMSSMT-SHA2_20/2_256,PUB_R3,1793,1793,1794,15372259,2620203,PASS,4963,6002,10,20,2,16
XMSSMT-SHA2_20/2_256,PUB_R3,1794,1794,1795,17750759,2624722,PASS,4963,6002,10,20,2,16
XMSSMT-SHA2_20/2_256,PUB_R3,1795,1795,1796,15465723,2527222,PASS,4963,6002,10,20,2,16
XMSSMT-SHA2_20/2_256,PUB_R3,1796,1796,1797,17787555,2579611,PASS,4963,6002,10,20,2,16
XMSSMT-SHA2_20/2_256,PUB_R3,1797,1797,1798,15397130,2581334,PASS,4963,6002,10,20,2,16
XMSSMT-SHA2_20/2_256,PUB_R3,1798,1798,1799,17674815,2712797,PASS,4963,6002,10,20,2,16
XMSSMT-SHA2_20/2_256,PUB_R3,1799,1799,1800,15431426,2546481,PASS,4963,6002,10,20,2,16
XMSSMT-SHA2_20/2_256,PUB_R3,1800,1800,1801,17918500,2455074,PASS,4963,6002,10,20,2,16
XMSSMT-SHA2_20/2_256,PUB_R3,1801,1801,1802,15480241,2526519,PASS,4963,6002,10,20,2,16
XMSSMT-SHA2_20/2_256,PUB_R3,1802,1802,1803,17867444,2519667,PASS,4963,6002,10,20,2,16
XMSSMT-SHA2_20/2_256,PUB_R3,1803,1803,1804,15485630,2517444,PASS,4963,6002,10,20,2,16
XMSSMT-SHA2_20/2_256,PUB_R3,1804,1804,1805,17864130,2484352,PASS,4963,6002,10,20,2,16
XMSSMT-SHA2_20/2_256,PUB_R3,1805,1805,1806,15456555,2550407,PASS,4963,6002,10,20,2,16
XMSSMT-SHA2_20/2_256,PUB_R3,1806,1806,1807,17812666,2583130,PASS,4963,6002,10,20,2,16
XMSSMT-SHA2_20/2_256,PUB_R3,1807,1807,1808,15421389,2596315,PASS,4963,6002,10,20,2,16
XMSSMT-SHA2_20/2_256,PUB_R3,1808,1808,1809,17775759,2596834,PASS,4963,6002,10,20,2,16
XMSSMT-SHA2_20/2_256,PUB_R3,1809,1809,1810,15483870,2514945,PASS,4963,6002,10,20,2,16
XMSSMT-SHA2_20/2_256,PUB_R3,1810,1810,1811,17880166,2513407,PASS,4963,6002,10,20,2,16
XMSSMT-SHA2_20/2_256,PUB_R3,1811,1811,1812,15480852,2517556,PASS,4963,6002,10,20,2,16
XMSSMT-SHA2_20/2_256,PUB_R3,1812,1812,1813,17775871,2581000,PASS,4963,6002,10,20,2,16
XMSSMT-SHA2_20/2_256,PUB_R3,1813,1813,1814,15243185,2747204,PASS,4963,6002,10,20,2,16
XMSSMT-SHA2_20/2_256,PUB_R3,1814,1814,1815,17792481,2588241,PASS,4963,6002,10,20,2,16
XMSSMT-SHA2_20/2_256,PUB_R3,1815,1815,1816,15477778,2529037,PASS,4963,6002,10,20,2,16
XMSSMT-SHA2_20/2_256,PUB_R3,1816,1816,1817,17909833,2486370,PASS,4963,6002,10,20,2,16
XMSSMT-SHA2_20/2_256,PUB_R3,1817,1817,1818,15579667,2423500,PASS,4963,6002,10,20,2,16
XMSSMT-SHA2_20/2_256,PUB_R3,1818,1818,1819,17650167,2708445,PASS,4963,6002,10,20,2,16
XMSSMT-SHA2_20/2_256,PUB_R3,1819,1819,1820,15544037,2450259,PASS,4963,6002,10,20,2,16
XMSSMT-SHA2_20/2_256,PUB_R3,1820,1820,1821,17747185,2609629,PASS,4963,6002,10,20,2,16
XMSSMT-SHA2_20/2_256,PUB_R3,1821,1821,1822,15247740,3322981,PASS,4963,6002,10,20,2,16
XMSSMT-SHA2_20/2_256,PUB_R3,1822,1822,1823,17971703,2515871,PASS,4963,6002,10,20,2,16
XMSSMT-SHA2_20/2_256,PUB_R3,1823,1823,1824,15427445,2545000,PASS,4963,6002,10,20,2,16
XMSSMT-SHA2_20/2_256,PUB_R3,1824,1824,1825,17828500,2516185,PASS,4963,6002,10,20,2,16
XMSSMT-SHA2_20/2_256,PUB_R3,1825,1825,1826,15450648,2581926,PASS,4963,6002,10,20,2,16
XMSSMT-SHA2_20/2_256,PUB_R3,1826,1826,1827,17789778,2542148,PASS,4963,6002,10,20,2,16
XMSSMT-SHA2_20/2_256,PUB_R3,1827,1827,1828,15382796,2579185,PASS,4963,6002,10,20,2,16
XMSSMT-SHA2_20/2_256,PUB_R3,1828,1828,1829,17779296,2544037,PASS,4963,6002,10,20,2,16
XMSSMT-SHA2_20/2_256,PUB_R3,1829,1829,1830,15300074,2672426,PASS,4963,6002,10,20,2,16
XMSSMT-SHA2_20/2_256,PUB_R3,1830,1830,1831,17811630,2546760,PASS,4963,6002,10,20,2,16
XMSSMT-SHA2_20/2_256,PUB_R3,1831,1831,1832,15384945,2612167,PASS,4963,6002,10,20,2,16
XMSSMT-SHA2_20/2_256,PUB_R3,1832,1832,1833,17765315,2578760,PASS,4963,6002,10,20,2,16
XMSSMT-SHA2_20/2_256,PUB_R3,1833,1833,1834,15467703,2553723,PASS,4963,6002,10,20,2,16
XMSSMT-SHA2_20/2_256,PUB_R3,1834,1834,1835,17854629,2527926,PASS,4963,6002,10,20,2,16
XMSSMT-SHA2_20/2_256,PUB_R3,1835,1835,1836,10605389,2611962,PASS,4963,6002,10,20,2,16
XMSSMT-SHA2_20/2_256,PUB_R3,1836,1836,1837,5946000,2511166,PASS,4963,6002,10,20,2,16
XMSSMT-SHA2_20/2_256,PUB_R3,1837,1837,1838,5868889,2576463,PASS,4963,6002,10,20,2,16
XMSSMT-SHA2_20/2_256,PUB_R3,1838,1838,1839,5855315,2604908,PASS,4963,6002,10,20,2,16
XMSSMT-SHA2_20/2_256,PUB_R3,1839,1839,1840,15480260,2518574,PASS,4963,6002,10,20,2,16
XMSSMT-SHA2_20/2_256,PUB_R3,1840,1840,1841,17828240,2517778,PASS,4963,6002,10,20,2,16
XMSSMT-SHA2_20/2_256,PUB_R3,1841,1841,1842,15309851,2678334,PASS,4963,6002,10,20,2,16
XMSSMT-SHA2_20/2_256,PUB_R3,1842,1842,1843,8314203,2545759,PASS,4963,6002,10,20,2,16
XMSSMT-SHA2_20/2_256,PUB_R3,1843,1843,1844,10529981,2706333,PASS,4963,6002,10,20,2,16
XMSSMT-SHA2_20/2_256,PUB_R3,1844,1844,1845,5875259,2581908,PASS,4963,6002,10,20,2,16
XMSSMT-SHA2_20/2_256,PUB_R3,1845,1845,1846,5917926,2557166,PASS,4963,6002,10,20,2,16
XMSSMT-SHA2_20/2_256,PUB_R3,1846,1846,1847,6020796,2427667,PASS,4963,6002,10,20,2,16
XMSSMT-SHA2_20/2_256,PUB_R3,1847,1847,1848,15410352,2582537,PASS,4963,6002,10,20,2,16
XMSSMT-SHA2_20/2_256,PUB_R3,1848,1848,1849,10757815,2487129,PASS,4963,6002,10,20,2,16
XMSSMT-SHA2_20/2_256,PUB_R3,1849,1849,1850,5891926,2581018,PASS,4963,6002,10,20,2,16
XMSSMT-SHA2_20/2_256,PUB_R3,1850,1850,1851,5828389,2609889,PASS,4963,6002,10,20,2,16
XMSSMT-SHA2_20/2_256,PUB_R3,1851,1851,1852,10736815,2513944,PASS,4963,6002,10,20,2,16
XMSSMT-SHA2_20/2_256,PUB_R3,1852,1852,1853,5997056,2448592,PASS,4963,6002,10,20,2,16
XMSSMT-SHA2_20/2_256,PUB_R3,1853,1853,1854,5950000,2515056,PASS,4963,6002,10,20,2,16
XMSSMT-SHA2_20/2_256,PUB_R3,1854,1854,1855,5933204,2530000,PASS,4963,6002,10,20,2,16
XMSSMT-SHA2_20/2_256,PUB_R3,1855,1855,1856,15250222,2747852,PASS,4963,6002,10,20,2,16
XMSSMT-SHA2_20/2_256,PUB_R3,1856,1856,1857,17837500,2511648,PASS,4963,6002,10,20,2,16
XMSSMT-SHA2_20/2_256,PUB_R3,1857,1857,1858,15438741,2553611,PASS,4963,6002,10,20,2,16
XMSSMT-SHA2_20/2_256,PUB_R3,1858,1858,1859,17811555,2547278,PASS,4963,6002,10,20,2,16
XMSSMT-SHA2_20/2_256,PUB_R3,1859,1859,1860,15433223,2548611,PASS,4963,6002,10,20,2,16
XMSSMT-SHA2_20/2_256,PUB_R3,1860,1860,1861,17925500,2457037,PASS,4963,6002,10,20,2,16
XMSSMT-SHA2_20/2_256,PUB_R3,1861,1861,1862,15448166,2557481,PASS,4963,6002,10,20,2,16
XMSSMT-SHA2_20/2_256,PUB_R3,1862,1862,1863,17812629,2587444,PASS,4963,6002,10,20,2,16
XMSSMT-SHA2_20/2_256,PUB_R3,1863,1863,1864,15277241,2702685,PASS,4963,6002,10,20,2,16
XMSSMT-SHA2_20/2_256,PUB_R3,1864,1864,1865,17876834,2484648,PASS,4963,6002,10,20,2,16
XMSSMT-SHA2_20/2_256,PUB_R3,1865,1865,1866,15389426,2614926,PASS,4963,6002,10,20,2,16
XMSSMT-SHA2_20/2_256,PUB_R3,1866,1866,1867,17766408,2619296,PASS,4963,6002,10,20,2,16
XMSSMT-SHA2_20/2_256,PUB_R3,1867,1867,1868,15394982,2627649,PASS,4963,6002,10,20,2,16
XMSSMT-SHA2_20/2_256,PUB_R3,1868,1868,1869,17807815,2549296,PASS,4963,6002,10,20,2,16
XMSSMT-SHA2_20/2_256,PUB_R3,1869,1869,1870,15205260,2797723,PASS,4963,6002,10,20,2,16
XMSSMT-SHA2_20/2_256,PUB_R3,1870,1870,1871,17726963,2675315,PASS,4963,6002,10,20,2,16
XMSSMT-SHA2_20/2_256,PUB_R3,1871,1871,1872,15487241,2520556,PASS,4963,6002,10,20,2,16
XMSSMT-SHA2_20/2_256,PUB_R3,1872,1872,1873,17630482,2742815,PASS,4963,6002,10,20,2,16
XMSSMT-SHA2_20/2_256,PUB_R3,1873,1873,1874,15382351,2616241,PASS,4963,6002,10,20,2,16
XMSSMT-SHA2_20/2_256,PUB_R3,1874,1874,1875,8301130,2547981,PASS,4963,6002,10,20,2,16
XMSSMT-SHA2_20/2_256,PUB_R3,1875,1875,1876,10706944,2514166,PASS,4963,6002,10,20,2,16
XMSSMT-SHA2_20/2_256,PUB_R3,1876,1876,1877,5930722,2515426,PASS,4963,6002,10,20,2,16
XMSSMT-SHA2_20/2_256,PUB_R3,1877,1877,1878,5852185,2613648,PASS,4963,6002,10,20,2,16
XMSSMT-SHA2_20/2_256,PUB_R3,1878,1878,1879,5862648,2588074,PASS,4963,6002,10,20,2,16
XMSSMT-SHA2_20/2_256,PUB_R3,1879,1879,1880,15439760,2551537,PASS,4963,6002,10,20,2,16
XMSSMT-SHA2_20/2_256,PUB_R3,1880,1880,1881,10743037,2486333,PASS,4963,6002,10,20,2,16
XMSSMT-SHA2_20/2_256,PUB_R3,1881,1881,1882,5852741,2612352,PASS,4963,6002,10,20,2,16
XMSSMT-SHA2_20/2_256,PUB_R3,1882,1882,1883,5771371,2678018,PASS,4963,6002,10,20,2,16
XMSSMT-SHA2_20/2_256,PUB_R3,1883,1883,1884,10678963,2546704,PASS,4963,6002,10,20,2,16
XMSSMT-SHA2_20/2_256,PUB_R3,1884,1884,1885,5947314,2519556,PASS,4963,6002,10,20,2,16
XMSSMT-SHA2_20/2_256,PUB_R3,1885,1885,1886,5751685,2704037,PASS,4963,6002,10,20,2,16
XMSSMT-SHA2_20/2_256,PUB_R3,1886,1886,1887,5894111,2546204,PASS,4963,6002,10,20,2,16
XMSSMT-SHA2_20/2_256,PUB_R3,1887,1887,1888,15457963,2514296,PASS,4963,6002,10,20,2,16
XMSSMT-SHA2_20/2_256,PUB_R3,1888,1888,1889,17864537,2487241,PASS,4963,6002,10,20,2,16
XMSSMT-SHA2_20/2_256,PUB_R3,1889,1889,1890,15393537,2576611,PASS,4963,6002,10,20,2,16
XMSSMT-SHA2_20/2_256,PUB_R3,1890,1890,1891,17754981,2578241,PASS,4963,6002,10,20,2,16
XMSSMT-SHA2_20/2_256,PUB_R3,1891,1891,1892,15388481,2577741,PASS,4963,6002,10,20,2,16
XMSSMT-SHA2_20/2_256,PUB_R3,1892,1892,1893,17772296,2605574,PASS,4963,6002,10,20,2,16
XMSSMT-SHA2_20/2_256,PUB_R3,1893,1893,1894,15411315,2547148,PASS,4963,6002,10,20,2,16
XMSSMT-SHA2_20/2_256,PUB_R3,1894,1894,1895,8220630,2608037,PASS,4963,6002,10,20,2,16
XMSSMT-SHA2_20/2_256,PUB_R3,1895,1895,1896,15463555,2516019,PASS,4963,6002,10,20,2,16
XMSSMT-SHA2_20/2_256,PUB_R3,1896,1896,1897,10711056,2480889,PASS,4963,6002,10,20,2,16
XMSSMT-SHA2_20/2_256,PUB_R3,1897,1897,1898,5875463,2580537,PASS,4963,6002,10,20,2,16
XMSSMT-SHA2_20/2_256,PUB_R3,1898,1898,1899,5941130,2516222,PASS,4963,6002,10,20,2,16
XMSSMT-SHA2_20/2_256,PUB_R3,1899,1899,1900,10428592,2809777,PASS,4963,6002,10,20,2,16
XMSSMT-SHA2_20/2_256,PUB_R3,1900,1900,1901,5837000,2619519,PASS,4963,6002,10,20,2,16
XMSSMT-SHA2_20/2_256,PUB_R3,1901,1901,1902,5920129,2550037,PASS,4963,6002,10,20,2,16
XMSSMT-SHA2_20/2_256,PUB_R3,1902,1902,1903,5701908,2740389,PASS,4963,6002,10,20,2,16
XMSSMT-SHA2_20/2_256,PUB_R3,1903,1903,1904,15456092,2551000,PASS,4963,6002,10,20,2,16
XMSSMT-SHA2_20/2_256,PUB_R3,1904,1904,1905,17747944,2626703,PASS,4963,6002,10,20,2,16
XMSSMT-SHA2_20/2_256,PUB_R3,1905,1905,1906,15412704,2582778,PASS,4963,6002,10,20,2,16
XMSSMT-SHA2_20/2_256,PUB_R3,1906,1906,1907,8329259,2517593,PASS,4963,6002,10,20,2,16
XMSSMT-SHA2_20/2_256,PUB_R3,1907,1907,1908,10611315,2605389,PASS,4963,6002,10,20,2,16
XMSSMT-SHA2_20/2_256,PUB_R3,1908,1908,1909,5954667,2516945,PASS,4963,6002,10,20,2,16
XMSSMT-SHA2_20/2_256,PUB_R3,1909,1909,1910,5933463,2513852,PASS,4963,6002,10,20,2,16
XMSSMT-SHA2_20/2_256,PUB_R3,1910,1910,1911,5976963,2483482,PASS,4963,6002,10,20,2,16
XMSSMT-SHA2_20/2_256,PUB_R3,1911,1911,1912,15398908,2579408,PASS,4963,6002,10,20,2,16
XMSSMT-SHA2_20/2_256,PUB_R3,1912,1912,1913,10702000,2515833,PASS,4963,6002,10,20,2,16
XMSSMT-SHA2_20/2_256,PUB_R3,1913,1913,1914,5906908,2547833,PASS,4963,6002,10,20,2,16
XMSSMT-SHA2_20/2_256,PUB_R3,1914,1914,1915,5931093,2523667,PASS,4963,6002,10,20,2,16
XMSSMT-SHA2_20/2_256,PUB_R3,1915,1915,1916,10784908,2455000,PASS,4963,6002,10,20,2,16
XMSSMT-SHA2_20/2_256,PUB_R3,1916,1916,1917,5976389,2485741,PASS,4963,6002,10,20,2,16
XMSSMT-SHA2_20/2_256,PUB_R3,1917,1917,1918,5937130,2520407,PASS,4963,6002,10,20,2,16
XMSSMT-SHA2_20/2_256,PUB_R3,1918,1918,1919,5750611,2700574,PASS,4963,6002,10,20,2,16
XMSSMT-SHA2_20/2_256,PUB_R3,1919,1919,1920,15512166,2518945,PASS,4963,6002,10,20,2,16
XMSSMT-SHA2_20/2_256,PUB_R3,1920,1920,1921,17743037,2610703,PASS,4963,6002,10,20,2,16
XMSSMT-SHA2_20/2_256,PUB_R3,1921,1921,1922,15418019,2577815,PASS,4963,6002,10,20,2,16
XMSSMT-SHA2_20/2_256,PUB_R3,1922,1922,1923,17850445,2561018,PASS,4963,6002,10,20,2,16
XMSSMT-SHA2_20/2_256,PUB_R3,1923,1923,1924,15546555,2466703,PASS,4963,6002,10,20,2,16
XMSSMT-SHA2_20/2_256,PUB_R3,1924,1924,1925,17628907,2740204,PASS,4963,6002,10,20,2,16
XMSSMT-SHA2_20/2_256,PUB_R3,1925,1925,1926,15570444,2453593,PASS,4963,6002,10,20,2,16
XMSSMT-SHA2_20/2_256,PUB_R3,1926,1926,1927,17698981,2676667,PASS,4963,6002,10,20,2,16
XMSSMT-SHA2_20/2_256,PUB_R3,1927,1927,1928,15386445,2610037,PASS,4963,6002,10,20,2,16
XMSSMT-SHA2_20/2_256,PUB_R3,1928,1928,1929,17865130,2522796,PASS,4963,6002,10,20,2,16
XMSSMT-SHA2_20/2_256,PUB_R3,1929,1929,1930,15399630,2627722,PASS,4963,6002,10,20,2,16
XMSSMT-SHA2_20/2_256,PUB_R3,1930,1930,1931,17718334,2679889,PASS,4963,6002,10,20,2,16
XMSSMT-SHA2_20/2_256,PUB_R3,1931,1931,1932,15438445,2544704,PASS,4963,6002,10,20,2,16
XMSSMT-SHA2_20/2_256,PUB_R3,1932,1932,1933,17652259,2743407,PASS,4963,6002,10,20,2,16
XMSSMT-SHA2_20/2_256,PUB_R3,1933,1933,1934,15327982,2676926,PASS,4963,6002,10,20,2,16
XMSSMT-SHA2_20/2_256,PUB_R3,1934,1934,1935,17764519,2619519,PASS,4963,6002,10,20,2,16
XMSSMT-SHA2_20/2_256,PUB_R3,1935,1935,1936,15468296,2531963,PASS,4963,6002,10,20,2,16
XMSSMT-SHA2_20/2_256,PUB_R3,1936,1936,1937,17788870,2583000,PASS,4963,6002,10,20,2,16
XMSSMT-SHA2_20/2_256,PUB_R3,1937,1937,1938,15500481,2514444,PASS,4963,6002,10,20,2,16
XMSSMT-SHA2_20/2_256,PUB_R3,1938,1938,1939,8229093,2624463,PASS,4963,6002,10,20,2,16
XMSSMT-SHA2_20/2_256,PUB_R3,1939,1939,1940,10566926,2679019,PASS,4963,6002,10,20,2,16
XMSSMT-SHA2_20/2_256,PUB_R3,1940,1940,1941,5984278,2487907,PASS,4963,6002,10,20,2,16
XMSSMT-SHA2_20/2_256,PUB_R3,1941,1941,1942,5738092,2744351,PASS,4963,6002,10,20,2,16
XMSSMT-SHA2_20/2_256,PUB_R3,1942,1942,1943,5944074,2517241,PASS,4963,6002,10,20,2,16
XMSSMT-SHA2_20/2_256,PUB_R3,1943,1943,1944,15389074,2615797,PASS,4963,6002,10,20,2,16
XMSSMT-SHA2_20/2_256,PUB_R3,1944,1944,1945,10709018,2516982,PASS,4963,6002,10,20,2,16
XMSSMT-SHA2_20/2_256,PUB_R3,1945,1945,1946,5877649,2582296,PASS,4963,6002,10,20,2,16
XMSSMT-SHA2_20/2_256,PUB_R3,1946,1946,1947,5777370,2683111,PASS,4963,6002,10,20,2,16
XMSSMT-SHA2_20/2_256,PUB_R3,1947,1947,1948,10709760,2524426,PASS,4963,6002,10,20,2,16
XMSSMT-SHA2_20/2_256,PUB_R3,1948,1948,1949,6018963,2448315,PASS,4963,6002,10,20,2,16
XMSSMT-SHA2_20/2_256,PUB_R3,1949,1949,1950,5773186,2679333,PASS,4963,6002,10,20,2,16
XMSSMT-SHA2_20/2_256,PUB_R3,1950,1950,1951,5965129,2513352,PASS,4963,6002,10,20,2,16
XMSSMT-SHA2_20/2_256,PUB_R3,1951,1951,1952,15298778,2710203,PASS,4963,6002,10,20,2,16
XMSSMT-SHA2_20/2_256,PUB_R3,1952,1952,1953,17805833,2554037,PASS,4963,6002,10,20,2,16
XMSSMT-SHA2_20/2_256,PUB_R3,1953,1953,1954,15516259,2488889,PASS,4963,6002,10,20,2,16
XMSSMT-SHA2_20/2_256,PUB_R3,1954,1954,1955,17672703,2711889,PASS,4963,6002,10,20,2,16
XMSSMT-SHA2_20/2_256,PUB_R3,1955,1955,1956,15242925,2742000,PASS,4963,6002,10,20,2,16
XMSSMT-SHA2_20/2_256,PUB_R3,1956,1956,1957,17862666,2481685,PASS,4963,6002,10,20,2,16
XMSSMT-SHA2_20/2_256,PUB_R3,1957,1957,1958,15527222,2451944,PASS,4963,6002,10,20,2,16
XMSSMT-SHA2_20/2_256,PUB_R3,1958,1958,1959,8257815,2579944,PASS,4963,6002,10,20,2,16
XMSSMT-SHA2_20/2_256,PUB_R3,1959,1959,1960,15284796,2709463,PASS,4963,6002,10,20,2,16
XMSSMT-SHA2_20/2_256,PUB_R3,1960,1960,1961,10430814,2770204,PASS,4963,6002,10,20,2,16
XMSSMT-SHA2_20/2_256,PUB_R3,1961,1961,1962,6068796,2385426,PASS,4963,6002,10,20,2,16
XMSSMT-SHA2_20/2_256,PUB_R3,1962,1962,1963,5770833,2674000,PASS,4963,6002,10,20,2,16
XMSSMT-SHA2_20/2_256,PUB_R3,1963,1963,1964,10517481,2754556,PASS,4963,6002,10,20,2,16
XMSSMT-SHA2_20/2_256,PUB_R3,1964,1964,1965,5827611,2610111,PASS,4963,6002,10,20,2,16
XMSSMT-SHA2_20/2_256,PUB_R3,1965,1965,1966,5927426,2513963,PASS,4963,6002,10,20,2,16
XMSSMT-SHA2_20/2_256,PUB_R3,1966,1966,1967,5884963,2544333,PASS,4963,6002,10,20,2,16
XMSSMT-SHA2_20/2_256,PUB_R3,1967,1967,1968,15582834,2391351,PASS,4963,6002,10,20,2,16
XMSSMT-SHA2_20/2_256,PUB_R3,1968,1968,1969,17732796,2613111,PASS,4963,6002,10,20,2,16
XMSSMT-SHA2_20/2_256,PUB_R3,1969,1969,1970,15188296,2804537,PASS,4963,6002,10,20,2,16
XMSSMT-SHA2_20/2_256,PUB_R3,1970,1970,1971,8301407,2549204,PASS,4963,6002,10,20,2,16
XMSSMT-SHA2_20/2_256,PUB_R3,1971,1971,1972,10535852,2690037,PASS,4963,6002,10,20,2,16
XMSSMT-SHA2_20/2_256,PUB_R3,1972,1972,1973,6075852,2386778,PASS,4963,6002,10,20,2,16
XMSSMT-SHA2_20/2_256,PUB_R3,1973,1973,1974,5745093,2706259,PASS,4963,6002,10,20,2,16
XMSSMT-SHA2_20/2_256,PUB_R3,1974,1974,1975,5788407,2674185,PASS,4963,6002,10,20,2,16
XMSSMT-SHA2_20/2_256,PUB_R3,1975,1975,1976,15429408,2546982,PASS,4963,6002,10,20,2,16
XMSSMT-SHA2_20/2_256,PUB_R3,1976,1976,1977,10688759,2547074,PASS,4963,6002,10,20,2,16
XMSSMT-SHA2_20/2_256,PUB_R3,1977,1977,1978,5914926,2550815,PASS,4963,6002,10,20,2,16
XMSSMT-SHA2_20/2_256,PUB_R3,1978,1978,1979,5786074,2675426,PASS,4963,6002,10,20,2,16
XMSSMT-SHA2_20/2_256,PUB_R3,1979,1979,1980,10706111,2517056,PASS,4963,6002,10,20,2,16
XMSSMT-SHA2_20/2_256,PUB_R3,1980,1980,1981,5928963,2513556,PASS,4963,6002,10,20,2,16
XMSSMT-SHA2_20/2_256,PUB_R3,1981,1981,1982,5845426,2624222,PASS,4963,6002,10,20,2,16
XMSSMT-SHA2_20/2_256,PUB_R3,1982,1982,1983,5964334,2485426,PASS,4963,6002,10,20,2,16
XMSSMT-SHA2_20/2_256,PUB_R3,1983,1983,1984,15479704,2525241,PASS,4963,6002,10,20,2,16
XMSSMT-SHA2_20/2_256,PUB_R3,1984,1984,1985,17833926,2517889,PASS,4963,6002,10,20,2,16
XMSSMT-SHA2_20/2_256,PUB_R3,1985,1985,1986,15403741,2575241,PASS,4963,6002,10,20,2,16
XMSSMT-SHA2_20/2_256,PUB_R3,1986,1986,1987,17953500,2449278,PASS,4963,6002,10,20,2,16
XMSSMT-SHA2_20/2_256,PUB_R3,1987,1987,1988,15332389,2677982,PASS,4963,6002,10,20,2,16
XMSSMT-SHA2_20/2_256,PUB_R3,1988,1988,1989,17818740,2551296,PASS,4963,6002,10,20,2,16
XMSSMT-SHA2_20/2_256,PUB_R3,1989,1989,1990,15479389,2519981,PASS,4963,6002,10,20,2,16
XMSSMT-SHA2_20/2_256,PUB_R3,1990,1990,1991,8368519,2483611,PASS,4963,6002,10,20,2,16
XMSSMT-SHA2_20/2_256,PUB_R3,1991,1991,1992,15426055,2584926,PASS,4963,6002,10,20,2,16
XMSSMT-SHA2_20/2_256,PUB_R3,1992,1992,1993,10731778,2518111,PASS,4963,6002,10,20,2,16
XMSSMT-SHA2_20/2_256,PUB_R3,1993,1993,1994,5838500,2611315,PASS,4963,6002,10,20,2,16
XMSSMT-SHA2_20/2_256,PUB_R3,1994,1994,1995,5912444,2545019,PASS,4963,6002,10,20,2,16
XMSSMT-SHA2_20/2_256,PUB_R3,1995,1995,1996,10682741,2551722,PASS,4963,6002,10,20,2,16
XMSSMT-SHA2_20/2_256,PUB_R3,1996,1996,1997,5902574,2547240,PASS,4963,6002,10,20,2,16
XMSSMT-SHA2_20/2_256,PUB_R3,1997,1997,1998,5951185,2518297,PASS,4963,6002,10,20,2,16
XMSSMT-SHA2_20/2_256,PUB_R3,1998,1998,1999,6052166,2389185,PASS,4963,6002,10,20,2,16
XMSSMT-SHA2_20/2_256,PUB_R3,1999,1999,2000,15408130,2578592,PASS,4963,6002,10,20,2,16
XMSSMT-SHA2_20/2_256,PUB_R3,2000,2000,2001,17936630,2417389,PASS,4963,6002,10,20,2,16
XMSSMT-SHA2_20/2_256,PUB_R3,2001,2001,2002,15307277,2697703,PASS,4963,6002,10,20,2,16
XMSSMT-SHA2_20/2_256,PUB_R3,2002,2002,2003,8092611,2737315,PASS,4963,6002,10,20,2,16
XMSSMT-SHA2_20/2_256,PUB_R3,2003,2003,2004,10858852,2354204,PASS,4963,6002,10,20,2,16
XMSSMT-SHA2_20/2_256,PUB_R3,2004,2004,2005,5950815,2518148,PASS,4963,6002,10,20,2,16
XMSSMT-SHA2_20/2_256,PUB_R3,2005,2005,2006,5845334,2606574,PASS,4963,6002,10,20,2,16
XMSSMT-SHA2_20/2_256,PUB_R3,2006,2006,2007,5720889,2737222,PASS,4963,6002,10,20,2,16
XMSSMT-SHA2_20/2_256,PUB_R3,2007,2007,2008,15455741,2564704,PASS,4963,6002,10,20,2,16
XMSSMT-SHA2_20/2_256,PUB_R3,2008,2008,2009,10699481,2521463,PASS,4963,6002,10,20,2,16
XMSSMT-SHA2_20/2_256,PUB_R3,2009,2009,2010,5961981,2511185,PASS,4963,6002,10,20,2,16
XMSSMT-SHA2_20/2_256,PUB_R3,2010,2010,2011,5701371,2741630,PASS,4963,6002,10,20,2,16
XMSSMT-SHA2_20/2_256,PUB_R3,2011,2011,2012,10611648,2611908,PASS,4963,6002,10,20,2,16
XMSSMT-SHA2_20/2_256,PUB_R3,2012,2012,2013,5908630,2548296,PASS,4963,6002,10,20,2,16
XMSSMT-SHA2_20/2_256,PUB_R3,2013,2013,2014,5775037,2672463,PASS,4963,6002,10,20,2,16
XMSSMT-SHA2_20/2_256,PUB_R3,2014,2014,2015,5782277,2678686,PASS,4963,6002,10,20,2,16
XMSSMT-SHA2_20/2_256,PUB_R3,2015,2015,2016,15573482,2424685,PASS,4963,6002,10,20,2,16
XMSSMT-SHA2_20/2_256,PUB_R3,2016,2016,2017,17835185,2549870,PASS,4963,6002,10,20,2,16
XMSSMT-SHA2_20/2_256,PUB_R3,2017,2017,2018,15521704,2452537,PASS,4963,6002,10,20,2,16
XMSSMT-SHA2_20/2_256,PUB_R3,2018,2018,2019,8104148,2741926,PASS,4963,6002,10,20,2,16
XMSSMT-SHA2_20/2_256,PUB_R3,2019,2019,2020,10701741,2516889,PASS,4963,6002,10,20,2,16
XMSSMT-SHA2_20/2_256,PUB_R3,2020,2020,2021,5850982,2609815,PASS,4963,6002,10,20,2,16
XMSSMT-SHA2_20/2_256,PUB_R3,2021,2021,2022,5983130,2485685,PASS,4963,6002,10,20,2,16
XMSSMT-SHA2_20/2_256,PUB_R3,2022,2022,2023,5966370,2484259,PASS,4963,6002,10,20,2,16
XMSSMT-SHA2_20/2_256,PUB_R3,2023,2023,2024,15308241,2678907,PASS,4963,6002,10,20,2,16
XMSSMT-SHA2_20/2_256,PUB_R3,2024,2024,2025,10656019,2578074,PASS,4963,6002,10,20,2,16
XMSSMT-SHA2_20/2_256,PUB_R3,2025,2025,2026,5851815,2613963,PASS,4963,6002,10,20,2,16
XMSSMT-SHA2_20/2_256,PUB_R3,2026,2026,2027,6038982,2419204,PASS,4963,6002,10,20,2,16
XMSSMT-SHA2_20/2_256,PUB_R3,2027,2027,2028,10669944,2547481,PASS,4963,6002,10,20,2,16
XMSSMT-SHA2_20/2_256,PUB_R3,2028,2028,2029,5742963,2709833,PASS,4963,6002,10,20,2,16
XMSSMT-SHA2_20/2_256,PUB_R3,2029,2029,2030,5948444,2511833,PASS,4963,6002,10,20,2,16
XMSSMT-SHA2_20/2_256,PUB_R3,2030,2030,2031,5836111,2607870,PASS,4963,6002,10,20,2,16
XMSSMT-SHA2_20/2_256,PUB_R3,2031,2031,2032,15207315,2777889,PASS,4963,6002,10,20,2,16
XMSSMT-SHA2_20/2_256,PUB_R3,2032,2032,2033,10672833,2548611,PASS,4963,6002,10,20,2,16
XMSSMT-SHA2_20/2_256,PUB_R3,2033,2033,2034,5893667,2543963,PASS,4963,6002,10,20,2,16
XMSSMT-SHA2_20/2_256,PUB_R3,2034,2034,2035,5739500,2703889,PASS,4963,6002,10,20,2,16
XMSSMT-SHA2_20/2_256,PUB_R3,2035,2035,2036,10693796,2515778,PASS,4963,6002,10,20,2,16
XMSSMT-SHA2_20/2_256,PUB_R3,2036,2036,2037,5891963,2550444,PASS,4963,6002,10,20,2,16
XMSSMT-SHA2_20/2_256,PUB_R3,2037,2037,2038,5838556,2608259,PASS,4963,6002,10,20,2,16
XMSSMT-SHA2_20/2_256,PUB_R3,2038,2038,2039,5763093,2676963,PASS,4963,6002,10,20,2,16
XMSSMT-SHA2_20/2_256,PUB_R3,2039,2039,2040,10733093,2483278,PASS,4963,6002,10,20,2,16
XMSSMT-SHA2_20/2_256,PUB_R3,2040,2040,2041,5898259,2543834,PASS,4963,6002,10,20,2,16
XMSSMT-SHA2_20/2_256,PUB_R3,2041,2041,2042,5965296,2481315,PASS,4963,6002,10,20,2,16
XMSSMT-SHA2_20/2_256,PUB_R3,2042,2042,2043,5927870,2527834,PASS,4963,6002,10,20,2,16
XMSSMT-SHA2_20/2_256,PUB_R3,2043,2043,2044,5778055,2674611,PASS,4963,6002,10,20,2,16
XMSSMT-SHA2_20/2_256,PUB_R3,2044,2044,2045,5929019,2515555,PASS,4963,6002,10,20,2,16
XMSSMT-SHA2_20/2_256,PUB_R3,2045,2045,2046,3488833,2576296,PASS,4963,6002,10,20,2,16
XMSSMT-SHA2_20/2_256,PUB_R3,2046,2046,2047,5863555,2576130,PASS,4963,6002,10,20,2,16
XMSSMT-SHA2_20/2_256,PUB_R3,2047,2047,2048,7005760,2673908,PASS,4963,6002,10,20,2,16
XMSSMT-SHA2_20/2_256,PUB_R3,2048,2048,2049,5771777,2610260,PASS,4963,6002,10,20,2,16
XMSSMT-SHA2_20/2_256,PUB_R3,2049,2049,2050,5928796,2449870,PASS,4963,6002,10,20,2,16
XMSSMT-SHA2_20/2_256,PUB_R3,2050,2050,2051,6023519,2394574,PASS,4963,6002,10,20,2,16
XMSSMT-SHA2_20/2_256,PUB_R3,2051,2051,2052,10530555,2607704,PASS,4963,6002,10,20,2,16
XMSSMT-SHA2_20/2_256,PUB_R3,2052,2052,2053,5865018,2514463,PASS,4963,6002,10,20,2,16
XMSSMT-SHA2_20/2_256,PUB_R3,2053,2053,2054,5899629,2493111,PASS,4963,6002,10,20,2,16
XMSSMT-SHA2_20/2_256,PUB_R3,2054,2054,2055,5740278,2645112,PASS,4963,6002,10,20,2,16
XMSSMT-SHA2_20/2_256,PUB_R3,2055,2055,2056,15413389,2517555,PASS,4963,6002,10,20,2,16
XMSSMT-SHA2_20/2_256,PUB_R3,2056,2056,2057,10615333,2547129,PASS,4963,6002,10,20,2,16
XMSSMT-SHA2_20/2_256,PUB_R3,2057,2057,2058,5746907,2645518,PASS,4963,6002,10,20,2,16
XMSSMT-SHA2_20/2_256,PUB_R3,2058,2058,2059,5916796,2480981,PASS,4963,6002,10,20,2,16
XMSSMT-SHA2_20/2_256,PUB_R3,2059,2059,2060,10730445,2431759,PASS,4963,6002,10,20,2,16
XMSSMT-SHA2_20/2_256,PUB_R3,2060,2060,2061,5891074,2481574,PASS,4963,6002,10,20,2,16
XMSSMT-SHA2_20/2_256,PUB_R3,2061,2061,2062,5765334,2641815,PASS,4963,6002,10,20,2,16
XMSSMT-SHA2_20/2_256,PUB_R3,2062,2062,2063,5867074,2512722,PASS,4963,6002,10,20,2,16
XMSSMT-SHA2_20/2_256,PUB_R3,2063,2063,2064,15455000,2483944,PASS,4963,6002,10,20,2,16
XMSSMT-SHA2_20/2_256,PUB_R3,2064,2064,2065,17853759,2466222,PASS,4963,6002,10,20,2,16
XMSSMT-SHA2_20/2_256,PUB_R3,2065,2065,2066,15315333,2609889,PASS,4963,6002,10,20,2,16
XMSSMT-SHA2_20/2_256,PUB_R3,2066,2066,2067,8250093,2513611,PASS,4963,6002,10,20,2,16
XMSSMT-SHA2_20/2_256,PUB_R3,2067,2067,2068,10618074,2547630,PASS,4963,6002,10,20,2,16
XMSSMT-SHA2_20/2_256,PUB_R3,2068,2068,2069,5831352,2549204,PASS,4963,6002,10,20,2,16
XMSSMT-SHA2_20/2_256,PUB_R3,2069,2069,2070,5868223,2547574,PASS,4963,6002,10,20,2,16
XMSSMT-SHA2_20/2_256,PUB_R3,2070,2070,2071,5932482,2456129,PASS,4963,6002,10,20,2,16
XMSSMT-SHA2_20/2_256,PUB_R3,2071,2071,2072,15297037,2623408,PASS,4963,6002,10,20,2,16
XMSSMT-SHA2_20/2_256,PUB_R3,2072,2072,2073,10530871,2607055,PASS,4963,6002,10,20,2,16
XMSSMT-SHA2_20/2_256,PUB_R3,2073,2073,2074,5919481,2479945,PASS,4963,6002,10,20,2,16
XMSSMT-SHA2_20/2_256,PUB_R3,2074,2074,2075,5903537,2498370,PASS,4963,6002,10,20,2,16
XMSSMT-SHA2_20/2_256,PUB_R3,2075,2075,2076,10702445,2488185,PASS,4963,6002,10,20,2,16
XMSSMT-SHA2_20/2_256,PUB_R3,2076,2076,2077,5945241,2454982,PASS,4963,6002,10,20,2,16
XMSSMT-SHA2_20/2_256,PUB_R3,2077,2077,2078,6027352,2353648,PASS,4963,6002,10,20,2,16
XMSSMT-SHA2_20/2_256,PUB_R3,2078,2078,2079,5657111,2736130,PASS,4963,6002,10,20,2,16
XMSSMT-SHA2_20/2_256,PUB_R3,2079,2079,2080,15455611,2452166,PASS,4963,6002,10,20,2,16
XMSSMT-SHA2_20/2_256,PUB_R3,2080,2080,2081,17853926,2455074,PASS,4963,6002,10,20,2,16
XMSSMT-SHA2_20/2_256,PUB_R3,2081,2081,2082,15397407,2513260,PASS,4963,6002,10,20,2,16
XMSSMT-SHA2_20/2_256,PUB_R3,2082,2082,2083,17842074,2485092,PASS,4963,6002,10,20,2,16
XMSSMT-SHA2_20/2_256,PUB_R3,2083,2083,2084,15298408,2617074,PASS,4963,6002,10,20,2,16
XMSSMT-SHA2_20/2_256,PUB_R3,2084,2084,2085,17847611,2455500,PASS,4963,6002,10,20,2,16
XMSSMT-SHA2_20/2_256,PUB_R3,2085,2085,2086,15450352,2447574,PASS,4963,6002,10,20,2,16
XMSSMT-SHA2_20/2_256,PUB_R3,2086,2086,2087,8321852,2457481,PASS,4963,6002,10,20,2,16
XMSSMT-SHA2_20/2_256,PUB_R3,2087,2087,2088,15304870,2623852,PASS,4963,6002,10,20,2,16
XMSSMT-SHA2_20/2_256,PUB_R3,2088,2088,2089,10662148,2484408,PASS,4963,6002,10,20,2,16
XMSSMT-SHA2_20/2_256,PUB_R3,2089,2089,2090,5884278,2517352,PASS,4963,6002,10,20,2,16
XMSSMT-SHA2_20/2_256,PUB_R3,2090,2090,2091,5834481,2546223,PASS,4963,6002,10,20,2,16
XMSSMT-SHA2_20/2_256,PUB_R3,2091,2091,2092,10710296,2448760,PASS,4963,6002,10,20,2,16
XMSSMT-SHA2_20/2_256,PUB_R3,2092,2092,2093,5753723,2641185,PASS,4963,6002,10,20,2,16
XMSSMT-SHA2_20/2_256,PUB_R3,2093,2093,2094,5852074,2551870,PASS,4963,6002,10,20,2,16
XMSSMT-SHA2_20/2_256,PUB_R3,2094,2094,2095,5991019,2398277,PASS,4963,6002,10,20,2,16
XMSSMT-SHA2_20/2_256,PUB_R3,2095,2095,2096,15430241,2499352,PASS,4963,6002,10,20,2,16
XMSSMT-SHA2_20/2_256,PUB_R3,2096,2096,2097,17847611,2450259,PASS,4963,6002,10,20,2,16
XMSSMT-SHA2_20/2_256,PUB_R3,2097,2097,2098,15437944,2486666,PASS,4963,6002,10,20,2,16
XMSSMT-SHA2_20/2_256,PUB_R3,2098,2098,2099,8292111,2483982,PASS,4963,6002,10,20,2,16
XMSSMT-SHA2_20/2_256,PUB_R3,2099,2099,2100,10730222,2432426,PASS,4963,6002,10,20,2,16
XMSSMT-SHA2_20/2_256,PUB_R3,2100,2100,2101,5866185,2512315,PASS,4963,6002,10,20,2,16
XMSSMT-SHA2_20/2_256,PUB_R3,2101,2101,2102,5856185,2551296,PASS,4963,6002,10,20,2,16
XMSSMT-SHA2_20/2_256,PUB_R3,2102,2102,2103,5952574,2455130,PASS,4963,6002,10,20,2,16
XMSSMT-SHA2_20/2_256,PUB_R3,2103,2103,2104,15382574,2547667,PASS,4963,6002,10,20,2,16
XMSSMT-SHA2_20/2_256,PUB_R3,2104,2104,2105,10545648,2615574,PASS,4963,6002,10,20,2,16
XMSSMT-SHA2_20/2_256,PUB_R3,2105,2105,2106,5934296,2449611,PASS,4963,6002,10,20,2,16
XMSSMT-SHA2_20/2_256,PUB_R3,2106,2106,2107,5853352,2547203,PASS,4963,6002,10,20,2,16
XMSSMT-SHA2_20/2_256,PUB_R3,2107,2107,2108,10706703,2449093,PASS,4963,6002,10,20,2,16
XMSSMT-SHA2_20/2_256,PUB_R3,2108,2108,2109,5971056,2419630,PASS,4963,6002,10,20,2,16
XMSSMT-SHA2_20/2_256,PUB_R3,2109,2109,2110,5908185,2491056,PASS,4963,6002,10,20,2,16
XMSSMT-SHA2_20/2_256,PUB_R3,2110,2110,2111,5756629,2644908,PASS,4963,6002,10,20,2,16
XMSSMT-SHA2_20/2_256,PUB_R3,2111,2111,2112,15518870,2421223,PASS,4963,6002,10,20,2,16
XMSSMT-SHA2_20/2_256,PUB_R3,2112,2112,2113,17678889,2617334,PASS,4963,6002,10,20,2,16
XMSSMT-SHA2_20/2_256,PUB_R3,2113,2113,2114,15380871,2564481,PASS,4963,6002,10,20,2,16
XMSSMT-SHA2_20/2_256,PUB_R3,2114,2114,2115,17675463,2644500,PASS,4963,6002,10,20,2,16
XMSSMT-SHA2_20/2_256,PUB_R3,2115,2115,2116,15473148,2450629,PASS,4963,6002,10,20,2,16
XMSSMT-SHA2_20/2_256,PUB_R3,2116,2116,2117,17803037,2479463,PASS,4963,6002,10,20,2,16
XMSSMT-SHA2_20/2_256,PUB_R3,2117,2117,2118,15513000,2386075,PASS,4963,6002,10,20,2,16
XMSSMT-SHA2_20/2_256,PUB_R3,2118,2118,2119,17806370,2486222,PASS,4963,6002,10,20,2,16
XMSSMT-SHA2_20/2_256,PUB_R3,2119,2119,2120,15381388,2509611,PASS,4963,6002,10,20,2,16
XMSSMT-SHA2_20/2_256,PUB_R3,2120,2120,2121,17827167,2449482,PASS,4963,6002,10,20,2,16
XMSSMT-SHA2_20/2_256,PUB_R3,2121,2121,2122,15277018,2608797,PASS,4963,6002,10,20,2,16
XMSSMT-SHA2_20/2_256,PUB_R3,2122,2122,2123,17863592,2420129,PASS,4963,6002,10,20,2,16
XMSSMT-SHA2_20/2_256,PUB_R3,2123,2123,2124,15412741,2478129,PASS,4963,6002,10,20,2,16
XMSSMT-SHA2_20/2_256,PUB_R3,2124,2124,2125,17766130,2511889,PASS,4963,6002,10,20,2,16
XMSSMT-SHA2_20/2_256,PUB_R3,2125,2125,2126,15348870,2591259,PASS,4963,6002,10,20,2,16
XMSSMT-SHA2_20/2_256,PUB_R3,2126,2126,2127,17809315,2519352,PASS,4963,6002,10,20,2,16
XMSSMT-SHA2_20/2_256,PUB_R3,2127,2127,2128,15526056,2424019,PASS,4963,6002,10,20,2,16
XMSSMT-SHA2_20/2_256,PUB_R3,2128,2128,2129,17852000,2464666,PASS,4963,6002,10,20,2,16
XMSSMT-SHA2_20/2_256,PUB_R3,2129,2129,2130,15513592,2435296,PASS,4963,6002,10,20,2,16
XMSSMT-SHA2_20/2_256,PUB_R3,2130,2130,2131,8291741,2490519,PASS,4963,6002,10,20,2,16
XMSSMT-SHA2_20/2_256,PUB_R3,2131,2131,2132,10679833,2489611,PASS,4963,6002,10,20,2,16
XMSSMT-SHA2_20/2_256,PUB_R3,2132,2132,2133,5979592,2428204,PASS,4963,6002,10,20,2,16
XMSSMT-SHA2_20/2_256,PUB_R3,2133,2133,2134,5911703,2480871,PASS,4963,6002,10,20,2,16
XMSSMT-SHA2_20/2_256,PUB_R3,2134,2134,2135,5755463,2648315,PASS,4963,6002,10,20,2,16
XMSSMT-SHA2_20/2_256,PUB_R3,2135,2135,2136,15460537,2453760,PASS,4963,6002,10,20,2,16
XMSSMT-SHA2_20/2_256,PUB_R3,2136,2136,2137,10597852,2560815,PASS,4963,6002,10,20,2,16
XMSSMT-SHA2_20/2_256,PUB_R3,2137,2137,2138,5742556,2637907,PASS,4963,6002,10,20,2,16
XMSSMT-SHA2_20/2_256,PUB_R3,2138,2138,2139,5909370,2485741,PASS,4963,6002,10,20,2,16
XMSSMT-SHA2_20/2_256,PUB_R3,2139,2139,2140,10593741,2558556,PASS,4963,6002,10,20,2,16
XMSSMT-SHA2_20/2_256,PUB_R3,2140,2140,2141,5782019,2609445,PASS,4963,6002,10,20,2,16
XMSSMT-SHA2_20/2_256,PUB_R3,2141,2141,2142,5968796,2434889,PASS,4963,6002,10,20,2,16
XMSSMT-SHA2_20/2_256,PUB_R3,2142,2142,2143,5741055,2640592,PASS,4963,6002,10,20,2,16
XMSSMT-SHA2_20/2_256,PUB_R3,2143,2143,2144,15427612,2517352,PASS,4963,6002,10,20,2,16
XMSSMT-SHA2_20/2_256,PUB_R3,2144,2144,2145,17837407,2450185,PASS,4963,6002,10,20,2,16
XMSSMT-SHA2_20/2_256,PUB_R3,2145,2145,2146,15522426,2423074,PASS,4963,6002,10,20,2,16
XMSSMT-SHA2_20/2_256,PUB_R3,2146,2146,2147,17746018,2603315,PASS,4963,6002,10,20,2,16
XMSSMT-SHA2_20/2_256,PUB_R3,2147,2147,2148,15459574,2494259,PASS,4963,6002,10,20,2,16
XMSSMT-SHA2_20/2_256,PUB_R3,2148,2148,2149,17821630,2490018,PASS,4963,6002,10,20,2,16
XMSSMT-SHA2_20/2_256,PUB_R3,2149,2149,2150,15508537,2419667,PASS,4963,6002,10,20,2,16
XMSSMT-SHA2_20/2_256,PUB_R3,2150,2150,2151,8235556,2564871,PASS,4963,6002,10,20,2,16
XMSSMT-SHA2_20/2_256,PUB_R3,2151,2151,2152,15397611,2548463,PASS,4963,6002,10,20,2,16
XMSSMT-SHA2_20/2_256,PUB_R3,2152,2152,2153,10679963,2503037,PASS,4963,6002,10,20,2,16
XMSSMT-SHA2_20/2_256,PUB_R3,2153,2153,2154,5884370,2514778,PASS,4963,6002,10,20,2,16
XMSSMT-SHA2_20/2_256,PUB_R3,2154,2154,2155,5857389,2523778,PASS,4963,6002,10,20,2,16
XMSSMT-SHA2_20/2_256,PUB_R3,2155,2155,2156,10539148,2609574,PASS,4963,6002,10,20,2,16
XMSSMT-SHA2_20/2_256,PUB_R3,2156,2156,2157,6010111,2388926,PASS,4963,6002,10,20,2,16
XMSSMT-SHA2_20/2_256,PUB_R3,2157,2157,2158,5907148,2480704,PASS,4963,6002,10,20,2,16
XMSSMT-SHA2_20/2_256,PUB_R3,2158,2158,2159,5890444,2514759,PASS,4963,6002,10,20,2,16
XMSSMT-SHA2_20/2_256,PUB_R3,2159,2159,2160,15439222,2485685,PASS,4963,6002,10,20,2,16
XMSSMT-SHA2_20/2_256,PUB_R3,2160,2160,2161,17827129,2483666,PASS,4963,6002,10,20,2,16
XMSSMT-SHA2_20/2_256,PUB_R3,2161,2161,2162,15314851,2611389,PASS,4963,6002,10,20,2,16
XMSSMT-SHA2_20/2_256,PUB_R3,2162,2162,2163,8238518,2549333,PASS,4963,6002,10,20,2,16
XMSSMT-SHA2_20/2_256,PUB_R3,2163,2163,2164,10671056,2483815,PASS,4963,6002,10,20,2,16
XMSSMT-SHA2_20/2_256,PUB_R3,2164,2164,2165,6075241,2325945,PASS,4963,6002,10,20,2,16
XMSSMT-SHA2_20/2_256,PUB_R3,2165,2165,2166,5933963,2463519,PASS,4963,6002,10,20,2,16
XMSSMT-SHA2_20/2_256,PUB_R3,2166,2166,2167,5971703,2422889,PASS,4963,6002,10,20,2,16
XMSSMT-SHA2_20/2_256,PUB_R3,2167,2167,2168,15417963,2513834,PASS,4963,6002,10,20,2,16
XMSSMT-SHA2_20/2_256,PUB_R3,2168,2168,2169,10743037,2422666,PASS,4963,6002,10,20,2,16
XMSSMT-SHA2_20/2_256,PUB_R3,2169,2169,2170,5994611,2402611,PASS,4963,6002,10,20,2,16
XMSSMT-SHA2_20/2_256,PUB_R3,2170,2170,2171,5844797,2551445,PASS,4963,6002,10,20,2,16
XMSSMT-SHA2_20/2_256,PUB_R3,2171,2171,2172,10669667,2516889,PASS,4963,6002,10,20,2,16
XMSSMT-SHA2_20/2_256,PUB_R3,2172,2172,2173,5959389,2415222,PASS,4963,6002,10,20,2,16
XMSSMT-SHA2_20/2_256,PUB_R3,2173,2173,2174,6025111,2386351,PASS,4963,6002,10,20,2,16
XMSSMT-SHA2_20/2_256,PUB_R3,2174,2174,2175,5709981,2671407,PASS,4963,6002,10,20,2,16
XMSSMT-SHA2_20/2_256,PUB_R3,2175,2175,2176,15399130,2547981,PASS,4963,6002,10,20,2,16
XMSSMT-SHA2_20/2_256,PUB_R3,2176,2176,2177,17697686,2629833,PASS,4963,6002,10,20,2,16
XMSSMT-SHA2_20/2_256,PUB_R3,2177,2177,2178,15459982,2482074,PASS,4963,6002,10,20,2,16
XMSSMT-SHA2_20/2_256,PUB_R3,2178,2178,2179,17819166,2482371,PASS,4963,6002,10,20,2,16
XMSSMT-SHA2_20/2_256,PUB_R3,2179,2179,2180,15434425,2486685,PASS,4963,6002,10,20,2,16
XMSSMT-SHA2_20/2_256,PUB_R3,2180,2180,2181,17772111,2515778,PASS,4963,6002,10,20,2,16
XMSSMT-SHA2_20/2_256,PUB_R3,2181,2181,2182,15369889,2547130,PASS,4963,6002,10,20,2,16
XMSSMT-SHA2_20/2_256,PUB_R3,2182,2182,2183,17917852,2405037,PASS,4963,6002,10,20,2,16
XMSSMT-SHA2_20/2_256,PUB_R3,2183,2183,2184,15406611,2523481,PASS,4963,6002,10,20,2,16
XMSSMT-SHA2_20/2_256,PUB_R3,2184,2184,2185,17912167,2387333,PASS,4963,6002,10,20,2,16
XMSSMT-SHA2_20/2_256,PUB_R3,2185,2185,2186,15359111,2548982,PASS,4963,6002,10,20,2,16
XMSSMT-SHA2_20/2_256,PUB_R3,2186,2186,2187,17613500,2674648,PASS,4963,6002,10,20,2,16
XMSSMT-SHA2_20/2_256,PUB_R3,2187,2187,2188,15398463,2512593,PASS,4963,6002,10,20,2,16
XMSSMT-SHA2_20/2_256,PUB_R3,2188,2188,2189,17657703,2606648,PASS,4963,6002,10,20,2,16
XMSSMT-SHA2_20/2_256,PUB_R3,2189,2189,2190,15511926,2388500,PASS,4963,6002,10,20,2,16
XMSSMT-SHA2_20/2_256,PUB_R3,2190,2190,2191,17648482,2641352,PASS,4963,6002,10,20,2,16
XMSSMT-SHA2_20/2_256,PUB_R3,2191,2191,2192,15495963,2419611,PASS,4963,6002,10,20,2,16
XMSSMT-SHA2_20/2_256,PUB_R3,2192,2192,2193,17831778,2449296,PASS,4963,6002,10,20,2,16
XMSSMT-SHA2_20/2_256,PUB_R3,2193,2193,2194,15257018,2645445,PASS,4963,6002,10,20,2,16
XMSSMT-SHA2_20/2_256,PUB_R3,2194,2194,2195,17877741,2422000,PASS,4963,6002,10,20,2,16
XMSSMT-SHA2_20/2_256,PUB_R3,2195,2195,2196,15302277,2674000,PASS,4963,6002,10,20,2,16
XMSSMT-SHA2_20/2_256,PUB_R3,2196,2196,2197,17697611,2610944,PASS,4963,6002,10,20,2,16
XMSSMT-SHA2_20/2_256,PUB_R3,2197,2197,2198,15506371,2433111,PASS,4963,6002,10,20,2,16
XMSSMT-SHA2_20/2_256,PUB_R3,2198,2198,2199,17773278,2539667,PASS,4963,6002,10,20,2,16
XMSSMT-SHA2_20/2_256,PUB_R3,2199,2199,2200,15476111,2454370,PASS,4963,6002,10,20,2,16
XMSSMT-SHA2_20/2_256,PUB_R3,2200,2200,2201,17664740,2611351,PASS,4963,6002,10,20,2,16
XMSSMT-SHA2_20/2_256,PUB_R3,2201,2201,2202,15368260,2548370,PASS,4963,6002,10,20,2,16
XMSSMT-SHA2_20/2_256,PUB_R3,2202,2202,2203,17820000,2485425,PASS,4963,6002,10,20,2,16
XMSSMT-SHA2_20/2_256,PUB_R3,2203,2203,2204,15439556,2500611,PASS,4963,6002,10,20,2,16
XMSSMT-SHA2_20/2_256,PUB_R3,2204,2204,2205,17936093,2361019,PASS,4963,6002,10,20,2,16
XMSSMT-SHA2_20/2_256,PUB_R3,2205,2205,2206,15380630,2551278,PASS,4963,6002,10,20,2,16
XMSSMT-SHA2_20/2_256,PUB_R3,2206,2206,2207,17865907,2449703,PASS,4963,6002,10,20,2,16
XMSSMT-SHA2_20/2_256,PUB_R3,2207,2207,2208,15412685,2515463,PASS,4963,6002,10,20,2,16
XMSSMT-SHA2_20/2_256,PUB_R3,2208,2208,2209,17741056,2545907,PASS,4963,6002,10,20,2,16
XMSSMT-SHA2_20/2_256,PUB_R3,2209,2209,2210,15520482,2418777,PASS,4963,6002,10,20,2,16
XMSSMT-SHA2_20/2_256,PUB_R3,2210,2210,2211,17838389,2485018,PASS,4963,6002,10,20,2,16
XMSSMT-SHA2_20/2_256,PUB_R3,2211,2211,2212,15437130,2542630,PASS,4963,6002,10,20,2,16
XMSSMT-SHA2_20/2_256,PUB_R3,2212,2212,2213,17838741,2454000,PASS,4963,6002,10,20,2,16
XMSSMT-SHA2_20/2_256,PUB_R3,2213,2213,2214,15365962,2545074,PASS,4963,6002,10,20,2,16
XMSSMT-SHA2_20/2_256,PUB_R3,2214,2214,2215,17860519,2454167,PASS,4963,6002,10,20,2,16
XMSSMT-SHA2_20/2_256,PUB_R3,2215,2215,2216,15444740,2479889,PASS,4963,6002,10,20,2,16
XMSSMT-SHA2_20/2_256,PUB_R3,2216,2216,2217,17823537,2489981,PASS,4963,6002,10,20,2,16
XMSSMT-SHA2_20/2_256,PUB_R3,2217,2217,2218,15532482,2399834,PASS,4963,6002,10,20,2,16
XMSSMT-SHA2_20/2_256,PUB_R3,2218,2218,2219,17860851,2452982,PASS,4963,6002,10,20,2,16
XMSSMT-SHA2_20/2_256,PUB_R3,2219,2219,2220,10515185,2652074,PASS,4963,6002,10,20,2,16
XMSSMT-SHA2_20/2_256,PUB_R3,2220,2220,2221,5874018,2514537,PASS,4963,6002,10,20,2,16
XMSSMT-SHA2_20/2_256,PUB_R3,2221,2221,2222,6005648,2391352,PASS,4963,6002,10,20,2,16
XMSSMT-SHA2_20/2_256,PUB_R3,2222,2222,2223,5910556,2481129,PASS,4963,6002,10,20,2,16
XMSSMT-SHA2_20/2_256,PUB_R3,2223,2223,2224,15309722,2614204,PASS,4963,6002,10,20,2,16
XMSSMT-SHA2_20/2_256,PUB_R3,2224,2224,2225,17777815,2553481,PASS,4963,6002,10,20,2,16
XMSSMT-SHA2_20/2_256,PUB_R3,2225,2225,2226,15297629,2648907,PASS,4963,6002,10,20,2,16
XMSSMT-SHA2_20/2_256,PUB_R3,2226,2226,2227,8402889,2389796,PASS,4963,6002,10,20,2,16
XMSSMT-SHA2_20/2_256,PUB_R3,2227,2227,2228,10680833,2480630,PASS,4963,6002,10,20,2,16
XMSSMT-SHA2_20/2_256,PUB_R3,2228,2228,2229,5853463,2543463,PASS,4963,6002,10,20,2,16
XMSSMT-SHA2_20/2_256,PUB_R3,2229,2229,2230,5882870,2516093,PASS,4963,6002,10,20,2,16
XMSSMT-SHA2_20/2_256,PUB_R3,2230,2230,2231,5896537,2489629,PASS,4963,6002,10,20,2,16
XMSSMT-SHA2_20/2_256,PUB_R3,2231,2231,2232,15306981,2614612,PASS,4963,6002,10,20,2,16
XMSSMT-SHA2_20/2_256,PUB_R3,2232,2232,2233,10563611,2608296,PASS,4963,6002,10,20,2,16
XMSSMT-SHA2_20/2_256,PUB_R3,2233,2233,2234,5956370,2456982,PASS,4963,6002,10,20,2,16
XMSSMT-SHA2_20/2_256,PUB_R3,2234,2234,2235,5960407,2423055,PASS,4963,6002,10,20,2,16
XMSSMT-SHA2_20/2_256,PUB_R3,2235,2235,2236,10743426,2421278,PASS,4963,6002,10,20,2,16
XMSSMT-SHA2_20/2_256,PUB_R3,2236,2236,2237,5898685,2495203,PASS,4963,6002,10,20,2,16
XMSSMT-SHA2_20/2_256,PUB_R3,2237,2237,2238,5846444,2544741,PASS,4963,6002,10,20,2,16
XMSSMT-SHA2_20/2_256,PUB_R3,2238,2238,2239,5940704,2454204,PASS,4963,6002,10,20,2,16
XMSSMT-SHA2_20/2_256,PUB_R3,2239,2239,2240,15311130,2619000,PASS,4963,6002,10,20,2,16
XMSSMT-SHA2_20/2_256,PUB_R3,2240,2240,2241,17775593,2515500,PASS,4963,6002,10,20,2,16
XMSSMT-SHA2_20/2_256,PUB_R3,2241,2241,2242,15293685,2643055,PASS,4963,6002,10,20,2,16
XMSSMT-SHA2_20/2_256,PUB_R3,2242,2242,2243,17850556,2451389,PASS,4963,6002,10,20,2,16
XMSSMT-SHA2_20/2_256,PUB_R3,2243,2243,2244,15508685,2454185,PASS,4963,6002,10,20,2,16
XMSSMT-SHA2_20/2_256,PUB_R3,2244,2244,2245,17652556,2645241,PASS,4963,6002,10,20,2,16
XMSSMT-SHA2_20/2_256,PUB_R3,2245,2245,2246,15498389,2417204,PASS,4963,6002,10,20,2,16
XMSSMT-SHA2_20/2_256,PUB_R3,2246,2246,2247,17931278,2355037,PASS,4963,6002,10,20,2,16
XMSSMT-SHA2_20/2_256,PUB_R3,2247,2247,2248,15494500,2422778,PASS,4963,6002,10,20,2,16
XMSSMT-SHA2_20/2_256,PUB_R3,2248,2248,2249,17824537,2449463,PASS,4963,6002,10,20,2,16
XMSSMT-SHA2_20/2_256,PUB_R3,2249,2249,2250,15461759,2451075,PASS,4963,6002,10,20,2,16
XMSSMT-SHA2_20/2_256,PUB_R3,2250,2250,2251,17754204,2513741,PASS,4963,6002,10,20,2,16
XMSSMT-SHA2_20/2_256,PUB_R3,2251,2251,2252,15350482,2548240,PASS,4963,6002,10,20,2,16
XMSSMT-SHA2_20/2_256,PUB_R3,2252,2252,2253,17904129,2387723,PASS,4963,6002,10,20,2,16
XMSSMT-SHA2_20/2_256,PUB_R3,2253,2253,2254,15365500,2547629,PASS,4963,6002,10,20,2,16
XMSSMT-SHA2_20/2_256,PUB_R3,2254,2254,2255,17550611,2743000,PASS,4963,6002,10,20,2,16
XMSSMT-SHA2_20/2_256,PUB_R3,2255,2255,2256,15393093,2546185,PASS,4963,6002,10,20,2,16
XMSSMT-SHA2_20/2_256,PUB_R3,2256,2256,2257,17690093,2640833,PASS,4963,6002,10,20,2,16
XMSSMT-SHA2_20/2_256,PUB_R3,2257,2257,2258,15508944,2422444,PASS,4963,6002,10,20,2,16
XMSSMT-SHA2_20/2_256,PUB_R3,2258,2258,2259,8427963,2355963,PASS,4963,6002,10,20,2,16
XMSSMT-SHA2_20/2_256,PUB_R3,2259,2259,2260,10746778,2432963,PASS,4963,6002,10,20,2,16
XMSSMT-SHA2_20/2_256,PUB_R3,2260,2260,2261,5903889,2482889,PASS,4963,6002,10,20,2,16
XMSSMT-SHA2_20/2_256,PUB_R3,2261,2261,2262,5909371,2503444,PASS,4963,6002,10,20,2,16
XMSSMT-SHA2_20/2_256,PUB_R3,2262,2262,2263,5905296,2480444,PASS,4963,6002,10,20,2,16
XMSSMT-SHA2_20/2_256,PUB_R3,2263,2263,2264,15434333,2485611,PASS,4963,6002,10,20,2,16
XMSSMT-SHA2_20/2_256,PUB_R3,2264,2264,2265,10723482,2416963,PASS,4963,6002,10,20,2,16
XMSSMT-SHA2_20/2_256,PUB_R3,2265,2265,2266,5880630,2528259,PASS,4963,6002,10,20,2,16
XMSSMT-SHA2_20/2_256,PUB_R3,2266,2266,2267,5890482,2481037,PASS,4963,6002,10,20,2,16
XMSSMT-SHA2_20/2_256,PUB_R3,2267,2267,2268,10548722,2609723,PASS,4963,6002,10,20,2,16
XMSSMT-SHA2_20/2_256,PUB_R3,2268,2268,2269,5771074,2612167,PASS,4963,6002,10,20,2,16
XMSSMT-SHA2_20/2_256,PUB_R3,2269,2269,2270,5730074,2679389,PASS,4963,6002,10,20,2,16
XMSSMT-SHA2_20/2_256,PUB_R3,2270,2270,2271,5826074,2553315,PASS,4963,6002,10,20,2,16
XMSSMT-SHA2_20/2_256,PUB_R3,2271,2271,2272,15451815,2482759,PASS,4963,6002,10,20,2,16
XMSSMT-SHA2_20/2_256,PUB_R3,2272,2272,2273,17899018,2419592,PASS,4963,6002,10,20,2,16
XMSSMT-SHA2_20/2_256,PUB_R3,2273,2273,2274,15415907,2519260,PASS,4963,6002,10,20,2,16
XMSSMT-SHA2_20/2_256,PUB_R3,2274,2274,2275,17816814,2486111,PASS,4963,6002,10,20,2,16
XMSSMT-SHA2_20/2_256,PUB_R3,2275,2275,2276,15559759,2354241,PASS,4963,6002,10,20,2,16
XMSSMT-SHA2_20/2_256,PUB_R3,2276,2276,2277,17916352,2385352,PASS,4963,6002,10,20,2,16
XMSSMT-SHA2_20/2_256,PUB_R3,2277,2277,2278,15476481,2476944,PASS,4963,6002,10,20,2,16
XMSSMT-SHA2_20/2_256,PUB_R3,2278,2278,2279,8272592,2514759,PASS,4963,6002,10,20,2,16
XMSSMT-SHA2_20/2_256,PUB_R3,2279,2279,2280,15326277,2616574,PASS,4963,6002,10,20,2,16
XMSSMT-SHA2_20/2_256,PUB_R3,2280,2280,2281,10559222,2611723,PASS,4963,6002,10,20,2,16
XMSSMT-SHA2_20/2_256,PUB_R3,2281,2281,2282,6041555,2359519,PASS,4963,6002,10,20,2,16
XMSSMT-SHA2_20/2_256,PUB_R3,2282,2282,2283,5984481,2419314,PASS,4963,6002,10,20,2,16
XMSSMT-SHA2_20/2_256,PUB_R3,2283,2283,2284,10677963,2497648,PASS,4963,6002,10,20,2,16
XMSSMT-SHA2_20/2_256,PUB_R3,2284,2284,2285,5872296,2516204,PASS,4963,6002,10,20,2,16
XMSSMT-SHA2_20/2_256,PUB_R3,2285,2285,2286,5779408,2621277,PASS,4963,6002,10,20,2,16
XMSSMT-SHA2_20/2_256,PUB_R3,2286,2286,2287,5846333,2575314,PASS,4963,6002,10,20,2,16
XMSSMT-SHA2_20/2_256,PUB_R3,2287,2287,2288,15551982,2393703,PASS,4963,6002,10,20,2,16
XMSSMT-SHA2_20/2_256,PUB_R3,2288,2288,2289,17816426,2498482,PASS,4963,6002,10,20,2,16
XMSSMT-SHA2_20/2_256,PUB_R3,2289,2289,2290,15449463,2485907,PASS,4963,6002,10,20,2,16
XMSSMT-SHA2_20/2_256,PUB_R3,2290,2290,2291,8293482,2482889,PASS,4963,6002,10,20,2,16
XMSSMT-SHA2_20/2_256,PUB_R3,2291,2291,2292,10707593,2450278,PASS,4963,6002,10,20,2,16
XMSSMT-SHA2_20/2_256,PUB_R3,2292,2292,2293,5934148,2453056,PASS,4963,6002,10,20,2,16
XMSSMT-SHA2_20/2_256,PUB_R3,2293,2293,2294,5989629,2420352,PASS,4963,6002,10,20,2,16
XMSSMT-SHA2_20/2_256,PUB_R3,2294,2294,2295,5934981,2456389,PASS,4963,6002,10,20,2,16
XMSSMT-SHA2_20/2_256,PUB_R3,2295,2295,2296,15418426,2529426,PASS,4963,6002,10,20,2,16
XMSSMT-SHA2_20/2_256,PUB_R3,2296,2296,2297,10823148,2326667,PASS,4963,6002,10,20,2,16
XMSSMT-SHA2_20/2_256,PUB_R3,2297,2297,2298,5918778,2480407,PASS,4963,6002,10,20,2,16
XMSSMT-SHA2_20/2_256,PUB_R3,2298,2298,2299,5837982,2548018,PASS,4963,6002,10,20,2,16
XMSSMT-SHA2_20/2_256,PUB_R3,2299,2299,2300,10498426,2675925,PASS,4963,6002,10,20,2,16
XMSSMT-SHA2_20/2_256,PUB_R3,2300,2300,2301,5681630,2713574,PASS,4963,6002,10,20,2,16
XMSSMT-SHA2_20/2_256,PUB_R3,2301,2301,2302,5774629,2609500,PASS,4963,6002,10,20,2,16
XMSSMT-SHA2_20/2_256,PUB_R3,2302,2302,2303,6056907,2378556,PASS,4963,6002,10,20,2,16
XMSSMT-SHA2_20/2_256,PUB_R3,2303,2303,2304,15407555,2546778,PASS,4963,6002,10,20,2,16
XMSSMT-SHA2_20/2_256,PUB_R3,2304,2304,2305,17645741,2643352,PASS,4963,6002,10,20,2,16
XMSSMT-SHA2_20/2_256,PUB_R3,2305,2305,2306,15543703,2392037,PASS,4963,6002,10,20,2,16
XMSSMT-SHA2_20/2_256,PUB_R3,2306,2306,2307,17796630,2512426,PASS,4963,6002,10,20,2,16
XMSSMT-SHA2_20/2_256,PUB_R3,2307,2307,2308,15369852,2551167,PASS,4963,6002,10,20,2,16
XMSSMT-SHA2_20/2_256,PUB_R3,2308,2308,2309,17793167,2528667,PASS,4963,6002,10,20,2,16
XMSSMT-SHA2_20/2_256,PUB_R3,2309,2309,2310,15445797,2487259,PASS,4963,6002,10,20,2,16
XMSSMT-SHA2_20/2_256,PUB_R3,2310,2310,2311,17819019,2517037,PASS,4963,6002,10,20,2,16
XMSSMT-SHA2_20/2_256,PUB_R3,2311,2311,2312,15420408,2517685,PASS,4963,6002,10,20,2,16
XMSSMT-SHA2_20/2_256,PUB_R3,2312,2312,2313,17692148,2615278,PASS,4963,6002,10,20,2,16
XMSSMT-SHA2_20/2_256,PUB_R3,2313,2313,2314,15458426,2447833,PASS,4963,6002,10,20,2,16
XMSSMT-SHA2_20/2_256,PUB_R3,2314,2314,2315,17880722,2418389,PASS,4963,6002,10,20,2,16
XMSSMT-SHA2_20/2_256,PUB_R3,2315,2315,2316,15289704,2611111,PASS,4963,6002,10,20,2,16
XMSSMT-SHA2_20/2_256,PUB_R3,2316,2316,2317,17771778,2517685,PASS,4963,6002,10,20,2,16
XMSSMT-SHA2_20/2_256,PUB_R3,2317,2317,2318,15225686,2669426,PASS,4963,6002,10,20,2,16
XMSSMT-SHA2_20/2_256,PUB_R3,2318,2318,2319,17812685,2483723,PASS,4963,6002,10,20,2,16
XMSSMT-SHA2_20/2_256,PUB_R3,2319,2319,2320,15425389,2484074,PASS,4963,6002,10,20,2,16
XMSSMT-SHA2_20/2_256,PUB_R3,2320,2320,2321,17754463,2552092,PASS,4963,6002,10,20,2,16
XMSSMT-SHA2_20/2_256,PUB_R3,2321,2321,2322,15454834,2455297,PASS,4963,6002,10,20,2,16
XMSSMT-SHA2_20/2_256,PUB_R3,2322,2322,2323,17810315,2496463,PASS,4963,6002,10,20,2,16
XMSSMT-SHA2_20/2_256,PUB_R3,2323,2323,2324,15473666,2463407,PASS,4963,6002,10,20,2,16
XMSSMT-SHA2_20/2_256,PUB_R3,2324,2324,2325,17931445,2389222,PASS,4963,6002,10,20,2,16
XMSSMT-SHA2_20/2_256,PUB_R3,2325,2325,2326,15483889,2458111,PASS,4963,6002,10,20,2,16
XMSSMT-SHA2_20/2_256,PUB_R3,2326,2326,2327,17879907,2485723,PASS,4963,6002,10,20,2,16
XMSSMT-SHA2_20/2_256,PUB_R3,2327,2327,2328,15316889,2610241,PASS,4963,6002,10,20,2,16
XMSSMT-SHA2_20/2_256,PUB_R3,2328,2328,2329,17799148,2520166,PASS,4963,6002,10,20,2,16
XMSSMT-SHA2_20/2_256,PUB_R3,2329,2329,2330,15523055,2432500,PASS,4963,6002,10,20,2,16
XMSSMT-SHA2_20/2_256,PUB_R3,2330,2330,2331,17830389,2486389,PASS,4963,6002,10,20,2,16
XMSSMT-SHA2_20/2_256,PUB_R3,2331,2331,2332,15472630,2452204,PASS,4963,6002,10,20,2,16
XMSSMT-SHA2_20/2_256,PUB_R3,2332,2332,2333,17829963,2486334,PASS,4963,6002,10,20,2,16
XMSSMT-SHA2_20/2_256,PUB_R3,2333,2333,2334,15378426,2546426,PASS,4963,6002,10,20,2,16
XMSSMT-SHA2_20/2_256,PUB_R3,2334,2334,2335,17833666,2490981,PASS,4963,6002,10,20,2,16
XMSSMT-SHA2_20/2_256,PUB_R3,2335,2335,2336,15386297,2561704,PASS,4963,6002,10,20,2,16
XMSSMT-SHA2_20/2_256,PUB_R3,2336,2336,2337,17854796,2453741,PASS,4963,6002,10,20,2,16
XMSSMT-SHA2_20/2_256,PUB_R3,2337,2337,2338,15289797,2613241,PASS,4963,6002,10,20,2,16
XMSSMT-SHA2_20/2_256,PUB_R3,2338,2338,2339,17879074,2417685,PASS,4963,6002,10,20,2,16
XMSSMT-SHA2_20/2_256,PUB_R3,2339,2339,2340,15443241,2483463,PASS,4963,6002,10,20,2,16
XMSSMT-SHA2_20/2_256,PUB_R3,2340,2340,2341,17790926,2519074,PASS,4963,6002,10,20,2,16
XMSSMT-SHA2_20/2_256,PUB_R3,2341,2341,2342,15465056,2487685,PASS,4963,6002,10,20,2,16
XMSSMT-SHA2_20/2_256,PUB_R3,2342,2342,2343,17886334,2453611,PASS,4963,6002,10,20,2,16
XMSSMT-SHA2_20/2_256,PUB_R3,2343,2343,2344,15481759,2459278,PASS,4963,6002,10,20,2,16
XMSSMT-SHA2_20/2_256,PUB_R3,2344,2344,2345,17686148,2615741,PASS,4963,6002,10,20,2,16
XMSSMT-SHA2_20/2_256,PUB_R3,2345,2345,2346,15591963,2358982,PASS,4963,6002,10,20,2,16
XMSSMT-SHA2_20/2_256,PUB_R3,2346,2346,2347,17897444,2453223,PASS,4963,6002,10,20,2,16
XMSSMT-SHA2_20/2_256,PUB_R3,2347,2347,2348,15424167,2485019,PASS,4963,6002,10,20,2,16
XMSSMT-SHA2_20/2_256,PUB_R3,2348,2348,2349,17894796,2397203,PASS,4963,6002,10,20,2,16
XMSSMT-SHA2_20/2_256,PUB_R3,2349,2349,2350,15444370,2497648,PASS,4963,6002,10,20,2,16
XMSSMT-SHA2_20/2_256,PUB_R3,2350,2350,2351,17704296,2615445,PASS,4963,6002,10,20,2,16
XMSSMT-SHA2_20/2_256,PUB_R3,2351,2351,2352,15507611,2421296,PASS,4963,6002,10,20,2,16
XMSSMT-SHA2_20/2_256,PUB_R3,2352,2352,2353,17793611,2516186,PASS,4963,6002,10,20,2,16
XMSSMT-SHA2_20/2_256,PUB_R3,2353,2353,2354,15428204,2482851,PASS,4963,6002,10,20,2,16
XMSSMT-SHA2_20/2_256,PUB_R3,2354,2354,2355,17673648,2649056,PASS,4963,6002,10,20,2,16
XMSSMT-SHA2_20/2_256,PUB_R3,2355,2355,2356,15449537,2487518,PASS,4963,6002,10,20,2,16
XMSSMT-SHA2_20/2_256,PUB_R3,2356,2356,2357,17925592,2385260,PASS,4963,6002,10,20,2,16
XMSSMT-SHA2_20/2_256,PUB_R3,2357,2357,2358,15537186,2389352,PASS,4963,6002,10,20,2,16
XMSSMT-SHA2_20/2_256,PUB_R3,2358,2358,2359,17835648,2491574,PASS,4963,6002,10,20,2,16
XMSSMT-SHA2_20/2_256,PUB_R3,2359,2359,2360,15400944,2514870,PASS,4963,6002,10,20,2,16
XMSSMT-SHA2_20/2_256,PUB_R3,2360,2360,2361,17848926,2448482,PASS,4963,6002,10,20,2,16
XMSSMT-SHA2_20/2_256,PUB_R3,2361,2361,2362,15412870,2518740,PASS,4963,6002,10,20,2,16
XMSSMT-SHA2_20/2_256,PUB_R3,2362,2362,2363,17712389,2624871,PASS,4963,6002,10,20,2,16
XMSSMT-SHA2_20/2_256,PUB_R3,2363,2363,2364,15635389,2292259,PASS,4963,6002,10,20,2,16
XMSSMT-SHA2_20/2_256,PUB_R3,2364,2364,2365,17798259,2515018,PASS,4963,6002,10,20,2,16
XMSSMT-SHA2_20/2_256,PUB_R3,2365,2365,2366,15283537,2612426,PASS,4963,6002,10,20,2,16
XMSSMT-SHA2_20/2_256,PUB_R3,2366,2366,2367,17816537,2483314,PASS,4963,6002,10,20,2,16
XMSSMT-SHA2_20/2_256,PUB_R3,2367,2367,2368,15463686,2451703,PASS,4963,6002,10,20,2,16
XMSSMT-SHA2_20/2_256,PUB_R3,2368,2368,2369,17757796,2517407,PASS,4963,6002,10,20,2,16
XMSSMT-SHA2_20/2_256,PUB_R3,2369,2369,2370,15394611,2514500,PASS,4963,6002,10,20,2,16
XMSSMT-SHA2_20/2_256,PUB_R3,2370,2370,2371,17770000,2512166,PASS,4963,6002,10,20,2,16
XMSSMT-SHA2_20/2_256,PUB_R3,2371,2371,2372,15303074,2614445,PASS,4963,6002,10,20,2,16
XMSSMT-SHA2_20/2_256,PUB_R3,2372,2372,2373,17756759,2514167,PASS,4963,6002,10,20,2,16
XMSSMT-SHA2_20/2_256,PUB_R3,2373,2373,2374,15287630,2607351,PASS,4963,6002,10,20,2,16
XMSSMT-SHA2_20/2_256,PUB_R3,2374,2374,2375,17810778,2483074,PASS,4963,6002,10,20,2,16
XMSSMT-SHA2_20/2_256,PUB_R3,2375,2375,2376,15279111,2646223,PASS,4963,6002,10,20,2,16
XMSSMT-SHA2_20/2_256,PUB_R3,2376,2376,2377,17662629,2657722,PASS,4963,6002,10,20,2,16
XMSSMT-SHA2_20/2_256,PUB_R3,2377,2377,2378,15305093,2610000,PASS,4963,6002,10,20,2,16
XMSSMT-SHA2_20/2_256,PUB_R3,2378,2378,2379,17819223,2516759,PASS,4963,6002,10,20,2,16
XMSSMT-SHA2_20/2_256,PUB_R3,2379,2379,2380,15383222,2594018,PASS,4963,6002,10,20,2,16
XMSSMT-SHA2_20/2_256,PUB_R3,2380,2380,2381,17811389,2485815,PASS,4963,6002,10,20,2,16
XMSSMT-SHA2_20/2_256,PUB_R3,2381,2381,2382,15388203,2552112,PASS,4963,6002,10,20,2,16
XMSSMT-SHA2_20/2_256,PUB_R3,2382,2382,2383,17914834,2403148,PASS,4963,6002,10,20,2,16
XMSSMT-SHA2_20/2_256,PUB_R3,2383,2383,2384,15403074,2528982,PASS,4963,6002,10,20,2,16
XMSSMT-SHA2_20/2_256,PUB_R3,2384,2384,2385,17683056,2621685,PASS,4963,6002,10,20,2,16
XMSSMT-SHA2_20/2_256,PUB_R3,2385,2385,2386,15372148,2549130,PASS,4963,6002,10,20,2,16
XMSSMT-SHA2_20/2_256,PUB_R3,2386,2386,2387,17950167,2358612,PASS,4963,6002,10,20,2,16
XMSSMT-SHA2_20/2_256,PUB_R3,2387,2387,2388,15402056,2513593,PASS,4963,6002,10,20,2,16
XMSSMT-SHA2_20/2_256,PUB_R3,2388,2388,2389,17749500,2547723,PASS,4963,6002,10,20,2,16
XMSSMT-SHA2_20/2_256,PUB_R3,2389,2389,2390,15407333,2529315,PASS,4963,6002,10,20,2,16
XMSSMT-SHA2_20/2_256,PUB_R3,2390,2390,2391,17859204,2457426,PASS,4963,6002,10,20,2,16
XMSSMT-SHA2_20/2_256,PUB_R3,2391,2391,2392,15458982,2482889,PASS,4963,6002,10,20,2,16
XMSSMT-SHA2_20/2_256,PUB_R3,2392,2392,2393,17864611,2452185,PASS,4963,6002,10,20,2,16
XMSSMT-SHA2_20/2_256,PUB_R3,2393,2393,2394,15561908,2393889,PASS,4963,6002,10,20,2,16
XMSSMT-SHA2_20/2_256,PUB_R3,2394,2394,2395,17780648,2574963,PASS,4963,6002,10,20,2,16
XMSSMT-SHA2_20/2_256,PUB_R3,2395,2395,2396,15467037,2490055,PASS,4963,6002,10,20,2,16
XMSSMT-SHA2_20/2_256,PUB_R3,2396,2396,2397,17763389,2561778,PASS,4963,6002,10,20,2,16
XMSSMT-SHA2_20/2_256,PUB_R3,2397,2397,2398,15385482,2573796,PASS,4963,6002,10,20,2,16
XMSSMT-SHA2_20/2_256,PUB_R3,2398,2398,2399,17760055,2545982,PASS,4963,6002,10,20,2,16
XMSSMT-SHA2_20/2_256,PUB_R3,2399,2399,2400,15566944,2407352,PASS,4963,6002,10,20,2,16
XMSSMT-SHA2_20/2_256,PUB_R3,2400,2400,2401,17750111,2550648,PASS,4963,6002,10,20,2,16
XMSSMT-SHA2_20/2_256,PUB_R3,2401,2401,2402,15280556,2642703,PASS,4963,6002,10,20,2,16
XMSSMT-SHA2_20/2_256,PUB_R3,2402,2402,2403,17788389,2519611,PASS,4963,6002,10,20,2,16
XMSSMT-SHA2_20/2_256,PUB_R3,2403,2403,2404,15501703,2465389,PASS,4963,6002,10,20,2,16
XMSSMT-SHA2_20/2_256,PUB_R3,2404,2404,2405,17695833,2612815,PASS,4963,6002,10,20,2,16
XMSSMT-SHA2_20/2_256,PUB_R3,2405,2405,2406,15384759,2548834,PASS,4963,6002,10,20,2,16
XMSSMT-SHA2_20/2_256,PUB_R3,2406,2406,2407,17803334,2515333,PASS,4963,6002,10,20,2,16
XMSSMT-SHA2_20/2_256,PUB_R3,2407,2407,2408,15326352,2613149,PASS,4963,6002,10,20,2,16
XMSSMT-SHA2_20/2_256,PUB_R3,2408,2408,2409,17755092,2555259,PASS,4963,6002,10,20,2,16
XMSSMT-SHA2_20/2_256,PUB_R3,2409,2409,2410,15604907,2329407,PASS,4963,6002,10,20,2,16
XMSSMT-SHA2_20/2_256,PUB_R3,2410,2410,2411,17884963,2453852,PASS,4963,6002,10,20,2,16
XMSSMT-SHA2_20/2_256,PUB_R3,2411,2411,2412,10545130,2624723,PASS,4963,6002,10,20,2,16
XMSSMT-SHA2_20/2_256,PUB_R3,2412,2412,2413,6032574,2356388,PASS,4963,6002,10,20,2,16
XMSSMT-SHA2_20/2_256,PUB_R3,2413,2413,2414,5903500,2490666,PASS,4963,6002,10,20,2,16
XMSSMT-SHA2_20/2_256,PUB_R3,2414,2414,2415,5955370,2449889,PASS,4963,6002,10,20,2,16
XMSSMT-SHA2_20/2_256,PUB_R3,2415,2415,2416,15448685,2486593,PASS,4963,6002,10,20,2,16
XMSSMT-SHA2_20/2_256,PUB_R3,2416,2416,2417,17843870,2458445,PASS,4963,6002,10,20,2,16
XMSSMT-SHA2_20/2_256,PUB_R3,2417,2417,2418,15513092,2421333,PASS,4963,6002,10,20,2,16
XMSSMT-SHA2_20/2_256,PUB_R3,2418,2418,2419,8399741,2389592,PASS,4963,6002,10,20,2,16
XMSSMT-SHA2_20/2_256,PUB_R3,2419,2419,2420,10710722,2450296,PASS,4963,6002,10,20,2,16
XMSSMT-SHA2_20/2_256,PUB_R3,2420,2420,2421,5900907,2479296,PASS,4963,6002,10,20,2,16
XMSSMT-SHA2_20/2_256,PUB_R3,2421,2421,2422,6003260,2386777,PASS,4963,6002,10,20,2,16
XMSSMT-SHA2_20/2_256,PUB_R3,2422,2422,2423,5893982,2480444,PASS,4963,6002,10,20,2,16
XMSSMT-SHA2_20/2_256,PUB_R3,2423,2423,2424,15171741,2740037,PASS,4963,6002,10,20,2,16
XMSSMT-SHA2_20/2_256,PUB_R3,2424,2424,2425,10691463,2448908,PASS,4963,6002,10,20,2,16
XMSSMT-SHA2_20/2_256,PUB_R3,2425,2425,2426,5784908,2612537,PASS,4963,6002,10,20,2,16
XMSSMT-SHA2_20/2_256,PUB_R3,2426,2426,2427,5766222,2605037,PASS,4963,6002,10,20,2,16
XMSSMT-SHA2_20/2_256,PUB_R3,2427,2427,2428,10633352,2514778,PASS,4963,6002,10,20,2,16
XMSSMT-SHA2_20/2_256,PUB_R3,2428,2428,2429,5951185,2418315,PASS,4963,6002,10,20,2,16
XMSSMT-SHA2_20/2_256,PUB_R3,2429,2429,2430,5964740,2419704,PASS,4963,6002,10,20,2,16
XMSSMT-SHA2_20/2_256,PUB_R3,2430,2430,2431,5888537,2482760,PASS,4963,6002,10,20,2,16
XMSSMT-SHA2_20/2_256,PUB_R3,2431,2431,2432,15437278,2482241,PASS,4963,6002,10,20,2,16
XMSSMT-SHA2_20/2_256,PUB_R3,2432,2432,2433,17811445,2448796,PASS,4963,6002,10,20,2,16
XMSSMT-SHA2_20/2_256,PUB_R3,2433,2433,2434,15234537,2676740,PASS,4963,6002,10,20,2,16
XMSSMT-SHA2_20/2_256,PUB_R3,2434,2434,2435,17768574,2513075,PASS,4963,6002,10,20,2,16
XMSSMT-SHA2_20/2_256,PUB_R3,2435,2435,2436,15248130,2676518,PASS,4963,6002,10,20,2,16
XMSSMT-SHA2_20/2_256,PUB_R3,2436,2436,2437,17752648,2550723,PASS,4963,6002,10,20,2,16
XMSSMT-SHA2_20/2_256,PUB_R3,2437,2437,2438,15333371,2609500,PASS,4963,6002,10,20,2,16
XMSSMT-SHA2_20/2_256,PUB_R3,2438,2438,2439,17793926,2557611,PASS,4963,6002,10,20,2,16
XMSSMT-SHA2_20/2_256,PUB_R3,2439,2439,2440,15456223,2496277,PASS,4963,6002,10,20,2,16
XMSSMT-SHA2_20/2_256,PUB_R3,2440,2440,2441,17638852,2642685,PASS,4963,6002,10,20,2,16
XMSSMT-SHA2_20/2_256,PUB_R3,2441,2441,2442,15496370,2483185,PASS,4963,6002,10,20,2,16
XMSSMT-SHA2_20/2_256,PUB_R3,2442,2442,2443,17803444,2512963,PASS,4963,6002,10,20,2,16
XMSSMT-SHA2_20/2_256,PUB_R3,2443,2443,2444,15449666,2487037,PASS,4963,6002,10,20,2,16
XMSSMT-SHA2_20/2_256,PUB_R3,2444,2444,2445,17668630,2657648,PASS,4963,6002,10,20,2,16
XMSSMT-SHA2_20/2_256,PUB_R3,2445,2445,2446,15540426,2390111,PASS,4963,6002,10,20,2,16
XMSSMT-SHA2_20/2_256,PUB_R3,2446,2446,2447,17887018,2424351,PASS,4963,6002,10,20,2,16
XMSSMT-SHA2_20/2_256,PUB_R3,2447,2447,2448,15437871,2520074,PASS,4963,6002,10,20,2,16
XMSSMT-SHA2_20/2_256,PUB_R3,2448,2448,2449,17841241,2447352,PASS,4963,6002,10,20,2,16
XMSSMT-SHA2_20/2_256,PUB_R3,2449,2449,2450,15486759,2452314,PASS,4963,6002,10,20,2,16
XMSSMT-SHA2_20/2_256,PUB_R3,2450,2450,2451,17833259,2492167,PASS,4963,6002,10,20,2,16
XMSSMT-SHA2_20/2_256,PUB_R3,2451,2451,2452,15521055,2423741,PASS,4963,6002,10,20,2,16
XMSSMT-SHA2_20/2_256,PUB_R3,2452,2452,2453,17885333,2454370,PASS,4963,6002,10,20,2,16
XMSSMT-SHA2_20/2_256,PUB_R3,2453,2453,2454,15397667,2553056,PASS,4963,6002,10,20,2,16
XMSSMT-SHA2_20/2_256,PUB_R3,2454,2454,2455,17846574,2487778,PASS,4963,6002,10,20,2,16
XMSSMT-SHA2_20/2_256,PUB_R3,2455,2455,2456,15329555,2610259,PASS,4963,6002,10,20,2,16
XMSSMT-SHA2_20/2_256,PUB_R3,2456,2456,2457,17787889,2547500,PASS,4963,6002,10,20,2,16
XMSSMT-SHA2_20/2_256,PUB_R3,2457,2457,2458,15377889,2548149,PASS,4963,6002,10,20,2,16
XMSSMT-SHA2_20/2_256,PUB_R3,2458,2458,2459,17901463,2436148,PASS,4963,6002,10,20,2,16
XMSSMT-SHA2_20/2_256,PUB_R3,2459,2459,2460,15370982,2544944,PASS,4963,6002,10,20,2,16
XMSSMT-SHA2_20/2_256,PUB_R3,2460,2460,2461,17903389,2387740,PASS,4963,6002,10,20,2,16
XMSSMT-SHA2_20/2_256,PUB_R3,2461,2461,2462,15491722,2453259,PASS,4963,6002,10,20,2,16
XMSSMT-SHA2_20/2_256,PUB_R3,2462,2462,2463,17648315,2640797,PASS,4963,6002,10,20,2,16
XMSSMT-SHA2_20/2_256,PUB_R3,2463,2463,2464,15387889,2550278,PASS,4963,6002,10,20,2,16
XMSSMT-SHA2_20/2_256,PUB_R3,2464,2464,2465,17682315,2632112,PASS,4963,6002,10,20,2,16
XMSSMT-SHA2_20/2_256,PUB_R3,2465,2465,2466,15475611,2452259,PASS,4963,6002,10,20,2,16
XMSSMT-SHA2_20/2_256,PUB_R3,2466,2466,2467,17836074,2480278,PASS,4963,6002,10,20,2,16
XMSSMT-SHA2_20/2_256,PUB_R3,2467,2467,2468,15211500,2710630,PASS,4963,6002,10,20,2,16
XMSSMT-SHA2_20/2_256,PUB_R3,2468,2468,2469,17816871,2484797,PASS,4963,6002,10,20,2,16
XMSSMT-SHA2_20/2_256,PUB_R3,2469,2469,2470,15388704,2510148,PASS,4963,6002,10,20,2,16
XMSSMT-SHA2_20/2_256,PUB_R3,2470,2470,2471,17774314,2550740,PASS,4963,6002,10,20,2,16
XMSSMT-SHA2_20/2_256,PUB_R3,2471,2471,2472,15391204,2520556,PASS,4963,6002,10,20,2,16
XMSSMT-SHA2_20/2_256,PUB_R3,2472,2472,2473,17746907,2555408,PASS,4963,6002,10,20,2,16
XMSSMT-SHA2_20/2_256,PUB_R3,2473,2473,2474,15533667,2383833,PASS,4963,6002,10,20,2,16
XMSSMT-SHA2_20/2_256,PUB_R3,2474,2474,2475,17805537,2513296,PASS,4963,6002,10,20,2,16
XMSSMT-SHA2_20/2_256,PUB_R3,2475,2475,2476,10697111,2487704,PASS,4963,6002,10,20,2,16
XMSSMT-SHA2_20/2_256,PUB_R3,2476,2476,2477,5863611,2514519,PASS,4963,6002,10,20,2,16
XMSSMT-SHA2_20/2_256,PUB_R3,2477,2477,2478,5948167,2453481,PASS,4963,6002,10,20,2,16
XMSSMT-SHA2_20/2_256,PUB_R3,2478,2478,2479,5959463,2418500,PASS,4963,6002,10,20,2,16
XMSSMT-SHA2_20/2_256,PUB_R3,2479,2479,2480,15325945,2616389,PASS,4963,6002,10,20,2,16
XMSSMT-SHA2_20/2_256,PUB_R3,2480,2480,2481,17868981,2419444,PASS,4963,6002,10,20,2,16
XMSSMT-SHA2_20/2_256,PUB_R3,2481,2481,2482,15386982,2521148,PASS,4963,6002,10,20,2,16
XMSSMT-SHA2_20/2_256,PUB_R3,2482,2482,2483,8210093,2543592,PASS,4963,6002,10,20,2,16
XMSSMT-SHA2_20/2_256,PUB_R3,2483,2483,2484,10754000,2385333,PASS,4963,6002,10,20,2,16
XMSSMT-SHA2_20/2_256,PUB_R3,2484,2484,2485,5894297,2479204,PASS,4963,6002,10,20,2,16
XMSSMT-SHA2_20/2_256,PUB_R3,2485,2485,2486,5930296,2449593,PASS,4963,6002,10,20,2,16
XMSSMT-SHA2_20/2_256,PUB_R3,2486,2486,2487,5861259,2510648,PASS,4963,6002,10,20,2,16
XMSSMT-SHA2_20/2_256,PUB_R3,2487,2487,2488,15358389,2549129,PASS,4963,6002,10,20,2,16
XMSSMT-SHA2_20/2_256,PUB_R3,2488,2488,2489,10656074,2478945,PASS,4963,6002,10,20,2,16
XMSSMT-SHA2_20/2_256,PUB_R3,2489,2489,2490,5838685,2542518,PASS,4963,6002,10,20,2,16
XMSSMT-SHA2_20/2_256,PUB_R3,2490,2490,2491,5838037,2552000,PASS,4963,6002,10,20,2,16
XMSSMT-SHA2_20/2_256,PUB_R3,2491,2491,2492,10503389,2641982,PASS,4963,6002,10,20,2,16
XMSSMT-SHA2_20/2_256,PUB_R3,2492,2492,2493,5987537,2387037,PASS,4963,6002,10,20,2,16
XMSSMT-SHA2_20/2_256,PUB_R3,2493,2493,2494,5837685,2547537,PASS,4963,6002,10,20,2,16
XMSSMT-SHA2_20/2_256,PUB_R3,2494,2494,2495,5860852,2512666,PASS,4963,6002,10,20,2,16
XMSSMT-SHA2_20/2_256,PUB_R3,2495,2495,2496,15376130,2546537,PASS,4963,6002,10,20,2,16
XMSSMT-SHA2_20/2_256,PUB_R3,2496,2496,2497,17858445,2450796,PASS,4963,6002,10,20,2,16
XMSSMT-SHA2_20/2_256,PUB_R3,2497,2497,2498,15316037,2612389,PASS,4963,6002,10,20,2,16
XMSSMT-SHA2_20/2_256,PUB_R3,2498,2498,2499,17766482,2552371,PASS,4963,6002,10,20,2,16
XMSSMT-SHA2_20/2_256,PUB_R3,2499,2499,2500,15598685,2488130,PASS,4963,6002,10,20,2,16
XMSSMT-SHA2_20/2_256,PUB_R3,2500,2500,2501,17815148,2501537,PASS,4963,6002,10,20,2,16
XMSSMT-SHA2_20/2_256,PUB_R3,2501,2501,2502,15426814,2517963,PASS,4963,6002,10,20,2,16
XMSSMT-SHA2_20/2_256,PUB_R3,2502,2502,2503,17869648,2512796,PASS,4963,6002,10,20,2,16
XMSSMT-SHA2_20/2_256,PUB_R3,2503,2503,2504,15416537,2520074,PASS,4963,6002,10,20,2,16
XMSSMT-SHA2_20/2_256,PUB_R3,2504,2504,2505,17823204,2486074,PASS,4963,6002,10,20,2,16
XMSSMT-SHA2_20/2_256,PUB_R3,2505,2505,2506,15440260,2480945,PASS,4963,6002,10,20,2,16
XMSSMT-SHA2_20/2_256,PUB_R3,2506,2506,2507,17859370,2452611,PASS,4963,6002,10,20,2,16
XMSSMT-SHA2_20/2_256,PUB_R3,2507,2507,2508,15517759,2432389,PASS,4963,6002,10,20,2,16
XMSSMT-SHA2_20/2_256,PUB_R3,2508,2508,2509,17793963,2519852,PASS,4963,6002,10,20,2,16
XMSSMT-SHA2_20/2_256,PUB_R3,2509,2509,2510,15462593,2484426,PASS,4963,6002,10,20,2,16
XMSSMT-SHA2_20/2_256,PUB_R3,2510,2510,2511,17883926,2427371,PASS,4963,6002,10,20,2,16
XMSSMT-SHA2_20/2_256,PUB_R3,2511,2511,2512,15446574,2485074,PASS,4963,6002,10,20,2,16
XMSSMT-SHA2_20/2_256,PUB_R3,2512,2512,2513,17746870,2555482,PASS,4963,6002,10,20,2,16
XMSSMT-SHA2_20/2_256,PUB_R3,2513,2513,2514,15459241,2494315,PASS,4963,6002,10,20,2,16
XMSSMT-SHA2_20/2_256,PUB_R3,2514,2514,2515,8412704,2355055,PASS,4963,6002,10,20,2,16
XMSSMT-SHA2_20/2_256,PUB_R3,2515,2515,2516,10708833,2454685,PASS,4963,6002,10,20,2,16
XMSSMT-SHA2_20/2_256,PUB_R3,2516,2516,2517,5859111,2527593,PASS,4963,6002,10,20,2,16
XMSSMT-SHA2_20/2_256,PUB_R3,2517,2517,2518,5940982,2451185,PASS,4963,6002,10,20,2,16
XMSSMT-SHA2_20/2_256,PUB_R3,2518,2518,2519,5957982,2430203,PASS,4963,6002,10,20,2,16
XMSSMT-SHA2_20/2_256,PUB_R3,2519,2519,2520,15439426,2487408,PASS,4963,6002,10,20,2,16
XMSSMT-SHA2_20/2_256,PUB_R3,2520,2520,2521,10696019,2483148,PASS,4963,6002,10,20,2,16
XMSSMT-SHA2_20/2_256,PUB_R3,2521,2521,2522,5920963,2483426,PASS,4963,6002,10,20,2,16
XMSSMT-SHA2_20/2_256,PUB_R3,2522,2522,2523,5901556,2483370,PASS,4963,6002,10,20,2,16
XMSSMT-SHA2_20/2_256,PUB_R3,2523,2523,2524,10620704,2546500,PASS,4963,6002,10,20,2,16
XMSSMT-SHA2_20/2_256,PUB_R3,2524,2524,2525,5958425,2457111,PASS,4963,6002,10,20,2,16
XMSSMT-SHA2_20/2_256,PUB_R3,2525,2525,2526,6004593,2387259,PASS,4963,6002,10,20,2,16
XMSSMT-SHA2_20/2_256,PUB_R3,2526,2526,2527,5881130,2515834,PASS,4963,6002,10,20,2,16
XMSSMT-SHA2_20/2_256,PUB_R3,2527,2527,2528,15330537,2619371,PASS,4963,6002,10,20,2,16
XMSSMT-SHA2_20/2_256,PUB_R3,2528,2528,2529,17836037,2502426,PASS,4963,6002,10,20,2,16
XMSSMT-SHA2_20/2_256,PUB_R3,2529,2529,2530,15436370,2487185,PASS,4963,6002,10,20,2,16
XMSSMT-SHA2_20/2_256,PUB_R3,2530,2530,2531,17676297,2648074,PASS,4963,6002,10,20,2,16
XMSSMT-SHA2_20/2_256,PUB_R3,2531,2531,2532,15557519,2390926,PASS,4963,6002,10,20,2,16
XMSSMT-SHA2_20/2_256,PUB_R3,2532,2532,2533,17935555,2388630,PASS,4963,6002,10,20,2,16
XMSSMT-SHA2_20/2_256,PUB_R3,2533,2533,2534,15407834,2559870,PASS,4963,6002,10,20,2,16
XMSSMT-SHA2_20/2_256,PUB_R3,2534,2534,2535,8151241,2606055,PASS,4963,6002,10,20,2,16
XMSSMT-SHA2_20/2_256,PUB_R3,2535,2535,2536,15489481,2457314,PASS,4963,6002,10,20,2,16
XMSSMT-SHA2_20/2_256,PUB_R3,2536,2536,2537,10446167,2707871,PASS,4963,6002,10,20,2,16
XMSSMT-SHA2_20/2_256,PUB_R3,2537,2537,2538,5963648,2452630,PASS,4963,6002,10,20,2,16
XMSSMT-SHA2_20/2_256,PUB_R3,2538,2538,2539,5895982,2483297,PASS,4963,6002,10,20,2,16
XMSSMT-SHA2_20/2_256,PUB_R3,2539,2539,2540,10700019,2452333,PASS,4963,6002,10,20,2,16
XMSSMT-SHA2_20/2_256,PUB_R3,2540,2540,2541,5863037,2526926,PASS,4963,6002,10,20,2,16
XMSSMT-SHA2_20/2_256,PUB_R3,2541,2541,2542,5890000,2519537,PASS,4963,6002,10,20,2,16
XMSSMT-SHA2_20/2_256,PUB_R3,2542,2542,2543,5823555,2548908,PASS,4963,6002,10,20,2,16
XMSSMT-SHA2_20/2_256,PUB_R3,2543,2543,2544,15495185,2453204,PASS,4963,6002,10,20,2,16
XMSSMT-SHA2_20/2_256,PUB_R3,2544,2544,2545,17663648,2643204,PASS,4963,6002,10,20,2,16
XMSSMT-SHA2_20/2_256,PUB_R3,2545,2545,2546,15313908,2611741,PASS,4963,6002,10,20,2,16
XMSSMT-SHA2_20/2_256,PUB_R3,2546,2546,2547,8229408,2561555,PASS,4963,6002,10,20,2,16
XMSSMT-SHA2_20/2_256,PUB_R3,2547,2547,2548,10713463,2451037,PASS,4963,6002,10,20,2,16
XMSSMT-SHA2_20/2_256,PUB_R3,2548,2548,2549,5905259,2488259,PASS,4963,6002,10,20,2,16
XMSSMT-SHA2_20/2_256,PUB_R3,2549,2549,2550,5911111,2483870,PASS,4963,6002,10,20,2,16
XMSSMT-SHA2_20/2_256,PUB_R3,2550,2550,2551,5863815,2512574,PASS,4963,6002,10,20,2,16
XMSSMT-SHA2_20/2_256,PUB_R3,2551,2551,2552,15495926,2419500,PASS,4963,6002,10,20,2,16
XMSSMT-SHA2_20/2_256,PUB_R3,2552,2552,2553,10757296,2396000,PASS,4963,6002,10,20,2,16
XMSSMT-SHA2_20/2_256,PUB_R3,2553,2553,2554,5901907,2480389,PASS,4963,6002,10,20,2,16
XMSSMT-SHA2_20/2_256,PUB_R3,2554,2554,2555,5900611,2481111,PASS,4963,6002,10,20,2,16
XMSSMT-SHA2_20/2_256,PUB_R3,2555,2555,2556,10637944,2518926,PASS,4963,6002,10,20,2,16
XMSSMT-SHA2_20/2_256,PUB_R3,2556,2556,2557,5952889,2418556,PASS,4963,6002,10,20,2,16
XMSSMT-SHA2_20/2_256,PUB_R3,2557,2557,2558,5833796,2548222,PASS,4963,6002,10,20,2,16
XMSSMT-SHA2_20/2_256,PUB_R3,2558,2558,2559,5955481,2420056,PASS,4963,6002,10,20,2,16
XMSSMT-SHA2_20/2_256,PUB_R3,2559,2559,2560,15302277,2638908,PASS,4963,6002,10,20,2,16
XMSSMT-SHA2_20/2_256,PUB_R3,2560,2560,2561,17723111,2544112,PASS,4963,6002,10,20,2,16
XMSSMT-SHA2_20/2_256,PUB_R3,2561,2561,2562,15356741,2546481,PASS,4963,6002,10,20,2,16
XMSSMT-SHA2_20/2_256,PUB_R3,2562,2562,2563,17670203,2611852,PASS,4963,6002,10,20,2,16
XMSSMT-SHA2_20/2_256,PUB_R3,2563,2563,2564,15418259,2482426,PASS,4963,6002,10,20,2,16
XMSSMT-SHA2_20/2_256,PUB_R3,2564,2564,2565,17800426,2517408,PASS,4963,6002,10,20,2,16
XMSSMT-SHA2_20/2_256,PUB_R3,2565,2565,2566,15496481,2421297,PASS,4963,6002,10,20,2,16
XMSSMT-SHA2_20/2_256,PUB_R3,2566,2566,2567,17788778,2519389,PASS,4963,6002,10,20,2,16
XMSSMT-SHA2_20/2_256,PUB_R3,2567,2567,2568,15397592,2512778,PASS,4963,6002,10,20,2,16
XMSSMT-SHA2_20/2_256,PUB_R3,2568,2568,2569,17807389,2490666,PASS,4963,6002,10,20,2,16
XMSSMT-SHA2_20/2_256,PUB_R3,2569,2569,2570,15471796,2455945,PASS,4963,6002,10,20,2,16
XMSSMT-SHA2_20/2_256,PUB_R3,2570,2570,2571,17910297,2416703,PASS,4963,6002,10,20,2,16
XMSSMT-SHA2_20/2_256,PUB_R3,2571,2571,2572,15478982,2453945,PASS,4963,6002,10,20,2,16
XMSSMT-SHA2_20/2_256,PUB_R3,2572,2572,2573,17736907,2614204,PASS,4963,6002,10,20,2,16
XMSSMT-SHA2_20/2_256,PUB_R3,2573,2573,2574,15536907,2384759,PASS,4963,6002,10,20,2,16
XMSSMT-SHA2_20/2_256,PUB_R3,2574,2574,2575,17854556,2451240,PASS,4963,6002,10,20,2,16
XMSSMT-SHA2_20/2_256,PUB_R3,2575,2575,2576,15313555,2615704,PASS,4963,6002,10,20,2,16
XMSSMT-SHA2_20/2_256,PUB_R3,2576,2576,2577,17726000,2557760,PASS,4963,6002,10,20,2,16
XMSSMT-SHA2_20/2_256,PUB_R3,2577,2577,2578,15439834,2481481,PASS,4963,6002,10,20,2,16
XMSSMT-SHA2_20/2_256,PUB_R3,2578,2578,2579,17856148,2448963,PASS,4963,6002,10,20,2,16
XMSSMT-SHA2_20/2_256,PUB_R3,2579,2579,2580,15426389,2483333,PASS,4963,6002,10,20,2,16
XMSSMT-SHA2_20/2_256,PUB_R3,2580,2580,2581,17836259,2452926,PASS,4963,6002,10,20,2,16
XMSSMT-SHA2_20/2_256,PUB_R3,2581,2581,2582,15245019,2669611,PASS,4963,6002,10,20,2,16
XMSSMT-SHA2_20/2_256,PUB_R3,2582,2582,2583,17755537,2556241,PASS,4963,6002,10,20,2,16
XMSSMT-SHA2_20/2_256,PUB_R3,2583,2583,2584,15453814,2460185,PASS,4963,6002,10,20,2,16
XMSSMT-SHA2_20/2_256,PUB_R3,2584,2584,2585,17791112,2485426,PASS,4963,6002,10,20,2,16
XMSSMT-SHA2_20/2_256,PUB_R3,2585,2585,2586,15353278,2550537,PASS,4963,6002,10,20,2,16
XMSSMT-SHA2_20/2_256,PUB_R3,2586,2586,2587,17749167,2545408,PASS,4963,6002,10,20,2,16
XMSSMT-SHA2_20/2_256,PUB_R3,2587,2587,2588,15508037,2451519,PASS,4963,6002,10,20,2,16
XMSSMT-SHA2_20/2_256,PUB_R3,2588,2588,2589,17693056,2612074,PASS,4963,6002,10,20,2,16
XMSSMT-SHA2_20/2_256,PUB_R3,2589,2589,2590,15429241,2526722,PASS,4963,6002,10,20,2,16
XMSSMT-SHA2_20/2_256,PUB_R3,2590,2590,2591,17897482,2429926,PASS,4963,6002,10,20,2,16
XMSSMT-SHA2_20/2_256,PUB_R3,2591,2591,2592,15504370,2453186,PASS,4963,6002,10,20,2,16
XMSSMT-SHA2_20/2_256,PUB_R3,2592,2592,2593,17576204,2738759,PASS,4963,6002,10,20,2,16
XMSSMT-SHA2_20/2_256,PUB_R3,2593,2593,2594,15426649,2516963,PASS,4963,6002,10,20,2,16
XMSSMT-SHA2_20/2_256,PUB_R3,2594,2594,2595,17790500,2519500,PASS,4963,6002,10,20,2,16
XMSSMT-SHA2_20/2_256,PUB_R3,2595,2595,2596,15400037,2546926,PASS,4963,6002,10,20,2,16
XMSSMT-SHA2_20/2_256,PUB_R3,2596,2596,2597,17838759,2487000,PASS,4963,6002,10,20,2,16
XMSSMT-SHA2_20/2_256,PUB_R3,2597,2597,2598,15443796,2501352,PASS,4963,6002,10,20,2,16
XMSSMT-SHA2_20/2_256,PUB_R3,2598,2598,2599,17889592,2422000,PASS,4963,6002,10,20,2,16
XMSSMT-SHA2_20/2_256,PUB_R3,2599,2599,2600,15544944,2388296,PASS,4963,6002,10,20,2,16
XMSSMT-SHA2_20/2_256,PUB_R3,2600,2600,2601,17860518,2417352,PASS,4963,6002,10,20,2,16
XMSSMT-SHA2_20/2_256,PUB_R3,2601,2601,2602,15384778,2547981,PASS,4963,6002,10,20,2,16
XMSSMT-SHA2_20/2_256,PUB_R3,2602,2602,2603,17887351,2421519,PASS,4963,6002,10,20,2,16
XMSSMT-SHA2_20/2_256,PUB_R3,2603,2603,2604,15401241,2570722,PASS,4963,6002,10,20,2,16
XMSSMT-SHA2_20/2_256,PUB_R3,2604,2604,2605,17886944,2419926,PASS,4963,6002,10,20,2,16
XMSSMT-SHA2_20/2_256,PUB_R3,2605,2605,2606,15284333,2643981,PASS,4963,6002,10,20,2,16
XMSSMT-SHA2_20/2_256,PUB_R3,2606,2606,2607,17836759,2448296,PASS,4963,6002,10,20,2,16
XMSSMT-SHA2_20/2_256,PUB_R3,2607,2607,2608,15396945,2547648,PASS,4963,6002,10,20,2,16
XMSSMT-SHA2_20/2_256,PUB_R3,2608,2608,2609,17850333,2419593,PASS,4963,6002,10,20,2,16
XMSSMT-SHA2_20/2_256,PUB_R3,2609,2609,2610,15429203,2482204,PASS,4963,6002,10,20,2,16
XMSSMT-SHA2_20/2_256,PUB_R3,2610,2610,2611,17610556,2669944,PASS,4963,6002,10,20,2,16
XMSSMT-SHA2_20/2_256,PUB_R3,2611,2611,2612,15533907,2391222,PASS,4963,6002,10,20,2,16
XMSSMT-SHA2_20/2_256,PUB_R3,2612,2612,2613,17825871,2451037,PASS,4963,6002,10,20,2,16
XMSSMT-SHA2_20/2_256,PUB_R3,2613,2613,2614,15431982,2482296,PASS,4963,6002,10,20,2,16
XMSSMT-SHA2_20/2_256,PUB_R3,2614,2614,2615,17820852,2484445,PASS,4963,6002,10,20,2,16
XMSSMT-SHA2_20/2_256,PUB_R3,2615,2615,2616,15429056,2484963,PASS,4963,6002,10,20,2,16
XMSSMT-SHA2_20/2_256,PUB_R3,2616,2616,2617,17884667,2423426,PASS,4963,6002,10,20,2,16
XMSSMT-SHA2_20/2_256,PUB_R3,2617,2617,2618,15508352,2473962,PASS,4963,6002,10,20,2,16
XMSSMT-SHA2_20/2_256,PUB_R3,2618,2618,2619,17815482,2530741,PASS,4963,6002,10,20,2,16
XMSSMT-SHA2_20/2_256,PUB_R3,2619,2619,2620,15490185,2450148,PASS,4963,6002,10,20,2,16
XMSSMT-SHA2_20/2_256,PUB_R3,2620,2620,2621,17647518,2678722,PASS,4963,6002,10,20,2,16
XMSSMT-SHA2_20/2_256,PUB_R3,2621,2621,2622,15480704,2452796,PASS,4963,6002,10,20,2,16
XMSSMT-SHA2_20/2_256,PUB_R3,2622,2622,2623,17667408,2682555,PASS,4963,6002,10,20,2,16
XMSSMT-SHA2_20/2_256,PUB_R3,2623,2623,2624,15517388,2423370,PASS,4963,6002,10,20,2,16
XMSSMT-SHA2_20/2_256,PUB_R3,2624,2624,2625,17722944,2615481,PASS,4963,6002,10,20,2,16
XMSSMT-SHA2_20/2_256,PUB_R3,2625,2625,2626,15368926,2595667,PASS,4963,6002,10,20,2,16
XMSSMT-SHA2_20/2_256,PUB_R3,2626,2626,2627,17856981,2457204,PASS,4963,6002,10,20,2,16
XMSSMT-SHA2_20/2_256,PUB_R3,2627,2627,2628,15407074,2512612,PASS,4963,6002,10,20,2,16
XMSSMT-SHA2_20/2_256,PUB_R3,2628,2628,2629,17841834,2451092,PASS,4963,6002,10,20,2,16
XMSSMT-SHA2_20/2_256,PUB_R3,2629,2629,2630,15510815,2429056,PASS,4963,6002,10,20,2,16
XMSSMT-SHA2_20/2_256,PUB_R3,2630,2630,2631,17794612,2528278,PASS,4963,6002,10,20,2,16
XMSSMT-SHA2_20/2_256,PUB_R3,2631,2631,2632,15419222,2529389,PASS,4963,6002,10,20,2,16
XMSSMT-SHA2_20/2_256,PUB_R3,2632,2632,2633,17732926,2548000,PASS,4963,6002,10,20,2,16
XMSSMT-SHA2_20/2_256,PUB_R3,2633,2633,2634,15254926,2672333,PASS,4963,6002,10,20,2,16
XMSSMT-SHA2_20/2_256,PUB_R3,2634,2634,2635,17810241,2480037,PASS,4963,6002,10,20,2,16
XMSSMT-SHA2_20/2_256,PUB_R3,2635,2635,2636,15439129,2485370,PASS,4963,6002,10,20,2,16
XMSSMT-SHA2_20/2_256,PUB_R3,2636,2636,2637,17817500,2458037,PASS,4963,6002,10,20,2,16
XMSSMT-SHA2_20/2_256,PUB_R3,2637,2637,2638,15477574,2454334,PASS,4963,6002,10,20,2,16
XMSSMT-SHA2_20/2_256,PUB_R3,2638,2638,2639,17764074,2546241,PASS,4963,6002,10,20,2,16
XMSSMT-SHA2_20/2_256,PUB_R3,2639,2639,2640,15281741,2644203,PASS,4963,6002,10,20,2,16
XMSSMT-SHA2_20/2_256,PUB_R3,2640,2640,2641,17798778,2509333,PASS,4963,6002,10,20,2,16
XMSSMT-SHA2_20/2_256,PUB_R3,2641,2641,2642,15415166,2513667,PASS,4963,6002,10,20,2,16
XMSSMT-SHA2_20/2_256,PUB_R3,2642,2642,2643,17838741,2489908,PASS,4963,6002,10,20,2,16
XMSSMT-SHA2_20/2_256,PUB_R3,2643,2643,2644,15329703,2616519,PASS,4963,6002,10,20,2,16
XMSSMT-SHA2_20/2_256,PUB_R3,2644,2644,2645,17779185,2561870,PASS,4963,6002,10,20,2,16
XMSSMT-SHA2_20/2_256,PUB_R3,2645,2645,2646,15255481,2694574,PASS,4963,6002,10,20,2,16
XMSSMT-SHA2_20/2_256,PUB_R3,2646,2646,2647,17875334,2455167,PASS,4963,6002,10,20,2,16
XMSSMT-SHA2_20/2_256,PUB_R3,2647,2647,2648,15537407,2416666,PASS,4963,6002,10,20,2,16
XMSSMT-SHA2_20/2_256,PUB_R3,2648,2648,2649,17770797,2512222,PASS,4963,6002,10,20,2,16
XMSSMT-SHA2_20/2_256,PUB_R3,2649,2649,2650,15457278,2487074,PASS,4963,6002,10,20,2,16
XMSSMT-SHA2_20/2_256,PUB_R3,2650,2650,2651,17761296,2561722,PASS,4963,6002,10,20,2,16
XMSSMT-SHA2_20/2_256,PUB_R3,2651,2651,2652,15511407,2418388,PASS,4963,6002,10,20,2,16
XMSSMT-SHA2_20/2_256,PUB_R3,2652,2652,2653,17832518,2448556,PASS,4963,6002,10,20,2,16
XMSSMT-SHA2_20/2_256,PUB_R3,2653,2653,2654,15273277,2645982,PASS,4963,6002,10,20,2,16
XMSSMT-SHA2_20/2_256,PUB_R3,2654,2654,2655,17785481,2516796,PASS,4963,6002,10,20,2,16
XMSSMT-SHA2_20/2_256,PUB_R3,2655,2655,2656,15515019,2421555,PASS,4963,6002,10,20,2,16
XMSSMT-SHA2_20/2_256,PUB_R3,2656,2656,2657,17817722,2486574,PASS,4963,6002,10,20,2,16
XMSSMT-SHA2_20/2_256,PUB_R3,2657,2657,2658,15409037,2527222,PASS,4963,6002,10,20,2,16
XMSSMT-SHA2_20/2_256,PUB_R3,2658,2658,2659,17752149,2545611,PASS,4963,6002,10,20,2,16
XMSSMT-SHA2_20/2_256,PUB_R3,2659,2659,2660,15205240,2707537,PASS,4963,6002,10,20,2,16
XMSSMT-SHA2_20/2_256,PUB_R3,2660,2660,2661,17853112,2419314,PASS,4963,6002,10,20,2,16
XMSSMT-SHA2_20/2_256,PUB_R3,2661,2661,2662,15380500,2515111,PASS,4963,6002,10,20,2,16
XMSSMT-SHA2_20/2_256,PUB_R3,2662,2662,2663,17806741,2480574,PASS,4963,6002,10,20,2,16
XMSSMT-SHA2_20/2_256,PUB_R3,2663,2663,2664,15368260,2550815,PASS,4963,6002,10,20,2,16
XMSSMT-SHA2_20/2_256,PUB_R3,2664,2664,2665,17757296,2514037,PASS,4963,6002,10,20,2,16
XMSSMT-SHA2_20/2_256,PUB_R3,2665,2665,2666,15397388,2512593,PASS,4963,6002,10,20,2,16
XMSSMT-SHA2_20/2_256,PUB_R3,2666,2666,2667,17910592,2386222,PASS,4963,6002,10,20,2,16
XMSSMT-SHA2_20/2_256,PUB_R3,2667,2667,2668,10540981,2613092,PASS,4963,6002,10,20,2,16
XMSSMT-SHA2_20/2_256,PUB_R3,2668,2668,2669,5703630,2674851,PASS,4963,6002,10,20,2,16
XMSSMT-SHA2_20/2_256,PUB_R3,2669,2669,2670,5712111,2687241,PASS,4963,6002,10,20,2,16
XMSSMT-SHA2_20/2_256,PUB_R3,2670,2670,2671,5836759,2548278,PASS,4963,6002,10,20,2,16
XMSSMT-SHA2_20/2_256,PUB_R3,2671,2671,2672,15432722,2522166,PASS,4963,6002,10,20,2,16
XMSSMT-SHA2_20/2_256,PUB_R3,2672,2672,2673,17823204,2482296,PASS,4963,6002,10,20,2,16
XMSSMT-SHA2_20/2_256,PUB_R3,2673,2673,2674,15485389,2461723,PASS,4963,6002,10,20,2,16
XMSSMT-SHA2_20/2_256,PUB_R3,2674,2674,2675,8401370,2390222,PASS,4963,6002,10,20,2,16
XMSSMT-SHA2_20/2_256,PUB_R3,2675,2675,2676,10670315,2487334,PASS,4963,6002,10,20,2,16
XMSSMT-SHA2_20/2_256,PUB_R3,2676,2676,2677,5770926,2611945,PASS,4963,6002,10,20,2,16
XMSSMT-SHA2_20/2_256,PUB_R3,2677,2677,2678,5924537,2482926,PASS,4963,6002,10,20,2,16
XMSSMT-SHA2_20/2_256,PUB_R3,2678,2678,2679,5931074,2449018,PASS,4963,6002,10,20,2,16
XMSSMT-SHA2_20/2_256,PUB_R3,2679,2679,2680,15460111,2499333,PASS,4963,6002,10,20,2,16
XMSSMT-SHA2_20/2_256,PUB_R3,2680,2680,2681,10496833,2660907,PASS,4963,6002,10,20,2,16
XMSSMT-SHA2_20/2_256,PUB_R3,2681,2681,2682,5950129,2449482,PASS,4963,6002,10,20,2,16
XMSSMT-SHA2_20/2_256,PUB_R3,2682,2682,2683,5693888,2673333,PASS,4963,6002,10,20,2,16
XMSSMT-SHA2_20/2_256,PUB_R3,2683,2683,2684,10623240,2549241,PASS,4963,6002,10,20,2,16
XMSSMT-SHA2_20/2_256,PUB_R3,2684,2684,2685,5790612,2619814,PASS,4963,6002,10,20,2,16
XMSSMT-SHA2_20/2_256,PUB_R3,2685,2685,2686,6030185,2356926,PASS,4963,6002,10,20,2,16
XMSSMT-SHA2_20/2_256,PUB_R3,2686,2686,2687,5775407,2612056,PASS,4963,6002,10,20,2,16
XMSSMT-SHA2_20/2_256,PUB_R3,2687,2687,2688,15429259,2548148,PASS,4963,6002,10,20,2,16
XMSSMT-SHA2_20/2_256,PUB_R3,2688,2688,2689,17814223,2481037,PASS,4963,6002,10,20,2,16
XMSSMT-SHA2_20/2_256,PUB_R3,2689,2689,2690,15561000,2394148,PASS,4963,6002,10,20,2,16
XMSSMT-SHA2_20/2_256,PUB_R3,2690,2690,2691,17859277,2454685,PASS,4963,6002,10,20,2,16
XMSSMT-SHA2_20/2_256,PUB_R3,2691,2691,2692,15383686,2547926,PASS,4963,6002,10,20,2,16
XMSSMT-SHA2_20/2_256,PUB_R3,2692,2692,2693,17818908,2486241,PASS,4963,6002,10,20,2,16
XMSSMT-SHA2_20/2_256,PUB_R3,2693,2693,2694,15455352,2498945,PASS,4963,6002,10,20,2,16
XMSSMT-SHA2_20/2_256,PUB_R3,2694,2694,2695,17771519,2550666,PASS,4963,6002,10,20,2,16
XMSSMT-SHA2_20/2_256,PUB_R3,2695,2695,2696,15394481,2551222,PASS,4963,6002,10,20,2,16
XMSSMT-SHA2_20/2_256,PUB_R3,2696,2696,2697,17693833,2618389,PASS,4963,6002,10,20,2,16
XMSSMT-SHA2_20/2_256,PUB_R3,2697,2697,2698,15434833,2482815,PASS,4963,6002,10,20,2,16
XMSSMT-SHA2_20/2_256,PUB_R3,2698,2698,2699,17911889,2392963,PASS,4963,6002,10,20,2,16
XMSSMT-SHA2_20/2_256,PUB_R3,2699,2699,2700,15420352,2532500,PASS,4963,6002,10,20,2,16
XMSSMT-SHA2_20/2_256,PUB_R3,2700,2700,2701,17915889,2392222,PASS,4963,6002,10,20,2,16
XMSSMT-SHA2_20/2_256,PUB_R3,2701,2701,2702,15439759,2480426,PASS,4963,6002,10,20,2,16
XMSSMT-SHA2_20/2_256,PUB_R3,2702,2702,2703,17969277,2355185,PASS,4963,6002,10,20,2,16
XMSSMT-SHA2_20/2_256,PUB_R3,2703,2703,2704,15431426,2517130,PASS,4963,6002,10,20,2,16
XMSSMT-SHA2_20/2_256,PUB_R3,2704,2704,2705,17905074,2392852,PASS,4963,6002,10,20,2,16
XMSSMT-SHA2_20/2_256,PUB_R3,2705,2705,2706,15496148,2458000,PASS,4963,6002,10,20,2,16
XMSSMT-SHA2_20/2_256,PUB_R3,2706,2706,2707,17911722,2421352,PASS,4963,6002,10,20,2,16
XMSSMT-SHA2_20/2_256,PUB_R3,2707,2707,2708,15317963,2650518,PASS,4963,6002,10,20,2,16
XMSSMT-SHA2_20/2_256,PUB_R3,2708,2708,2709,17645722,2650296,PASS,4963,6002,10,20,2,16
XMSSMT-SHA2_20/2_256,PUB_R3,2709,2709,2710,15389019,2554111,PASS,4963,6002,10,20,2,16
XMSSMT-SHA2_20/2_256,PUB_R3,2710,2710,2711,17920056,2392722,PASS,4963,6002,10,20,2,16
XMSSMT-SHA2_20/2_256,PUB_R3,2711,2711,2712,15519500,2425037,PASS,4963,6002,10,20,2,16
XMSSMT-SHA2_20/2_256,PUB_R3,2712,2712,2713,17713574,2614759,PASS,4963,6002,10,20,2,16
XMSSMT-SHA2_20/2_256,PUB_R3,2713,2713,2714,15522741,2431389,PASS,4963,6002,10,20,2,16
XMSSMT-SHA2_20/2_256,PUB_R3,2714,2714,2715,17757297,2547907,PASS,4963,6002,10,20,2,16
XMSSMT-SHA2_20/2_256,PUB_R3,2715,2715,2716,15436593,2481889,PASS,4963,6002,10,20,2,16
XMSSMT-SHA2_20/2_256,PUB_R3,2716,2716,2717,17807074,2513111,PASS,4963,6002,10,20,2,16
XMSSMT-SHA2_20/2_256,PUB_R3,2717,2717,2718,15503444,2419315,PASS,4963,6002,10,20,2,16
XMSSMT-SHA2_20/2_256,PUB_R3,2718,2718,2719,17783296,2516296,PASS,4963,6002,10,20,2,16
XMSSMT-SHA2_20/2_256,PUB_R3,2719,2719,2720,15417777,2478981,PASS,4963,6002,10,20,2,16
XMSSMT-SHA2_20/2_256,PUB_R3,2720,2720,2721,17926333,2385055,PASS,4963,6002,10,20,2,16
XMSSMT-SHA2_20/2_256,PUB_R3,2721,2721,2722,15470166,2454481,PASS,4963,6002,10,20,2,16
XMSSMT-SHA2_20/2_256,PUB_R3,2722,2722,2723,17683944,2612926,PASS,4963,6002,10,20,2,16
XMSSMT-SHA2_20/2_256,PUB_R3,2723,2723,2724,15460352,2451685,PASS,4963,6002,10,20,2,16
XMSSMT-SHA2_20/2_256,PUB_R3,2724,2724,2725,17806667,2484351,PASS,4963,6002,10,20,2,16
XMSSMT-SHA2_20/2_256,PUB_R3,2725,2725,2726,15410463,2483519,PASS,4963,6002,10,20,2,16
XMSSMT-SHA2_20/2_256,PUB_R3,2726,2726,2727,17884129,2422204,PASS,4963,6002,10,20,2,16
XMSSMT-SHA2_20/2_256,PUB_R3,2727,2727,2728,15298148,2609778,PASS,4963,6002,10,20,2,16
XMSSMT-SHA2_20/2_256,PUB_R3,2728,2728,2729,17804241,2492407,PASS,4963,6002,10,20,2,16
XMSSMT-SHA2_20/2_256,PUB_R3,2729,2729,2730,15481407,2449834,PASS,4963,6002,10,20,2,16
XMSSMT-SHA2_20/2_256,PUB_R3,2730,2730,2731,17792222,2550686,PASS,4963,6002,10,20,2,16
XMSSMT-SHA2_20/2_256,PUB_R3,2731,2731,2732,10717574,2453500,PASS,4963,6002,10,20,2,16
XMSSMT-SHA2_20/2_256,PUB_R3,2732,2732,2733,5935315,2456482,PASS,4963,6002,10,20,2,16
XMSSMT-SHA2_20/2_256,PUB_R3,2733,2733,2734,5995222,2421611,PASS,4963,6002,10,20,2,16
XMSSMT-SHA2_20/2_256,PUB_R3,2734,2734,2735,5863222,2515463,PASS,4963,6002,10,20,2,16
XMSSMT-SHA2_20/2_256,PUB_R3,2735,2735,2736,15378204,2550444,PASS,4963,6002,10,20,2,16
XMSSMT-SHA2_20/2_256,PUB_R3,2736,2736,2737,17883852,2457722,PASS,4963,6002,10,20,2,16
XMSSMT-SHA2_20/2_256,PUB_R3,2737,2737,2738,15520093,2435185,PASS,4963,6002,10,20,2,16
XMSSMT-SHA2_20/2_256,PUB_R3,2738,2738,2739,8300778,2500111,PASS,4963,6002,10,20,2,16
XMSSMT-SHA2_20/2_256,PUB_R3,2739,2739,2740,10546704,2613481,PASS,4963,6002,10,20,2,16
XMSSMT-SHA2_20/2_256,PUB_R3,2740,2740,2741,5882759,2529297,PASS,4963,6002,10,20,2,16
XMSSMT-SHA2_20/2_256,PUB_R3,2741,2741,2742,6010130,2389130,PASS,4963,6002,10,20,2,16
XMSSMT-SHA2_20/2_256,PUB_R3,2742,2742,2743,5761648,2641667,PASS,4963,6002,10,20,2,16
XMSSMT-SHA2_20/2_256,PUB_R3,2743,2743,2744,15449870,2486000,PASS,4963,6002,10,20,2,16
XMSSMT-SHA2_20/2_256,PUB_R3,2744,2744,2745,10620722,2562796,PASS,4963,6002,10,20,2,16
XMSSMT-SHA2_20/2_256,PUB_R3,2745,2745,2746,5694185,2705593,PASS,4963,6002,10,20,2,16
XMSSMT-SHA2_20/2_256,PUB_R3,2746,2746,2747,6043407,2416981,PASS,4963,6002,10,20,2,16
XMSSMT-SHA2_20/2_256,PUB_R3,2747,2747,2748,10814963,2325148,PASS,4963,6002,10,20,2,16
XMSSMT-SHA2_20/2_256,PUB_R3,2748,2748,2749,5923519,2486092,PASS,4963,6002,10,20,2,16
XMSSMT-SHA2_20/2_256,PUB_R3,2749,2749,2750,5870778,2530685,PASS,4963,6002,10,20,2,16
XMSSMT-SHA2_20/2_256,PUB_R3,2750,2750,2751,5933352,2452241,PASS,4963,6002,10,20,2,16
XMSSMT-SHA2_20/2_256,PUB_R3,2751,2751,2752,15268203,2672093,PASS,4963,6002,10,20,2,16
XMSSMT-SHA2_20/2_256,PUB_R3,2752,2752,2753,17647833,2640815,PASS,4963,6002,10,20,2,16
XMSSMT-SHA2_20/2_256,PUB_R3,2753,2753,2754,15323630,2616185,PASS,4963,6002,10,20,2,16
XMSSMT-SHA2_20/2_256,PUB_R3,2754,2754,2755,17874685,2432649,PASS,4963,6002,10,20,2,16
XMSSMT-SHA2_20/2_256,PUB_R3,2755,2755,2756,15291796,2608185,PASS,4963,6002,10,20,2,16
XMSSMT-SHA2_20/2_256,PUB_R3,2756,2756,2757,17843370,2449092,PASS,4963,6002,10,20,2,16
XMSSMT-SHA2_20/2_256,PUB_R3,2757,2757,2758,15363592,2547888,PASS,4963,6002,10,20,2,16
XMSSMT-SHA2_20/2_256,PUB_R3,2758,2758,2759,17877963,2420963,PASS,4963,6002,10,20,2,16
XMSSMT-SHA2_20/2_256,PUB_R3,2759,2759,2760,15577055,2354186,PASS,4963,6002,10,20,2,16
XMSSMT-SHA2_20/2_256,PUB_R3,2760,2760,2761,17827518,2467648,PASS,4963,6002,10,20,2,16
XMSSMT-SHA2_20/2_256,PUB_R3,2761,2761,2762,15575593,2333778,PASS,4963,6002,10,20,2,16
XMSSMT-SHA2_20/2_256,PUB_R3,2762,2762,2763,17906148,2418889,PASS,4963,6002,10,20,2,16
XMSSMT-SHA2_20/2_256,PUB_R3,2763,2763,2764,15307407,2635352,PASS,4963,6002,10,20,2,16
XMSSMT-SHA2_20/2_256,PUB_R3,2764,2764,2765,17794704,2519481,PASS,4963,6002,10,20,2,16
XMSSMT-SHA2_20/2_256,PUB_R3,2765,2765,2766,15521093,2422667,PASS,4963,6002,10,20,2,16
XMSSMT-SHA2_20/2_256,PUB_R3,2766,2766,2767,17791074,2518481,PASS,4963,6002,10,20,2,16
XMSSMT-SHA2_20/2_256,PUB_R3,2767,2767,2768,15415926,2525981,PASS,4963,6002,10,20,2,16
XMSSMT-SHA2_20/2_256,PUB_R3,2768,2768,2769,17844537,2487833,PASS,4963,6002,10,20,2,16
XMSSMT-SHA2_20/2_256,PUB_R3,2769,2769,2770,15447148,2479444,PASS,4963,6002,10,20,2,16
XMSSMT-SHA2_20/2_256,PUB_R3,2770,2770,2771,8218722,2546481,PASS,4963,6002,10,20,2,16
XMSSMT-SHA2_20/2_256,PUB_R3,2771,2771,2772,10679852,2479463,PASS,4963,6002,10,20,2,16
XMSSMT-SHA2_20/2_256,PUB_R3,2772,2772,2773,5852482,2547611,PASS,4963,6002,10,20,2,16
XMSSMT-SHA2_20/2_256,PUB_R3,2773,2773,2774,5965852,2419092,PASS,4963,6002,10,20,2,16
XMSSMT-SHA2_20/2_256,PUB_R3,2774,2774,2775,5716463,2674796,PASS,4963,6002,10,20,2,16
XMSSMT-SHA2_20/2_256,PUB_R3,2775,2775,2776,15411537,2523389,PASS,4963,6002,10,20,2,16
XMSSMT-SHA2_20/2_256,PUB_R3,2776,2776,2777,10702018,2455388,PASS,4963,6002,10,20,2,16
XMSSMT-SHA2_20/2_256,PUB_R3,2777,2777,2778,5917518,2485297,PASS,4963,6002,10,20,2,16
XMSSMT-SHA2_20/2_256,PUB_R3,2778,2778,2779,5862797,2526444,PASS,4963,6002,10,20,2,16
XMSSMT-SHA2_20/2_256,PUB_R3,2779,2779,2780,10595389,2548130,PASS,4963,6002,10,20,2,16
XMSSMT-SHA2_20/2_256,PUB_R3,2780,2780,2781,5782463,2615852,PASS,4963,6002,10,20,2,16
XMSSMT-SHA2_20/2_256,PUB_R3,2781,2781,2782,5907759,2487408,PASS,4963,6002,10,20,2,16
XMSSMT-SHA2_20/2_256,PUB_R3,2782,2782,2783,5749889,2640000,PASS,4963,6002,10,20,2,16
XMSSMT-SHA2_20/2_256,PUB_R3,2783,2783,2784,15395574,2552500,PASS,4963,6002,10,20,2,16
XMSSMT-SHA2_20/2_256,PUB_R3,2784,2784,2785,17741555,2548297,PASS,4963,6002,10,20,2,16
XMSSMT-SHA2_20/2_256,PUB_R3,2785,2785,2786,15365703,2546185,PASS,4963,6002,10,20,2,16
XMSSMT-SHA2_20/2_256,PUB_R3,2786,2786,2787,17795334,2480240,PASS,4963,6002,10,20,2,16
XMSSMT-SHA2_20/2_256,PUB_R3,2787,2787,2788,15426241,2484778,PASS,4963,6002,10,20,2,16
XMSSMT-SHA2_20/2_256,PUB_R3,2788,2788,2789,17832852,2454241,PASS,4963,6002,10,20,2,16
XMSSMT-SHA2_20/2_256,PUB_R3,2789,2789,2790,15258945,2641000,PASS,4963,6002,10,20,2,16
XMSSMT-SHA2_20/2_256,PUB_R3,2790,2790,2791,8280038,2483925,PASS,4963,6002,10,20,2,16
XMSSMT-SHA2_20/2_256,PUB_R3,2791,2791,2792,15394630,2514426,PASS,4963,6002,10,20,2,16
XMSSMT-SHA2_20/2_256,PUB_R3,2792,2792,2793,10724389,2422574,PASS,4963,6002,10,20,2,16
XMSSMT-SHA2_20/2_256,PUB_R3,2793,2793,2794,5868056,2514556,PASS,4963,6002,10,20,2,16
XMSSMT-SHA2_20/2_256,PUB_R3,2794,2794,2795,5955704,2420018,PASS,4963,6002,10,20,2,16
XMSSMT-SHA2_20/2_256,PUB_R3,2795,2795,2796,10533445,2606056,PASS,4963,6002,10,20,2,16
XMSSMT-SHA2_20/2_256,PUB_R3,2796,2796,2797,5962945,2418129,PASS,4963,6002,10,20,2,16
XMSSMT-SHA2_20/2_256,PUB_R3,2797,2797,2798,5869963,2512056,PASS,4963,6002,10,20,2,16
XMSSMT-SHA2_20/2_256,PUB_R3,2798,2798,2799,5740925,2652074,PASS,4963,6002,10,20,2,16
XMSSMT-SHA2_20/2_256,PUB_R3,2799,2799,2800,15472741,2467222,PASS,4963,6002,10,20,2,16
XMSSMT-SHA2_20/2_256,PUB_R3,2800,2800,2801,17893092,2418796,PASS,4963,6002,10,20,2,16
XMSSMT-SHA2_20/2_256,PUB_R3,2801,2801,2802,15417426,2517833,PASS,4963,6002,10,20,2,16
XMSSMT-SHA2_20/2_256,PUB_R3,2802,2802,2803,8160500,2611500,PASS,4963,6002,10,20,2,16
XMSSMT-SHA2_20/2_256,PUB_R3,2803,2803,2804,10501222,2683259,PASS,4963,6002,10,20,2,16
XMSSMT-SHA2_20/2_256,PUB_R3,2804,2804,2805,5885018,2517260,PASS,4963,6002,10,20,2,16
XMSSMT-SHA2_20/2_256,PUB_R3,2805,2805,2806,5841778,2553926,PASS,4963,6002,10,20,2,16
XMSSMT-SHA2_20/2_256,PUB_R3,2806,2806,2807,5942889,2452907,PASS,4963,6002,10,20,2,16
XMSSMT-SHA2_20/2_256,PUB_R3,2807,2807,2808,15463185,2483149,PASS,4963,6002,10,20,2,16
XMSSMT-SHA2_20/2_256,PUB_R3,2808,2808,2809,10705222,2451648,PASS,4963,6002,10,20,2,16
XMSSMT-SHA2_20/2_256,PUB_R3,2809,2809,2810,5771407,2611056,PASS,4963,6002,10,20,2,16
XMSSMT-SHA2_20/2_256,PUB_R3,2810,2810,2811,5908630,2483778,PASS,4963,6002,10,20,2,16
XMSSMT-SHA2_20/2_256,PUB_R3,2811,2811,2812,10761315,2392648,PASS,4963,6002,10,20,2,16
XMSSMT-SHA2_20/2_256,PUB_R3,2812,2812,2813,5892722,2516093,PASS,4963,6002,10,20,2,16
XMSSMT-SHA2_20/2_256,PUB_R3,2813,2813,2814,5980278,2420482,PASS,4963,6002,10,20,2,16
XMSSMT-SHA2_20/2_256,PUB_R3,2814,2814,2815,5927926,2449777,PASS,4963,6002,10,20,2,16
XMSSMT-SHA2_20/2_256,PUB_R3,2815,2815,2816,15290963,2644612,PASS,4963,6002,10,20,2,16
XMSSMT-SHA2_20/2_256,PUB_R3,2816,2816,2817,17567445,2708759,PASS,4963,6002,10,20,2,16
XMSSMT-SHA2_20/2_256,PUB_R3,2817,2817,2818,15281018,2692408,PASS,4963,6002,10,20,2,16
XMSSMT-SHA2_20/2_256,PUB_R3,2818,2818,2819,17802056,2546185,PASS,4963,6002,10,20,2,16
XMSSMT-SHA2_20/2_256,PUB_R3,2819,2819,2820,15464296,2448185,PASS,4963,6002,10,20,2,16
XMSSMT-SHA2_20/2_256,PUB_R3,2820,2820,2821,17778500,2512352,PASS,4963,6002,10,20,2,16
XMSSMT-SHA2_20/2_256,PUB_R3,2821,2821,2822,15405241,2516741,PASS,4963,6002,10,20,2,16
XMSSMT-SHA2_20/2_256,PUB_R3,2822,2822,2823,17765667,2550889,PASS,4963,6002,10,20,2,16
XMSSMT-SHA2_20/2_256,PUB_R3,2823,2823,2824,15430574,2517648,PASS,4963,6002,10,20,2,16
XMSSMT-SHA2_20/2_256,PUB_R3,2824,2824,2825,17702648,2613944,PASS,4963,6002,10,20,2,16
XMSSMT-SHA2_20/2_256,PUB_R3,2825,2825,2826,15478389,2456186,PASS,4963,6002,10,20,2,16
XMSSMT-SHA2_20/2_256,PUB_R3,2826,2826,2827,17890666,2424056,PASS,4963,6002,10,20,2,16
XMSSMT-SHA2_20/2_256,PUB_R3,2827,2827,2828,15292981,2644833,PASS,4963,6002,10,20,2,16
XMSSMT-SHA2_20/2_256,PUB_R3,2828,2828,2829,17915648,2385815,PASS,4963,6002,10,20,2,16
XMSSMT-SHA2_20/2_256,PUB_R3,2829,2829,2830,15453037,2486296,PASS,4963,6002,10,20,2,16
XMSSMT-SHA2_20/2_256,PUB_R3,2830,2830,2831,17836666,2496518,PASS,4963,6002,10,20,2,16
XMSSMT-SHA2_20/2_256,PUB_R3,2831,2831,2832,15331185,2619945,PASS,4963,6002,10,20,2,16
XMSSMT-SHA2_20/2_256,PUB_R3,2832,2832,2833,17674778,2610203,PASS,4963,6002,10,20,2,16
XMSSMT-SHA2_20/2_256,PUB_R3,2833,2833,2834,15450704,2482685,PASS,4963,6002,10,20,2,16
XMSSMT-SHA2_20/2_256,PUB_R3,2834,2834,2835,17776482,2511870,PASS,4963,6002,10,20,2,16
XMSSMT-SHA2_20/2_256,PUB_R3,2835,2835,2836,15306481,2610463,PASS,4963,6002,10,20,2,16
XMSSMT-SHA2_20/2_256,PUB_R3,2836,2836,2837,17745945,2556166,PASS,4963,6002,10,20,2,16
XMSSMT-SHA2_20/2_256,PUB_R3,2837,2837,2838,15508056,2427204,PASS,4963,6002,10,20,2,16
XMSSMT-SHA2_20/2_256,PUB_R3,2838,2838,2839,17724611,2610055,PASS,4963,6002,10,20,2,16
XMSSMT-SHA2_20/2_256,PUB_R3,2839,2839,2840,15465111,2453297,PASS,4963,6002,10,20,2,16
XMSSMT-SHA2_20/2_256,PUB_R3,2840,2840,2841,17867426,2422574,PASS,4963,6002,10,20,2,16
XMSSMT-SHA2_20/2_256,PUB_R3,2841,2841,2842,15416537,2480241,PASS,4963,6002,10,20,2,16
XMSSMT-SHA2_20/2_256,PUB_R3,2842,2842,2843,17649666,2673704,PASS,4963,6002,10,20,2,16
XMSSMT-SHA2_20/2_256,PUB_R3,2843,2843,2844,15405075,2517185,PASS,4963,6002,10,20,2,16
XMSSMT-SHA2_20/2_256,PUB_R3,2844,2844,2845,17713148,2622278,PASS,4963,6002,10,20,2,16
XMSSMT-SHA2_20/2_256,PUB_R3,2845,2845,2846,15414500,2515093,PASS,4963,6002,10,20,2,16
XMSSMT-SHA2_20/2_256,PUB_R3,2846,2846,2847,17900334,2419981,PASS,4963,6002,10,20,2,16
XMSSMT-SHA2_20/2_256,PUB_R3,2847,2847,2848,15487149,2419925,PASS,4963,6002,10,20,2,16
XMSSMT-SHA2_20/2_256,PUB_R3,2848,2848,2849,17796981,2485722,PASS,4963,6002,10,20,2,16
XMSSMT-SHA2_20/2_256,PUB_R3,2849,2849,2850,15365870,2548648,PASS,4963,6002,10,20,2,16
XMSSMT-SHA2_20/2_256,PUB_R3,2850,2850,2851,17791667,2515945,PASS,4963,6002,10,20,2,16
XMSSMT-SHA2_20/2_256,PUB_R3,2851,2851,2852,15444648,2450777,PASS,4963,6002,10,20,2,16
XMSSMT-SHA2_20/2_256,PUB_R3,2852,2852,2853,17864407,2417111,PASS,4963,6002,10,20,2,16
XMSSMT-SHA2_20/2_256,PUB_R3,2853,2853,2854,15280277,2608463,PASS,4963,6002,10,20,2,16
XMSSMT-SHA2_20/2_256,PUB_R3,2854,2854,2855,17745722,2548963,PASS,4963,6002,10,20,2,16
XMSSMT-SHA2_20/2_256,PUB_R3,2855,2855,2856,15383722,2513037,PASS,4963,6002,10,20,2,16
XMSSMT-SHA2_20/2_256,PUB_R3,2856,2856,2857,17856963,2417555,PASS,4963,6002,10,20,2,16
XMSSMT-SHA2_20/2_256,PUB_R3,2857,2857,2858,15482333,2455907,PASS,4963,6002,10,20,2,16
XMSSMT-SHA2_20/2_256,PUB_R3,2858,2858,2859,17814481,2529778,PASS,4963,6002,10,20,2,16
XMSSMT-SHA2_20/2_256,PUB_R3,2859,2859,2860,10667444,2480092,PASS,4963,6002,10,20,2,16
XMSSMT-SHA2_20/2_256,PUB_R3,2860,2860,2861,5793963,2610815,PASS,4963,6002,10,20,2,16
XMSSMT-SHA2_20/2_256,PUB_R3,2861,2861,2862,5933556,2446611,PASS,4963,6002,10,20,2,16
XMSSMT-SHA2_20/2_256,PUB_R3,2862,2862,2863,5930685,2484685,PASS,4963,6002,10,20,2,16
XMSSMT-SHA2_20/2_256,PUB_R3,2863,2863,2864,15385834,2550796,PASS,4963,6002,10,20,2,16
XMSSMT-SHA2_20/2_256,PUB_R3,2864,2864,2865,17798222,2484611,PASS,4963,6002,10,20,2,16
XMSSMT-SHA2_20/2_256,PUB_R3,2865,2865,2866,15481593,2450685,PASS,4963,6002,10,20,2,16
XMSSMT-SHA2_20/2_256,PUB_R3,2866,2866,2867,8141222,2640667,PASS,4963,6002,10,20,2,16
XMSSMT-SHA2_20/2_256,PUB_R3,2867,2867,2868,10716926,2454334,PASS,4963,6002,10,20,2,16
XMSSMT-SHA2_20/2_256,PUB_R3,2868,2868,2869,5738222,2641889,PASS,4963,6002,10,20,2,16
XMSSMT-SHA2_20/2_256,PUB_R3,2869,2869,2870,5887500,2517407,PASS,4963,6002,10,20,2,16
XMSSMT-SHA2_20/2_256,PUB_R3,2870,2870,2871,5856500,2511426,PASS,4963,6002,10,20,2,16
XMSSMT-SHA2_20/2_256,PUB_R3,2871,2871,2872,15435352,2485908,PASS,4963,6002,10,20,2,16
XMSSMT-SHA2_20/2_256,PUB_R3,2872,2872,2873,10511592,2645741,PASS,4963,6002,10,20,2,16
XMSSMT-SHA2_20/2_256,PUB_R3,2873,2873,2874,5871630,2530907,PASS,4963,6002,10,20,2,16
XMSSMT-SHA2_20/2_256,PUB_R3,2874,2874,2875,5877426,2514037,PASS,4963,6002,10,20,2,16
XMSSMT-SHA2_20/2_256,PUB_R3,2875,2875,2876,10741629,2420574,PASS,4963,6002,10,20,2,16
XMSSMT-SHA2_20/2_256,PUB_R3,2876,2876,2877,5904777,2484425,PASS,4963,6002,10,20,2,16
XMSSMT-SHA2_20/2_256,PUB_R3,2877,2877,2878,6020797,2387241,PASS,4963,6002,10,20,2,16
XMSSMT-SHA2_20/2_256,PUB_R3,2878,2878,2879,5772852,2617722,PASS,4963,6002,10,20,2,16
XMSSMT-SHA2_20/2_256,PUB_R3,2879,2879,2880,15453982,2559148,PASS,4963,6002,10,20,2,16
XMSSMT-SHA2_20/2_256,PUB_R3,2880,2880,2881,17873815,2426018,PASS,4963,6002,10,20,2,16
XMSSMT-SHA2_20/2_256,PUB_R3,2881,2881,2882,15372944,2545759,PASS,4963,6002,10,20,2,16
XMSSMT-SHA2_20/2_256,PUB_R3,2882,2882,2883,17812667,2481741,PASS,4963,6002,10,20,2,16
XMSSMT-SHA2_20/2_256,PUB_R3,2883,2883,2884,15428814,2484370,PASS,4963,6002,10,20,2,16
XMSSMT-SHA2_20/2_256,PUB_R3,2884,2884,2885,17797741,2485037,PASS,4963,6002,10,20,2,16
XMSSMT-SHA2_20/2_256,PUB_R3,2885,2885,2886,15411111,2525074,PASS,4963,6002,10,20,2,16
XMSSMT-SHA2_20/2_256,PUB_R3,2886,2886,2887,17864092,2463556,PASS,4963,6002,10,20,2,16
XMSSMT-SHA2_20/2_256,PUB_R3,2887,2887,2888,15319519,2626871,PASS,4963,6002,10,20,2,16
XMSSMT-SHA2_20/2_256,PUB_R3,2888,2888,2889,17755537,2545593,PASS,4963,6002,10,20,2,16
XMSSMT-SHA2_20/2_256,PUB_R3,2889,2889,2890,15386296,2549185,PASS,4963,6002,10,20,2,16
XMSSMT-SHA2_20/2_256,PUB_R3,2890,2890,2891,17773740,2554296,PASS,4963,6002,10,20,2,16
XMSSMT-SHA2_20/2_256,PUB_R3,2891,2891,2892,15300981,2608555,PASS,4963,6002,10,20,2,16
XMSSMT-SHA2_20/2_256,PUB_R3,2892,2892,2893,17694500,2615333,PASS,4963,6002,10,20,2,16
XMSSMT-SHA2_20/2_256,PUB_R3,2893,2893,2894,15288555,2663741,PASS,4963,6002,10,20,2,16
XMSSMT-SHA2_20/2_256,PUB_R3,2894,2894,2895,17868907,2476778,PASS,4963,6002,10,20,2,16
XMSSMT-SHA2_20/2_256,PUB_R3,2895,2895,2896,15440185,2481093,PASS,4963,6002,10,20,2,16
XMSSMT-SHA2_20/2_256,PUB_R3,2896,2896,2897,17686241,2643092,PASS,4963,6002,10,20,2,16
XMSSMT-SHA2_20/2_256,PUB_R3,2897,2897,2898,15453296,2489796,PASS,4963,6002,10,20,2,16
XMSSMT-SHA2_20/2_256,PUB_R3,2898,2898,2899,8270056,2517186,PASS,4963,6002,10,20,2,16
XMSSMT-SHA2_20/2_256,PUB_R3,2899,2899,2900,10553926,2629685,PASS,4963,6002,10,20,2,16
XMSSMT-SHA2_20/2_256,PUB_R3,2900,2900,2901,5835648,2546703,PASS,4963,6002,10,20,2,16
XMSSMT-SHA2_20/2_256,PUB_R3,2901,2901,2902,5923092,2513278,PASS,4963,6002,10,20,2,16
XMSSMT-SHA2_20/2_256,PUB_R3,2902,2902,2903,5934982,2449926,PASS,4963,6002,10,20,2,16
XMSSMT-SHA2_20/2_256,PUB_R3,2903,2903,2904,15407351,2517130,PASS,4963,6002,10,20,2,16
XMSSMT-SHA2_20/2_256,PUB_R3,2904,2904,2905,10685407,2486129,PASS,4963,6002,10,20,2,16
XMSSMT-SHA2_20/2_256,PUB_R3,2905,2905,2906,5841704,2543963,PASS,4963,6002,10,20,2,16
XMSSMT-SHA2_20/2_256,PUB_R3,2906,2906,2907,5953815,2449351,PASS,4963,6002,10,20,2,16
XMSSMT-SHA2_20/2_256,PUB_R3,2907,2907,2908,10500556,2678760,PASS,4963,6002,10,20,2,16
XMSSMT-SHA2_20/2_256,PUB_R3,2908,2908,2909,5965074,2421370,PASS,4963,6002,10,20,2,16
XMSSMT-SHA2_20/2_256,PUB_R3,2909,2909,2910,5948907,2451074,PASS,4963,6002,10,20,2,16
XMSSMT-SHA2_20/2_256,PUB_R3,2910,2910,2911,5898537,2485815,PASS,4963,6002,10,20,2,16
XMSSMT-SHA2_20/2_256,PUB_R3,2911,2911,2912,15439241,2487519,PASS,4963,6002,10,20,2,16
XMSSMT-SHA2_20/2_256,PUB_R3,2912,2912,2913,17839852,2486130,PASS,4963,6002,10,20,2,16
XMSSMT-SHA2_20/2_256,PUB_R3,2913,2913,2914,15348740,2543889,PASS,4963,6002,10,20,2,16
XMSSMT-SHA2_20/2_256,PUB_R3,2914,2914,2915,17807592,2485426,PASS,4963,6002,10,20,2,16
XMSSMT-SHA2_20/2_256,PUB_R3,2915,2915,2916,15513908,2385481,PASS,4963,6002,10,20,2,16
XMSSMT-SHA2_20/2_256,PUB_R3,2916,2916,2917,17613204,2672963,PASS,4963,6002,10,20,2,16
XMSSMT-SHA2_20/2_256,PUB_R3,2917,2917,2918,15517352,2387518,PASS,4963,6002,10,20,2,16
XMSSMT-SHA2_20/2_256,PUB_R3,2918,2918,2919,8127111,2644815,PASS,4963,6002,10,20,2,16
XMSSMT-SHA2_20/2_256,PUB_R3,2919,2919,2920,15486408,2418871,PASS,4963,6002,10,20,2,16
XMSSMT-SHA2_20/2_256,PUB_R3,2920,2920,2921,10726815,2416723,PASS,4963,6002,10,20,2,16
XMSSMT-SHA2_20/2_256,PUB_R3,2921,2921,2922,5865407,2514204,PASS,4963,6002,10,20,2,16
XMSSMT-SHA2_20/2_256,PUB_R3,2922,2922,2923,5831907,2548814,PASS,4963,6002,10,20,2,16
XMSSMT-SHA2_20/2_256,PUB_R3,2923,2923,2924,10656796,2482519,PASS,4963,6002,10,20,2,16
XMSSMT-SHA2_20/2_256,PUB_R3,2924,2924,2925,5958629,2418574,PASS,4963,6002,10,20,2,16
XMSSMT-SHA2_20/2_256,PUB_R3,2925,2925,2926,5931463,2450074,PASS,4963,6002,10,20,2,16
XMSSMT-SHA2_20/2_256,PUB_R3,2926,2926,2927,5902519,2482426,PASS,4963,6002,10,20,2,16
XMSSMT-SHA2_20/2_256,PUB_R3,2927,2927,2928,15521370,2389370,PASS,4963,6002,10,20,2,16
XMSSMT-SHA2_20/2_256,PUB_R3,2928,2928,2929,17750130,2554352,PASS,4963,6002,10,20,2,16
XMSSMT-SHA2_20/2_256,PUB_R3,2929,2929,2930,15474870,2452389,PASS,4963,6002,10,20,2,16
XMSSMT-SHA2_20/2_256,PUB_R3,2930,2930,2931,8334166,2452574,PASS,4963,6002,10,20,2,16
XMSSMT-SHA2_20/2_256,PUB_R3,2931,2931,2932,10715093,2452166,PASS,4963,6002,10,20,2,16
XMSSMT-SHA2_20/2_256,PUB_R3,2932,2932,2933,5904611,2482982,PASS,4963,6002,10,20,2,16
XMSSMT-SHA2_20/2_256,PUB_R3,2933,2933,2934,5799703,2610778,PASS,4963,6002,10,20,2,16
XMSSMT-SHA2_20/2_256,PUB_R3,2934,2934,2935,6000278,2392315,PASS,4963,6002,10,20,2,16
XMSSMT-SHA2_20/2_256,PUB_R3,2935,2935,2936,15502241,2427981,PASS,4963,6002,10,20,2,16
XMSSMT-SHA2_20/2_256,PUB_R3,2936,2936,2937,10718833,2452241,PASS,4963,6002,10,20,2,16
XMSSMT-SHA2_20/2_256,PUB_R3,2937,2937,2938,5857908,2545555,PASS,4963,6002,10,20,2,16
XMSSMT-SHA2_20/2_256,PUB_R3,2938,2938,2939,6027889,2357556,PASS,4963,6002,10,20,2,16
XMSSMT-SHA2_20/2_256,PUB_R3,2939,2939,2940,10518555,2644556,PASS,4963,6002,10,20,2,16
XMSSMT-SHA2_20/2_256,PUB_R3,2940,2940,2941,5905388,2501463,PASS,4963,6002,10,20,2,16
XMSSMT-SHA2_20/2_256,PUB_R3,2941,2941,2942,5939555,2455056,PASS,4963,6002,10,20,2,16
XMSSMT-SHA2_20/2_256,PUB_R3,2942,2942,2943,5783685,2617686,PASS,4963,6002,10,20,2,16
XMSSMT-SHA2_20/2_256,PUB_R3,2943,2943,2944,15473315,2452926,PASS,4963,6002,10,20,2,16
XMSSMT-SHA2_20/2_256,PUB_R3,2944,2944,2945,17883685,2427408,PASS,4963,6002,10,20,2,16
XMSSMT-SHA2_20/2_256,PUB_R3,2945,2945,2946,15296352,2641056,PASS,4963,6002,10,20,2,16
XMSSMT-SHA2_20/2_256,PUB_R3,2946,2946,2947,17745407,2547148,PASS,4963,6002,10,20,2,16
XMSSMT-SHA2_20/2_256,PUB_R3,2947,2947,2948,15401333,2514611,PASS,4963,6002,10,20,2,16
XMSSMT-SHA2_20/2_256,PUB_R3,2948,2948,2949,17738092,2561278,PASS,4963,6002,10,20,2,16
XMSSMT-SHA2_20/2_256,PUB_R3,2949,2949,2950,15420722,2550185,PASS,4963,6002,10,20,2,16
XMSSMT-SHA2_20/2_256,PUB_R3,2950,2950,2951,17568130,2735963,PASS,4963,6002,10,20,2,16
XMSSMT-SHA2_20/2_256,PUB_R3,2951,2951,2952,15260185,2676241,PASS,4963,6002,10,20,2,16
XMSSMT-SHA2_20/2_256,PUB_R3,2952,2952,2953,17812314,2486481,PASS,4963,6002,10,20,2,16
XMSSMT-SHA2_20/2_256,PUB_R3,2953,2953,2954,15489926,2417259,PASS,4963,6002,10,20,2,16
XMSSMT-SHA2_20/2_256,PUB_R3,2954,2954,2955,17698778,2617185,PASS,4963,6002,10,20,2,16
XMSSMT-SHA2_20/2_256,PUB_R3,2955,2955,2956,15455093,2455982,PASS,4963,6002,10,20,2,16
XMSSMT-SHA2_20/2_256,PUB_R3,2956,2956,2957,17583519,2719204,PASS,4963,6002,10,20,2,16
XMSSMT-SHA2_20/2_256,PUB_R3,2957,2957,2958,15371759,2548777,PASS,4963,6002,10,20,2,16
XMSSMT-SHA2_20/2_256,PUB_R3,2958,2958,2959,17764185,2546777,PASS,4963,6002,10,20,2,16
XMSSMT-SHA2_20/2_256,PUB_R3,2959,2959,2960,15430852,2480870,PASS,4963,6002,10,20,2,16
XMSSMT-SHA2_20/2_256,PUB_R3,2960,2960,2961,17667352,2643111,PASS,4963,6002,10,20,2,16
XMSSMT-SHA2_20/2_256,PUB_R3,2961,2961,2962,15463796,2451018,PASS,4963,6002,10,20,2,16
XMSSMT-SHA2_20/2_256,PUB_R3,2962,2962,2963,8397722,2387926,PASS,4963,6002,10,20,2,16
XMSSMT-SHA2_20/2_256,PUB_R3,2963,2963,2964,10685704,2485777,PASS,4963,6002,10,20,2,16
XMSSMT-SHA2_20/2_256,PUB_R3,2964,2964,2965,5929519,2451778,PASS,4963,6002,10,20,2,16
XMSSMT-SHA2_20/2_256,PUB_R3,2965,2965,2966,5947963,2450222,PASS,4963,6002,10,20,2,16
XMSSMT-SHA2_20/2_256,PUB_R3,2966,2966,2967,5928833,2483241,PASS,4963,6002,10,20,2,16
XMSSMT-SHA2_20/2_256,PUB_R3,2967,2967,2968,15450871,2487111,PASS,4963,6002,10,20,2,16
XMSSMT-SHA2_20/2_256,PUB_R3,2968,2968,2969,10533018,2608982,PASS,4963,6002,10,20,2,16
XMSSMT-SHA2_20/2_256,PUB_R3,2969,2969,2970,5908593,2501704,PASS,4963,6002,10,20,2,16
XMSSMT-SHA2_20/2_256,PUB_R3,2970,2970,2971,5896333,2482093,PASS,4963,6002,10,20,2,16
XMSSMT-SHA2_20/2_256,PUB_R3,2971,2971,2972,10600666,2543630,PASS,4963,6002,10,20,2,16
XMSSMT-SHA2_20/2_256,PUB_R3,2972,2972,2973,5741759,2648204,PASS,4963,6002,10,20,2,16
XMSSMT-SHA2_20/2_256,PUB_R3,2973,2973,2974,5892759,2509963,PASS,4963,6002,10,20,2,16
XMSSMT-SHA2_20/2_256,PUB_R3,2974,2974,2975,5766741,2629315,PASS,4963,6002,10,20,2,16
XMSSMT-SHA2_20/2_256,PUB_R3,2975,2975,2976,15418871,2522760,PASS,4963,6002,10,20,2,16
XMSSMT-SHA2_20/2_256,PUB_R3,2976,2976,2977,17893019,2418537,PASS,4963,6002,10,20,2,16
XMSSMT-SHA2_20/2_256,PUB_R3,2977,2977,2978,15493278,2452315,PASS,4963,6002,10,20,2,16
XMSSMT-SHA2_20/2_256,PUB_R3,2978,2978,2979,17623611,2677648,PASS,4963,6002,10,20,2,16
XMSSMT-SHA2_20/2_256,PUB_R3,2979,2979,2980,15514074,2418981,PASS,4963,6002,10,20,2,16
XMSSMT-SHA2_20/2_256,PUB_R3,2980,2980,2981,17815240,2520796,PASS,4963,6002,10,20,2,16
XMSSMT-SHA2_20/2_256,PUB_R3,2981,2981,2982,15414259,2518314,PASS,4963,6002,10,20,2,16
XMSSMT-SHA2_20/2_256,PUB_R3,2982,2982,2983,8286222,2481445,PASS,4963,6002,10,20,2,16
XMSSMT-SHA2_20/2_256,PUB_R3,2983,2983,2984,15393111,2515444,PASS,4963,6002,10,20,2,16
XMSSMT-SHA2_20/2_256,PUB_R3,2984,2984,2985,10664278,2483166,PASS,4963,6002,10,20,2,16
XMSSMT-SHA2_20/2_256,PUB_R3,2985,2985,2986,6005629,2382093,PASS,4963,6002,10,20,2,16
XMSSMT-SHA2_20/2_256,PUB_R3,2986,2986,2987,5768352,2608389,PASS,4963,6002,10,20,2,16
XMSSMT-SHA2_20/2_256,PUB_R3,2987,2987,2988,10716630,2449537,PASS,4963,6002,10,20,2,16
XMSSMT-SHA2_20/2_256,PUB_R3,2988,2988,2989,5673351,2707500,PASS,4963,6002,10,20,2,16
XMSSMT-SHA2_20/2_256,PUB_R3,2989,2989,2990,5866944,2513333,PASS,4963,6002,10,20,2,16
XMSSMT-SHA2_20/2_256,PUB_R3,2990,2990,2991,5957629,2418592,PASS,4963,6002,10,20,2,16
XMSSMT-SHA2_20/2_256,PUB_R3,2991,2991,2992,15386870,2511407,PASS,4963,6002,10,20,2,16
XMSSMT-SHA2_20/2_256,PUB_R3,2992,2992,2993,17725148,2547389,PASS,4963,6002,10,20,2,16
XMSSMT-SHA2_20/2_256,PUB_R3,2993,2993,2994,15404204,2482019,PASS,4963,6002,10,20,2,16
XMSSMT-SHA2_20/2_256,PUB_R3,2994,2994,2995,8153685,2611463,PASS,4963,6002,10,20,2,16
XMSSMT-SHA2_20/2_256,PUB_R3,2995,2995,2996,10785426,2354352,PASS,4963,6002,10,20,2,16
XMSSMT-SHA2_20/2_256,PUB_R3,2996,2996,2997,5863074,2521481,PASS,4963,6002,10,20,2,16
XMSSMT-SHA2_20/2_256,PUB_R3,2997,2997,2998,5914352,2480166,PASS,4963,6002,10,20,2,16
XMSSMT-SHA2_20/2_256,PUB_R3,2998,2998,2999,5740074,2642315,PASS,4963,6002,10,20,2,16
XMSSMT-SHA2_20/2_256,PUB_R3,2999,2999,3000,15452000,2497722,PASS,4963,6002,10,20,2,16
XMSSMT-SHA2_20/2_256,PUB_R3,3000,3000,3001,10724630,2421519,PASS,4963,6002,10,20,2,16
XMSSMT-SHA2_20/2_256,PUB_R3,3001,3001,3002,5915222,2477852,PASS,4963,6002,10,20,2,16
XMSSMT-SHA2_20/2_256,PUB_R3,3002,3002,3003,5992889,2386463,PASS,4963,6002,10,20,2,16
XMSSMT-SHA2_20/2_256,PUB_R3,3003,3003,3004,10618907,2549482,PASS,4963,6002,10,20,2,16
XMSSMT-SHA2_20/2_256,PUB_R3,3004,3004,3005,5892056,2499851,PASS,4963,6002,10,20,2,16
XMSSMT-SHA2_20/2_256,PUB_R3,3005,3005,3006,5974592,2417889,PASS,4963,6002,10,20,2,16
XMSSMT-SHA2_20/2_256,PUB_R3,3006,3006,3007,5928963,2463204,PASS,4963,6002,10,20,2,16
XMSSMT-SHA2_20/2_256,PUB_R3,3007,3007,3008,15426833,2513426,PASS,4963,6002,10,20,2,16
XMSSMT-SHA2_20/2_256,PUB_R3,3008,3008,3009,17780722,2513555,PASS,4963,6002,10,20,2,16
XMSSMT-SHA2_20/2_256,PUB_R3,3009,3009,3010,15291129,2644129,PASS,4963,6002,10,20,2,16
XMSSMT-SHA2_20/2_256,PUB_R3,3010,3010,3011,17944852,2359722,PASS,4963,6002,10,20,2,16
XMSSMT-SHA2_20/2_256,PUB_R3,3011,3011,3012,15373611,2547371,PASS,4963,6002,10,20,2,16
XMSSMT-SHA2_20/2_256,PUB_R3,3012,3012,3013,17772667,2534482,PASS,4963,6002,10,20,2,16
XMSSMT-SHA2_20/2_256,PUB_R3,3013,3013,3014,15429592,2493963,PASS,4963,6002,10,20,2,16
XMSSMT-SHA2_20/2_256,PUB_R3,3014,3014,3015,8261019,2516537,PASS,4963,6002,10,20,2,16
XMSSMT-SHA2_20/2_256,PUB_R3,3015,3015,3016,15543333,2387462,PASS,4963,6002,10,20,2,16
XMSSMT-SHA2_20/2_256,PUB_R3,3016,3016,3017,10578574,2612963,PASS,4963,6002,10,20,2,16
XMSSMT-SHA2_20/2_256,PUB_R3,3017,3017,3018,5882500,2517426,PASS,4963,6002,10,20,2,16
XMSSMT-SHA2_20/2_256,PUB_R3,3018,3018,3019,5930278,2453889,PASS,4963,6002,10,20,2,16
XMSSMT-SHA2_20/2_256,PUB_R3,3019,3019,3020,10435112,2705574,PASS,4963,6002,10,20,2,16
XMSSMT-SHA2_20/2_256,PUB_R3,3020,3020,3021,5907741,2485944,PASS,4963,6002,10,20,2,16
XMSSMT-SHA2_20/2_256,PUB_R3,3021,3021,3022,6010166,2383871,PASS,4963,6002,10,20,2,16
XMSSMT-SHA2_20/2_256,PUB_R3,3022,3022,3023,5810352,2609685,PASS,4963,6002,10,20,2,16
XMSSMT-SHA2_20/2_256,PUB_R3,3023,3023,3024,15401093,2561759,PASS,4963,6002,10,20,2,16
XMSSMT-SHA2_20/2_256,PUB_R3,3024,3024,3025,17676166,2609704,PASS,4963,6002,10,20,2,16
XMSSMT-SHA2_20/2_256,PUB_R3,3025,3025,3026,15412593,2515407,PASS,4963,6002,10,20,2,16
XMSSMT-SHA2_20/2_256,PUB_R3,3026,3026,3027,8117926,2647797,PASS,4963,6002,10,20,2,16
XMSSMT-SHA2_20/2_256,PUB_R3,3027,3027,3028,10605667,2544018,PASS,4963,6002,10,20,2,16
XMSSMT-SHA2_20/2_256,PUB_R3,3028,3028,3029,5876426,2512963,PASS,4963,6002,10,20,2,16
XMSSMT-SHA2_20/2_256,PUB_R3,3029,3029,3030,5743314,2640241,PASS,4963,6002,10,20,2,16
XMSSMT-SHA2_20/2_256,PUB_R3,3030,3030,3031,5846185,2546370,PASS,4963,6002,10,20,2,16
XMSSMT-SHA2_20/2_256,PUB_R3,3031,3031,3032,15550648,2389778,PASS,4963,6002,10,20,2,16
XMSSMT-SHA2_20/2_256,PUB_R3,3032,3032,3033,10739222,2415426,PASS,4963,6002,10,20,2,16
XMSSMT-SHA2_20/2_256,PUB_R3,3033,3033,3034,5933074,2452537,PASS,4963,6002,10,20,2,16
XMSSMT-SHA2_20/2_256,PUB_R3,3034,3034,3035,5965611,2418093,PASS,4963,6002,10,20,2,16
XMSSMT-SHA2_20/2_256,PUB_R3,3035,3035,3036,10702592,2459500,PASS,4963,6002,10,20,2,16
XMSSMT-SHA2_20/2_256,PUB_R3,3036,3036,3037,5932148,2449944,PASS,4963,6002,10,20,2,16
XMSSMT-SHA2_20/2_256,PUB_R3,3037,3037,3038,5971148,2420667,PASS,4963,6002,10,20,2,16
XMSSMT-SHA2_20/2_256,PUB_R3,3038,3038,3039,5904074,2477926,PASS,4963,6002,10,20,2,16
XMSSMT-SHA2_20/2_256,PUB_R3,3039,3039,3040,15322907,2618370,PASS,4963,6002,10,20,2,16
XMSSMT-SHA2_20/2_256,PUB_R3,3040,3040,3041,17828203,2451815,PASS,4963,6002,10,20,2,16
XMSSMT-SHA2_20/2_256,PUB_R3,3041,3041,3042,15446130,2487223,PASS,4963,6002,10,20,2,16
XMSSMT-SHA2_20/2_256,PUB_R3,3042,3042,3043,8301926,2486981,PASS,4963,6002,10,20,2,16
XMSSMT-SHA2_20/2_256,PUB_R3,3043,3043,3044,10518389,2642463,PASS,4963,6002,10,20,2,16
XMSSMT-SHA2_20/2_256,PUB_R3,3044,3044,3045,5777741,2611055,PASS,4963,6002,10,20,2,16
XMSSMT-SHA2_20/2_256,PUB_R3,3045,3045,3046,6019019,2418777,PASS,4963,6002,10,20,2,16
XMSSMT-SHA2_20/2_256,PUB_R3,3046,3046,3047,5990037,2386204,PASS,4963,6002,10,20,2,16
XMSSMT-SHA2_20/2_256,PUB_R3,3047,3047,3048,15322944,2619851,PASS,4963,6002,10,20,2,16
XMSSMT-SHA2_20/2_256,PUB_R3,3048,3048,3049,10773555,2384740,PASS,4963,6002,10,20,2,16
XMSSMT-SHA2_20/2_256,PUB_R3,3049,3049,3050,5797074,2608037,PASS,4963,6002,10,20,2,16
XMSSMT-SHA2_20/2_256,PUB_R3,3050,3050,3051,5776685,2611204,PASS,4963,6002,10,20,2,16
XMSSMT-SHA2_20/2_256,PUB_R3,3051,3051,3052,10549055,2614037,PASS,4963,6002,10,20,2,16
XMSSMT-SHA2_20/2_256,PUB_R3,3052,3052,3053,5835352,2555259,PASS,4963,6002,10,20,2,16
XMSSMT-SHA2_20/2_256,PUB_R3,3053,3053,3054,5845352,2545889,PASS,4963,6002,10,20,2,16
XMSSMT-SHA2_20/2_256,PUB_R3,3054,3054,3055,5851555,2547815,PASS,4963,6002,10,20,2,16
XMSSMT-SHA2_20/2_256,PUB_R3,3055,3055,3056,15490740,2462981,PASS,4963,6002,10,20,2,16
XMSSMT-SHA2_20/2_256,PUB_R3,3056,3056,3057,10660833,2487537,PASS,4963,6002,10,20,2,16
XMSSMT-SHA2_20/2_256,PUB_R3,3057,3057,3058,6047000,2357667,PASS,4963,6002,10,20,2,16
XMSSMT-SHA2_20/2_256,PUB_R3,3058,3058,3059,5938963,2455870,PASS,4963,6002,10,20,2,16
XMSSMT-SHA2_20/2_256,PUB_R3,3059,3059,3060,10740797,2414685,PASS,4963,6002,10,20,2,16
XMSSMT-SHA2_20/2_256,PUB_R3,3060,3060,3061,5739574,2654408,PASS,4963,6002,10,20,2,16
XMSSMT-SHA2_20/2_256,PUB_R3,3061,3061,3062,5909519,2482074,PASS,4963,6002,10,20,2,16
XMSSMT-SHA2_20/2_256,PUB_R3,3062,3062,3063,5745222,2643907,PASS,4963,6002,10,20,2,16
XMSSMT-SHA2_20/2_256,PUB_R3,3063,3063,3064,10659667,2481296,PASS,4963,6002,10,20,2,16
XMSSMT-SHA2_20/2_256,PUB_R3,3064,3064,3065,5923278,2453593,PASS,4963,6002,10,20,2,16
XMSSMT-SHA2_20/2_256,PUB_R3,3065,3065,3066,5769482,2605018,PASS,4963,6002,10,20,2,16
XMSSMT-SHA2_20/2_256,PUB_R3,3066,3066,3067,6020204,2352370,PASS,4963,6002,10,20,2,16
XMSSMT-SHA2_20/2_256,PUB_R3,3067,3067,3068,5835759,2540074,PASS,4963,6002,10,20,2,16
XMSSMT-SHA2_20/2_256,PUB_R3,3068,3068,3069,5932315,2448055,PASS,4963,6002,10,20,2,16
XMSSMT-SHA2_20/2_256,PUB_R3,3069,3069,3070,3551926,2450759,PASS,4963,6002,10,20,2,16
XMSSMT-SHA2_20/2_256,PUB_R3,3070,3070,3071,5860518,2513833,PASS,4963,6002,10,20,2,16
XMSSMT-SHA2_20/2_256,PUB_R3,3071,3071,3072,7092426,2417277,PASS,4963,6002,10,20,2,16
XMSSMT-SHA2_20/2_256,PUB_R3,3072,3072,3073,5865203,2609371,PASS,4963,6002,10,20,2,16
XMSSMT-SHA2_20/2_256,PUB_R3,3073,3073,3074,5860055,2611482,PASS,4963,6002,10,20,2,16
XMSSMT-SHA2_20/2_256,PUB_R3,3074,3074,3075,5928426,2547796,PASS,4963,6002,10,20,2,16
XMSSMT-SHA2_20/2_256,PUB_R3,3075,3075,3076,10527667,2703037,PASS,4963,6002,10,20,2,16
XMSSMT-SHA2_20/2_256,PUB_R3,3076,3076,3077,5897463,2575000,PASS,4963,6002,10,20,2,16
XMSSMT-SHA2_20/2_256,PUB_R3,3077,3077,3078,5769111,2703815,PASS,4963,6002,10,20,2,16
XMSSMT-SHA2_20/2_256,PUB_R3,3078,3078,3079,5860260,2606444,PASS,4963,6002,10,20,2,16
XMSSMT-SHA2_20/2_256,PUB_R3,3079,3079,3080,15549185,2452556,PASS,4963,6002,10,20,2,16
XMSSMT-SHA2_20/2_256,PUB_R3,3080,3080,3081,10655685,2579222,PASS,4963,6002,10,20,2,16
XMSSMT-SHA2_20/2_256,PUB_R3,3081,3081,3082,5836334,2642203,PASS,4963,6002,10,20,2,16
XMSSMT-SHA2_20/2_256,PUB_R3,3082,3082,3083,5768425,2705388,PASS,4963,6002,10,20,2,16
XMSSMT-SHA2_20/2_256,PUB_R3,3083,3083,3084,10752537,2488333,PASS,4963,6002,10,20,2,16
XMSSMT-SHA2_20/2_256,PUB_R3,3084,3084,3085,5893963,2579352,PASS,4963,6002,10,20,2,16
XMSSMT-SHA2_20/2_256,PUB_R3,3085,3085,3086,5944186,2550092,PASS,4963,6002,10,20,2,16
XMSSMT-SHA2_20/2_256,PUB_R3,3086,3086,3087,5960000,2516278,PASS,4963,6002,10,20,2,16
XMSSMT-SHA2_20/2_256,PUB_R3,3087,3087,3088,15369870,2652186,PASS,4963,6002,10,20,2,16
XMSSMT-SHA2_20/2_256,PUB_R3,3088,3088,3089,17844314,2559852,PASS,4963,6002,10,20,2,16
XMSSMT-SHA2_20/2_256,PUB_R3,3089,3089,3090,15361296,2638815,PASS,4963,6002,10,20,2,16
XMSSMT-SHA2_20/2_256,PUB_R3,3090,3090,3091,8224611,2656352,PASS,4963,6002,10,20,2,16
XMSSMT-SHA2_20/2_256,PUB_R3,3091,3091,3092,10677408,2575944,PASS,4963,6002,10,20,2,16
XMSSMT-SHA2_20/2_256,PUB_R3,3092,3092,3093,5883686,2614963,PASS,4963,6002,10,20,2,16
XMSSMT-SHA2_20/2_256,PUB_R3,3093,3093,3094,6043500,2456500,PASS,4963,6002,10,20,2,16
XMSSMT-SHA2_20/2_256,PUB_R3,3094,3094,3095,5779889,2704667,PASS,4963,6002,10,20,2,16
XMSSMT-SHA2_20/2_256,PUB_R3,3095,3095,3096,15585703,2452333,PASS,4963,6002,10,20,2,16
XMSSMT-SHA2_20/2_256,PUB_R3,3096,3096,3097,10716667,2550760,PASS,4963,6002,10,20,2,16
XMSSMT-SHA2_20/2_256,PUB_R3,3097,3097,3098,5908871,2581259,PASS,4963,6002,10,20,2,16
XMSSMT-SHA2_20/2_256,PUB_R3,3098,3098,3099,5940148,2546778,PASS,4963,6002,10,20,2,16
XMSSMT-SHA2_20/2_256,PUB_R3,3099,3099,3100,10646185,2619278,PASS,4963,6002,10,20,2,16
XMSSMT-SHA2_20/2_256,PUB_R3,3100,3100,3101,5934148,2544185,PASS,4963,6002,10,20,2,16
XMSSMT-SHA2_20/2_256,PUB_R3,3101,3101,3102,5902741,2584352,PASS,4963,6002,10,20,2,16
XMSSMT-SHA2_20/2_256,PUB_R3,3102,3102,3103,5954148,2543426,PASS,4963,6002,10,20,2,16
XMSSMT-SHA2_20/2_256,PUB_R3,3103,3103,3104,15426148,2614592,PASS,4963,6002,10,20,2,16
XMSSMT-SHA2_20/2_256,PUB_R3,3104,3104,3105,17826370,2551852,PASS,4963,6002,10,20,2,16
XMSSMT-SHA2_20/2_256,PUB_R3,3105,3105,3106,15317389,2723833,PASS,4963,6002,10,20,2,16
XMSSMT-SHA2_20/2_256,PUB_R3,3106,3106,3107,17779351,2624926,PASS,4963,6002,10,20,2,16
XMSSMT-SHA2_20/2_256,PUB_R3,3107,3107,3108,15380426,2642148,PASS,4963,6002,10,20,2,16
XMSSMT-SHA2_20/2_256,PUB_R3,3108,3108,3109,17793315,2574871,PASS,4963,6002,10,20,2,16
XMSSMT-SHA2_20/2_256,PUB_R3,3109,3109,3110,15515370,2547278,PASS,4963,6002,10,20,2,16
XMSSMT-SHA2_20/2_256,PUB_R3,3110,3110,3111,8307371,2583186,PASS,4963,6002,10,20,2,16
XMSSMT-SHA2_20/2_256,PUB_R3,3111,3111,3112,15512815,2518056,PASS,4963,6002,10,20,2,16
XMSSMT-SHA2_20/2_256,PUB_R3,3112,3112,3113,10677129,2579908,PASS,4963,6002,10,20,2,16
XMSSMT-SHA2_20/2_256,PUB_R3,3113,3113,3114,6037463,2453407,PASS,4963,6002,10,20,2,16
XMSSMT-SHA2_20/2_256,PUB_R3,3114,3114,3115,5678555,2809129,PASS,4963,6002,10,20,2,16
XMSSMT-SHA2_20/2_256,PUB_R3,3115,3115,3116,10635314,2616482,PASS,4963,6002,10,20,2,16
XMSSMT-SHA2_20/2_256,PUB_R3,3116,3116,3117,5847741,2643389,PASS,4963,6002,10,20,2,16
XMSSMT-SHA2_20/2_256,PUB_R3,3117,3117,3118,5845778,2647740,PASS,4963,6002,10,20,2,16
XMSSMT-SHA2_20/2_256,PUB_R3,3118,3118,3119,5889537,2608204,PASS,4963,6002,10,20,2,16
XMSSMT-SHA2_20/2_256,PUB_R3,3119,3119,3120,15384926,2642019,PASS,4963,6002,10,20,2,16
XMSSMT-SHA2_20/2_256,PUB_R3,3120,3120,3121,17812222,2581278,PASS,4963,6002,10,20,2,16
XMSSMT-SHA2_20/2_256,PUB_R3,3121,3121,3122,15442130,2581019,PASS,4963,6002,10,20,2,16
XMSSMT-SHA2_20/2_256,PUB_R3,3122,3122,3123,8335463,2545852,PASS,4963,6002,10,20,2,16
XMSSMT-SHA2_20/2_256,PUB_R3,3123,3123,3124,10682166,2582185,PASS,4963,6002,10,20,2,16
XMSSMT-SHA2_20/2_256,PUB_R3,3124,3124,3125,5863463,2611111,PASS,4963,6002,10,20,2,16
XMSSMT-SHA2_20/2_256,PUB_R3,3125,3125,3126,5861426,2641963,PASS,4963,6002,10,20,2,16
XMSSMT-SHA2_20/2_256,PUB_R3,3126,3126,3127,5892852,2575852,PASS,4963,6002,10,20,2,16
XMSSMT-SHA2_20/2_256,PUB_R3,3127,3127,3128,15439056,2579777,PASS,4963,6002,10,20,2,16
XMSSMT-SHA2_20/2_256,PUB_R3,3128,3128,3129,10766611,2486296,PASS,4963,6002,10,20,2,16
XMSSMT-SHA2_20/2_256,PUB_R3,3129,3129,3130,5886889,2612629,PASS,4963,6002,10,20,2,16
XMSSMT-SHA2_20/2_256,PUB_R3,3130,3130,3131,5828518,2665982,PASS,4963,6002,10,20,2,16
XMSSMT-SHA2_20/2_256,PUB_R3,3131,3131,3132,10687093,2579445,PASS,4963,6002,10,20,2,16
XMSSMT-SHA2_20/2_256,PUB_R3,3132,3132,3133,5969889,2519037,PASS,4963,6002,10,20,2,16
XMSSMT-SHA2_20/2_256,PUB_R3,3133,3133,3134,5760500,2761260,PASS,4963,6002,10,20,2,16
XMSSMT-SHA2_20/2_256,PUB_R3,3134,3134,3135,5960908,2531797,PASS,4963,6002,10,20,2,16
XMSSMT-SHA2_20/2_256,PUB_R3,3135,3135,3136,15403389,2644278,PASS,4963,6002,10,20,2,16
XMSSMT-SHA2_20/2_256,PUB_R3,3136,3136,3137,17643760,2774426,PASS,4963,6002,10,20,2,16
XMSSMT-SHA2_20/2_256,PUB_R3,3137,3137,3138,15408333,2611722,PASS,4963,6002,10,20,2,16
XMSSMT-SHA2_20/2_256,PUB_R3,3138,3138,3139,17704907,2710630,PASS,4963,6002,10,20,2,16
XMSSMT-SHA2_20/2_256,PUB_R3,3139,3139,3140,15387648,2639407,PASS,4963,6002,10,20,2,16
XMSSMT-SHA2_20/2_256,PUB_R3,3140,3140,3141,17845629,2598777,PASS,4963,6002,10,20,2,16
XMSSMT-SHA2_20/2_256,PUB_R3,3141,3141,3142,15537241,2504074,PASS,4963,6002,10,20,2,16
XMSSMT-SHA2_20/2_256,PUB_R3,3142,3142,3143,17769129,2644111,PASS,4963,6002,10,20,2,16
XMSSMT-SHA2_20/2_256,PUB_R3,3143,3143,3144,15392945,2614185,PASS,4963,6002,10,20,2,16
XMSSMT-SHA2_20/2_256,PUB_R3,3144,3144,3145,17664333,2710370,PASS,4963,6002,10,20,2,16
XMSSMT-SHA2_20/2_256,PUB_R3,3145,3145,3146,15283574,2700926,PASS,4963,6002,10,20,2,16
XMSSMT-SHA2_20/2_256,PUB_R3,3146,3146,3147,17797703,2575760,PASS,4963,6002,10,20,2,16
XMSSMT-SHA2_20/2_256,PUB_R3,3147,3147,3148,15352851,2666722,PASS,4963,6002,10,20,2,16
XMSSMT-SHA2_20/2_256,PUB_R3,3148,3148,3149,17764852,2622759,PASS,4963,6002,10,20,2,16
XMSSMT-SHA2_20/2_256,PUB_R3,3149,3149,3150,15555574,2447815,PASS,4963,6002,10,20,2,16
XMSSMT-SHA2_20/2_256,PUB_R3,3150,3150,3151,17684111,2707888,PASS,4963,6002,10,20,2,16
XMSSMT-SHA2_20/2_256,PUB_R3,3151,3151,3152,15375796,2612204,PASS,4963,6002,10,20,2,16
XMSSMT-SHA2_20/2_256,PUB_R3,3152,3152,3153,17721463,2642592,PASS,4963,6002,10,20,2,16
XMSSMT-SHA2_20/2_256,PUB_R3,3153,3153,3154,15389259,2609130,PASS,4963,6002,10,20,2,16
XMSSMT-SHA2_20/2_256,PUB_R3,3154,3154,3155,8352852,2513703,PASS,4963,6002,10,20,2,16
XMSSMT-SHA2_20/2_256,PUB_R3,3155,3155,3156,10594093,2638778,PASS,4963,6002,10,20,2,16
XMSSMT-SHA2_20/2_256,PUB_R3,3156,3156,3157,5710370,2771778,PASS,4963,6002,10,20,2,16
XMSSMT-SHA2_20/2_256,PUB_R3,3157,3157,3158,5924722,2546278,PASS,4963,6002,10,20,2,16
XMSSMT-SHA2_20/2_256,PUB_R3,3158,3158,3159,5763314,2704889,PASS,4963,6002,10,20,2,16
XMSSMT-SHA2_20/2_256,PUB_R3,3159,3159,3160,15178722,2800148,PASS,4963,6002,10,20,2,16
XMSSMT-SHA2_20/2_256,PUB_R3,3160,3160,3161,10592759,2645111,PASS,4963,6002,10,20,2,16
XMSSMT-SHA2_20/2_256,PUB_R3,3161,3161,3162,5769611,2706092,PASS,4963,6002,10,20,2,16
XMSSMT-SHA2_20/2_256,PUB_R3,3162,3162,3163,5872629,2644629,PASS,4963,6002,10,20,2,16
XMSSMT-SHA2_20/2_256,PUB_R3,3163,3163,3164,10825889,2519074,PASS,4963,6002,10,20,2,16
XMSSMT-SHA2_20/2_256,PUB_R3,3164,3164,3165,5733000,2783648,PASS,4963,6002,10,20,2,16
XMSSMT-SHA2_20/2_256,PUB_R3,3165,3165,3166,5932167,2544889,PASS,4963,6002,10,20,2,16
XMSSMT-SHA2_20/2_256,PUB_R3,3166,3166,3167,5908629,2592296,PASS,4963,6002,10,20,2,16
XMSSMT-SHA2_20/2_256,PUB_R3,3167,3167,3168,15425999,2609019,PASS,4963,6002,10,20,2,16
XMSSMT-SHA2_20/2_256,PUB_R3,3168,3168,3169,17681518,2703611,PASS,4963,6002,10,20,2,16
XMSSMT-SHA2_20/2_256,PUB_R3,3169,3169,3170,15411963,2611204,PASS,4963,6002,10,20,2,16
XMSSMT-SHA2_20/2_256,PUB_R3,3170,3170,3171,17908500,2516075,PASS,4963,6002,10,20,2,16
XMSSMT-SHA2_20/2_256,PUB_R3,3171,3171,3172,15384018,2643315,PASS,4963,6002,10,20,2,16
XMSSMT-SHA2_20/2_256,PUB_R3,3172,3172,3173,17774741,2665204,PASS,4963,6002,10,20,2,16
XMSSMT-SHA2_20/2_256,PUB_R3,3173,3173,3174,15455500,2579518,PASS,4963,6002,10,20,2,16
XMSSMT-SHA2_20/2_256,PUB_R3,3174,3174,3175,8323722,2547981,PASS,4963,6002,10,20,2,16
XMSSMT-SHA2_20/2_256,PUB_R3,3175,3175,3176,15393722,2648203,PASS,4963,6002,10,20,2,16
XMSSMT-SHA2_20/2_256,PUB_R3,3176,3176,3177,10685426,2583352,PASS,4963,6002,10,20,2,16
XMSSMT-SHA2_20/2_256,PUB_R3,3177,3177,3178,5877537,2628166,PASS,4963,6002,10,20,2,16
XMSSMT-SHA2_20/2_256,PUB_R3,3178,3178,3179,5846056,2644352,PASS,4963,6002,10,20,2,16
XMSSMT-SHA2_20/2_256,PUB_R3,3179,3179,3180,10756074,2512982,PASS,4963,6002,10,20,2,16
XMSSMT-SHA2_20/2_256,PUB_R3,3180,3180,3181,5933871,2559704,PASS,4963,6002,10,20,2,16
XMSSMT-SHA2_20/2_256,PUB_R3,3181,3181,3182,5968389,2549685,PASS,4963,6002,10,20,2,16
XMSSMT-SHA2_20/2_256,PUB_R3,3182,3182,3183,6008741,2549704,PASS,4963,6002,10,20,2,16
XMSSMT-SHA2_20/2_256,PUB_R3,3183,3183,3184,15401981,2643166,PASS,4963,6002,10,20,2,16
XMSSMT-SHA2_20/2_256,PUB_R3,3184,3184,3185,17813093,2611018,PASS,4963,6002,10,20,2,16
XMSSMT-SHA2_20/2_256,PUB_R3,3185,3185,3186,15585130,2452889,PASS,4963,6002,10,20,2,16
XMSSMT-SHA2_20/2_256,PUB_R3,3186,3186,3187,8263759,2628926,PASS,4963,6002,10,20,2,16
XMSSMT-SHA2_20/2_256,PUB_R3,3187,3187,3188,10662092,2586870,PASS,4963,6002,10,20,2,16
XMSSMT-SHA2_20/2_256,PUB_R3,3188,3188,3189,5925389,2579870,PASS,4963,6002,10,20,2,16
XMSSMT-SHA2_20/2_256,PUB_R3,3189,3189,3190,5929333,2554741,PASS,4963,6002,10,20,2,16
XMSSMT-SHA2_20/2_256,PUB_R3,3190,3190,3191,5799537,2707185,PASS,4963,6002,10,20,2,16
XMSSMT-SHA2_20/2_256,PUB_R3,3191,3191,3192,15258352,2771463,PASS,4963,6002,10,20,2,16
XMSSMT-SHA2_20/2_256,PUB_R3,3192,3192,3193,10644185,2613741,PASS,4963,6002,10,20,2,16
XMSSMT-SHA2_20/2_256,PUB_R3,3193,3193,3194,5910630,2578037,PASS,4963,6002,10,20,2,16
XMSSMT-SHA2_20/2_256,PUB_R3,3194,3194,3195,5920241,2577574,PASS,4963,6002,10,20,2,16
XMSSMT-SHA2_20/2_256,PUB_R3,3195,3195,3196,10652129,2631593,PASS,4963,6002,10,20,2,16
XMSSMT-SHA2_20/2_256,PUB_R3,3196,3196,3197,5866703,2608667,PASS,4963,6002,10,20,2,16
XMSSMT-SHA2_20/2_256,PUB_R3,3197,3197,3198,5888352,2633296,PASS,4963,6002,10,20,2,16
XMSSMT-SHA2_20/2_256,PUB_R3,3198,3198,3199,5834315,2640648,PASS,4963,6002,10,20,2,16
XMSSMT-SHA2_20/2_256,PUB_R3,3199,3199,3200,15436963,2613667,PASS,4963,6002,10,20,2,16
XMSSMT-SHA2_20/2_256,PUB_R3,3200,3200,3201,17833741,2611334,PASS,4963,6002,10,20,2,16
XMSSMT-SHA2_20/2_256,PUB_R3,3201,3201,3202,15369352,2654166,PASS,4963,6002,10,20,2,16
XMSSMT-SHA2_20/2_256,PUB_R3,3202,3202,3203,17720278,2704277,PASS,4963,6002,10,20,2,16
XMSSMT-SHA2_20/2_256,PUB_R3,3203,3203,3204,15439352,2647407,PASS,4963,6002,10,20,2,16
XMSSMT-SHA2_20/2_256,PUB_R3,3204,3204,3205,17798370,2612815,PASS,4963,6002,10,20,2,16
XMSSMT-SHA2_20/2_256,PUB_R3,3205,3205,3206,15449574,2573611,PASS,4963,6002,10,20,2,16
XMSSMT-SHA2_20/2_256,PUB_R3,3206,3206,3207,17684649,2744240,PASS,4963,6002,10,20,2,16
XMSSMT-SHA2_20/2_256,PUB_R3,3207,3207,3208,15260722,2782389,PASS,4963,6002,10,20,2,16
XMSSMT-SHA2_20/2_256,PUB_R3,3208,3208,3209,17725981,2720500,PASS,4963,6002,10,20,2,16
XMSSMT-SHA2_20/2_256,PUB_R3,3209,3209,3210,15462648,2584389,PASS,4963,6002,10,20,2,16
XMSSMT-SHA2_20/2_256,PUB_R3,3210,3210,3211,17861370,2548871,PASS,4963,6002,10,20,2,16
XMSSMT-SHA2_20/2_256,PUB_R3,3211,3211,3212,15395556,2608407,PASS,4963,6002,10,20,2,16
XMSSMT-SHA2_20/2_256,PUB_R3,3212,3212,3213,17648871,2699129,PASS,4963,6002,10,20,2,16
XMSSMT-SHA2_20/2_256,PUB_R3,3213,3213,3214,15405278,2612519,PASS,4963,6002,10,20,2,16
XMSSMT-SHA2_20/2_256,PUB_R3,3214,3214,3215,17833667,2546334,PASS,4963,6002,10,20,2,16
XMSSMT-SHA2_20/2_256,PUB_R3,3215,3215,3216,15485686,2512351,PASS,4963,6002,10,20,2,16
XMSSMT-SHA2_20/2_256,PUB_R3,3216,3216,3217,17715352,2642240,PASS,4963,6002,10,20,2,16
XMSSMT-SHA2_20/2_256,PUB_R3,3217,3217,3218,15271259,2739259,PASS,4963,6002,10,20,2,16
XMSSMT-SHA2_20/2_256,PUB_R3,3218,3218,3219,17736019,2643148,PASS,4963,6002,10,20,2,16
XMSSMT-SHA2_20/2_256,PUB_R3,3219,3219,3220,15303260,2707240,PASS,4963,6002,10,20,2,16
XMSSMT-SHA2_20/2_256,PUB_R3,3220,3220,3221,17859204,2519185,PASS,4963,6002,10,20,2,16
XMSSMT-SHA2_20/2_256,PUB_R3,3221,3221,3222,15382315,2648703,PASS,4963,6002,10,20,2,16
XMSSMT-SHA2_20/2_256,PUB_R3,3222,3222,3223,17773574,2641592,PASS,4963,6002,10,20,2,16
XMSSMT-SHA2_20/2_256,PUB_R3,3223,3223,3224,15426888,2622074,PASS,4963,6002,10,20,2,16
XMSSMT-SHA2_20/2_256,PUB_R3,3224,3224,3225,17793889,2614815,PASS,4963,6002,10,20,2,16
XMSSMT-SHA2_20/2_256,PUB_R3,3225,3225,3226,15336962,2707351,PASS,4963,6002,10,20,2,16
XMSSMT-SHA2_20/2_256,PUB_R3,3226,3226,3227,17869944,2582593,PASS,4963,6002,10,20,2,16
XMSSMT-SHA2_20/2_256,PUB_R3,3227,3227,3228,15400648,2618297,PASS,4963,6002,10,20,2,16
XMSSMT-SHA2_20/2_256,PUB_R3,3228,3228,3229,17835611,2577945,PASS,4963,6002,10,20,2,16
XMSSMT-SHA2_20/2_256,PUB_R3,3229,3229,3230,15452704,2583852,PASS,4963,6002,10,20,2,16
XMSSMT-SHA2_20/2_256,PUB_R3,3230,3230,3231,17789759,2612055,PASS,4963,6002,10,20,2,16
XMSSMT-SHA2_20/2_256,PUB_R3,3231,3231,3232,15429982,2608352,PASS,4963,6002,10,20,2,16
XMSSMT-SHA2_20/2_256,PUB_R3,3232,3232,3233,17843908,2547481,PASS,4963,6002,10,20,2,16
XMSSMT-SHA2_20/2_256,PUB_R3,3233,3233,3234,15412759,2616388,PASS,4963,6002,10,20,2,16
XMSSMT-SHA2_20/2_256,PUB_R3,3234,3234,3235,17848074,2562389,PASS,4963,6002,10,20,2,16
XMSSMT-SHA2_20/2_256,PUB_R3,3235,3235,3236,15471463,2550926,PASS,4963,6002,10,20,2,16
XMSSMT-SHA2_20/2_256,PUB_R3,3236,3236,3237,17759204,2648370,PASS,4963,6002,10,20,2,16
XMSSMT-SHA2_20/2_256,PUB_R3,3237,3237,3238,15400500,2606482,PASS,4963,6002,10,20,2,16
XMSSMT-SHA2_20/2_256,PUB_R3,3238,3238,3239,17901185,2514389,PASS,4963,6002,10,20,2,16
XMSSMT-SHA2_20/2_256,PUB_R3,3239,3239,3240,15452352,2582074,PASS,4963,6002,10,20,2,16
XMSSMT-SHA2_20/2_256,PUB_R3,3240,3240,3241,17817093,2589667,PASS,4963,6002,10,20,2,16
XMSSMT-SHA2_20/2_256,PUB_R3,3241,3241,3242,15426482,2609685,PASS,4963,6002,10,20,2,16
XMSSMT-SHA2_20/2_256,PUB_R3,3242,3242,3243,17910963,2551908,PASS,4963,6002,10,20,2,16
XMSSMT-SHA2_20/2_256,PUB_R3,3243,3243,3244,10610148,2652815,PASS,4963,6002,10,20,2,16
XMSSMT-SHA2_20/2_256,PUB_R3,3244,3244,3245,5932908,2547203,PASS,4963,6002,10,20,2,16
XMSSMT-SHA2_20/2_256,PUB_R3,3245,3245,3246,5840611,2656000,PASS,4963,6002,10,20,2,16
XMSSMT-SHA2_20/2_256,PUB_R3,3246,3246,3247,5905426,2575648,PASS,4963,6002,10,20,2,16
XMSSMT-SHA2_20/2_256,PUB_R3,3247,3247,3248,15420019,2612241,PASS,4963,6002,10,20,2,16
XMSSMT-SHA2_20/2_256,PUB_R3,3248,3248,3249,17785481,2624482,PASS,4963,6002,10,20,2,16
XMSSMT-SHA2_20/2_256,PUB_R3,3249,3249,3250,15487926,2552185,PASS,4963,6002,10,20,2,16
XMSSMT-SHA2_20/2_256,PUB_R3,3250,3250,3251,8108666,2769500,PASS,4963,6002,10,20,2,16
XMSSMT-SHA2_20/2_256,PUB_R3,3251,3251,3252,10653185,2613963,PASS,4963,6002,10,20,2,16
XMSSMT-SHA2_20/2_256,PUB_R3,3252,3252,3253,5869167,2624889,PASS,4963,6002,10,20,2,16
XMSSMT-SHA2_20/2_256,PUB_R3,3253,3253,3254,5780796,2706426,PASS,4963,6002,10,20,2,16
XMSSMT-SHA2_20/2_256,PUB_R3,3254,3254,3255,5994759,2504314,PASS,4963,6002,10,20,2,16
XMSSMT-SHA2_20/2_256,PUB_R3,3255,3255,3256,15431685,2613778,PASS,4963,6002,10,20,2,16
XMSSMT-SHA2_20/2_256,PUB_R3,3256,3256,3257,10557889,2725537,PASS,4963,6002,10,20,2,16
XMSSMT-SHA2_20/2_256,PUB_R3,3257,3257,3258,5880944,2612852,PASS,4963,6002,10,20,2,16
XMSSMT-SHA2_20/2_256,PUB_R3,3258,3258,3259,5962796,2524519,PASS,4963,6002,10,20,2,16
XMSSMT-SHA2_20/2_256,PUB_R3,3259,3259,3260,10689241,2580055,PASS,4963,6002,10,20,2,16
XMSSMT-SHA2_20/2_256,PUB_R3,3260,3260,3261,5973481,2512333,PASS,4963,6002,10,20,2,16
XMSSMT-SHA2_20/2_256,PUB_R3,3261,3261,3262,5875556,2608815,PASS,4963,6002,10,20,2,16
XMSSMT-SHA2_20/2_256,PUB_R3,3262,3262,3263,5791500,2710889,PASS,4963,6002,10,20,2,16
XMSSMT-SHA2_20/2_256,PUB_R3,3263,3263,3264,15459982,2582981,PASS,4963,6002,10,20,2,16
XMSSMT-SHA2_20/2_256,PUB_R3,3264,3264,3265,17924759,2513537,PASS,4963,6002,10,20,2,16
XMSSMT-SHA2_20/2_256,PUB_R3,3265,3265,3266,15573407,2450259,PASS,4963,6002,10,20,2,16
XMSSMT-SHA2_20/2_256,PUB_R3,3266,3266,3267,17972222,2425944,PASS,4963,6002,10,20,2,16
XMSSMT-SHA2_20/2_256,PUB_R3,3267,3267,3268,15374889,2646185,PASS,4963,6002,10,20,2,16
XMSSMT-SHA2_20/2_256,PUB_R3,3268,3268,3269,17588389,2798463,PASS,4963,6002,10,20,2,16
XMSSMT-SHA2_20/2_256,PUB_R3,3269,3269,3270,15389926,2662537,PASS,4963,6002,10,20,2,16
XMSSMT-SHA2_20/2_256,PUB_R3,3270,3270,3271,17908056,2486982,PASS,4963,6002,10,20,2,16
XMSSMT-SHA2_20/2_256,PUB_R3,3271,3271,3272,15402574,2614166,PASS,4963,6002,10,20,2,16
XMSSMT-SHA2_20/2_256,PUB_R3,3272,3272,3273,17874111,2517408,PASS,4963,6002,10,20,2,16
XMSSMT-SHA2_20/2_256,PUB_R3,3273,3273,3274,15575129,2418482,PASS,4963,6002,10,20,2,16
XMSSMT-SHA2_20/2_256,PUB_R3,3274,3274,3275,17833222,2546000,PASS,4963,6002,10,20,2,16
XMSSMT-SHA2_20/2_256,PUB_R3,3275,3275,3276,15410722,2576463,PASS,4963,6002,10,20,2,16
XMSSMT-SHA2_20/2_256,PUB_R3,3276,3276,3277,17818297,2577666,PASS,4963,6002,10,20,2,16
XMSSMT-SHA2_20/2_256,PUB_R3,3277,3277,3278,15531963,2480778,PASS,4963,6002,10,20,2,16
XMSSMT-SHA2_20/2_256,PUB_R3,3278,3278,3279,17862129,2511092,PASS,4963,6002,10,20,2,16
XMSSMT-SHA2_20/2_256,PUB_R3,3279,3279,3280,15393852,2611296,PASS,4963,6002,10,20,2,16
XMSSMT-SHA2_20/2_256,PUB_R3,3280,3280,3281,17629037,2744129,PASS,4963,6002,10,20,2,16
XMSSMT-SHA2_20/2_256,PUB_R3,3281,3281,3282,15371926,2661518,PASS,4963,6002,10,20,2,16
XMSSMT-SHA2_20/2_256,PUB_R3,3282,3282,3283,8170796,2703408,PASS,4963,6002,10,20,2,16
XMSSMT-SHA2_20/2_256,PUB_R3,3283,3283,3284,10640518,2609111,PASS,4963,6002,10,20,2,16
XMSSMT-SHA2_20/2_256,PUB_R3,3284,3284,3285,5940444,2566352,PASS,4963,6002,10,20,2,16
XMSSMT-SHA2_20/2_256,PUB_R3,3285,3285,3286,5889649,2611963,PASS,4963,6002,10,20,2,16
XMSSMT-SHA2_20/2_256,PUB_R3,3286,3286,3287,5861018,2619222,PASS,4963,6002,10,20,2,16
XMSSMT-SHA2_20/2_256,PUB_R3,3287,3287,3288,15340186,2709944,PASS,4963,6002,10,20,2,16
XMSSMT-SHA2_20/2_256,PUB_R3,3288,3288,3289,10554277,2706556,PASS,4963,6002,10,20,2,16
XMSSMT-SHA2_20/2_256,PUB_R3,3289,3289,3290,6050389,2456426,PASS,4963,6002,10,20,2,16
XMSSMT-SHA2_20/2_256,PUB_R3,3290,3290,3291,5738629,2739315,PASS,4963,6002,10,20,2,16
XMSSMT-SHA2_20/2_256,PUB_R3,3291,3291,3292,10685814,2577704,PASS,4963,6002,10,20,2,16
XMSSMT-SHA2_20/2_256,PUB_R3,3292,3292,3293,5893907,2613648,PASS,4963,6002,10,20,2,16
XMSSMT-SHA2_20/2_256,PUB_R3,3293,3293,3294,5962611,2512963,PASS,4963,6002,10,20,2,16
XMSSMT-SHA2_20/2_256,PUB_R3,3294,3294,3295,5784666,2705426,PASS,4963,6002,10,20,2,16
XMSSMT-SHA2_20/2_256,PUB_R3,3295,3295,3296,15487593,2545519,PASS,4963,6002,10,20,2,16
XMSSMT-SHA2_20/2_256,PUB_R3,3296,3296,3297,17829963,2581260,PASS,4963,6002,10,20,2,16
XMSSMT-SHA2_20/2_256,PUB_R3,3297,3297,3298,15323981,2722852,PASS,4963,6002,10,20,2,16
XMSSMT-SHA2_20/2_256,PUB_R3,3298,3298,3299,17822445,2588203,PASS,4963,6002,10,20,2,16
XMSSMT-SHA2_20/2_256,PUB_R3,3299,3299,3300,15474037,2549462,PASS,4963,6002,10,20,2,16
XMSSMT-SHA2_20/2_256,PUB_R3,3300,3300,3301,17808352,2579945,PASS,4963,6002,10,20,2,16
XMSSMT-SHA2_20/2_256,PUB_R3,3301,3301,3302,15496686,2517704,PASS,4963,6002,10,20,2,16
XMSSMT-SHA2_20/2_256,PUB_R3,3302,3302,3303,8476407,2403000,PASS,4963,6002,10,20,2,16
XMSSMT-SHA2_20/2_256,PUB_R3,3303,3303,3304,15289685,2740371,PASS,4963,6002,10,20,2,16
XMSSMT-SHA2_20/2_256,PUB_R3,3304,3304,3305,10712871,2549926,PASS,4963,6002,10,20,2,16
XMSSMT-SHA2_20/2_256,PUB_R3,3305,3305,3306,5786870,2706093,PASS,4963,6002,10,20,2,16
XMSSMT-SHA2_20/2_256,PUB_R3,3306,3306,3307,5930796,2554074,PASS,4963,6002,10,20,2,16
XMSSMT-SHA2_20/2_256,PUB_R3,3307,3307,3308,10713055,2543519,PASS,4963,6002,10,20,2,16
XMSSMT-SHA2_20/2_256,PUB_R3,3308,3308,3309,5785111,2706870,PASS,4963,6002,10,20,2,16
XMSSMT-SHA2_20/2_256,PUB_R3,3309,3309,3310,5833556,2635018,PASS,4963,6002,10,20,2,16
XMSSMT-SHA2_20/2_256,PUB_R3,3310,3310,3311,5907500,2584148,PASS,4963,6002,10,20,2,16
XMSSMT-SHA2_20/2_256,PUB_R3,3311,3311,3312,15402741,2631166,PASS,4963,6002,10,20,2,16
XMSSMT-SHA2_20/2_256,PUB_R3,3312,3312,3313,17777629,2606778,PASS,4963,6002,10,20,2,16
XMSSMT-SHA2_20/2_256,PUB_R3,3313,3313,3314,15318574,2739463,PASS,4963,6002,10,20,2,16
XMSSMT-SHA2_20/2_256,PUB_R3,3314,3314,3315,8338445,2546056,PASS,4963,6002,10,20,2,16
XMSSMT-SHA2_20/2_256,PUB_R3,3315,3315,3316,10547963,2724981,PASS,4963,6002,10,20,2,16
XMSSMT-SHA2_20/2_256,PUB_R3,3316,3316,3317,5835500,2643092,PASS,4963,6002,10,20,2,16
XMSSMT-SHA2_20/2_256,PUB_R3,3317,3317,3318,5837019,2655130,PASS,4963,6002,10,20,2,16
XMSSMT-SHA2_20/2_256,PUB_R3,3318,3318,3319,5871889,2610796,PASS,4963,6002,10,20,2,16
XMSSMT-SHA2_20/2_256,PUB_R3,3319,3319,3320,15437555,2579760,PASS,4963,6002,10,20,2,16
XMSSMT-SHA2_20/2_256,PUB_R3,3320,3320,3321,10550907,2710630,PASS,4963,6002,10,20,2,16
XMSSMT-SHA2_20/2_256,PUB_R3,3321,3321,3322,5900111,2586129,PASS,4963,6002,10,20,2,16
XMSSMT-SHA2_20/2_256,PUB_R3,3322,3322,3323,5891314,2608537,PASS,4963,6002,10,20,2,16
XMSSMT-SHA2_20/2_256,PUB_R3,3323,3323,3324,10709871,2551074,PASS,4963,6002,10,20,2,16
XMSSMT-SHA2_20/2_256,PUB_R3,3324,3324,3325,5900555,2582093,PASS,4963,6002,10,20,2,16
XMSSMT-SHA2_20/2_256,PUB_R3,3325,3325,3326,6080018,2425778,PASS,4963,6002,10,20,2,16
XMSSMT-SHA2_20/2_256,PUB_R3,3326,3326,3327,5864111,2610148,PASS,4963,6002,10,20,2,16
XMSSMT-SHA2_20/2_256,PUB_R3,3327,3327,3328,15446259,2578648,PASS,4963,6002,10,20,2,16
XMSSMT-SHA2_20/2_256,PUB_R3,3328,3328,3329,17842833,2580630,PASS,4963,6002,10,20,2,16
XMSSMT-SHA2_20/2_256,PUB_R3,3329,3329,3330,15461074,2559111,PASS,4963,6002,10,20,2,16
XMSSMT-SHA2_20/2_256,PUB_R3,3330,3330,3331,17696500,2708908,PASS,4963,6002,10,20,2,16
XMSSMT-SHA2_20/2_256,PUB_R3,3331,3331,3332,15384648,2645741,PASS,4963,6002,10,20,2,16
XMSSMT-SHA2_20/2_256,PUB_R3,3332,3332,3333,17777333,2614111,PASS,4963,6002,10,20,2,16
XMSSMT-SHA2_20/2_256,PUB_R3,3333,3333,3334,15530352,2482240,PASS,4963,6002,10,20,2,16
XMSSMT-SHA2_20/2_256,PUB_R3,3334,3334,3335,17896648,2550019,PASS,4963,6002,10,20,2,16
XMSSMT-SHA2_20/2_256,PUB_R3,3335,3335,3336,15404018,2658333,PASS,4963,6002,10,20,2,16
XMSSMT-SHA2_20/2_256,PUB_R3,3336,3336,3337,17773500,2613667,PASS,4963,6002,10,20,2,16
XMSSMT-SHA2_20/2_256,PUB_R3,3337,3337,3338,15446630,2577130,PASS,4963,6002,10,20,2,16
XMSSMT-SHA2_20/2_256,PUB_R3,3338,3338,3339,17793222,2629630,PASS,4963,6002,10,20,2,16
XMSSMT-SHA2_20/2_256,PUB_R3,3339,3339,3340,15390593,2609944,PASS,4963,6002,10,20,2,16
XMSSMT-SHA2_20/2_256,PUB_R3,3340,3340,3341,17789000,2576093,PASS,4963,6002,10,20,2,16
XMSSMT-SHA2_20/2_256,PUB_R3,3341,3341,3342,15535204,2484722,PASS,4963,6002,10,20,2,16
XMSSMT-SHA2_20/2_256,PUB_R3,3342,3342,3343,17777759,2610204,PASS,4963,6002,10,20,2,16
XMSSMT-SHA2_20/2_256,PUB_R3,3343,3343,3344,15474537,2548241,PASS,4963,6002,10,20,2,16
XMSSMT-SHA2_20/2_256,PUB_R3,3344,3344,3345,17816592,2543574,PASS,4963,6002,10,20,2,16
XMSSMT-SHA2_20/2_256,PUB_R3,3345,3345,3346,15546593,2456685,PASS,4963,6002,10,20,2,16
XMSSMT-SHA2_20/2_256,PUB_R3,3346,3346,3347,17682333,2708388,PASS,4963,6002,10,20,2,16
XMSSMT-SHA2_20/2_256,PUB_R3,3347,3347,3348,15352685,2639944,PASS,4963,6002,10,20,2,16
XMSSMT-SHA2_20/2_256,PUB_R3,3348,3348,3349,17610519,2773704,PASS,4963,6002,10,20,2,16
XMSSMT-SHA2_20/2_256,PUB_R3,3349,3349,3350,15388926,2627148,PASS,4963,6002,10,20,2,16
XMSSMT-SHA2_20/2_256,PUB_R3,3350,3350,3351,17875574,2547389,PASS,4963,6002,10,20,2,16
XMSSMT-SHA2_20/2_256,PUB_R3,3351,3351,3352,15393370,2647130,PASS,4963,6002,10,20,2,16
XMSSMT-SHA2_20/2_256,PUB_R3,3352,3352,3353,17829149,2580982,PASS,4963,6002,10,20,2,16
XMSSMT-SHA2_20/2_256,PUB_R3,3353,3353,3354,15292648,2738945,PASS,4963,6002,10,20,2,16
XMSSMT-SHA2_20/2_256,PUB_R3,3354,3354,3355,17694259,2709852,PASS,4963,6002,10,20,2,16
XMSSMT-SHA2_20/2_256,PUB_R3,3355,3355,3356,15393851,2655796,PASS,4963,6002,10,20,2,16
XMSSMT-SHA2_20/2_256,PUB_R3,3356,3356,3357,17976574,2423111,PASS,4963,6002,10,20,2,16
XMSSMT-SHA2_20/2_256,PUB_R3,3357,3357,3358,15251741,2770982,PASS,4963,6002,10,20,2,16
XMSSMT-SHA2_20/2_256,PUB_R3,3358,3358,3359,17948074,2456000,PASS,4963,6002,10,20,2,16
XMSSMT-SHA2_20/2_256,PUB_R3,3359,3359,3360,15252167,2774518,PASS,4963,6002,10,20,2,16
XMSSMT-SHA2_20/2_256,PUB_R3,3360,3360,3361,17803074,2614056,PASS,4963,6002,10,20,2,16
XMSSMT-SHA2_20/2_256,PUB_R3,3361,3361,3362,15388518,2655482,PASS,4963,6002,10,20,2,16
XMSSMT-SHA2_20/2_256,PUB_R3,3362,3362,3363,17768333,2648500,PASS,4963,6002,10,20,2,16
XMSSMT-SHA2_20/2_256,PUB_R3,3363,3363,3364,15376704,2639870,PASS,4963,6002,10,20,2,16
XMSSMT-SHA2_20/2_256,PUB_R3,3364,3364,3365,17619667,2770500,PASS,4963,6002,10,20,2,16
XMSSMT-SHA2_20/2_256,PUB_R3,3365,3365,3366,15438556,2581129,PASS,4963,6002,10,20,2,16
XMSSMT-SHA2_20/2_256,PUB_R3,3366,3366,3367,17640167,2777333,PASS,4963,6002,10,20,2,16
XMSSMT-SHA2_20/2_256,PUB_R3,3367,3367,3368,15513741,2530907,PASS,4963,6002,10,20,2,16
XMSSMT-SHA2_20/2_256,PUB_R3,3368,3368,3369,17776223,2624592,PASS,4963,6002,10,20,2,16
XMSSMT-SHA2_20/2_256,PUB_R3,3369,3369,3370,15317833,2706741,PASS,4963,6002,10,20,2,16
XMSSMT-SHA2_20/2_256,PUB_R3,3370,3370,3371,17819463,2579370,PASS,4963,6002,10,20,2,16
XMSSMT-SHA2_20/2_256,PUB_R3,3371,3371,3372,15456241,2586111,PASS,4963,6002,10,20,2,16
XMSSMT-SHA2_20/2_256,PUB_R3,3372,3372,3373,17909500,2518426,PASS,4963,6002,10,20,2,16
XMSSMT-SHA2_20/2_256,PUB_R3,3373,3373,3374,15416074,2615352,PASS,4963,6002,10,20,2,16
XMSSMT-SHA2_20/2_256,PUB_R3,3374,3374,3375,17774315,2648240,PASS,4963,6002,10,20,2,16
XMSSMT-SHA2_20/2_256,PUB_R3,3375,3375,3376,15306963,2715260,PASS,4963,6002,10,20,2,16
XMSSMT-SHA2_20/2_256,PUB_R3,3376,3376,3377,17877426,2513407,PASS,4963,6002,10,20,2,16
XMSSMT-SHA2_20/2_256,PUB_R3,3377,3377,3378,15394889,2607519,PASS,4963,6002,10,20,2,16
XMSSMT-SHA2_20/2_256,PUB_R3,3378,3378,3379,17757778,2642537,PASS,4963,6002,10,20,2,16
XMSSMT-SHA2_20/2_256,PUB_R3,3379,3379,3380,15297593,2703148,PASS,4963,6002,10,20,2,16
XMSSMT-SHA2_20/2_256,PUB_R3,3380,3380,3381,17862888,2549093,PASS,4963,6002,10,20,2,16
XMSSMT-SHA2_20/2_256,PUB_R3,3381,3381,3382,15351685,2652000,PASS,4963,6002,10,20,2,16
XMSSMT-SHA2_20/2_256,PUB_R3,3382,3382,3383,17919574,2483796,PASS,4963,6002,10,20,2,16
XMSSMT-SHA2_20/2_256,PUB_R3,3383,3383,3384,15320093,2708759,PASS,4963,6002,10,20,2,16
XMSSMT-SHA2_20/2_256,PUB_R3,3384,3384,3385,17783185,2610538,PASS,4963,6002,10,20,2,16
XMSSMT-SHA2_20/2_256,PUB_R3,3385,3385,3386,15386834,2643425,PASS,4963,6002,10,20,2,16
XMSSMT-SHA2_20/2_256,PUB_R3,3386,3386,3387,17773648,2648648,PASS,4963,6002,10,20,2,16
XMSSMT-SHA2_20/2_256,PUB_R3,3387,3387,3388,15556130,2502352,PASS,4963,6002,10,20,2,16
XMSSMT-SHA2_20/2_256,PUB_R3,3388,3388,3389,17842148,2549518,PASS,4963,6002,10,20,2,16
XMSSMT-SHA2_20/2_256,PUB_R3,3389,3389,3390,15402982,2608555,PASS,4963,6002,10,20,2,16
XMSSMT-SHA2_20/2_256,PUB_R3,3390,3390,3391,17895815,2514851,PASS,4963,6002,10,20,2,16
XMSSMT-SHA2_20/2_256,PUB_R3,3391,3391,3392,15300425,2703889,PASS,4963,6002,10,20,2,16
XMSSMT-SHA2_20/2_256,PUB_R3,3392,3392,3393,17842778,2549481,PASS,4963,6002,10,20,2,16
XMSSMT-SHA2_20/2_256,PUB_R3,3393,3393,3394,15445074,2549074,PASS,4963,6002,10,20,2,16
XMSSMT-SHA2_20/2_256,PUB_R3,3394,3394,3395,17804888,2579778,PASS,4963,6002,10,20,2,16
XMSSMT-SHA2_20/2_256,PUB_R3,3395,3395,3396,15470833,2510574,PASS,4963,6002,10,20,2,16
XMSSMT-SHA2_20/2_256,PUB_R3,3396,3396,3397,17912778,2485574,PASS,4963,6002,10,20,2,16
XMSSMT-SHA2_20/2_256,PUB_R3,3397,3397,3398,15279167,2735371,PASS,4963,6002,10,20,2,16
XMSSMT-SHA2_20/2_256,PUB_R3,3398,3398,3399,17847000,2549944,PASS,4963,6002,10,20,2,16
XMSSMT-SHA2_20/2_256,PUB_R3,3399,3399,3400,15261297,2735519,PASS,4963,6002,10,20,2,16
XMSSMT-SHA2_20/2_256,PUB_R3,3400,3400,3401,17801611,2578574,PASS,4963,6002,10,20,2,16
XMSSMT-SHA2_20/2_256,PUB_R3,3401,3401,3402,15506740,2536056,PASS,4963,6002,10,20,2,16
XMSSMT-SHA2_20/2_256,PUB_R3,3402,3402,3403,17885611,2518519,PASS,4963,6002,10,20,2,16
XMSSMT-SHA2_20/2_256,PUB_R3,3403,3403,3404,15421130,2618722,PASS,4963,6002,10,20,2,16
XMSSMT-SHA2_20/2_256,PUB_R3,3404,3404,3405,17731778,2643241,PASS,4963,6002,10,20,2,16
XMSSMT-SHA2_20/2_256,PUB_R3,3405,3405,3406,15491481,2546778,PASS,4963,6002,10,20,2,16
XMSSMT-SHA2_20/2_256,PUB_R3,3406,3406,3407,17897500,2515982,PASS,4963,6002,10,20,2,16
XMSSMT-SHA2_20/2_256,PUB_R3,3407,3407,3408,15333741,2721703,PASS,4963,6002,10,20,2,16
XMSSMT-SHA2_20/2_256,PUB_R3,3408,3408,3409,17777870,2613463,PASS,4963,6002,10,20,2,16
XMSSMT-SHA2_20/2_256,PUB_R3,3409,3409,3410,15367852,2641870,PASS,4963,6002,10,20,2,16
XMSSMT-SHA2_20/2_256,PUB_R3,3410,3410,3411,17991241,2421444,PASS,4963,6002,10,20,2,16
XMSSMT-SHA2_20/2_256,PUB_R3,3411,3411,3412,15265463,2737926,PASS,4963,6002,10,20,2,16
XMSSMT-SHA2_20/2_256,PUB_R3,3412,3412,3413,17754852,2648759,PASS,4963,6002,10,20,2,16
XMSSMT-SHA2_20/2_256,PUB_R3,3413,3413,3414,15480112,2561500,PASS,4963,6002,10,20,2,16
XMSSMT-SHA2_20/2_256,PUB_R3,3414,3414,3415,17697926,2710185,PASS,4963,6002,10,20,2,16
XMSSMT-SHA2_20/2_256,PUB_R3,3415,3415,3416,15458166,2542852,PASS,4963,6002,10,20,2,16
XMSSMT-SHA2_20/2_256,PUB_R3,3416,3416,3417,18040519,2356556,PASS,4963,6002,10,20,2,16
XMSSMT-SHA2_20/2_256,PUB_R3,3417,3417,3418,15415204,2614130,PASS,4963,6002,10,20,2,16
XMSSMT-SHA2_20/2_256,PUB_R3,3418,3418,3419,17889815,2520407,PASS,4963,6002,10,20,2,16
XMSSMT-SHA2_20/2_256,PUB_R3,3419,3419,3420,15471944,2562482,PASS,4963,6002,10,20,2,16
XMSSMT-SHA2_20/2_256,PUB_R3,3420,3420,3421,17691518,2709834,PASS,4963,6002,10,20,2,16
XMSSMT-SHA2_20/2_256,PUB_R3,3421,3421,3422,15243555,2772185,PASS,4963,6002,10,20,2,16
XMSSMT-SHA2_20/2_256,PUB_R3,3422,3422,3423,17921260,2480833,PASS,4963,6002,10,20,2,16
XMSSMT-SHA2_20/2_256,PUB_R3,3423,3423,3424,15419870,2616500,PASS,4963,6002,10,20,2,16
XMSSMT-SHA2_20/2_256,PUB_R3,3424,3424,3425,18007648,2390556,PASS,4963,6002,10,20,2,16
XMSSMT-SHA2_20/2_256,PUB_R3,3425,3425,3426,15296000,2778000,PASS,4963,6002,10,20,2,16
XMSSMT-SHA2_20/2_256,PUB_R3,3426,3426,3427,17786982,2644759,PASS,4963,6002,10,20,2,16
XMSSMT-SHA2_20/2_256,PUB_R3,3427,3427,3428,15409389,2612389,PASS,4963,6002,10,20,2,16
XMSSMT-SHA2_20/2_256,PUB_R3,3428,3428,3429,17676963,2705149,PASS,4963,6002,10,20,2,16
XMSSMT-SHA2_20/2_256,PUB_R3,3429,3429,3430,15481222,2549278,PASS,4963,6002,10,20,2,16
XMSSMT-SHA2_20/2_256,PUB_R3,3430,3430,3431,17804982,2578389,PASS,4963,6002,10,20,2,16
XMSSMT-SHA2_20/2_256,PUB_R3,3431,3431,3432,15410759,2611241,PASS,4963,6002,10,20,2,16
XMSSMT-SHA2_20/2_256,PUB_R3,3432,3432,3433,17852963,2580759,PASS,4963,6002,10,20,2,16
XMSSMT-SHA2_20/2_256,PUB_R3,3433,3433,3434,15383037,2662334,PASS,4963,6002,10,20,2,16
XMSSMT-SHA2_20/2_256,PUB_R3,3434,3434,3435,17720537,2709759,PASS,4963,6002,10,20,2,16
XMSSMT-SHA2_20/2_256,PUB_R3,3435,3435,3436,10711648,2549408,PASS,4963,6002,10,20,2,16
XMSSMT-SHA2_20/2_256,PUB_R3,3436,3436,3437,5781500,2706352,PASS,4963,6002,10,20,2,16
XMSSMT-SHA2_20/2_256,PUB_R3,3437,3437,3438,5698852,2810629,PASS,4963,6002,10,20,2,16
XMSSMT-SHA2_20/2_256,PUB_R3,3438,3438,3439,5867611,2612352,PASS,4963,6002,10,20,2,16
XMSSMT-SHA2_20/2_256,PUB_R3,3439,3439,3440,15448277,2579814,PASS,4963,6002,10,20,2,16
XMSSMT-SHA2_20/2_256,PUB_R3,3440,3440,3441,17861981,2551426,PASS,4963,6002,10,20,2,16
XMSSMT-SHA2_20/2_256,PUB_R3,3441,3441,3442,15441518,2628259,PASS,4963,6002,10,20,2,16
XMSSMT-SHA2_20/2_256,PUB_R3,3442,3442,3443,8264630,2613333,PASS,4963,6002,10,20,2,16
XMSSMT-SHA2_20/2_256,PUB_R3,3443,3443,3444,10671611,2612018,PASS,4963,6002,10,20,2,16
XMSSMT-SHA2_20/2_256,PUB_R3,3444,3444,3445,5681444,2815982,PASS,4963,6002,10,20,2,16
XMSSMT-SHA2_20/2_256,PUB_R3,3445,3445,3446,5904352,2578704,PASS,4963,6002,10,20,2,16
XMSSMT-SHA2_20/2_256,PUB_R3,3446,3446,3447,5970111,2516149,PASS,4963,6002,10,20,2,16
XMSSMT-SHA2_20/2_256,PUB_R3,3447,3447,3448,15440389,2579056,PASS,4963,6002,10,20,2,16
XMSSMT-SHA2_20/2_256,PUB_R3,3448,3448,3449,10653722,2578389,PASS,4963,6002,10,20,2,16
XMSSMT-SHA2_20/2_256,PUB_R3,3449,3449,3450,5998407,2481259,PASS,4963,6002,10,20,2,16
XMSSMT-SHA2_20/2_256,PUB_R3,3450,3450,3451,5962389,2516111,PASS,4963,6002,10,20,2,16
XMSSMT-SHA2_20/2_256,PUB_R3,3451,3451,3452,10557593,2705056,PASS,4963,6002,10,20,2,16
XMSSMT-SHA2_20/2_256,PUB_R3,3452,3452,3453,5670963,2800408,PASS,4963,6002,10,20,2,16
XMSSMT-SHA2_20/2_256,PUB_R3,3453,3453,3454,5900537,2582241,PASS,4963,6002,10,20,2,16
XMSSMT-SHA2_20/2_256,PUB_R3,3454,3454,3455,5956759,2515686,PASS,4963,6002,10,20,2,16
XMSSMT-SHA2_20/2_256,PUB_R3,3455,3455,3456,15252518,2770241,PASS,4963,6002,10,20,2,16
XMSSMT-SHA2_20/2_256,PUB_R3,3456,3456,3457,17771833,2617019,PASS,4963,6002,10,20,2,16
XMSSMT-SHA2_20/2_256,PUB_R3,3457,3457,3458,15446222,2547259,PASS,4963,6002,10,20,2,16
XMSSMT-SHA2_20/2_256,PUB_R3,3458,3458,3459,17804981,2544518,PASS,4963,6002,10,20,2,16
XMSSMT-SHA2_20/2_256,PUB_R3,3459,3459,3460,15485222,2518111,PASS,4963,6002,10,20,2,16
XMSSMT-SHA2_20/2_256,PUB_R3,3460,3460,3461,17825000,2554407,PASS,4963,6002,10,20,2,16
XMSSMT-SHA2_20/2_256,PUB_R3,3461,3461,3462,15610241,2420018,PASS,4963,6002,10,20,2,16
XMSSMT-SHA2_20/2_256,PUB_R3,3462,3462,3463,17924945,2483500,PASS,4963,6002,10,20,2,16
XMSSMT-SHA2_20/2_256,PUB_R3,3463,3463,3464,15389833,2645204,PASS,4963,6002,10,20,2,16
XMSSMT-SHA2_20/2_256,PUB_R3,3464,3464,3465,17807074,2583111,PASS,4963,6002,10,20,2,16
XMSSMT-SHA2_20/2_256,PUB_R3,3465,3465,3466,15412296,2611519,PASS,4963,6002,10,20,2,16
XMSSMT-SHA2_20/2_256,PUB_R3,3466,3466,3467,17694648,2721055,PASS,4963,6002,10,20,2,16
XMSSMT-SHA2_20/2_256,PUB_R3,3467,3467,3468,15567889,2462982,PASS,4963,6002,10,20,2,16
XMSSMT-SHA2_20/2_256,PUB_R3,3468,3468,3469,17783352,2607870,PASS,4963,6002,10,20,2,16
XMSSMT-SHA2_20/2_256,PUB_R3,3469,3469,3470,15414056,2616203,PASS,4963,6002,10,20,2,16
XMSSMT-SHA2_20/2_256,PUB_R3,3470,3470,3471,17937703,2453481,PASS,4963,6002,10,20,2,16
XMSSMT-SHA2_20/2_256,PUB_R3,3471,3471,3472,15471093,2544537,PASS,4963,6002,10,20,2,16
XMSSMT-SHA2_20/2_256,PUB_R3,3472,3472,3473,17819426,2579741,PASS,4963,6002,10,20,2,16
XMSSMT-SHA2_20/2_256,PUB_R3,3473,3473,3474,15401445,2624129,PASS,4963,6002,10,20,2,16
XMSSMT-SHA2_20/2_256,PUB_R3,3474,3474,3475,17882797,2518629,PASS,4963,6002,10,20,2,16
XMSSMT-SHA2_20/2_256,PUB_R3,3475,3475,3476,15474870,2548686,PASS,4963,6002,10,20,2,16
XMSSMT-SHA2_20/2_256,PUB_R3,3476,3476,3477,17970870,2422963,PASS,4963,6002,10,20,2,16
XMSSMT-SHA2_20/2_256,PUB_R3,3477,3477,3478,15520093,2519907,PASS,4963,6002,10,20,2,16
XMSSMT-SHA2_20/2_256,PUB_R3,3478,3478,3479,17824204,2580186,PASS,4963,6002,10,20,2,16
XMSSMT-SHA2_20/2_256,PUB_R3,3479,3479,3480,15332648,2722092,PASS,4963,6002,10,20,2,16
XMSSMT-SHA2_20/2_256,PUB_R3,3480,3480,3481,17775686,2613111,PASS,4963,6002,10,20,2,16
XMSSMT-SHA2_20/2_256,PUB_R3,3481,3481,3482,15283204,2737945,PASS,4963,6002,10,20,2,16
XMSSMT-SHA2_20/2_256,PUB_R3,3482,3482,3483,17713130,2706185,PASS,4963,6002,10,20,2,16
XMSSMT-SHA2_20/2_256,PUB_R3,3483,3483,3484,15373426,2645833,PASS,4963,6002,10,20,2,16
XMSSMT-SHA2_20/2_256,PUB_R3,3484,3484,3485,17914574,2489296,PASS,4963,6002,10,20,2,16
XMSSMT-SHA2_20/2_256,PUB_R3,3485,3485,3486,15463278,2563148,PASS,4963,6002,10,20,2,16
XMSSMT-SHA2_20/2_256,PUB_R3,3486,3486,3487,17802388,2659814,PASS,4963,6002,10,20,2,16
XMSSMT-SHA2_20/2_256,PUB_R3,3487,3487,3488,15541592,2486185,PASS,4963,6002,10,20,2,16
XMSSMT-SHA2_20/2_256,PUB_R3,3488,3488,3489,17596092,2801315,PASS,4963,6002,10,20,2,16
XMSSMT-SHA2_20/2_256,PUB_R3,3489,3489,3490,15515112,2516648,PASS,4963,6002,10,20,2,16
XMSSMT-SHA2_20/2_256,PUB_R3,3490,3490,3491,18004537,2389148,PASS,4963,6002,10,20,2,16
XMSSMT-SHA2_20/2_256,PUB_R3,3491,3491,3492,15330593,2710000,PASS,4963,6002,10,20,2,16
XMSSMT-SHA2_20/2_256,PUB_R3,3492,3492,3493,17919037,2491500,PASS,4963,6002,10,20,2,16
XMSSMT-SHA2_20/2_256,PUB_R3,3493,3493,3494,15488333,2525074,PASS,4963,6002,10,20,2,16
XMSSMT-SHA2_20/2_256,PUB_R3,3494,3494,3495,17772815,2643278,PASS,4963,6002,10,20,2,16
XMSSMT-SHA2_20/2_256,PUB_R3,3495,3495,3496,15447575,2580667,PASS,4963,6002,10,20,2,16
XMSSMT-SHA2_20/2_256,PUB_R3,3496,3496,3497,17790870,2610074,PASS,4963,6002,10,20,2,16
XMSSMT-SHA2_20/2_256,PUB_R3,3497,3497,3498,15516537,2514740,PASS,4963,6002,10,20,2,16
XMSSMT-SHA2_20/2_256,PUB_R3,3498,3498,3499,17788259,2612037,PASS,4963,6002,10,20,2,16
XMSSMT-SHA2_20/2_256,PUB_R3,3499,3499,3500,10616703,2646186,PASS,4963,6002,10,20,2,16
XMSSMT-SHA2_20/2_256,PUB_R3,3500,3500,3501,5939260,2546223,PASS,4963,6002,10,20,2,16
XMSSMT-SHA2_20/2_256,PUB_R3,3501,3501,3502,5965686,2515796,PASS,4963,6002,10,20,2,16
XMSSMT-SHA2_20/2_256,PUB_R3,3502,3502,3503,5880278,2608074,PASS,4963,6002,10,20,2,16
XMSSMT-SHA2_20/2_256,PUB_R3,3503,3503,3504,15343704,2713852,PASS,4963,6002,10,20,2,16
XMSSMT-SHA2_20/2_256,PUB_R3,3504,3504,3505,17668740,2743612,PASS,4963,6002,10,20,2,16
XMSSMT-SHA2_20/2_256,PUB_R3,3505,3505,3506,15529833,2482537,PASS,4963,6002,10,20,2,16
XMSSMT-SHA2_20/2_256,PUB_R3,3506,3506,3507,8222555,2642852,PASS,4963,6002,10,20,2,16
XMSSMT-SHA2_20/2_256,PUB_R3,3507,3507,3508,10642926,2609889,PASS,4963,6002,10,20,2,16
XMSSMT-SHA2_20/2_256,PUB_R3,3508,3508,3509,5835685,2640593,PASS,4963,6002,10,20,2,16
XMSSMT-SHA2_20/2_256,PUB_R3,3509,3509,3510,5903297,2578037,PASS,4963,6002,10,20,2,16
XMSSMT-SHA2_20/2_256,PUB_R3,3510,3510,3511,5839278,2645092,PASS,4963,6002,10,20,2,16
XMSSMT-SHA2_20/2_256,PUB_R3,3511,3511,3512,15452889,2582908,PASS,4963,6002,10,20,2,16
XMSSMT-SHA2_20/2_256,PUB_R3,3512,3512,3513,10658130,2573518,PASS,4963,6002,10,20,2,16
XMSSMT-SHA2_20/2_256,PUB_R3,3513,3513,3514,5905500,2581796,PASS,4963,6002,10,20,2,16
XMSSMT-SHA2_20/2_256,PUB_R3,3514,3514,3515,6018852,2451352,PASS,4963,6002,10,20,2,16
XMSSMT-SHA2_20/2_256,PUB_R3,3515,3515,3516,10756851,2481723,PASS,4963,6002,10,20,2,16
XMSSMT-SHA2_20/2_256,PUB_R3,3516,3516,3517,5924334,2574370,PASS,4963,6002,10,20,2,16
XMSSMT-SHA2_20/2_256,PUB_R3,3517,3517,3518,5875444,2609204,PASS,4963,6002,10,20,2,16
XMSSMT-SHA2_20/2_256,PUB_R3,3518,3518,3519,5768371,2706611,PASS,4963,6002,10,20,2,16
XMSSMT-SHA2_20/2_256,PUB_R3,3519,3519,3520,15396370,2611611,PASS,4963,6002,10,20,2,16
XMSSMT-SHA2_20/2_256,PUB_R3,3520,3520,3521,17820481,2554481,PASS,4963,6002,10,20,2,16
XMSSMT-SHA2_20/2_256,PUB_R3,3521,3521,3522,15423852,2612371,PASS,4963,6002,10,20,2,16
XMSSMT-SHA2_20/2_256,PUB_R3,3522,3522,3523,17846296,2553760,PASS,4963,6002,10,20,2,16
XMSSMT-SHA2_20/2_256,PUB_R3,3523,3523,3524,15261592,2736963,PASS,4963,6002,10,20,2,16
XMSSMT-SHA2_20/2_256,PUB_R3,3524,3524,3525,17670889,2706277,PASS,4963,6002,10,20,2,16
XMSSMT-SHA2_20/2_256,PUB_R3,3525,3525,3526,15437037,2616037,PASS,4963,6002,10,20,2,16
XMSSMT-SHA2_20/2_256,PUB_R3,3526,3526,3527,17786629,2626704,PASS,4963,6002,10,20,2,16
XMSSMT-SHA2_20/2_256,PUB_R3,3527,3527,3528,15391519,2641203,PASS,4963,6002,10,20,2,16
XMSSMT-SHA2_20/2_256,PUB_R3,3528,3528,3529,17787834,2608870,PASS,4963,6002,10,20,2,16
XMSSMT-SHA2_20/2_256,PUB_R3,3529,3529,3530,15425074,2613870,PASS,4963,6002,10,20,2,16
XMSSMT-SHA2_20/2_256,PUB_R3,3530,3530,3531,17691092,2710408,PASS,4963,6002,10,20,2,16
XMSSMT-SHA2_20/2_256,PUB_R3,3531,3531,3532,15413371,2611907,PASS,4963,6002,10,20,2,16
XMSSMT-SHA2_20/2_256,PUB_R3,3532,3532,3533,17982519,2435352,PASS,4963,6002,10,20,2,16
XMSSMT-SHA2_20/2_256,PUB_R3,3533,3533,3534,15455592,2557963,PASS,4963,6002,10,20,2,16
XMSSMT-SHA2_20/2_256,PUB_R3,3534,3534,3535,17813611,2611352,PASS,4963,6002,10,20,2,16
XMSSMT-SHA2_20/2_256,PUB_R3,3535,3535,3536,15475556,2552537,PASS,4963,6002,10,20,2,16
XMSSMT-SHA2_20/2_256,PUB_R3,3536,3536,3537,18005463,2392074,PASS,4963,6002,10,20,2,16
XMSSMT-SHA2_20/2_256,PUB_R3,3537,3537,3538,15365778,2637685,PASS,4963,6002,10,20,2,16
XMSSMT-SHA2_20/2_256,PUB_R3,3538,3538,3539,8109611,2773092,PASS,4963,6002,10,20,2,16
XMSSMT-SHA2_20/2_256,PUB_R3,3539,3539,3540,10651241,2609074,PASS,4963,6002,10,20,2,16
XMSSMT-SHA2_20/2_256,PUB_R3,3540,3540,3541,5868000,2609426,PASS,4963,6002,10,20,2,16
XMSSMT-SHA2_20/2_256,PUB_R3,3541,3541,3542,6020685,2484407,PASS,4963,6002,10,20,2,16
XMSSMT-SHA2_20/2_256,PUB_R3,3542,3542,3543,6023167,2450685,PASS,4963,6002,10,20,2,16
XMSSMT-SHA2_20/2_256,PUB_R3,3543,3543,3544,15433481,2578204,PASS,4963,6002,10,20,2,16
XMSSMT-SHA2_20/2_256,PUB_R3,3544,3544,3545,10643666,2611463,PASS,4963,6002,10,20,2,16
XMSSMT-SHA2_20/2_256,PUB_R3,3545,3545,3546,5981111,2519241,PASS,4963,6002,10,20,2,16
XMSSMT-SHA2_20/2_256,PUB_R3,3546,3546,3547,5905018,2582704,PASS,4963,6002,10,20,2,16
XMSSMT-SHA2_20/2_256,PUB_R3,3547,3547,3548,10673630,2578852,PASS,4963,6002,10,20,2,16
XMSSMT-SHA2_20/2_256,PUB_R3,3548,3548,3549,5774408,2709518,PASS,4963,6002,10,20,2,16
XMSSMT-SHA2_20/2_256,PUB_R3,3549,3549,3550,5953463,2545241,PASS,4963,6002,10,20,2,16
XMSSMT-SHA2_20/2_256,PUB_R3,3550,3550,3551,5973223,2538019,PASS,4963,6002,10,20,2,16
XMSSMT-SHA2_20/2_256,PUB_R3,3551,3551,3552,15408555,2622889,PASS,4963,6002,10,20,2,16
XMSSMT-SHA2_20/2_256,PUB_R3,3552,3552,3553,17828389,2582500,PASS,4963,6002,10,20,2,16
XMSSMT-SHA2_20/2_256,PUB_R3,3553,3553,3554,15374871,2689703,PASS,4963,6002,10,20,2,16
XMSSMT-SHA2_20/2_256,PUB_R3,3554,3554,3555,17927870,2485408,PASS,4963,6002,10,20,2,16
XMSSMT-SHA2_20/2_256,PUB_R3,3555,3555,3556,15414852,2611593,PASS,4963,6002,10,20,2,16
XMSSMT-SHA2_20/2_256,PUB_R3,3556,3556,3557,17782518,2613907,PASS,4963,6002,10,20,2,16
XMSSMT-SHA2_20/2_256,PUB_R3,3557,3557,3558,15444889,2587852,PASS,4963,6002,10,20,2,16
XMSSMT-SHA2_20/2_256,PUB_R3,3558,3558,3559,8294278,2580315,PASS,4963,6002,10,20,2,16
XMSSMT-SHA2_20/2_256,PUB_R3,3559,3559,3560,15416463,2611685,PASS,4963,6002,10,20,2,16
XMSSMT-SHA2_20/2_256,PUB_R3,3560,3560,3561,10511463,2738093,PASS,4963,6002,10,20,2,16
XMSSMT-SHA2_20/2_256,PUB_R3,3561,3561,3562,5937833,2559815,PASS,4963,6002,10,20,2,16
XMSSMT-SHA2_20/2_256,PUB_R3,3562,3562,3563,5832093,2638852,PASS,4963,6002,10,20,2,16
XMSSMT-SHA2_20/2_256,PUB_R3,3563,3563,3564,10712889,2548056,PASS,4963,6002,10,20,2,16
XMSSMT-SHA2_20/2_256,PUB_R3,3564,3564,3565,5921351,2549907,PASS,4963,6002,10,20,2,16
XMSSMT-SHA2_20/2_256,PUB_R3,3565,3565,3566,5944037,2543629,PASS,4963,6002,10,20,2,16
XMSSMT-SHA2_20/2_256,PUB_R3,3566,3566,3567,5672223,2799240,PASS,4963,6002,10,20,2,16
XMSSMT-SHA2_20/2_256,PUB_R3,3567,3567,3568,15440056,2588148,PASS,4963,6002,10,20,2,16
XMSSMT-SHA2_20/2_256,PUB_R3,3568,3568,3569,17924482,2462482,PASS,4963,6002,10,20,2,16
XMSSMT-SHA2_20/2_256,PUB_R3,3569,3569,3570,15461092,2542112,PASS,4963,6002,10,20,2,16
XMSSMT-SHA2_20/2_256,PUB_R3,3570,3570,3571,8318611,2552093,PASS,4963,6002,10,20,2,16
XMSSMT-SHA2_20/2_256,PUB_R3,3571,3571,3572,10649481,2612408,PASS,4963,6002,10,20,2,16
XMSSMT-SHA2_20/2_256,PUB_R3,3572,3572,3573,5685408,2806371,PASS,4963,6002,10,20,2,16
XMSSMT-SHA2_20/2_256,PUB_R3,3573,3573,3574,5838722,2640278,PASS,4963,6002,10,20,2,16
XMSSMT-SHA2_20/2_256,PUB_R3,3574,3574,3575,5779019,2709111,PASS,4963,6002,10,20,2,16
XMSSMT-SHA2_20/2_256,PUB_R3,3575,3575,3576,15518148,2592167,PASS,4963,6002,10,20,2,16
XMSSMT-SHA2_20/2_256,PUB_R3,3576,3576,3577,11002759,2613297,PASS,4963,6002,10,20,2,16
XMSSMT-SHA2_20/2_256,PUB_R3,3577,3577,3578,5967833,2651333,PASS,4963,6002,10,20,2,16
XMSSMT-SHA2_20/2_256,PUB_R3,3578,3578,3579,5986815,2581481,PASS,4963,6002,10,20,2,16
XMSSMT-SHA2_20/2_256,PUB_R3,3579,3579,3580,10732371,2546778,PASS,4963,6002,10,20,2,16
XMSSMT-SHA2_20/2_256,PUB_R3,3580,3580,3581,5743667,2740241,PASS,4963,6002,10,20,2,16
XMSSMT-SHA2_20/2_256,PUB_R3,3581,3581,3582,5840130,2645074,PASS,4963,6002,10,20,2,16
XMSSMT-SHA2_20/2_256,PUB_R3,3582,3582,3583,5922907,2545685,PASS,4963,6002,10,20,2,16
XMSSMT-SHA2_20/2_256,PUB_R3,3583,3583,3584,15526778,2512778,PASS,4963,6002,10,20,2,16
XMSSMT-SHA2_20/2_256,PUB_R3,3584,3584,3585,17786518,2575111,PASS,4963,6002,10,20,2,16
XMSSMT-SHA2_20/2_256,PUB_R3,3585,3585,3586,15362167,2643537,PASS,4963,6002,10,20,2,16
XMSSMT-SHA2_20/2_256,PUB_R3,3586,3586,3587,17912333,2451259,PASS,4963,6002,10,20,2,16
XMSSMT-SHA2_20/2_256,PUB_R3,3587,3587,3588,15391203,2611352,PASS,4963,6002,10,20,2,16
XMSSMT-SHA2_20/2_256,PUB_R3,3588,3588,3589,17765704,2621556,PASS,4963,6002,10,20,2,16
XMSSMT-SHA2_20/2_256,PUB_R3,3589,3589,3590,15445185,2584537,PASS,4963,6002,10,20,2,16
XMSSMT-SHA2_20/2_256,PUB_R3,3590,3590,3591,17797888,2605815,PASS,4963,6002,10,20,2,16
XMSSMT-SHA2_20/2_256,PUB_R3,3591,3591,3592,15489926,2550741,PASS,4963,6002,10,20,2,16
XMSSMT-SHA2_20/2_256,PUB_R3,3592,3592,3593,17859000,2518093,PASS,4963,6002,10,20,2,16
XMSSMT-SHA2_20/2_256,PUB_R3,3593,3593,3594,15440223,2581111,PASS,4963,6002,10,20,2,16
XMSSMT-SHA2_20/2_256,PUB_R3,3594,3594,3595,17909056,2513926,PASS,4963,6002,10,20,2,16
XMSSMT-SHA2_20/2_256,PUB_R3,3595,3595,3596,15476463,2548982,PASS,4963,6002,10,20,2,16
XMSSMT-SHA2_20/2_256,PUB_R3,3596,3596,3597,17823500,2584518,PASS,4963,6002,10,20,2,16
XMSSMT-SHA2_20/2_256,PUB_R3,3597,3597,3598,15323240,2709666,PASS,4963,6002,10,20,2,16
XMSSMT-SHA2_20/2_256,PUB_R3,3598,3598,3599,17745204,2656833,PASS,4963,6002,10,20,2,16
XMSSMT-SHA2_20/2_256,PUB_R3,3599,3599,3600,15250389,2770722,PASS,4963,6002,10,20,2,16
XMSSMT-SHA2_20/2_256,PUB_R3,3600,3600,3601,17736370,2638759,PASS,4963,6002,10,20,2,16
XMSSMT-SHA2_20/2_256,PUB_R3,3601,3601,3602,15460334,2586852,PASS,4963,6002,10,20,2,16
XMSSMT-SHA2_20/2_256,PUB_R3,3602,3602,3603,17830148,2546500,PASS,4963,6002,10,20,2,16
XMSSMT-SHA2_20/2_256,PUB_R3,3603,3603,3604,15437074,2576648,PASS,4963,6002,10,20,2,16
XMSSMT-SHA2_20/2_256,PUB_R3,3604,3604,3605,17608982,2774166,PASS,4963,6002,10,20,2,16
XMSSMT-SHA2_20/2_256,PUB_R3,3605,3605,3606,15386741,2620408,PASS,4963,6002,10,20,2,16
XMSSMT-SHA2_20/2_256,PUB_R3,3606,3606,3607,17908204,2494167,PASS,4963,6002,10,20,2,16
XMSSMT-SHA2_20/2_256,PUB_R3,3607,3607,3608,15402259,2610814,PASS,4963,6002,10,20,2,16
XMSSMT-SHA2_20/2_256,PUB_R3,3608,3608,3609,17777963,2577278,PASS,4963,6002,10,20,2,16
XMSSMT-SHA2_20/2_256,PUB_R3,3609,3609,3610,15320815,2705500,PASS,4963,6002,10,20,2,16
XMSSMT-SHA2_20/2_256,PUB_R3,3610,3610,3611,17829963,2578797,PASS,4963,6002,10,20,2,16
XMSSMT-SHA2_20/2_256,PUB_R3,3611,3611,3612,15415778,2616018,PASS,4963,6002,10,20,2,16
XMSSMT-SHA2_20/2_256,PUB_R3,3612,3612,3613,17666315,2719352,PASS,4963,6002,10,20,2,16
XMSSMT-SHA2_20/2_256,PUB_R3,3613,3613,3614,15481962,2547462,PASS,4963,6002,10,20,2,16
XMSSMT-SHA2_20/2_256,PUB_R3,3614,3614,3615,17790740,2611389,PASS,4963,6002,10,20,2,16
XMSSMT-SHA2_20/2_256,PUB_R3,3615,3615,3616,15648778,2393870,PASS,4963,6002,10,20,2,16
XMSSMT-SHA2_20/2_256,PUB_R3,3616,3616,3617,17835167,2542019,PASS,4963,6002,10,20,2,16
XMSSMT-SHA2_20/2_256,PUB_R3,3617,3617,3618,15422592,2645593,PASS,4963,6002,10,20,2,16
XMSSMT-SHA2_20/2_256,PUB_R3,3618,3618,3619,17818333,2590018,PASS,4963,6002,10,20,2,16
XMSSMT-SHA2_20/2_256,PUB_R3,3619,3619,3620,15417333,2613130,PASS,4963,6002,10,20,2,16
XMSSMT-SHA2_20/2_256,PUB_R3,3620,3620,3621,17714722,2704851,PASS,4963,6002,10,20,2,16
XMSSMT-SHA2_20/2_256,PUB_R3,3621,3621,3622,15433389,2579741,PASS,4963,6002,10,20,2,16
XMSSMT-SHA2_20/2_256,PUB_R3,3622,3622,3623,17867482,2550482,PASS,4963,6002,10,20,2,16
XMSSMT-SHA2_20/2_256,PUB_R3,3623,3623,3624,15388648,2645389,PASS,4963,6002,10,20,2,16
XMSSMT-SHA2_20/2_256,PUB_R3,3624,3624,3625,17799852,2590000,PASS,4963,6002,10,20,2,16
XMSSMT-SHA2_20/2_256,PUB_R3,3625,3625,3626,15410815,2626222,PASS,4963,6002,10,20,2,16
XMSSMT-SHA2_20/2_256,PUB_R3,3626,3626,3627,17625630,2801815,PASS,4963,6002,10,20,2,16
XMSSMT-SHA2_20/2_256,PUB_R3,3627,3627,3628,15621834,2392204,PASS,4963,6002,10,20,2,16
XMSSMT-SHA2_20/2_256,PUB_R3,3628,3628,3629,17749778,2642778,PASS,4963,6002,10,20,2,16
XMSSMT-SHA2_20/2_256,PUB_R3,3629,3629,3630,15511629,2512778,PASS,4963,6002,10,20,2,16
XMSSMT-SHA2_20/2_256,PUB_R3,3630,3630,3631,17839537,2579777,PASS,4963,6002,10,20,2,16
XMSSMT-SHA2_20/2_256,PUB_R3,3631,3631,3632,15547518,2450093,PASS,4963,6002,10,20,2,16
XMSSMT-SHA2_20/2_256,PUB_R3,3632,3632,3633,17842204,2550926,PASS,4963,6002,10,20,2,16
XMSSMT-SHA2_20/2_256,PUB_R3,3633,3633,3634,15372019,2643149,PASS,4963,6002,10,20,2,16
XMSSMT-SHA2_20/2_256,PUB_R3,3634,3634,3635,17799426,2579778,PASS,4963,6002,10,20,2,16
XMSSMT-SHA2_20/2_256,PUB_R3,3635,3635,3636,15273759,2738574,PASS,4963,6002,10,20,2,16
XMSSMT-SHA2_20/2_256,PUB_R3,3636,3636,3637,17920000,2448334,PASS,4963,6002,10,20,2,16
XMSSMT-SHA2_20/2_256,PUB_R3,3637,3637,3638,15457352,2546741,PASS,4963,6002,10,20,2,16
XMSSMT-SHA2_20/2_256,PUB_R3,3638,3638,3639,17821481,2584167,PASS,4963,6002,10,20,2,16
XMSSMT-SHA2_20/2_256,PUB_R3,3639,3639,3640,15365334,2639722,PASS,4963,6002,10,20,2,16
XMSSMT-SHA2_20/2_256,PUB_R3,3640,3640,3641,17891111,2484370,PASS,4963,6002,10,20,2,16
XMSSMT-SHA2_20/2_256,PUB_R3,3641,3641,3642,15292815,2742852,PASS,4963,6002,10,20,2,16
XMSSMT-SHA2_20/2_256,PUB_R3,3642,3642,3643,17822074,2581278,PASS,4963,6002,10,20,2,16
XMSSMT-SHA2_20/2_256,PUB_R3,3643,3643,3644,15300185,2705093,PASS,4963,6002,10,20,2,16
XMSSMT-SHA2_20/2_256,PUB_R3,3644,3644,3645,17708760,2714889,PASS,4963,6002,10,20,2,16
XMSSMT-SHA2_20/2_256,PUB_R3,3645,3645,3646,15570296,2453037,PASS,4963,6002,10,20,2,16
XMSSMT-SHA2_20/2_256,PUB_R3,3646,3646,3647,17876037,2548278,PASS,4963,6002,10,20,2,16
XMSSMT-SHA2_20/2_256,PUB_R3,3647,3647,3648,15318926,2708889,PASS,4963,6002,10,20,2,16
XMSSMT-SHA2_20/2_256,PUB_R3,3648,3648,3649,17885889,2518351,PASS,4963,6002,10,20,2,16
XMSSMT-SHA2_20/2_256,PUB_R3,3649,3649,3650,15500537,2514592,PASS,4963,6002,10,20,2,16
XMSSMT-SHA2_20/2_256,PUB_R3,3650,3650,3651,17947760,2469444,PASS,4963,6002,10,20,2,16
XMSSMT-SHA2_20/2_256,PUB_R3,3651,3651,3652,15261611,2741833,PASS,4963,6002,10,20,2,16
XMSSMT-SHA2_20/2_256,PUB_R3,3652,3652,3653,17835760,2578019,PASS,4963,6002,10,20,2,16
XMSSMT-SHA2_20/2_256,PUB_R3,3653,3653,3654,15422259,2613963,PASS,4963,6002,10,20,2,16
XMSSMT-SHA2_20/2_256,PUB_R3,3654,3654,3655,17756796,2648037,PASS,4963,6002,10,20,2,16
XMSSMT-SHA2_20/2_256,PUB_R3,3655,3655,3656,15550204,2487334,PASS,4963,6002,10,20,2,16
XMSSMT-SHA2_20/2_256,PUB_R3,3656,3656,3657,17847074,2549074,PASS,4963,6002,10,20,2,16
XMSSMT-SHA2_20/2_256,PUB_R3,3657,3657,3658,15379481,2651092,PASS,4963,6002,10,20,2,16
XMSSMT-SHA2_20/2_256,PUB_R3,3658,3658,3659,17843630,2595333,PASS,4963,6002,10,20,2,16
XMSSMT-SHA2_20/2_256,PUB_R3,3659,3659,3660,15318537,2711259,PASS,4963,6002,10,20,2,16
XMSSMT-SHA2_20/2_256,PUB_R3,3660,3660,3661,17576963,2805204,PASS,4963,6002,10,20,2,16
XMSSMT-SHA2_20/2_256,PUB_R3,3661,3661,3662,15456611,2581037,PASS,4963,6002,10,20,2,16
XMSSMT-SHA2_20/2_256,PUB_R3,3662,3662,3663,17791260,2608351,PASS,4963,6002,10,20,2,16
XMSSMT-SHA2_20/2_256,PUB_R3,3663,3663,3664,15481149,2553704,PASS,4963,6002,10,20,2,16
XMSSMT-SHA2_20/2_256,PUB_R3,3664,3664,3665,17652074,2749908,PASS,4963,6002,10,20,2,16
XMSSMT-SHA2_20/2_256,PUB_R3,3665,3665,3666,15313000,2704722,PASS,4963,6002,10,20,2,16
XMSSMT-SHA2_20/2_256,PUB_R3,3666,3666,3667,17654722,2734593,PASS,4963,6002,10,20,2,16
XMSSMT-SHA2_20/2_256,PUB_R3,3667,3667,3668,15392445,2617148,PASS,4963,6002,10,20,2,16
XMSSMT-SHA2_20/2_256,PUB_R3,3668,3668,3669,17735574,2645870,PASS,4963,6002,10,20,2,16
XMSSMT-SHA2_20/2_256,PUB_R3,3669,3669,3670,15383685,2643204,PASS,4963,6002,10,20,2,16
XMSSMT-SHA2_20/2_256,PUB_R3,3670,3670,3671,17832611,2615222,PASS,4963,6002,10,20,2,16
XMSSMT-SHA2_20/2_256,PUB_R3,3671,3671,3672,15333500,2708240,PASS,4963,6002,10,20,2,16
XMSSMT-SHA2_20/2_256,PUB_R3,3672,3672,3673,17859277,2546388,PASS,4963,6002,10,20,2,16
XMSSMT-SHA2_20/2_256,PUB_R3,3673,3673,3674,15448222,2582815,PASS,4963,6002,10,20,2,16
XMSSMT-SHA2_20/2_256,PUB_R3,3674,3674,3675,17688593,2707278,PASS,4963,6002,10,20,2,16
XMSSMT-SHA2_20/2_256,PUB_R3,3675,3675,3676,15376055,2640612,PASS,4963,6002,10,20,2,16
XMSSMT-SHA2_20/2_256,PUB_R3,3676,3676,3677,17794630,2589556,PASS,4963,6002,10,20,2,16
XMSSMT-SHA2_20/2_256,PUB_R3,3677,3677,3678,15507518,2522389,PASS,4963,6002,10,20,2,16
XMSSMT-SHA2_20/2_256,PUB_R3,3678,3678,3679,17736463,2646870,PASS,4963,6002,10,20,2,16
XMSSMT-SHA2_20/2_256,PUB_R3,3679,3679,3680,15392963,2646426,PASS,4963,6002,10,20,2,16
XMSSMT-SHA2_20/2_256,PUB_R3,3680,3680,3681,17835481,2547426,PASS,4963,6002,10,20,2,16
XMSSMT-SHA2_20/2_256,PUB_R3,3681,3681,3682,15519481,2515999,PASS,4963,6002,10,20,2,16
XMSSMT-SHA2_20/2_256,PUB_R3,3682,3682,3683,17904037,2480278,PASS,4963,6002,10,20,2,16
XMSSMT-SHA2_20/2_256,PUB_R3,3683,3683,3684,15454092,2545167,PASS,4963,6002,10,20,2,16
XMSSMT-SHA2_20/2_256,PUB_R3,3684,3684,3685,17859981,2519667,PASS,4963,6002,10,20,2,16
XMSSMT-SHA2_20/2_256,PUB_R3,3685,3685,3686,15484648,2545741,PASS,4963,6002,10,20,2,16
XMSSMT-SHA2_20/2_256,PUB_R3,3686,3686,3687,17684278,2707315,PASS,4963,6002,10,20,2,16
XMSSMT-SHA2_20/2_256,PUB_R3,3687,3687,3688,15401556,2615537,PASS,4963,6002,10,20,2,16
XMSSMT-SHA2_20/2_256,PUB_R3,3688,3688,3689,17807111,2580111,PASS,4963,6002,10,20,2,16
XMSSMT-SHA2_20/2_256,PUB_R3,3689,3689,3690,15399500,2612315,PASS,4963,6002,10,20,2,16
XMSSMT-SHA2_20/2_256,PUB_R3,3690,3690,3691,17678537,2741648,PASS,4963,6002,10,20,2,16
XMSSMT-SHA2_20/2_256,PUB_R3,3691,3691,3692,10631963,2613259,PASS,4963,6002,10,20,2,16
XMSSMT-SHA2_20/2_256,PUB_R3,3692,3692,3693,5745388,2739575,PASS,4963,6002,10,20,2,16
XMSSMT-SHA2_20/2_256,PUB_R3,3693,3693,3694,5903407,2578963,PASS,4963,6002,10,20,2,16
XMSSMT-SHA2_20/2_256,PUB_R3,3694,3694,3695,5875703,2612907,PASS,4963,6002,10,20,2,16
XMSSMT-SHA2_20/2_256,PUB_R3,3695,3695,3696,15604037,2457444,PASS,4963,6002,10,20,2,16
XMSSMT-SHA2_20/2_256,PUB_R3,3696,3696,3697,17681685,2707037,PASS,4963,6002,10,20,2,16
XMSSMT-SHA2_20/2_256,PUB_R3,3697,3697,3698,15314315,2705371,PASS,4963,6002,10,20,2,16
XMSSMT-SHA2_20/2_256,PUB_R3,3698,3698,3699,8271963,2609278,PASS,4963,6002,10,20,2,16
XMSSMT-SHA2_20/2_256,PUB_R3,3699,3699,3700,10710723,2558666,PASS,4963,6002,10,20,2,16
XMSSMT-SHA2_20/2_256,PUB_R3,3700,3700,3701,5937148,2546482,PASS,4963,6002,10,20,2,16
XMSSMT-SHA2_20/2_256,PUB_R3,3701,3701,3702,5880111,2629259,PASS,4963,6002,10,20,2,16
XMSSMT-SHA2_20/2_256,PUB_R3,3702,3702,3703,5775723,2708611,PASS,4963,6002,10,20,2,16
XMSSMT-SHA2_20/2_256,PUB_R3,3703,3703,3704,15507296,2521167,PASS,4963,6002,10,20,2,16
XMSSMT-SHA2_20/2_256,PUB_R3,3704,3704,3705,10742407,2519833,PASS,4963,6002,10,20,2,16
XMSSMT-SHA2_20/2_256,PUB_R3,3705,3705,3706,6001592,2496055,PASS,4963,6002,10,20,2,16
XMSSMT-SHA2_20/2_256,PUB_R3,3706,3706,3707,5933055,2548945,PASS,4963,6002,10,20,2,16
XMSSMT-SHA2_20/2_256,PUB_R3,3707,3707,3708,10524166,2736203,PASS,4963,6002,10,20,2,16
XMSSMT-SHA2_20/2_256,PUB_R3,3708,3708,3709,5935240,2565223,PASS,4963,6002,10,20,2,16
XMSSMT-SHA2_20/2_256,PUB_R3,3709,3709,3710,5788648,2706704,PASS,4963,6002,10,20,2,16
XMSSMT-SHA2_20/2_256,PUB_R3,3710,3710,3711,5931056,2566056,PASS,4963,6002,10,20,2,16
XMSSMT-SHA2_20/2_256,PUB_R3,3711,3711,3712,15545149,2485685,PASS,4963,6002,10,20,2,16
XMSSMT-SHA2_20/2_256,PUB_R3,3712,3712,3713,17801222,2611574,PASS,4963,6002,10,20,2,16
XMSSMT-SHA2_20/2_256,PUB_R3,3713,3713,3714,15428741,2615685,PASS,4963,6002,10,20,2,16
XMSSMT-SHA2_20/2_256,PUB_R3,3714,3714,3715,17839703,2580760,PASS,4963,6002,10,20,2,16
XMSSMT-SHA2_20/2_256,PUB_R3,3715,3715,3716,15408500,2612740,PASS,4963,6002,10,20,2,16
XMSSMT-SHA2_20/2_256,PUB_R3,3716,3716,3717,17942167,2467444,PASS,4963,6002,10,20,2,16
XMSSMT-SHA2_20/2_256,PUB_R3,3717,3717,3718,15376074,2652778,PASS,4963,6002,10,20,2,16
XMSSMT-SHA2_20/2_256,PUB_R3,3718,3718,3719,17866000,2544463,PASS,4963,6002,10,20,2,16
XMSSMT-SHA2_20/2_256,PUB_R3,3719,3719,3720,15413148,2612389,PASS,4963,6002,10,20,2,16
XMSSMT-SHA2_20/2_256,PUB_R3,3720,3720,3721,17845907,2553500,PASS,4963,6002,10,20,2,16
XMSSMT-SHA2_20/2_256,PUB_R3,3721,3721,3722,15430056,2573814,PASS,4963,6002,10,20,2,16
XMSSMT-SHA2_20/2_256,PUB_R3,3722,3722,3723,17860370,2548185,PASS,4963,6002,10,20,2,16
XMSSMT-SHA2_20/2_256,PUB_R3,3723,3723,3724,15371777,2643315,PASS,4963,6002,10,20,2,16
XMSSMT-SHA2_20/2_256,PUB_R3,3724,3724,3725,17875555,2527074,PASS,4963,6002,10,20,2,16
XMSSMT-SHA2_20/2_256,PUB_R3,3725,3725,3726,15393778,2608815,PASS,4963,6002,10,20,2,16
XMSSMT-SHA2_20/2_256,PUB_R3,3726,3726,3727,17817722,2579666,PASS,4963,6002,10,20,2,16
XMSSMT-SHA2_20/2_256,PUB_R3,3727,3727,3728,15457760,2541111,PASS,4963,6002,10,20,2,16
XMSSMT-SHA2_20/2_256,PUB_R3,3728,3728,3729,17767204,2613222,PASS,4963,6002,10,20,2,16
XMSSMT-SHA2_20/2_256,PUB_R3,3729,3729,3730,15273982,2737777,PASS,4963,6002,10,20,2,16
XMSSMT-SHA2_20/2_256,PUB_R3,3730,3730,3731,17790518,2626426,PASS,4963,6002,10,20,2,16
XMSSMT-SHA2_20/2_256,PUB_R3,3731,3731,3732,15529833,2547389,PASS,4963,6002,10,20,2,16
XMSSMT-SHA2_20/2_256,PUB_R3,3732,3732,3733,17829704,2590185,PASS,4963,6002,10,20,2,16
XMSSMT-SHA2_20/2_256,PUB_R3,3733,3733,3734,15378389,2649260,PASS,4963,6002,10,20,2,16
XMSSMT-SHA2_20/2_256,PUB_R3,3734,3734,3735,17776685,2648056,PASS,4963,6002,10,20,2,16
XMSSMT-SHA2_20/2_256,PUB_R3,3735,3735,3736,15309629,2707148,PASS,4963,6002,10,20,2,16
XMSSMT-SHA2_20/2_256,PUB_R3,3736,3736,3737,17823630,2594148,PASS,4963,6002,10,20,2,16
XMSSMT-SHA2_20/2_256,PUB_R3,3737,3737,3738,15493796,2549074,PASS,4963,6002,10,20,2,16
XMSSMT-SHA2_20/2_256,PUB_R3,3738,3738,3739,17915963,2517500,PASS,4963,6002,10,20,2,16
XMSSMT-SHA2_20/2_256,PUB_R3,3739,3739,3740,15446981,2582260,PASS,4963,6002,10,20,2,16
XMSSMT-SHA2_20/2_256,PUB_R3,3740,3740,3741,17793333,2614408,PASS,4963,6002,10,20,2,16
XMSSMT-SHA2_20/2_256,PUB_R3,3741,3741,3742,15494851,2548444,PASS,4963,6002,10,20,2,16
XMSSMT-SHA2_20/2_256,PUB_R3,3742,3742,3743,17830926,2579445,PASS,4963,6002,10,20,2,16
XMSSMT-SHA2_20/2_256,PUB_R3,3743,3743,3744,15433852,2577889,PASS,4963,6002,10,20,2,16
XMSSMT-SHA2_20/2_256,PUB_R3,3744,3744,3745,17862426,2515629,PASS,4963,6002,10,20,2,16
XMSSMT-SHA2_20/2_256,PUB_R3,3745,3745,3746,15241778,2770722,PASS,4963,6002,10,20,2,16
XMSSMT-SHA2_20/2_256,PUB_R3,3746,3746,3747,17902759,2514074,PASS,4963,6002,10,20,2,16
XMSSMT-SHA2_20/2_256,PUB_R3,3747,3747,3748,15391000,2609185,PASS,4963,6002,10,20,2,16
XMSSMT-SHA2_20/2_256,PUB_R3,3748,3748,3749,17713166,2637981,PASS,4963,6002,10,20,2,16
XMSSMT-SHA2_20/2_256,PUB_R3,3749,3749,3750,15366537,2644760,PASS,4963,6002,10,20,2,16
XMSSMT-SHA2_20/2_256,PUB_R3,3750,3750,3751,17661056,2704871,PASS,4963,6002,10,20,2,16
XMSSMT-SHA2_20/2_256,PUB_R3,3751,3751,3752,15487574,2548593,PASS,4963,6002,10,20,2,16
XMSSMT-SHA2_20/2_256,PUB_R3,3752,3752,3753,17729500,2648593,PASS,4963,6002,10,20,2,16
XMSSMT-SHA2_20/2_256,PUB_R3,3753,3753,3754,15462667,2585963,PASS,4963,6002,10,20,2,16
XMSSMT-SHA2_20/2_256,PUB_R3,3754,3754,3755,17782037,2608759,PASS,4963,6002,10,20,2,16
XMSSMT-SHA2_20/2_256,PUB_R3,3755,3755,3756,10652685,2614740,PASS,4963,6002,10,20,2,16
XMSSMT-SHA2_20/2_256,PUB_R3,3756,3756,3757,5862537,2620093,PASS,4963,6002,10,20,2,16
XMSSMT-SHA2_20/2_256,PUB_R3,3757,3757,3758,6003185,2482037,PASS,4963,6002,10,20,2,16
XMSSMT-SHA2_20/2_256,PUB_R3,3758,3758,3759,5759241,2711111,PASS,4963,6002,10,20,2,16
XMSSMT-SHA2_20/2_256,PUB_R3,3759,3759,3760,15402334,2651500,PASS,4963,6002,10,20,2,16
XMSSMT-SHA2_20/2_256,PUB_R3,3760,3760,3761,17675556,2745648,PASS,4963,6002,10,20,2,16
XMSSMT-SHA2_20/2_256,PUB_R3,3761,3761,3762,15519555,2520722,PASS,4963,6002,10,20,2,16
XMSSMT-SHA2_20/2_256,PUB_R3,3762,3762,3763,8236185,2654926,PASS,4963,6002,10,20,2,16
XMSSMT-SHA2_20/2_256,PUB_R3,3763,3763,3764,10539167,2709926,PASS,4963,6002,10,20,2,16
XMSSMT-SHA2_20/2_256,PUB_R3,3764,3764,3765,6044760,2450907,PASS,4963,6002,10,20,2,16
XMSSMT-SHA2_20/2_256,PUB_R3,3765,3765,3766,5743685,2740481,PASS,4963,6002,10,20,2,16
XMSSMT-SHA2_20/2_256,PUB_R3,3766,3766,3767,6037204,2448167,PASS,4963,6002,10,20,2,16
XMSSMT-SHA2_20/2_256,PUB_R3,3767,3767,3768,15387944,2643629,PASS,4963,6002,10,20,2,16
XMSSMT-SHA2_20/2_256,PUB_R3,3768,3768,3769,10800833,2451167,PASS,4963,6002,10,20,2,16
XMSSMT-SHA2_20/2_256,PUB_R3,3769,3769,3770,5840055,2637871,PASS,4963,6002,10,20,2,16
XMSSMT-SHA2_20/2_256,PUB_R3,3770,3770,3771,6037241,2455167,PASS,4963,6002,10,20,2,16
XMSSMT-SHA2_20/2_256,PUB_R3,3771,3771,3772,10539871,2720222,PASS,4963,6002,10,20,2,16
XMSSMT-SHA2_20/2_256,PUB_R3,3772,3772,3773,5827500,2644796,PASS,4963,6002,10,20,2,16
XMSSMT-SHA2_20/2_256,PUB_R3,3773,3773,3774,5901204,2589982,PASS,4963,6002,10,20,2,16
XMSSMT-SHA2_20/2_256,PUB_R3,3774,3774,3775,5871074,2609351,PASS,4963,6002,10,20,2,16
XMSSMT-SHA2_20/2_256,PUB_R3,3775,3775,3776,15525148,2518334,PASS,4963,6002,10,20,2,16
XMSSMT-SHA2_20/2_256,PUB_R3,3776,3776,3777,17862574,2524834,PASS,4963,6002,10,20,2,16
XMSSMT-SHA2_20/2_256,PUB_R3,3777,3777,3778,15218055,2801296,PASS,4963,6002,10,20,2,16
XMSSMT-SHA2_20/2_256,PUB_R3,3778,3778,3779,17693074,2706129,PASS,4963,6002,10,20,2,16
XMSSMT-SHA2_20/2_256,PUB_R3,3779,3779,3780,15442333,2581481,PASS,4963,6002,10,20,2,16
XMSSMT-SHA2_20/2_256,PUB_R3,3780,3780,3781,17945111,2451797,PASS,4963,6002,10,20,2,16
XMSSMT-SHA2_20/2_256,PUB_R3,3781,3781,3782,15386296,2647370,PASS,4963,6002,10,20,2,16
XMSSMT-SHA2_20/2_256,PUB_R3,3782,3782,3783,17790722,2617241,PASS,4963,6002,10,20,2,16
XMSSMT-SHA2_20/2_256,PUB_R3,3783,3783,3784,15551703,2456389,PASS,4963,6002,10,20,2,16
XMSSMT-SHA2_20/2_256,PUB_R3,3784,3784,3785,17754093,2643796,PASS,4963,6002,10,20,2,16
XMSSMT-SHA2_20/2_256,PUB_R3,3785,3785,3786,15408148,2611741,PASS,4963,6002,10,20,2,16
XMSSMT-SHA2_20/2_256,PUB_R3,3786,3786,3787,17883778,2520111,PASS,4963,6002,10,20,2,16
XMSSMT-SHA2_20/2_256,PUB_R3,3787,3787,3788,15435648,2576741,PASS,4963,6002,10,20,2,16
XMSSMT-SHA2_20/2_256,PUB_R3,3788,3788,3789,17877370,2516445,PASS,4963,6002,10,20,2,16
XMSSMT-SHA2_20/2_256,PUB_R3,3789,3789,3790,15483278,2554482,PASS,4963,6002,10,20,2,16
XMSSMT-SHA2_20/2_256,PUB_R3,3790,3790,3791,18005185,2421259,PASS,4963,6002,10,20,2,16
XMSSMT-SHA2_20/2_256,PUB_R3,3791,3791,3792,15438500,2583889,PASS,4963,6002,10,20,2,16
XMSSMT-SHA2_20/2_256,PUB_R3,3792,3792,3793,17733556,2708203,PASS,4963,6002,10,20,2,16
XMSSMT-SHA2_20/2_256,PUB_R3,3793,3793,3794,15428129,2572963,PASS,4963,6002,10,20,2,16
XMSSMT-SHA2_20/2_256,PUB_R3,3794,3794,3795,8248852,2623482,PASS,4963,6002,10,20,2,16
XMSSMT-SHA2_20/2_256,PUB_R3,3795,3795,3796,10684556,2581093,PASS,4963,6002,10,20,2,16
XMSSMT-SHA2_20/2_256,PUB_R3,3796,3796,3797,5947686,2545814,PASS,4963,6002,10,20,2,16
XMSSMT-SHA2_20/2_256,PUB_R3,3797,3797,3798,5900111,2598611,PASS,4963,6002,10,20,2,16
XMSSMT-SHA2_20/2_256,PUB_R3,3798,3798,3799,5839259,2641500,PASS,4963,6002,10,20,2,16
XMSSMT-SHA2_20/2_256,PUB_R3,3799,3799,3800,15471463,2546445,PASS,4963,6002,10,20,2,16
XMSSMT-SHA2_20/2_256,PUB_R3,3800,3800,3801,10834074,2420315,PASS,4963,6002,10,20,2,16
XMSSMT-SHA2_20/2_256,PUB_R3,3801,3801,3802,5844445,2649592,PASS,4963,6002,10,20,2,16
XMSSMT-SHA2_20/2_256,PUB_R3,3802,3802,3803,5867629,2608351,PASS,4963,6002,10,20,2,16
XMSSMT-SHA2_20/2_256,PUB_R3,3803,3803,3804,10745370,2529407,PASS,4963,6002,10,20,2,16
XMSSMT-SHA2_20/2_256,PUB_R3,3804,3804,3805,5966574,2511722,PASS,4963,6002,10,20,2,16
XMSSMT-SHA2_20/2_256,PUB_R3,3805,3805,3806,5794463,2705000,PASS,4963,6002,10,20,2,16
XMSSMT-SHA2_20/2_256,PUB_R3,3806,3806,3807,5895037,2575222,PASS,4963,6002,10,20,2,16
XMSSMT-SHA2_20/2_256,PUB_R3,3807,3807,3808,15443056,2581351,PASS,4963,6002,10,20,2,16
XMSSMT-SHA2_20/2_256,PUB_R3,3808,3808,3809,17904055,2484463,PASS,4963,6002,10,20,2,16
XMSSMT-SHA2_20/2_256,PUB_R3,3809,3809,3810,15469741,2549240,PASS,4963,6002,10,20,2,16
XMSSMT-SHA2_20/2_256,PUB_R3,3810,3810,3811,17759612,2610056,PASS,4963,6002,10,20,2,16
XMSSMT-SHA2_20/2_256,PUB_R3,3811,3811,3812,15450666,2544463,PASS,4963,6002,10,20,2,16
XMSSMT-SHA2_20/2_256,PUB_R3,3812,3812,3813,17808574,2575852,PASS,4963,6002,10,20,2,16
XMSSMT-SHA2_20/2_256,PUB_R3,3813,3813,3814,15543148,2485630,PASS,4963,6002,10,20,2,16
XMSSMT-SHA2_20/2_256,PUB_R3,3814,3814,3815,8226648,2644815,PASS,4963,6002,10,20,2,16
XMSSMT-SHA2_20/2_256,PUB_R3,3815,3815,3816,15435463,2579963,PASS,4963,6002,10,20,2,16
XMSSMT-SHA2_20/2_256,PUB_R3,3816,3816,3817,10505426,2735981,PASS,4963,6002,10,20,2,16
XMSSMT-SHA2_20/2_256,PUB_R3,3817,3817,3818,5932092,2544297,PASS,4963,6002,10,20,2,16
XMSSMT-SHA2_20/2_256,PUB_R3,3818,3818,3819,5930333,2548611,PASS,4963,6002,10,20,2,16
XMSSMT-SHA2_20/2_256,PUB_R3,3819,3819,3820,10591685,2646167,PASS,4963,6002,10,20,2,16
XMSSMT-SHA2_20/2_256,PUB_R3,3820,3820,3821,5773093,2708426,PASS,4963,6002,10,20,2,16
XMSSMT-SHA2_20/2_256,PUB_R3,3821,3821,3822,5838130,2652741,PASS,4963,6002,10,20,2,16
XMSSMT-SHA2_20/2_256,PUB_R3,3822,3822,3823,5903500,2609593,PASS,4963,6002,10,20,2,16
XMSSMT-SHA2_20/2_256,PUB_R3,3823,3823,3824,15465722,2583389,PASS,4963,6002,10,20,2,16
XMSSMT-SHA2_20/2_256,PUB_R3,3824,3824,3825,17750925,2644500,PASS,4963,6002,10,20,2,16
XMSSMT-SHA2_20/2_256,PUB_R3,3825,3825,3826,15381037,2644037,PASS,4963,6002,10,20,2,16
XMSSMT-SHA2_20/2_256,PUB_R3,3826,3826,3827,8406148,2485500,PASS,4963,6002,10,20,2,16
XMSSMT-SHA2_20/2_256,PUB_R3,3827,3827,3828,10756241,2513222,PASS,4963,6002,10,20,2,16
XMSSMT-SHA2_20/2_256,PUB_R3,3828,3828,3829,5836463,2640260,PASS,4963,6002,10,20,2,16
XMSSMT-SHA2_20/2_256,PUB_R3,3829,3829,3830,5801667,2711444,PASS,4963,6002,10,20,2,16
XMSSMT-SHA2_20/2_256,PUB_R3,3830,3830,3831,5959741,2518055,PASS,4963,6002,10,20,2,16
XMSSMT-SHA2_20/2_256,PUB_R3,3831,3831,3832,15500018,2550500,PASS,4963,6002,10,20,2,16
XMSSMT-SHA2_20/2_256,PUB_R3,3832,3832,3833,10701537,2547574,PASS,4963,6002,10,20,2,16
XMSSMT-SHA2_20/2_256,PUB_R3,3833,3833,3834,5791018,2705852,PASS,4963,6002,10,20,2,16
XMSSMT-SHA2_20/2_256,PUB_R3,3834,3834,3835,5991315,2485241,PASS,4963,6002,10,20,2,16
XMSSMT-SHA2_20/2_256,PUB_R3,3835,3835,3836,10654444,2612870,PASS,4963,6002,10,20,2,16
XMSSMT-SHA2_20/2_256,PUB_R3,3836,3836,3837,5920185,2580556,PASS,4963,6002,10,20,2,16
XMSSMT-SHA2_20/2_256,PUB_R3,3837,3837,3838,5877833,2608797,PASS,4963,6002,10,20,2,16
XMSSMT-SHA2_20/2_256,PUB_R3,3838,3838,3839,5780648,2711148,PASS,4963,6002,10,20,2,16
XMSSMT-SHA2_20/2_256,PUB_R3,3839,3839,3840,15382388,2659388,PASS,4963,6002,10,20,2,16
XMSSMT-SHA2_20/2_256,PUB_R3,3840,3840,3841,17672908,2706833,PASS,4963,6002,10,20,2,16
XMSSMT-SHA2_20/2_256,PUB_R3,3841,3841,3842,15402537,2644926,PASS,4963,6002,10,20,2,16
XMSSMT-SHA2_20/2_256,PUB_R3,3842,3842,3843,17813018,2577519,PASS,4963,6002,10,20,2,16
XMSSMT-SHA2_20/2_256,PUB_R3,3843,3843,3844,15286519,2741592,PASS,4963,6002,10,20,2,16
XMSSMT-SHA2_20/2_256,PUB_R3,3844,3844,3845,17762629,2641629,PASS,4963,6002,10,20,2,16
XMSSMT-SHA2_20/2_256,PUB_R3,3845,3845,3846,15505185,2519686,PASS,4963,6002,10,20,2,16
XMSSMT-SHA2_20/2_256,PUB_R3,3846,3846,3847,17851444,2547056,PASS,4963,6002,10,20,2,16
XMSSMT-SHA2_20/2_256,PUB_R3,3847,3847,3848,15416815,2612926,PASS,4963,6002,10,20,2,16
XMSSMT-SHA2_20/2_256,PUB_R3,3848,3848,3849,17838611,2552093,PASS,4963,6002,10,20,2,16
XMSSMT-SHA2_20/2_256,PUB_R3,3849,3849,3850,15394630,2645111,PASS,4963,6002,10,20,2,16
XMSSMT-SHA2_20/2_256,PUB_R3,3850,3850,3851,17909815,2487426,PASS,4963,6002,10,20,2,16
XMSSMT-SHA2_20/2_256,PUB_R3,3851,3851,3852,15483888,2559019,PASS,4963,6002,10,20,2,16
XMSSMT-SHA2_20/2_256,PUB_R3,3852,3852,3853,17585741,2800981,PASS,4963,6002,10,20,2,16
XMSSMT-SHA2_20/2_256,PUB_R3,3853,3853,3854,15319833,2705611,PASS,4963,6002,10,20,2,16
XMSSMT-SHA2_20/2_256,PUB_R3,3854,3854,3855,17767296,2639760,PASS,4963,6002,10,20,2,16
XMSSMT-SHA2_20/2_256,PUB_R3,3855,3855,3856,15329666,2712481,PASS,4963,6002,10,20,2,16
XMSSMT-SHA2_20/2_256,PUB_R3,3856,3856,3857,17649056,2748870,PASS,4963,6002,10,20,2,16
XMSSMT-SHA2_20/2_256,PUB_R3,3857,3857,3858,15394111,2655963,PASS,4963,6002,10,20,2,16
XMSSMT-SHA2_20/2_256,PUB_R3,3858,3858,3859,17883833,2516482,PASS,4963,6002,10,20,2,16
XMSSMT-SHA2_20/2_256,PUB_R3,3859,3859,3860,15482278,2549426,PASS,4963,6002,10,20,2,16
XMSSMT-SHA2_20/2_256,PUB_R3,3860,3860,3861,17819278,2610519,PASS,4963,6002,10,20,2,16
XMSSMT-SHA2_20/2_256,PUB_R3,3861,3861,3862,15287519,2750537,PASS,4963,6002,10,20,2,16
XMSSMT-SHA2_20/2_256,PUB_R3,3862,3862,3863,17774722,2650148,PASS,4963,6002,10,20,2,16
XMSSMT-SHA2_20/2_256,PUB_R3,3863,3863,3864,15314389,2704241,PASS,4963,6002,10,20,2,16
XMSSMT-SHA2_20/2_256,PUB_R3,3864,3864,3865,17948111,2488944,PASS,4963,6002,10,20,2,16
XMSSMT-SHA2_20/2_256,PUB_R3,3865,3865,3866,15431444,2585388,PASS,4963,6002,10,20,2,16
XMSSMT-SHA2_20/2_256,PUB_R3,3866,3866,3867,17811852,2615481,PASS,4963,6002,10,20,2,16
XMSSMT-SHA2_20/2_256,PUB_R3,3867,3867,3868,15483703,2551667,PASS,4963,6002,10,20,2,16
XMSSMT-SHA2_20/2_256,PUB_R3,3868,3868,3869,17749648,2650370,PASS,4963,6002,10,20,2,16
XMSSMT-SHA2_20/2_256,PUB_R3,3869,3869,3870,15473777,2553037,PASS,4963,6002,10,20,2,16
XMSSMT-SHA2_20/2_256,PUB_R3,3870,3870,3871,17803555,2611889,PASS,4963,6002,10,20,2,16
XMSSMT-SHA2_20/2_256,PUB_R3,3871,3871,3872,15522852,2483741,PASS,4963,6002,10,20,2,16
XMSSMT-SHA2_20/2_256,PUB_R3,3872,3872,3873,17639888,2738926,PASS,4963,6002,10,20,2,16
XMSSMT-SHA2_20/2_256,PUB_R3,3873,3873,3874,15388130,2606777,PASS,4963,6002,10,20,2,16
XMSSMT-SHA2_20/2_256,PUB_R3,3874,3874,3875,17969630,2422333,PASS,4963,6002,10,20,2,16
XMSSMT-SHA2_20/2_256,PUB_R3,3875,3875,3876,15414778,2578908,PASS,4963,6002,10,20,2,16
XMSSMT-SHA2_20/2_256,PUB_R3,3876,3876,3877,17824352,2577889,PASS,4963,6002,10,20,2,16
XMSSMT-SHA2_20/2_256,PUB_R3,3877,3877,3878,15383574,2612648,PASS,4963,6002,10,20,2,16
XMSSMT-SHA2_20/2_256,PUB_R3,3878,3878,3879,17766759,2609519,PASS,4963,6002,10,20,2,16
XMSSMT-SHA2_20/2_256,PUB_R3,3879,3879,3880,15387241,2607055,PASS,4963,6002,10,20,2,16
XMSSMT-SHA2_20/2_256,PUB_R3,3880,3880,3881,17804241,2608796,PASS,4963,6002,10,20,2,16
XMSSMT-SHA2_20/2_256,PUB_R3,3881,3881,3882,15550723,2498297,PASS,4963,6002,10,20,2,16
XMSSMT-SHA2_20/2_256,PUB_R3,3882,3882,3883,17790907,2613593,PASS,4963,6002,10,20,2,16
XMSSMT-SHA2_20/2_256,PUB_R3,3883,3883,3884,10563055,2702296,PASS,4963,6002,10,20,2,16
XMSSMT-SHA2_20/2_256,PUB_R3,3884,3884,3885,6001130,2483296,PASS,4963,6002,10,20,2,16
XMSSMT-SHA2_20/2_256,PUB_R3,3885,3885,3886,5692260,2802315,PASS,4963,6002,10,20,2,16
XMSSMT-SHA2_20/2_256,PUB_R3,3886,3886,3887,5871000,2625834,PASS,4963,6002,10,20,2,16
XMSSMT-SHA2_20/2_256,PUB_R3,3887,3887,3888,15495186,2546093,PASS,4963,6002,10,20,2,16
XMSSMT-SHA2_20/2_256,PUB_R3,3888,3888,3889,17689444,2705593,PASS,4963,6002,10,20,2,16
XMSSMT-SHA2_20/2_256,PUB_R3,3889,3889,3890,15316222,2707685,PASS,4963,6002,10,20,2,16
XMSSMT-SHA2_20/2_256,PUB_R3,3890,3890,3891,8168796,2708333,PASS,4963,6002,10,20,2,16
XMSSMT-SHA2_20/2_256,PUB_R3,3891,3891,3892,10665481,2593408,PASS,4963,6002,10,20,2,16
XMSSMT-SHA2_20/2_256,PUB_R3,3892,3892,3893,5862704,2613074,PASS,4963,6002,10,20,2,16
XMSSMT-SHA2_20/2_256,PUB_R3,3893,3893,3894,5772630,2723370,PASS,4963,6002,10,20,2,16
XMSSMT-SHA2_20/2_256,PUB_R3,3894,3894,3895,6026556,2448111,PASS,4963,6002,10,20,2,16
XMSSMT-SHA2_20/2_256,PUB_R3,3895,3895,3896,15430630,2579814,PASS,4963,6002,10,20,2,16
XMSSMT-SHA2_20/2_256,PUB_R3,3896,3896,3897,10659333,2617111,PASS,4963,6002,10,20,2,16
XMSSMT-SHA2_20/2_256,PUB_R3,3897,3897,3898,5751463,2751277,PASS,4963,6002,10,20,2,16
XMSSMT-SHA2_20/2_256,PUB_R3,3898,3898,3899,5779296,2704945,PASS,4963,6002,10,20,2,16
XMSSMT-SHA2_20/2_256,PUB_R3,3899,3899,3900,10670889,2580278,PASS,4963,6002,10,20,2,16
XMSSMT-SHA2_20/2_256,PUB_R3,3900,3900,3901,5861926,2608963,PASS,4963,6002,10,20,2,16
XMSSMT-SHA2_20/2_256,PUB_R3,3901,3901,3902,5855852,2646426,PASS,4963,6002,10,20,2,16
XMSSMT-SHA2_20/2_256,PUB_R3,3902,3902,3903,5858704,2612926,PASS,4963,6002,10,20,2,16
XMSSMT-SHA2_20/2_256,PUB_R3,3903,3903,3904,15318482,2707944,PASS,4963,6002,10,20,2,16
XMSSMT-SHA2_20/2_256,PUB_R3,3904,3904,3905,17763185,2646149,PASS,4963,6002,10,20,2,16
XMSSMT-SHA2_20/2_256,PUB_R3,3905,3905,3906,15373222,2647630,PASS,4963,6002,10,20,2,16
XMSSMT-SHA2_20/2_256,PUB_R3,3906,3906,3907,17872777,2510037,PASS,4963,6002,10,20,2,16
XMSSMT-SHA2_20/2_256,PUB_R3,3907,3907,3908,15492296,2549167,PASS,4963,6002,10,20,2,16
XMSSMT-SHA2_20/2_256,PUB_R3,3908,3908,3909,17842093,2548703,PASS,4963,6002,10,20,2,16
XMSSMT-SHA2_20/2_256,PUB_R3,3909,3909,3910,15391796,2641778,PASS,4963,6002,10,20,2,16
XMSSMT-SHA2_20/2_256,PUB_R3,3910,3910,3911,17850704,2550037,PASS,4963,6002,10,20,2,16
XMSSMT-SHA2_20/2_256,PUB_R3,3911,3911,3912,15450926,2592000,PASS,4963,6002,10,20,2,16
XMSSMT-SHA2_20/2_256,PUB_R3,3912,3912,3913,17836593,2549796,PASS,4963,6002,10,20,2,16
XMSSMT-SHA2_20/2_256,PUB_R3,3913,3913,3914,15388185,2645371,PASS,4963,6002,10,20,2,16
XMSSMT-SHA2_20/2_256,PUB_R3,3914,3914,3915,17637500,2772444,PASS,4963,6002,10,20,2,16
XMSSMT-SHA2_20/2_256,PUB_R3,3915,3915,3916,15398871,2609500,PASS,4963,6002,10,20,2,16
XMSSMT-SHA2_20/2_256,PUB_R3,3916,3916,3917,17872555,2519630,PASS,4963,6002,10,20,2,16
XMSSMT-SHA2_20/2_256,PUB_R3,3917,3917,3918,15467797,2556222,PASS,4963,6002,10,20,2,16
XMSSMT-SHA2_20/2_256,PUB_R3,3918,3918,3919,17802667,2614629,PASS,4963,6002,10,20,2,16
XMSSMT-SHA2_20/2_256,PUB_R3,3919,3919,3920,15496297,2578833,PASS,4963,6002,10,20,2,16
XMSSMT-SHA2_20/2_256,PUB_R3,3920,3920,3921,17837555,2579018,PASS,4963,6002,10,20,2,16
XMSSMT-SHA2_20/2_256,PUB_R3,3921,3921,3922,15374092,2645371,PASS,4963,6002,10,20,2,16
XMSSMT-SHA2_20/2_256,PUB_R3,3922,3922,3923,8273574,2612259,PASS,4963,6002,10,20,2,16
XMSSMT-SHA2_20/2_256,PUB_R3,3923,3923,3924,10757352,2560333,PASS,4963,6002,10,20,2,16
XMSSMT-SHA2_20/2_256,PUB_R3,3924,3924,3925,5935463,2547167,PASS,4963,6002,10,20,2,16
XMSSMT-SHA2_20/2_256,PUB_R3,3925,3925,3926,5996000,2516982,PASS,4963,6002,10,20,2,16
XMSSMT-SHA2_20/2_256,PUB_R3,3926,3926,3927,5866963,2608519,PASS,4963,6002,10,20,2,16
XMSSMT-SHA2_20/2_256,PUB_R3,3927,3927,3928,15555260,2454222,PASS,4963,6002,10,20,2,16
XMSSMT-SHA2_20/2_256,PUB_R3,3928,3928,3929,10647444,2609037,PASS,4963,6002,10,20,2,16
XMSSMT-SHA2_20/2_256,PUB_R3,3929,3929,3930,5947426,2547111,PASS,4963,6002,10,20,2,16
XMSSMT-SHA2_20/2_256,PUB_R3,3930,3930,3931,5849908,2644629,PASS,4963,6002,10,20,2,16
XMSSMT-SHA2_20/2_256,PUB_R3,3931,3931,3932,10807074,2456833,PASS,4963,6002,10,20,2,16
XMSSMT-SHA2_20/2_256,PUB_R3,3932,3932,3933,5714000,2774870,PASS,4963,6002,10,20,2,16
XMSSMT-SHA2_20/2_256,PUB_R3,3933,3933,3934,6051407,2453167,PASS,4963,6002,10,20,2,16
XMSSMT-SHA2_20/2_256,PUB_R3,3934,3934,3935,6021815,2453556,PASS,4963,6002,10,20,2,16
XMSSMT-SHA2_20/2_256,PUB_R3,3935,3935,3936,15385481,2665630,PASS,4963,6002,10,20,2,16
XMSSMT-SHA2_20/2_256,PUB_R3,3936,3936,3937,17687537,2709852,PASS,4963,6002,10,20,2,16
XMSSMT-SHA2_20/2_256,PUB_R3,3937,3937,3938,15396666,2607204,PASS,4963,6002,10,20,2,16
XMSSMT-SHA2_20/2_256,PUB_R3,3938,3938,3939,17912018,2481703,PASS,4963,6002,10,20,2,16
XMSSMT-SHA2_20/2_256,PUB_R3,3939,3939,3940,15318926,2708778,PASS,4963,6002,10,20,2,16
XMSSMT-SHA2_20/2_256,PUB_R3,3940,3940,3941,17867259,2514796,PASS,4963,6002,10,20,2,16
XMSSMT-SHA2_20/2_256,PUB_R3,3941,3941,3942,15557759,2454111,PASS,4963,6002,10,20,2,16
XMSSMT-SHA2_20/2_256,PUB_R3,3942,3942,3943,8214445,2638666,PASS,4963,6002,10,20,2,16
XMSSMT-SHA2_20/2_256,PUB_R3,3943,3943,3944,15360093,2643259,PASS,4963,6002,10,20,2,16
XMSSMT-SHA2_20/2_256,PUB_R3,3944,3944,3945,10525278,2731389,PASS,4963,6002,10,20,2,16
XMSSMT-SHA2_20/2_256,PUB_R3,3945,3945,3946,5906518,2576685,PASS,4963,6002,10,20,2,16
XMSSMT-SHA2_20/2_256,PUB_R3,3946,3946,3947,5644871,2831852,PASS,4963,6002,10,20,2,16
XMSSMT-SHA2_20/2_256,PUB_R3,3947,3947,3948,10462426,2771796,PASS,4963,6002,10,20,2,16
XMSSMT-SHA2_20/2_256,PUB_R3,3948,3948,3949,5828407,2641703,PASS,4963,6002,10,20,2,16
XMSSMT-SHA2_20/2_256,PUB_R3,3949,3949,3950,5995482,2484149,PASS,4963,6002,10,20,2,16
XMSSMT-SHA2_20/2_256,PUB_R3,3950,3950,3951,5874500,2610037,PASS,4963,6002,10,20,2,16
XMSSMT-SHA2_20/2_256,PUB_R3,3951,3951,3952,15451167,2578167,PASS,4963,6002,10,20,2,16
XMSSMT-SHA2_20/2_256,PUB_R3,3952,3952,3953,17731722,2671148,PASS,4963,6002,10,20,2,16
XMSSMT-SHA2_20/2_256,PUB_R3,3953,3953,3954,15370204,2663148,PASS,4963,6002,10,20,2,16
XMSSMT-SHA2_20/2_256,PUB_R3,3954,3954,3955,8266296,2609796,PASS,4963,6002,10,20,2,16
XMSSMT-SHA2_20/2_256,PUB_R3,3955,3955,3956,10639222,2611093,PASS,4963,6002,10,20,2,16
XMSSMT-SHA2_20/2_256,PUB_R3,3956,3956,3957,5935833,2549667,PASS,4963,6002,10,20,2,16
XMSSMT-SHA2_20/2_256,PUB_R3,3957,3957,3958,5759111,2731851,PASS,4963,6002,10,20,2,16
XMSSMT-SHA2_20/2_256,PUB_R3,3958,3958,3959,5839852,2663592,PASS,4963,6002,10,20,2,16
XMSSMT-SHA2_20/2_256,PUB_R3,3959,3959,3960,15413352,2615629,PASS,4963,6002,10,20,2,16
XMSSMT-SHA2_20/2_256,PUB_R3,3960,3960,3961,10600203,2644056,PASS,4963,6002,10,20,2,16
XMSSMT-SHA2_20/2_256,PUB_R3,3961,3961,3962,5982741,2510000,PASS,4963,6002,10,20,2,16
XMSSMT-SHA2_20/2_256,PUB_R3,3962,3962,3963,5864685,2628741,PASS,4963,6002,10,20,2,16
XMSSMT-SHA2_20/2_256,PUB_R3,3963,3963,3964,10730463,2514685,PASS,4963,6002,10,20,2,16
XMSSMT-SHA2_20/2_256,PUB_R3,3964,3964,3965,5873297,2610166,PASS,4963,6002,10,20,2,16
XMSSMT-SHA2_20/2_256,PUB_R3,3965,3965,3966,5744889,2739907,PASS,4963,6002,10,20,2,16
XMSSMT-SHA2_20/2_256,PUB_R3,3966,3966,3967,5847796,2643130,PASS,4963,6002,10,20,2,16
XMSSMT-SHA2_20/2_256,PUB_R3,3967,3967,3968,15530019,2521000,PASS,4963,6002,10,20,2,16
XMSSMT-SHA2_20/2_256,PUB_R3,3968,3968,3969,17667037,2705352,PASS,4963,6002,10,20,2,16
XMSSMT-SHA2_20/2_256,PUB_R3,3969,3969,3970,15304741,2704777,PASS,4963,6002,10,20,2,16
XMSSMT-SHA2_20/2_256,PUB_R3,3970,3970,3971,17676074,2709111,PASS,4963,6002,10,20,2,16
XMSSMT-SHA2_20/2_256,PUB_R3,3971,3971,3972,15453296,2593297,PASS,4963,6002,10,20,2,16
XMSSMT-SHA2_20/2_256,PUB_R3,3972,3972,3973,17755981,2613629,PASS,4963,6002,10,20,2,16
XMSSMT-SHA2_20/2_256,PUB_R3,3973,3973,3974,15407833,2613407,PASS,4963,6002,10,20,2,16
XMSSMT-SHA2_20/2_256,PUB_R3,3974,3974,3975,17671408,2710871,PASS,4963,6002,10,20,2,16
XMSSMT-SHA2_20/2_256,PUB_R3,3975,3975,3976,15410889,2612297,PASS,4963,6002,10,20,2,16
XMSSMT-SHA2_20/2_256,PUB_R3,3976,3976,3977,17736314,2643222,PASS,4963,6002,10,20,2,16
XMSSMT-SHA2_20/2_256,PUB_R3,3977,3977,3978,15237000,2783074,PASS,4963,6002,10,20,2,16
XMSSMT-SHA2_20/2_256,PUB_R3,3978,3978,3979,17829759,2586741,PASS,4963,6002,10,20,2,16
XMSSMT-SHA2_20/2_256,PUB_R3,3979,3979,3980,15529315,2482537,PASS,4963,6002,10,20,2,16
XMSSMT-SHA2_20/2_256,PUB_R3,3980,3980,3981,17739760,2645074,PASS,4963,6002,10,20,2,16
XMSSMT-SHA2_20/2_256,PUB_R3,3981,3981,3982,15329444,2706648,PASS,4963,6002,10,20,2,16
XMSSMT-SHA2_20/2_256,PUB_R3,3982,3982,3983,17864889,2548463,PASS,4963,6002,10,20,2,16
XMSSMT-SHA2_20/2_256,PUB_R3,3983,3983,3984,15414555,2619056,PASS,4963,6002,10,20,2,16
XMSSMT-SHA2_20/2_256,PUB_R3,3984,3984,3985,17772870,2622167,PASS,4963,6002,10,20,2,16
XMSSMT-SHA2_20/2_256,PUB_R3,3985,3985,3986,15444407,2577315,PASS,4963,6002,10,20,2,16
XMSSMT-SHA2_20/2_256,PUB_R3,3986,3986,3987,8157370,2708963,PASS,4963,6002,10,20,2,16
XMSSMT-SHA2_20/2_256,PUB_R3,3987,3987,3988,10754241,2515685,PASS,4963,6002,10,20,2,16
XMSSMT-SHA2_20/2_256,PUB_R3,3988,3988,3989,5713815,2794611,PASS,4963,6002,10,20,2,16
XMSSMT-SHA2_20/2_256,PUB_R3,3989,3989,3990,5786611,2709666,PASS,4963,6002,10,20,2,16
XMSSMT-SHA2_20/2_256,PUB_R3,3990,3990,3991,5866500,2613537,PASS,4963,6002,10,20,2,16
XMSSMT-SHA2_20/2_256,PUB_R3,3991,3991,3992,15550833,2481111,PASS,4963,6002,10,20,2,16
XMSSMT-SHA2_20/2_256,PUB_R3,3992,3992,3993,10764537,2494426,PASS,4963,6002,10,20,2,16
XMSSMT-SHA2_20/2_256,PUB_R3,3993,3993,3994,5901759,2576000,PASS,4963,6002,10,20,2,16
XMSSMT-SHA2_20/2_256,PUB_R3,3994,3994,3995,5675649,2815723,PASS,4963,6002,10,20,2,16
XMSSMT-SHA2_20/2_256,PUB_R3,3995,3995,3996,10628889,2613537,PASS,4963,6002,10,20,2,16
XMSSMT-SHA2_20/2_256,PUB_R3,3996,3996,3997,5880889,2608870,PASS,4963,6002,10,20,2,16
XMSSMT-SHA2_20/2_256,PUB_R3,3997,3997,3998,5882334,2645630,PASS,4963,6002,10,20,2,16
XMSSMT-SHA2_20/2_256,PUB_R3,3998,3998,3999,5881889,2612370,PASS,4963,6002,10,20,2,16
XMSSMT-SHA2_20/2_256,PUB_R3,3999,3999,4000,15437760,2583834,PASS,4963,6002,10,20,2,16
XMSSMT-SHA2_20/2_256,PUB_R3,4000,4000,4001,17772630,2613111,PASS,4963,6002,10,20,2,16
XMSSMT-SHA2_20/2_256,PUB_R3,4001,4001,4002,15406629,2614056,PASS,4963,6002,10,20,2,16
XMSSMT-SHA2_20/2_256,PUB_R3,4002,4002,4003,17776111,2630315,PASS,4963,6002,10,20,2,16
XMSSMT-SHA2_20/2_256,PUB_R3,4003,4003,4004,15386889,2642944,PASS,4963,6002,10,20,2,16
XMSSMT-SHA2_20/2_256,PUB_R3,4004,4004,4005,17901241,2450889,PASS,4963,6002,10,20,2,16
XMSSMT-SHA2_20/2_256,PUB_R3,4005,4005,4006,15413278,2578222,PASS,4963,6002,10,20,2,16
XMSSMT-SHA2_20/2_256,PUB_R3,4006,4006,4007,8400926,2447796,PASS,4963,6002,10,20,2,16
XMSSMT-SHA2_20/2_256,PUB_R3,4007,4007,4008,15506907,2518667,PASS,4963,6002,10,20,2,16
XMSSMT-SHA2_20/2_256,PUB_R3,4008,4008,4009,10685167,2544630,PASS,4963,6002,10,20,2,16
XMSSMT-SHA2_20/2_256,PUB_R3,4009,4009,4010,5967722,2511963,PASS,4963,6002,10,20,2,16
XMSSMT-SHA2_20/2_256,PUB_R3,4010,4010,4011,5928537,2550926,PASS,4963,6002,10,20,2,16
XMSSMT-SHA2_20/2_256,PUB_R3,4011,4011,4012,10532463,2707667,PASS,4963,6002,10,20,2,16
XMSSMT-SHA2_20/2_256,PUB_R3,4012,4012,4013,5730278,2735889,PASS,4963,6002,10,20,2,16
XMSSMT-SHA2_20/2_256,PUB_R3,4013,4013,4014,5746981,2741648,PASS,4963,6002,10,20,2,16
XMSSMT-SHA2_20/2_256,PUB_R3,4014,4014,4015,5866093,2607963,PASS,4963,6002,10,20,2,16
XMSSMT-SHA2_20/2_256,PUB_R3,4015,4015,4016,15363778,2642259,PASS,4963,6002,10,20,2,16
XMSSMT-SHA2_20/2_256,PUB_R3,4016,4016,4017,17657629,2705444,PASS,4963,6002,10,20,2,16
XMSSMT-SHA2_20/2_256,PUB_R3,4017,4017,4018,15428334,2611907,PASS,4963,6002,10,20,2,16
XMSSMT-SHA2_20/2_256,PUB_R3,4018,4018,4019,8391815,2489075,PASS,4963,6002,10,20,2,16
XMSSMT-SHA2_20/2_256,PUB_R3,4019,4019,4020,10738278,2551667,PASS,4963,6002,10,20,2,16
XMSSMT-SHA2_20/2_256,PUB_R3,4020,4020,4021,5860259,2643185,PASS,4963,6002,10,20,2,16
XMSSMT-SHA2_20/2_256,PUB_R3,4021,4021,4022,5882445,2617463,PASS,4963,6002,10,20,2,16
XMSSMT-SHA2_20/2_256,PUB_R3,4022,4022,4023,5743204,2739889,PASS,4963,6002,10,20,2,16
XMSSMT-SHA2_20/2_256,PUB_R3,4023,4023,4024,15536093,2484481,PASS,4963,6002,10,20,2,16
XMSSMT-SHA2_20/2_256,PUB_R3,4024,4024,4025,10715000,2566666,PASS,4963,6002,10,20,2,16
XMSSMT-SHA2_20/2_256,PUB_R3,4025,4025,4026,5979463,2522519,PASS,4963,6002,10,20,2,16
XMSSMT-SHA2_20/2_256,PUB_R3,4026,4026,4027,5659260,2834315,PASS,4963,6002,10,20,2,16
XMSSMT-SHA2_20/2_256,PUB_R3,4027,4027,4028,10670334,2599667,PASS,4963,6002,10,20,2,16
XMSSMT-SHA2_20/2_256,PUB_R3,4028,4028,4029,5839351,2645241,PASS,4963,6002,10,20,2,16
XMSSMT-SHA2_20/2_256,PUB_R3,4029,4029,4030,5895056,2610685,PASS,4963,6002,10,20,2,16
XMSSMT-SHA2_20/2_256,PUB_R3,4030,4030,4031,5910648,2590593,PASS,4963,6002,10,20,2,16
XMSSMT-SHA2_20/2_256,PUB_R3,4031,4031,4032,15305833,2708426,PASS,4963,6002,10,20,2,16
XMSSMT-SHA2_20/2_256,PUB_R3,4032,4032,4033,17875686,2549889,PASS,4963,6002,10,20,2,16
XMSSMT-SHA2_20/2_256,PUB_R3,4033,4033,4034,15400351,2610445,PASS,4963,6002,10,20,2,16
XMSSMT-SHA2_20/2_256,PUB_R3,4034,4034,4035,17679222,2705667,PASS,4963,6002,10,20,2,16
XMSSMT-SHA2_20/2_256,PUB_R3,4035,4035,4036,15480277,2544981,PASS,4963,6002,10,20,2,16
XMSSMT-SHA2_20/2_256,PUB_R3,4036,4036,4037,17923277,2482944,PASS,4963,6002,10,20,2,16
XMSSMT-SHA2_20/2_256,PUB_R3,4037,4037,4038,15393518,2652685,PASS,4963,6002,10,20,2,16
XMSSMT-SHA2_20/2_256,PUB_R3,4038,4038,4039,8169723,2707537,PASS,4963,6002,10,20,2,16
XMSSMT-SHA2_20/2_256,PUB_R3,4039,4039,4040,15443296,2583574,PASS,4963,6002,10,20,2,16
XMSSMT-SHA2_20/2_256,PUB_R3,4040,4040,4041,10644482,2609556,PASS,4963,6002,10,20,2,16
XMSSMT-SHA2_20/2_256,PUB_R3,4041,4041,4042,5778797,2718611,PASS,4963,6002,10,20,2,16
XMSSMT-SHA2_20/2_256,PUB_R3,4042,4042,4043,5908111,2582666,PASS,4963,6002,10,20,2,16
XMSSMT-SHA2_20/2_256,PUB_R3,4043,4043,4044,10764241,2490056,PASS,4963,6002,10,20,2,16
XMSSMT-SHA2_20/2_256,PUB_R3,4044,4044,4045,5910093,2582630,PASS,4963,6002,10,20,2,16
XMSSMT-SHA2_20/2_256,PUB_R3,4045,4045,4046,5801648,2706444,PASS,4963,6002,10,20,2,16
XMSSMT-SHA2_20/2_256,PUB_R3,4046,4046,4047,5906111,2579204,PASS,4963,6002,10,20,2,16
XMSSMT-SHA2_20/2_256,PUB_R3,4047,4047,4048,15335704,2712574,PASS,4963,6002,10,20,2,16
XMSSMT-SHA2_20/2_256,PUB_R3,4048,4048,4049,17796148,2625463,PASS,4963,6002,10,20,2,16
XMSSMT-SHA2_20/2_256,PUB_R3,4049,4049,4050,15385222,2646241,PASS,4963,6002,10,20,2,16
XMSSMT-SHA2_20/2_256,PUB_R3,4050,4050,4051,8267407,2612945,PASS,4963,6002,10,20,2,16
XMSSMT-SHA2_20/2_256,PUB_R3,4051,4051,4052,10692537,2580074,PASS,4963,6002,10,20,2,16
XMSSMT-SHA2_20/2_256,PUB_R3,4052,4052,4053,5747241,2751666,PASS,4963,6002,10,20,2,16
XMSSMT-SHA2_20/2_256,PUB_R3,4053,4053,4054,5931926,2547000,PASS,4963,6002,10,20,2,16
XMSSMT-SHA2_20/2_256,PUB_R3,4054,4054,4055,5963982,2533722,PASS,4963,6002,10,20,2,16
XMSSMT-SHA2_20/2_256,PUB_R3,4055,4055,4056,15371167,2640666,PASS,4963,6002,10,20,2,16
XMSSMT-SHA2_20/2_256,PUB_R3,4056,4056,4057,10473074,2787056,PASS,4963,6002,10,20,2,16
XMSSMT-SHA2_20/2_256,PUB_R3,4057,4057,4058,5742407,2734278,PASS,4963,6002,10,20,2,16
XMSSMT-SHA2_20/2_256,PUB_R3,4058,4058,4059,5958815,2522408,PASS,4963,6002,10,20,2,16
XMSSMT-SHA2_20/2_256,PUB_R3,4059,4059,4060,10635018,2608593,PASS,4963,6002,10,20,2,16
XMSSMT-SHA2_20/2_256,PUB_R3,4060,4060,4061,5847186,2641759,PASS,4963,6002,10,20,2,16
XMSSMT-SHA2_20/2_256,PUB_R3,4061,4061,4062,5734704,2736278,PASS,4963,6002,10,20,2,16
XMSSMT-SHA2_20/2_256,PUB_R3,4062,4062,4063,5937796,2548500,PASS,4963,6002,10,20,2,16
XMSSMT-SHA2_20/2_256,PUB_R3,4063,4063,4064,15471000,2544814,PASS,4963,6002,10,20,2,16
XMSSMT-SHA2_20/2_256,PUB_R3,4064,4064,4065,17753722,2644278,PASS,4963,6002,10,20,2,16
XMSSMT-SHA2_20/2_256,PUB_R3,4065,4065,4066,15470241,2546315,PASS,4963,6002,10,20,2,16
XMSSMT-SHA2_20/2_256,PUB_R3,4066,4066,4067,8354092,2546944,PASS,4963,6002,10,20,2,16
XMSSMT-SHA2_20/2_256,PUB_R3,4067,4067,4068,10672722,2584389,PASS,4963,6002,10,20,2,16
XMSSMT-SHA2_20/2_256,PUB_R3,4068,4068,4069,5953963,2510686,PASS,4963,6002,10,20,2,16
XMSSMT-SHA2_20/2_256,PUB_R3,4069,4069,4070,5876704,2626833,PASS,4963,6002,10,20,2,16
XMSSMT-SHA2_20/2_256,PUB_R3,4070,4070,4071,5866166,2605944,PASS,4963,6002,10,20,2,16
XMSSMT-SHA2_20/2_256,PUB_R3,4071,4071,4072,15407426,2613500,PASS,4963,6002,10,20,2,16
XMSSMT-SHA2_20/2_256,PUB_R3,4072,4072,4073,10668778,2576537,PASS,4963,6002,10,20,2,16
XMSSMT-SHA2_20/2_256,PUB_R3,4073,4073,4074,5873871,2624907,PASS,4963,6002,10,20,2,16
XMSSMT-SHA2_20/2_256,PUB_R3,4074,4074,4075,5927037,2542278,PASS,4963,6002,10,20,2,16
XMSSMT-SHA2_20/2_256,PUB_R3,4075,4075,4076,10763778,2556852,PASS,4963,6002,10,20,2,16
XMSSMT-SHA2_20/2_256,PUB_R3,4076,4076,4077,5891130,2586463,PASS,4963,6002,10,20,2,16
XMSSMT-SHA2_20/2_256,PUB_R3,4077,4077,4078,5953203,2550537,PASS,4963,6002,10,20,2,16
XMSSMT-SHA2_20/2_256,PUB_R3,4078,4078,4079,5949908,2520389,PASS,4963,6002,10,20,2,16
XMSSMT-SHA2_20/2_256,PUB_R3,4079,4079,4080,15294426,2743611,PASS,4963,6002,10,20,2,16
XMSSMT-SHA2_20/2_256,PUB_R3,4080,4080,4081,10617444,2647519,PASS,4963,6002,10,20,2,16
XMSSMT-SHA2_20/2_256,PUB_R3,4081,4081,4082,5951834,2548407,PASS,4963,6002,10,20,2,16
XMSSMT-SHA2_20/2_256,PUB_R3,4082,4082,4083,5832056,2644000,PASS,4963,6002,10,20,2,16
XMSSMT-SHA2_20/2_256,PUB_R3,4083,4083,4084,10611426,2638649,PASS,4963,6002,10,20,2,16
XMSSMT-SHA2_20/2_256,PUB_R3,4084,4084,4085,5966797,2513870,PASS,4963,6002,10,20,2,16
XMSSMT-SHA2_20/2_256,PUB_R3,4085,4085,4086,5877426,2612703,PASS,4963,6002,10,20,2,16
XMSSMT-SHA2_20/2_256,PUB_R3,4086,4086,4087,5667852,2798370,PASS,4963,6002,10,20,2,16
XMSSMT-SHA2_20/2_256,PUB_R3,4087,4087,4088,10529759,2709741,PASS,4963,6002,10,20,2,16
XMSSMT-SHA2_20/2_256,PUB_R3,4088,4088,4089,5867981,2611815,PASS,4963,6002,10,20,2,16
XMSSMT-SHA2_20/2_256,PUB_R3,4089,4089,4090,5959944,2512704,PASS,4963,6002,10,20,2,16
XMSSMT-SHA2_20/2_256,PUB_R3,4090,4090,4091,5832888,2639297,PASS,4963,6002,10,20,2,16
XMSSMT-SHA2_20/2_256,PUB_R3,4091,4091,4092,5870611,2613815,PASS,4963,6002,10,20,2,16
XMSSMT-SHA2_20/2_256,PUB_R3,4092,4092,4093,5991685,2483297,PASS,4963,6002,10,20,2,16
XMSSMT-SHA2_20/2_256,PUB_R3,4093,4093,4094,3552463,2545722,PASS,4963,6002,10,20,2,16
XMSSMT-SHA2_20/2_256,PUB_R3,4094,4094,4095,5767926,2701185,PASS,4963,6002,10,20,2,16
XMSSMT-SHA2_20/2_256,PUB_R3,4095,4095,4096,11534574,2800000,PASS,4963,6002,10,20,2,16
