parameter_set,key_rep,signature_index,sk_index_before,sk_index_after,sign_ns,verify_ns,verification_pass,signature_bytes,secret_key_bytes,tree_height,full_height,layers,wots_w
XMSSMT-SHA2_20/2_256,PUB_R1,0,0,1,6193352,2664185,PASS,4963,6002,10,20,2,16
XMSSMT-SHA2_20/2_256,PUB_R1,1,1,2,6278630,2548241,PASS,4963,6002,10,20,2,16
XMSSMT-SHA2_20/2_256,PUB_R1,2,2,3,5970889,2877241,PASS,4963,6002,10,20,2,16
XMSSMT-SHA2_20/2_256,PUB_R1,3,3,4,11087981,2680055,PASS,4963,6002,10,20,2,16
XMSSMT-SHA2_20/2_256,PUB_R1,4,4,5,6004722,2810519,PASS,4963,6002,10,20,2,16
XMSSMT-SHA2_20/2_256,PUB_R1,5,5,6,6121222,2681741,PASS,4963,6002,10,20,2,16
XMSSMT-SHA2_20/2_256,PUB_R1,6,6,7,6050334,2725223,PASS,4963,6002,10,20,2,16
XMSSMT-SHA2_20/2_256,PUB_R1,7,7,8,15968426,2628926,PASS,4963,6002,10,20,2,16
XMSSMT-SHA2_20/2_256,PUB_R1,8,8,9,11061037,2592019,PASS,4963,6002,10,20,2,16
XMSSMT-SHA2_20/2_256,PUB_R1,9,9,10,6126111,2638574,PASS,4963,6002,10,20,2,16
XMSSMT-SHA2_20/2_256,PUB_R1,10,10,11,6085463,2661611,PASS,4963,6002,10,20,2,16
XMSSMT-SHA2_20/2_256,PUB_R1,11,11,12,10831055,2860445,PASS,4963,6002,10,20,2,16
XMSSMT-SHA2_20/2_256,PUB_R1,12,12,13,6205296,2524167,PASS,4963,6002,10,20,2,16
XMSSMT-SHA2_20/2_256,PUB_R1,13,13,14,6030074,2726056,PASS,4963,6002,10,20,2,16
XMSSMT-SHA2_20/2_256,PUB_R1,14,14,15,6049888,2703222,PASS,4963,6002,10,20,2,16
XMSSMT-SHA2_20/2_256,PUB_R1,15,15,16,15825389,2795167,PASS,4963,6002,10,20,2,16
XMSSMT-SHA2_20/2_256,PUB_R1,16,16,17,19779241,2668426,PASS,4963,6002,10,20,2,16
XMSSMT-SHA2_20/2_256,PUB_R1,17,17,18,15866667,2728889,PASS,4963,6002,10,20,2,16
XMSSMT-SHA2_20/2_256,PUB_R1,18,18,19,8599185,2627908,PASS,4963,6002,10,20,2,16
XMSSMT-SHA2_20/2_256,PUB_R1,19,19,20,10889388,2808167,PASS,4963,6002,10,20,2,16
XMSSMT-SHA2_20/2_256,PUB_R1,20,20,21,6148685,2595186,PASS,4963,6002,10,20,2,16
XMSSMT-SHA2_20/2_256,PUB_R1,21,21,22,6163815,2595926,PASS,4963,6002,10,20,2,16
XMSSMT-SHA2_20/2_256,PUB_R1,22,22,23,6126815,2626519,PASS,4963,6002,10,20,2,16
XMSSMT-SHA2_20/2_256,PUB_R1,23,23,24,15948667,2665815,PASS,4963,6002,10,20,2,16
XMSSMT-SHA2_20/2_256,PUB_R1,24,24,25,11079371,2596814,PASS,4963,6002,10,20,2,16
XMSSMT-SHA2_20/2_256,PUB_R1,25,25,26,6053056,2705555,PASS,4963,6002,10,20,2,16
XMSSMT-SHA2_20/2_256,PUB_R1,26,26,27,6151907,2591259,PASS,4963,6002,10,20,2,16
XMSSMT-SHA2_20/2_256,PUB_R1,27,27,28,10962148,2727463,PASS,4963,6002,10,20,2,16
XMSSMT-SHA2_20/2_256,PUB_R1,28,28,29,6020851,2743463,PASS,4963,6002,10,20,2,16
XMSSMT-SHA2_20/2_256,PUB_R1,29,29,30,6082814,2657649,PASS,4963,6002,10,20,2,16
XMSSMT-SHA2_20/2_256,PUB_R1,30,30,31,6065814,2669926,PASS,4963,6002,10,20,2,16
XMSSMT-SHA2_20/2_256,PUB_R1,31,31,32,15872519,2735889,PASS,4963,6002,10,20,2,16
XMSSMT-SHA2_20/2_256,PUB_R1,32,32,33,18482500,2561074,PASS,4963,6002,10,20,2,16
XMSSMT-SHA2_20/2_256,PUB_R1,33,33,34,16037389,2561833,PASS,4963,6002,10,20,2,16
XMSSMT-SHA2_20/2_256,PUB_R1,34,34,35,18335315,2729463,PASS,4963,6002,10,20,2,16
XMSSMT-SHA2_20/2_256,PUB_R1,35,35,36,16075259,2535444,PASS,4963,6002,10,20,2,16
XMSSMT-SHA2_20/2_256,PUB_R1,36,36,37,18390260,2705981,PASS,4963,6002,10,20,2,16
XMSSMT-SHA2_20/2_256,PUB_R1,37,37,38,15956277,2623000,PASS,4963,6002,10,20,2,16
XMSSMT-SHA2_20/2_256,PUB_R1,38,38,39,8519592,2687130,PASS,4963,6002,10,20,2,16
XMSSMT-SHA2_20/2_256,PUB_R1,39,39,40,15939241,2673685,PASS,4963,6002,10,20,2,16
XMSSMT-SHA2_20/2_256,PUB_R1,40,40,41,10956500,2727704,PASS,4963,6002,10,20,2,16
XMSSMT-SHA2_20/2_256,PUB_R1,41,41,42,6169055,2589240,PASS,4963,6002,10,20,2,16
XMSSMT-SHA2_20/2_256,PUB_R1,42,42,43,6160815,2558648,PASS,4963,6002,10,20,2,16
XMSSMT-SHA2_20/2_256,PUB_R1,43,43,44,10980888,2694389,PASS,4963,6002,10,20,2,16
XMSSMT-SHA2_20/2_256,PUB_R1,44,44,45,5964093,2805760,PASS,4963,6002,10,20,2,16
XMSSMT-SHA2_20/2_256,PUB_R1,45,45,46,5931056,2822074,PASS,4963,6002,10,20,2,16
XMSSMT-SHA2_20/2_256,PUB_R1,46,46,47,5937537,2829685,PASS,4963,6002,10,20,2,16
XMSSMT-SHA2_20/2_256,PUB_R1,47,47,48,15887926,2692852,PASS,4963,6002,10,20,2,16
XMSSMT-SHA2_20/2_256,PUB_R1,48,48,49,18394222,2625574,PASS,4963,6002,10,20,2,16
XMSSMT-SHA2_20/2_256,PUB_R1,49,49,50,15842574,2720074,PASS,4963,6002,10,20,2,16
XMSSMT-SHA2_20/2_256,PUB_R1,50,50,51,8520703,2690166,PASS,4963,6002,10,20,2,16
XMSSMT-SHA2_20/2_256,PUB_R1,51,51,52,10936556,2719852,PASS,4963,6002,10,20,2,16
XMSSMT-SHA2_20/2_256,PUB_R1,52,52,53,6028740,2689649,PASS,4963,6002,10,20,2,16
XMSSMT-SHA2_20/2_256,PUB_R1,53,53,54,6122926,2624130,PASS,4963,6002,10,20,2,16
XMSSMT-SHA2_20/2_256,PUB_R1,54,54,55,5931907,2788889,PASS,4963,6002,10,20,2,16
XMSSMT-SHA2_20/2_256,PUB_R1,55,55,56,15948926,2627370,PASS,4963,6002,10,20,2,16
XMSSMT-SHA2_20/2_256,PUB_R1,56,56,57,10922611,2723556,PASS,4963,6002,10,20,2,16
XMSSMT-SHA2_20/2_256,PUB_R1,57,57,58,6023315,2722370,PASS,4963,6002,10,20,2,16
XMSSMT-SHA2_20/2_256,PUB_R1,58,58,59,6086315,2659926,PASS,4963,6002,10,20,2,16
XMSSMT-SHA2_20/2_256,PUB_R1,59,59,60,11069537,2591944,PASS,4963,6002,10,20,2,16
XMSSMT-SHA2_20/2_256,PUB_R1,60,60,61,5873019,2858759,PASS,4963,6002,10,20,2,16
XMSSMT-SHA2_20/2_256,PUB_R1,61,61,62,5915593,2815611,PASS,4963,6002,10,20,2,16
XMSSMT-SHA2_20/2_256,PUB_R1,62,62,63,6241204,2495611,PASS,4963,6002,10,20,2,16
XMSSMT-SHA2_20/2_256,PUB_R1,63,63,64,15966055,2628500,PASS,4963,6002,10,20,2,16
XMSSMT-SHA2_20/2_256,PUB_R1,64,64,65,18438481,2595889,PASS,4963,6002,10,20,2,16
XMSSMT-SHA2_20/2_256,PUB_R1,65,65,66,15890315,2696482,PASS,4963,6002,10,20,2,16
XMSSMT-SHA2_20/2_256,PUB_R1,66,66,67,18476018,2606389,PASS,4963,6002,10,20,2,16
XMSSMT-SHA2_20/2_256,PUB_R1,67,67,68,15946445,2707963,PASS,4963,6002,10,20,2,16
XMSSMT-SHA2_20/2_256,PUB_R1,68,68,69,18311499,2744425,PASS,4963,6002,10,20,2,16
XMSSMT-SHA2_20/2_256,PUB_R1,69,69,70,15926000,2696314,PASS,4963,6002,10,20,2,16
XMSSMT-SHA2_20/2_256,PUB_R1,70,70,71,18504778,2571241,PASS,4963,6002,10,20,2,16
XMSSMT-SHA2_20/2_256,PUB_R1,71,71,72,15927463,2706370,PASS,4963,6002,10,20,2,16
XMSSMT-SHA2_20/2_256,PUB_R1,72,72,73,18393648,2682167,PASS,4963,6002,10,20,2,16
XMSSMT-SHA2_20/2_256,PUB_R1,73,73,74,15804296,2791833,PASS,4963,6002,10,20,2,16
XMSSMT-SHA2_20/2_256,PUB_R1,74,74,75,18380222,2619833,PASS,4963,6002,10,20,2,16
XMSSMT-SHA2_20/2_256,PUB_R1,75,75,76,15852704,2721537,PASS,4963,6002,10,20,2,16
XMSSMT-SHA2_20/2_256,PUB_R1,76,76,77,18356407,2660611,PASS,4963,6002,10,20,2,16
XMSSMT-SHA2_20/2_256,PUB_R1,77,77,78,15898314,2695593,PASS,4963,6002,10,20,2,16
XMSSMT-SHA2_20/2_256,PUB_R1,78,78,79,18312611,2723760,PASS,4963,6002,10,20,2,16
XMSSMT-SHA2_20/2_256,PUB_R1,79,79,80,15909667,2693500,PASS,4963,6002,10,20,2,16
XMSSMT-SHA2_20/2_256,PUB_R1,80,80,81,18213704,2827111,PASS,4963,6002,10,20,2,16
XMSSMT-SHA2_20/2_256,PUB_R1,81,81,82,15910426,2658222,PASS,4963,6002,10,20,2,16
XMSSMT-SHA2_20/2_256,PUB_R1,82,82,83,8536370,2696555,PASS,4963,6002,10,20,2,16
XMSSMT-SHA2_20/2_256,PUB_R1,83,83,84,10950518,2724556,PASS,4963,6002,10,20,2,16
XMSSMT-SHA2_20/2_256,PUB_R1,84,84,85,5957518,2792352,PASS,4963,6002,10,20,2,16
XMSSMT-SHA2_20/2_256,PUB_R1,85,85,86,6036889,2722018,PASS,4963,6002,10,20,2,16
XMSSMT-SHA2_20/2_256,PUB_R1,86,86,87,6021666,2724648,PASS,4963,6002,10,20,2,16
XMSSMT-SHA2_20/2_256,PUB_R1,87,87,88,15738370,2883815,PASS,4963,6002,10,20,2,16
XMSSMT-SHA2_20/2_256,PUB_R1,88,88,89,11009130,2661370,PASS,4963,6002,10,20,2,16
XMSSMT-SHA2_20/2_256,PUB_R1,89,89,90,6136815,2627722,PASS,4963,6002,10,20,2,16
XMSSMT-SHA2_20/2_256,PUB_R1,90,90,91,6081167,2661685,PASS,4963,6002,10,20,2,16
XMSSMT-SHA2_20/2_256,PUB_R1,91,91,92,11032704,2663741,PASS,4963,6002,10,20,2,16
XMSSMT-SHA2_20/2_256,PUB_R1,92,92,93,5947482,2803537,PASS,4963,6002,10,20,2,16
XMSSMT-SHA2_20/2_256,PUB_R1,93,93,94,6097426,2658333,PASS,4963,6002,10,20,2,16
XMSSMT-SHA2_20/2_256,PUB_R1,94,94,95,6057166,2693186,PASS,4963,6002,10,20,2,16
XMSSMT-SHA2_20/2_256,PUB_R1,95,95,96,15998148,2628926,PASS,4963,6002,10,20,2,16
XMSSMT-SHA2_20/2_256,PUB_R1,96,96,97,18342371,2652740,PASS,4963,6002,10,20,2,16
XMSSMT-SHA2_20/2_256,PUB_R1,97,97,98,15902704,2691889,PASS,4963,6002,10,20,2,16
XMSSMT-SHA2_20/2_256,PUB_R1,98,98,99,18381593,2665444,PASS,4963,6002,10,20,2,16
XMSSMT-SHA2_20/2_256,PUB_R1,99,99,100,15789760,2842574,PASS,4963,6002,10,20,2,16
XMSSMT-SHA2_20/2_256,PUB_R1,100,100,101,18247463,2828148,PASS,4963,6002,10,20,2,16
XMSSMT-SHA2_20/2_256,PUB_R1,101,101,102,15940037,2666407,PASS,4963,6002,10,20,2,16
XMSSMT-SHA2_20/2_256,PUB_R1,102,102,103,8665074,2603148,PASS,4963,6002,10,20,2,16
XMSSMT-SHA2_20/2_256,PUB_R1,103,103,104,15988463,2630741,PASS,4963,6002,10,20,2,16
XMSSMT-SHA2_20/2_256,PUB_R1,104,104,105,10921093,2733463,PASS,4963,6002,10,20,2,16
XMSSMT-SHA2_20/2_256,PUB_R1,105,105,106,6090889,2659555,PASS,4963,6002,10,20,2,16
XMSSMT-SHA2_20/2_256,PUB_R1,106,106,107,5950871,2800907,PASS,4963,6002,10,20,2,16
XMSSMT-SHA2_20/2_256,PUB_R1,107,107,108,10861463,2805815,PASS,4963,6002,10,20,2,16
XMSSMT-SHA2_20/2_256,PUB_R1,108,108,109,5870833,2850630,PASS,4963,6002,10,20,2,16
XMSSMT-SHA2_20/2_256,PUB_R1,109,109,110,6096907,2675333,PASS,4963,6002,10,20,2,16
XMSSMT-SHA2_20/2_256,PUB_R1,110,110,111,5958093,2782500,PASS,4963,6002,10,20,2,16
XMSSMT-SHA2_20/2_256,PUB_R1,111,111,112,15852408,2725796,PASS,4963,6002,10,20,2,16
XMSSMT-SHA2_20/2_256,PUB_R1,112,112,113,18391074,2664740,PASS,4963,6002,10,20,2,16
XMSSMT-SHA2_20/2_256,PUB_R1,113,113,114,16025685,2612481,PASS,4963,6002,10,20,2,16
XMSSMT-SHA2_20/2_256,PUB_R1,114,114,115,8613722,2595260,PASS,4963,6002,10,20,2,16
XMSSMT-SHA2_20/2_256,PUB_R1,115,115,116,10951222,2731445,PASS,4963,6002,10,20,2,16
XMSSMT-SHA2_20/2_256,PUB_R1,116,116,117,6043852,2704222,PASS,4963,6002,10,20,2,16
XMSSMT-SHA2_20/2_256,PUB_R1,117,117,118,6101241,2658092,PASS,4963,6002,10,20,2,16
XMSSMT-SHA2_20/2_256,PUB_R1,118,118,119,6095778,2619778,PASS,4963,6002,10,20,2,16
XMSSMT-SHA2_20/2_256,PUB_R1,119,119,120,15791111,2786000,PASS,4963,6002,10,20,2,16
XMSSMT-SHA2_20/2_256,PUB_R1,120,120,121,10984630,2656203,PASS,4963,6002,10,20,2,16
XMSSMT-SHA2_20/2_256,PUB_R1,121,121,122,6057982,2692167,PASS,4963,6002,10,20,2,16
XMSSMT-SHA2_20/2_256,PUB_R1,122,122,123,6007944,2725796,PASS,4963,6002,10,20,2,16
XMSSMT-SHA2_20/2_256,PUB_R1,123,123,124,11204629,2459408,PASS,4963,6002,10,20,2,16
XMSSMT-SHA2_20/2_256,PUB_R1,124,124,125,6136092,2591333,PASS,4963,6002,10,20,2,16
XMSSMT-SHA2_20/2_256,PUB_R1,125,125,126,6062186,2692203,PASS,4963,6002,10,20,2,16
XMSSMT-SHA2_20/2_256,PUB_R1,126,126,127,6109944,2625944,PASS,4963,6002,10,20,2,16
XMSSMT-SHA2_20/2_256,PUB_R1,127,127,128,16048537,2564685,PASS,4963,6002,10,20,2,16
XMSSMT-SHA2_20/2_256,PUB_R1,128,128,129,18393111,2627407,PASS,4963,6002,10,20,2,16
XMSSMT-SHA2_20/2_256,PUB_R1,129,129,130,15769629,2787408,PASS,4963,6002,10,20,2,16
XMSSMT-SHA2_20/2_256,PUB_R1,130,130,131,18472574,2560130,PASS,4963,6002,10,20,2,16
XMSSMT-SHA2_20/2_256,PUB_R1,131,131,132,15969130,2633833,PASS,4963,6002,10,20,2,16
XMSSMT-SHA2_20/2_256,PUB_R1,132,132,133,18335185,2694185,PASS,4963,6002,10,20,2,16
XMSSMT-SHA2_20/2_256,PUB_R1,133,133,134,15914500,2695482,PASS,4963,6002,10,20,2,16
XMSSMT-SHA2_20/2_256,PUB_R1,134,134,135,18415630,2676149,PASS,4963,6002,10,20,2,16
XMSSMT-SHA2_20/2_256,PUB_R1,135,135,136,15705129,2899093,PASS,4963,6002,10,20,2,16
XMSSMT-SHA2_20/2_256,PUB_R1,136,136,137,18418389,2628315,PASS,4963,6002,10,20,2,16
XMSSMT-SHA2_20/2_256,PUB_R1,137,137,138,15923278,2694037,PASS,4963,6002,10,20,2,16
XMSSMT-SHA2_20/2_256,PUB_R1,138,138,139,18355722,2729370,PASS,4963,6002,10,20,2,16
XMSSMT-SHA2_20/2_256,PUB_R1,139,139,140,15947574,2664704,PASS,4963,6002,10,20,2,16
XMSSMT-SHA2_20/2_256,PUB_R1,140,140,141,18380648,2699352,PASS,4963,6002,10,20,2,16
XMSSMT-SHA2_20/2_256,PUB_R1,141,141,142,15901815,2696723,PASS,4963,6002,10,20,2,16
XMSSMT-SHA2_20/2_256,PUB_R1,142,142,143,18420056,2664055,PASS,4963,6002,10,20,2,16
XMSSMT-SHA2_20/2_256,PUB_R1,143,143,144,15937815,2664667,PASS,4963,6002,10,20,2,16
XMSSMT-SHA2_20/2_256,PUB_R1,144,144,145,18317500,2722852,PASS,4963,6002,10,20,2,16
XMSSMT-SHA2_20/2_256,PUB_R1,145,145,146,15884593,2736741,PASS,4963,6002,10,20,2,16
XMSSMT-SHA2_20/2_256,PUB_R1,146,146,147,18473223,2601370,PASS,4963,6002,10,20,2,16
XMSSMT-SHA2_20/2_256,PUB_R1,147,147,148,15975370,2629074,PASS,4963,6002,10,20,2,16
XMSSMT-SHA2_20/2_256,PUB_R1,148,148,149,18304166,2693500,PASS,4963,6002,10,20,2,16
XMSSMT-SHA2_20/2_256,PUB_R1,149,149,150,15989519,2631556,PASS,4963,6002,10,20,2,16
XMSSMT-SHA2_20/2_256,PUB_R1,150,150,151,18479130,2605426,PASS,4963,6002,10,20,2,16
XMSSMT-SHA2_20/2_256,PUB_R1,151,151,152,15955222,2666519,PASS,4963,6002,10,20,2,16
XMSSMT-SHA2_20/2_256,PUB_R1,152,152,153,18402185,2633185,PASS,4963,6002,10,20,2,16
XMSSMT-SHA2_20/2_256,PUB_R1,153,153,154,15900130,2697889,PASS,4963,6002,10,20,2,16
XMSSMT-SHA2_20/2_256,PUB_R1,154,154,155,18269074,2794445,PASS,4963,6002,10,20,2,16
XMSSMT-SHA2_20/2_256,PUB_R1,155,155,156,15917685,2697741,PASS,4963,6002,10,20,2,16
XMSSMT-SHA2_20/2_256,PUB_R1,156,156,157,18402426,2661796,PASS,4963,6002,10,20,2,16
XMSSMT-SHA2_20/2_256,PUB_R1,157,157,158,15958130,2662759,PASS,4963,6002,10,20,2,16
XMSSMT-SHA2_20/2_256,PUB_R1,158,158,159,18405778,2663778,PASS,4963,6002,10,20,2,16
XMSSMT-SHA2_20/2_256,PUB_R1,159,159,160,15943666,2661667,PASS,4963,6002,10,20,2,16
XMSSMT-SHA2_20/2_256,PUB_R1,160,160,161,18374740,2712519,PASS,4963,6002,10,20,2,16
XMSSMT-SHA2_20/2_256,PUB_R1,161,161,162,15863797,2725037,PASS,4963,6002,10,20,2,16
XMSSMT-SHA2_20/2_256,PUB_R1,162,162,163,18622351,2465203,PASS,4963,6002,10,20,2,16
XMSSMT-SHA2_20/2_256,PUB_R1,163,163,164,15993685,2635815,PASS,4963,6002,10,20,2,16
XMSSMT-SHA2_20/2_256,PUB_R1,164,164,165,18247926,2792926,PASS,4963,6002,10,20,2,16
XMSSMT-SHA2_20/2_256,PUB_R1,165,165,166,16017278,2600518,PASS,4963,6002,10,20,2,16
XMSSMT-SHA2_20/2_256,PUB_R1,166,166,167,18474833,2597796,PASS,4963,6002,10,20,2,16
XMSSMT-SHA2_20/2_256,PUB_R1,167,167,168,15872426,2732111,PASS,4963,6002,10,20,2,16
XMSSMT-SHA2_20/2_256,PUB_R1,168,168,169,18346019,2659037,PASS,4963,6002,10,20,2,16
XMSSMT-SHA2_20/2_256,PUB_R1,169,169,170,15891259,2729000,PASS,4963,6002,10,20,2,16
XMSSMT-SHA2_20/2_256,PUB_R1,170,170,171,18279426,2799315,PASS,4963,6002,10,20,2,16
XMSSMT-SHA2_20/2_256,PUB_R1,171,171,172,11106926,2597351,PASS,4963,6002,10,20,2,16
XMSSMT-SHA2_20/2_256,PUB_R1,172,172,173,5895778,2854518,PASS,4963,6002,10,20,2,16
XMSSMT-SHA2_20/2_256,PUB_R1,173,173,174,5913093,2813055,PASS,4963,6002,10,20,2,16
XMSSMT-SHA2_20/2_256,PUB_R1,174,174,175,6118463,2624000,PASS,4963,6002,10,20,2,16
XMSSMT-SHA2_20/2_256,PUB_R1,175,175,176,15893241,2683889,PASS,4963,6002,10,20,2,16
XMSSMT-SHA2_20/2_256,PUB_R1,176,176,177,18349741,2621463,PASS,4963,6002,10,20,2,16
XMSSMT-SHA2_20/2_256,PUB_R1,177,177,178,15944611,2626407,PASS,4963,6002,10,20,2,16
XMSSMT-SHA2_20/2_256,PUB_R1,178,178,179,8577852,2621889,PASS,4963,6002,10,20,2,16
XMSSMT-SHA2_20/2_256,PUB_R1,179,179,180,11061555,2591722,PASS,4963,6002,10,20,2,16
XMSSMT-SHA2_20/2_256,PUB_R1,180,180,181,6136223,2589296,PASS,4963,6002,10,20,2,16
XMSSMT-SHA2_20/2_256,PUB_R1,181,181,182,6083685,2653889,PASS,4963,6002,10,20,2,16
XMSSMT-SHA2_20/2_256,PUB_R1,182,182,183,6137648,2589074,PASS,4963,6002,10,20,2,16
XMSSMT-SHA2_20/2_256,PUB_R1,183,183,184,15926759,2624241,PASS,4963,6002,10,20,2,16
XMSSMT-SHA2_20/2_256,PUB_R1,184,184,185,11061074,2592741,PASS,4963,6002,10,20,2,16
XMSSMT-SHA2_20/2_256,PUB_R1,185,185,186,6015648,2724334,PASS,4963,6002,10,20,2,16
XMSSMT-SHA2_20/2_256,PUB_R1,186,186,187,6148037,2592741,PASS,4963,6002,10,20,2,16
XMSSMT-SHA2_20/2_256,PUB_R1,187,187,188,10933500,2723148,PASS,4963,6002,10,20,2,16
XMSSMT-SHA2_20/2_256,PUB_R1,188,188,189,6021407,2723926,PASS,4963,6002,10,20,2,16
XMSSMT-SHA2_20/2_256,PUB_R1,189,189,190,5926630,2822537,PASS,4963,6002,10,20,2,16
XMSSMT-SHA2_20/2_256,PUB_R1,190,190,191,5915889,2841592,PASS,4963,6002,10,20,2,16
XMSSMT-SHA2_20/2_256,PUB_R1,191,191,192,15823296,2794667,PASS,4963,6002,10,20,2,16
XMSSMT-SHA2_20/2_256,PUB_R1,192,192,193,18468408,2599666,PASS,4963,6002,10,20,2,16
XMSSMT-SHA2_20/2_256,PUB_R1,193,193,194,15918333,2653444,PASS,4963,6002,10,20,2,16
XMSSMT-SHA2_20/2_256,PUB_R1,194,194,195,18312888,2798352,PASS,4963,6002,10,20,2,16
XMSSMT-SHA2_20/2_256,PUB_R1,195,195,196,15911796,2732315,PASS,4963,6002,10,20,2,16
XMSSMT-SHA2_20/2_256,PUB_R1,196,196,197,18350926,2732222,PASS,4963,6002,10,20,2,16
XMSSMT-SHA2_20/2_256,PUB_R1,197,197,198,15890240,2733925,PASS,4963,6002,10,20,2,16
XMSSMT-SHA2_20/2_256,PUB_R1,198,198,199,18351851,2741370,PASS,4963,6002,10,20,2,16
XMSSMT-SHA2_20/2_256,PUB_R1,199,199,200,16001167,2637685,PASS,4963,6002,10,20,2,16
XMSSMT-SHA2_20/2_256,PUB_R1,200,200,201,18240834,2808463,PASS,4963,6002,10,20,2,16
XMSSMT-SHA2_20/2_256,PUB_R1,201,201,202,15902093,2730963,PASS,4963,6002,10,20,2,16
XMSSMT-SHA2_20/2_256,PUB_R1,202,202,203,18372408,2695741,PASS,4963,6002,10,20,2,16
XMSSMT-SHA2_20/2_256,PUB_R1,203,203,204,15881482,2730352,PASS,4963,6002,10,20,2,16
XMSSMT-SHA2_20/2_256,PUB_R1,204,204,205,18245519,2787870,PASS,4963,6002,10,20,2,16
XMSSMT-SHA2_20/2_256,PUB_R1,205,205,206,16071426,2570444,PASS,4963,6002,10,20,2,16
XMSSMT-SHA2_20/2_256,PUB_R1,206,206,207,18538370,2570796,PASS,4963,6002,10,20,2,16
XMSSMT-SHA2_20/2_256,PUB_R1,207,207,208,15956166,2630537,PASS,4963,6002,10,20,2,16
XMSSMT-SHA2_20/2_256,PUB_R1,208,208,209,18322704,2723482,PASS,4963,6002,10,20,2,16
XMSSMT-SHA2_20/2_256,PUB_R1,209,209,210,15767389,2862870,PASS,4963,6002,10,20,2,16
XMSSMT-SHA2_20/2_256,PUB_R1,210,210,211,8615777,2630149,PASS,4963,6002,10,20,2,16
XMSSMT-SHA2_20/2_256,PUB_R1,211,211,212,11077500,2604685,PASS,4963,6002,10,20,2,16
XMSSMT-SHA2_20/2_256,PUB_R1,212,212,213,5885055,2857907,PASS,4963,6002,10,20,2,16
XMSSMT-SHA2_20/2_256,PUB_R1,213,213,214,6051204,2732204,PASS,4963,6002,10,20,2,16
XMSSMT-SHA2_20/2_256,PUB_R1,214,214,215,6051981,2695889,PASS,4963,6002,10,20,2,16
XMSSMT-SHA2_20/2_256,PUB_R1,215,215,216,15896482,2728037,PASS,4963,6002,10,20,2,16
XMSSMT-SHA2_20/2_256,PUB_R1,216,216,217,11010222,2657204,PASS,4963,6002,10,20,2,16
XMSSMT-SHA2_20/2_256,PUB_R1,217,217,218,6110889,2663500,PASS,4963,6002,10,20,2,16
XMSSMT-SHA2_20/2_256,PUB_R1,218,218,219,6114093,2629907,PASS,4963,6002,10,20,2,16
XMSSMT-SHA2_20/2_256,PUB_R1,219,219,220,11101889,2601408,PASS,4963,6002,10,20,2,16
XMSSMT-SHA2_20/2_256,PUB_R1,220,220,221,6111797,2631167,PASS,4963,6002,10,20,2,16
XMSSMT-SHA2_20/2_256,PUB_R1,221,221,222,6114130,2624777,PASS,4963,6002,10,20,2,16
XMSSMT-SHA2_20/2_256,PUB_R1,222,222,223,6060815,2698686,PASS,4963,6002,10,20,2,16
XMSSMT-SHA2_20/2_256,PUB_R1,223,223,224,15989741,2632093,PASS,4963,6002,10,20,2,16
XMSSMT-SHA2_20/2_256,PUB_R1,224,224,225,18337426,2729000,PASS,4963,6002,10,20,2,16
XMSSMT-SHA2_20/2_256,PUB_R1,225,225,226,15962834,2629259,PASS,4963,6002,10,20,2,16
XMSSMT-SHA2_20/2_256,PUB_R1,226,226,227,18386574,2704056,PASS,4963,6002,10,20,2,16
XMSSMT-SHA2_20/2_256,PUB_R1,227,227,228,15983722,2671519,PASS,4963,6002,10,20,2,16
XMSSMT-SHA2_20/2_256,PUB_R1,228,228,229,18276074,2797315,PASS,4963,6002,10,20,2,16
XMSSMT-SHA2_20/2_256,PUB_R1,229,229,230,15943315,2624611,PASS,4963,6002,10,20,2,16
XMSSMT-SHA2_20/2_256,PUB_R1,230,230,231,8644093,2600500,PASS,4963,6002,10,20,2,16
XMSSMT-SHA2_20/2_256,PUB_R1,231,231,232,15829519,2794370,PASS,4963,6002,10,20,2,16
XMSSMT-SHA2_20/2_256,PUB_R1,232,232,233,11012759,2664222,PASS,4963,6002,10,20,2,16
XMSSMT-SHA2_20/2_256,PUB_R1,233,233,234,5963704,2790851,PASS,4963,6002,10,20,2,16
XMSSMT-SHA2_20/2_256,PUB_R1,234,234,235,6095703,2675389,PASS,4963,6002,10,20,2,16
XMSSMT-SHA2_20/2_256,PUB_R1,235,235,236,10880629,2804704,PASS,4963,6002,10,20,2,16
XMSSMT-SHA2_20/2_256,PUB_R1,236,236,237,5897852,2853852,PASS,4963,6002,10,20,2,16
XMSSMT-SHA2_20/2_256,PUB_R1,237,237,238,6259889,2514167,PASS,4963,6002,10,20,2,16
XMSSMT-SHA2_20/2_256,PUB_R1,238,238,239,6087556,2661370,PASS,4963,6002,10,20,2,16
XMSSMT-SHA2_20/2_256,PUB_R1,239,239,240,15995259,2633481,PASS,4963,6002,10,20,2,16
XMSSMT-SHA2_20/2_256,PUB_R1,240,240,241,18472796,2598611,PASS,4963,6002,10,20,2,16
XMSSMT-SHA2_20/2_256,PUB_R1,241,241,242,15881074,2725204,PASS,4963,6002,10,20,2,16
XMSSMT-SHA2_20/2_256,PUB_R1,242,242,243,8627871,2595870,PASS,4963,6002,10,20,2,16
XMSSMT-SHA2_20/2_256,PUB_R1,243,243,244,10822833,2861759,PASS,4963,6002,10,20,2,16
XMSSMT-SHA2_20/2_256,PUB_R1,244,244,245,6170556,2565870,PASS,4963,6002,10,20,2,16
XMSSMT-SHA2_20/2_256,PUB_R1,245,245,246,6193000,2560759,PASS,4963,6002,10,20,2,16
XMSSMT-SHA2_20/2_256,PUB_R1,246,246,247,6126186,2628185,PASS,4963,6002,10,20,2,16
XMSSMT-SHA2_20/2_256,PUB_R1,247,247,248,15988556,2593074,PASS,4963,6002,10,20,2,16
XMSSMT-SHA2_20/2_256,PUB_R1,248,248,249,10994870,2657315,PASS,4963,6002,10,20,2,16
XMSSMT-SHA2_20/2_256,PUB_R1,249,249,250,6095611,2660685,PASS,4963,6002,10,20,2,16
XMSSMT-SHA2_20/2_256,PUB_R1,250,250,251,6185000,2557222,PASS,4963,6002,10,20,2,16
XMSSMT-SHA2_20/2_256,PUB_R1,251,251,252,10938185,2724259,PASS,4963,6002,10,20,2,16
XMSSMT-SHA2_20/2_256,PUB_R1,252,252,253,6052204,2689833,PASS,4963,6002,10,20,2,16
XMSSMT-SHA2_20/2_256,PUB_R1,253,253,254,6049315,2690907,PASS,4963,6002,10,20,2,16
XMSSMT-SHA2_20/2_256,PUB_R1,254,254,255,6011945,2723981,PASS,4963,6002,10,20,2,16
XMSSMT-SHA2_20/2_256,PUB_R1,255,255,256,15910760,2691148,PASS,4963,6002,10,20,2,16
XMSSMT-SHA2_20/2_256,PUB_R1,256,256,257,18364870,2701314,PASS,4963,6002,10,20,2,16
XMSSMT-SHA2_20/2_256,PUB_R1,257,257,258,15945148,2699296,PASS,4963,6002,10,20,2,16
XMSSMT-SHA2_20/2_256,PUB_R1,258,258,259,18364111,2732297,PASS,4963,6002,10,20,2,16
XMSSMT-SHA2_20/2_256,PUB_R1,259,259,260,15945352,2628408,PASS,4963,6002,10,20,2,16
XMSSMT-SHA2_20/2_256,PUB_R1,260,260,261,18485129,2596629,PASS,4963,6002,10,20,2,16
XMSSMT-SHA2_20/2_256,PUB_R1,261,261,262,15808982,2853277,PASS,4963,6002,10,20,2,16
XMSSMT-SHA2_20/2_256,PUB_R1,262,262,263,18309334,2799574,PASS,4963,6002,10,20,2,16
XMSSMT-SHA2_20/2_256,PUB_R1,263,263,264,15874408,2737574,PASS,4963,6002,10,20,2,16
XMSSMT-SHA2_20/2_256,PUB_R1,264,264,265,18382871,2701630,PASS,4963,6002,10,20,2,16
XMSSMT-SHA2_20/2_256,PUB_R1,265,265,266,15823519,2830741,PASS,4963,6002,10,20,2,16
XMSSMT-SHA2_20/2_256,PUB_R1,266,266,267,18452722,2630333,PASS,4963,6002,10,20,2,16
XMSSMT-SHA2_20/2_256,PUB_R1,267,267,268,16018611,2606907,PASS,4963,6002,10,20,2,16
XMSSMT-SHA2_20/2_256,PUB_R1,268,268,269,18502426,2599648,PASS,4963,6002,10,20,2,16
XMSSMT-SHA2_20/2_256,PUB_R1,269,269,270,15874018,2728333,PASS,4963,6002,10,20,2,16
XMSSMT-SHA2_20/2_256,PUB_R1,270,270,271,18404870,2659685,PASS,4963,6002,10,20,2,16
XMSSMT-SHA2_20/2_256,PUB_R1,271,271,272,15873297,2730741,PASS,4963,6002,10,20,2,16
XMSSMT-SHA2_20/2_256,PUB_R1,272,272,273,18503426,2533945,PASS,4963,6002,10,20,2,16
XMSSMT-SHA2_20/2_256,PUB_R1,273,273,274,16003019,2600037,PASS,4963,6002,10,20,2,16
XMSSMT-SHA2_20/2_256,PUB_R1,274,274,275,18351352,2695444,PASS,4963,6002,10,20,2,16
XMSSMT-SHA2_20/2_256,PUB_R1,275,275,276,15886278,2732963,PASS,4963,6002,10,20,2,16
XMSSMT-SHA2_20/2_256,PUB_R1,276,276,277,18224111,2829741,PASS,4963,6002,10,20,2,16
XMSSMT-SHA2_20/2_256,PUB_R1,277,277,278,15814611,2804204,PASS,4963,6002,10,20,2,16
XMSSMT-SHA2_20/2_256,PUB_R1,278,278,279,18481685,2615945,PASS,4963,6002,10,20,2,16
XMSSMT-SHA2_20/2_256,PUB_R1,279,279,280,15768352,2822129,PASS,4963,6002,10,20,2,16
XMSSMT-SHA2_20/2_256,PUB_R1,280,280,281,18436223,2630481,PASS,4963,6002,10,20,2,16
XMSSMT-SHA2_20/2_256,PUB_R1,281,281,282,15835093,2792445,PASS,4963,6002,10,20,2,16
XMSSMT-SHA2_20/2_256,PUB_R1,282,282,283,18555870,2540185,PASS,4963,6002,10,20,2,16
XMSSMT-SHA2_20/2_256,PUB_R1,283,283,284,15917685,2699055,PASS,4963,6002,10,20,2,16
XMSSMT-SHA2_20/2_256,PUB_R1,284,284,285,18467759,2602167,PASS,4963,6002,10,20,2,16
XMSSMT-SHA2_20/2_256,PUB_R1,285,285,286,16018741,2594019,PASS,4963,6002,10,20,2,16
XMSSMT-SHA2_20/2_256,PUB_R1,286,286,287,18298055,2799463,PASS,4963,6002,10,20,2,16
XMSSMT-SHA2_20/2_256,PUB_R1,287,287,288,15800648,2825148,PASS,4963,6002,10,20,2,16
XMSSMT-SHA2_20/2_256,PUB_R1,288,288,289,18412129,2629796,PASS,4963,6002,10,20,2,16
XMSSMT-SHA2_20/2_256,PUB_R1,289,289,290,15775740,2833112,PASS,4963,6002,10,20,2,16
XMSSMT-SHA2_20/2_256,PUB_R1,290,290,291,18513611,2525667,PASS,4963,6002,10,20,2,16
XMSSMT-SHA2_20/2_256,PUB_R1,291,291,292,15793185,2792038,PASS,4963,6002,10,20,2,16
XMSSMT-SHA2_20/2_256,PUB_R1,292,292,293,18447278,2596648,PASS,4963,6002,10,20,2,16
XMSSMT-SHA2_20/2_256,PUB_R1,293,293,294,15949796,2666926,PASS,4963,6002,10,20,2,16
XMSSMT-SHA2_20/2_256,PUB_R1,294,294,295,18276167,2792203,PASS,4963,6002,10,20,2,16
XMSSMT-SHA2_20/2_256,PUB_R1,295,295,296,15774518,2823093,PASS,4963,6002,10,20,2,16
XMSSMT-SHA2_20/2_256,PUB_R1,296,296,297,18222870,2828315,PASS,4963,6002,10,20,2,16
XMSSMT-SHA2_20/2_256,PUB_R1,297,297,298,15881445,2693314,PASS,4963,6002,10,20,2,16
XMSSMT-SHA2_20/2_256,PUB_R1,298,298,299,18549148,2495481,PASS,4963,6002,10,20,2,16
XMSSMT-SHA2_20/2_256,PUB_R1,299,299,300,16074333,2497519,PASS,4963,6002,10,20,2,16
XMSSMT-SHA2_20/2_256,PUB_R1,300,300,301,18371444,2660796,PASS,4963,6002,10,20,2,16
XMSSMT-SHA2_20/2_256,PUB_R1,301,301,302,15761444,2826871,PASS,4963,6002,10,20,2,16
XMSSMT-SHA2_20/2_256,PUB_R1,302,302,303,18386981,2627222,PASS,4963,6002,10,20,2,16
XMSSMT-SHA2_20/2_256,PUB_R1,303,303,304,15935686,2661611,PASS,4963,6002,10,20,2,16
XMSSMT-SHA2_20/2_256,PUB_R1,304,304,305,18237130,2793667,PASS,4963,6002,10,20,2,16
XMSSMT-SHA2_20/2_256,PUB_R1,305,305,306,15739462,2857444,PASS,4963,6002,10,20,2,16
XMSSMT-SHA2_20/2_256,PUB_R1,306,306,307,18301815,2734000,PASS,4963,6002,10,20,2,16
XMSSMT-SHA2_20/2_256,PUB_R1,307,307,308,15990407,2630537,PASS,4963,6002,10,20,2,16
XMSSMT-SHA2_20/2_256,PUB_R1,308,308,309,18263093,2795574,PASS,4963,6002,10,20,2,16
XMSSMT-SHA2_20/2_256,PUB_R1,309,309,310,15987870,2627926,PASS,4963,6002,10,20,2,16
XMSSMT-SHA2_20/2_256,PUB_R1,310,310,311,18358834,2704334,PASS,4963,6002,10,20,2,16
XMSSMT-SHA2_20/2_256,PUB_R1,311,311,312,15926592,2698111,PASS,4963,6002,10,20,2,16
XMSSMT-SHA2_20/2_256,PUB_R1,312,312,313,18414111,2661685,PASS,4963,6002,10,20,2,16
XMSSMT-SHA2_20/2_256,PUB_R1,313,313,314,16089278,2534870,PASS,4963,6002,10,20,2,16
XMSSMT-SHA2_20/2_256,PUB_R1,314,314,315,18528407,2532981,PASS,4963,6002,10,20,2,16
XMSSMT-SHA2_20/2_256,PUB_R1,315,315,316,15916185,2715592,PASS,4963,6002,10,20,2,16
XMSSMT-SHA2_20/2_256,PUB_R1,316,316,317,18499148,2524870,PASS,4963,6002,10,20,2,16
XMSSMT-SHA2_20/2_256,PUB_R1,317,317,318,15934333,2662352,PASS,4963,6002,10,20,2,16
XMSSMT-SHA2_20/2_256,PUB_R1,318,318,319,18459611,2591407,PASS,4963,6002,10,20,2,16
XMSSMT-SHA2_20/2_256,PUB_R1,319,319,320,15992259,2634333,PASS,4963,6002,10,20,2,16
XMSSMT-SHA2_20/2_256,PUB_R1,320,320,321,18401185,2642907,PASS,4963,6002,10,20,2,16
XMSSMT-SHA2_20/2_256,PUB_R1,321,321,322,15936889,2700908,PASS,4963,6002,10,20,2,16
XMSSMT-SHA2_20/2_256,PUB_R1,322,322,323,18250222,2794907,PASS,4963,6002,10,20,2,16
XMSSMT-SHA2_20/2_256,PUB_R1,323,323,324,15815000,2795278,PASS,4963,6002,10,20,2,16
XMSSMT-SHA2_20/2_256,PUB_R1,324,324,325,18366963,2663019,PASS,4963,6002,10,20,2,16
XMSSMT-SHA2_20/2_256,PUB_R1,325,325,326,15900426,2737574,PASS,4963,6002,10,20,2,16
XMSSMT-SHA2_20/2_256,PUB_R1,326,326,327,18277056,2796685,PASS,4963,6002,10,20,2,16
XMSSMT-SHA2_20/2_256,PUB_R1,327,327,328,15884759,2730204,PASS,4963,6002,10,20,2,16
XMSSMT-SHA2_20/2_256,PUB_R1,328,328,329,18368815,2663741,PASS,4963,6002,10,20,2,16
XMSSMT-SHA2_20/2_256,PUB_R1,329,329,330,15916055,2694982,PASS,4963,6002,10,20,2,16
XMSSMT-SHA2_20/2_256,PUB_R1,330,330,331,18458574,2603963,PASS,4963,6002,10,20,2,16
XMSSMT-SHA2_20/2_256,PUB_R1,331,331,332,15779926,2826389,PASS,4963,6002,10,20,2,16
XMSSMT-SHA2_20/2_256,PUB_R1,332,332,333,18402389,2626870,PASS,4963,6002,10,20,2,16
XMSSMT-SHA2_20/2_256,PUB_R1,333,333,334,15994778,2631648,PASS,4963,6002,10,20,2,16
XMSSMT-SHA2_20/2_256,PUB_R1,334,334,335,18422186,2665482,PASS,4963,6002,10,20,2,16
XMSSMT-SHA2_20/2_256,PUB_R1,335,335,336,15998296,2630759,PASS,4963,6002,10,20,2,16
XMSSMT-SHA2_20/2_256,PUB_R1,336,336,337,18373703,2661889,PASS,4963,6002,10,20,2,16
XMSSMT-SHA2_20/2_256,PUB_R1,337,337,338,15798111,2832500,PASS,4963,6002,10,20,2,16
XMSSMT-SHA2_20/2_256,PUB_R1,338,338,339,18360722,2692722,PASS,4963,6002,10,20,2,16
XMSSMT-SHA2_20/2_256,PUB_R1,339,339,340,15909833,2692462,PASS,4963,6002,10,20,2,16
XMSSMT-SHA2_20/2_256,PUB_R1,340,340,341,18378315,2659259,PASS,4963,6002,10,20,2,16
XMSSMT-SHA2_20/2_256,PUB_R1,341,341,342,15974000,2636556,PASS,4963,6002,10,20,2,16
XMSSMT-SHA2_20/2_256,PUB_R1,342,342,343,18338203,2727407,PASS,4963,6002,10,20,2,16
XMSSMT-SHA2_20/2_256,PUB_R1,343,343,344,15744722,2827018,PASS,4963,6002,10,20,2,16
XMSSMT-SHA2_20/2_256,PUB_R1,344,344,345,18432519,2628074,PASS,4963,6002,10,20,2,16
XMSSMT-SHA2_20/2_256,PUB_R1,345,345,346,15898019,2733982,PASS,4963,6002,10,20,2,16
XMSSMT-SHA2_20/2_256,PUB_R1,346,346,347,18382167,2667074,PASS,4963,6002,10,20,2,16
XMSSMT-SHA2_20/2_256,PUB_R1,347,347,348,15792129,2790148,PASS,4963,6002,10,20,2,16
XMSSMT-SHA2_20/2_256,PUB_R1,348,348,349,18359907,2659297,PASS,4963,6002,10,20,2,16
XMSSMT-SHA2_20/2_256,PUB_R1,349,349,350,15841463,2720796,PASS,4963,6002,10,20,2,16
XMSSMT-SHA2_20/2_256,PUB_R1,350,350,351,18410778,2589740,PASS,4963,6002,10,20,2,16
XMSSMT-SHA2_20/2_256,PUB_R1,351,351,352,15792852,2794629,PASS,4963,6002,10,20,2,16
XMSSMT-SHA2_20/2_256,PUB_R1,352,352,353,18433611,2594167,PASS,4963,6002,10,20,2,16
XMSSMT-SHA2_20/2_256,PUB_R1,353,353,354,15850148,2726315,PASS,4963,6002,10,20,2,16
XMSSMT-SHA2_20/2_256,PUB_R1,354,354,355,18209185,2824445,PASS,4963,6002,10,20,2,16
XMSSMT-SHA2_20/2_256,PUB_R1,355,355,356,15957277,2587741,PASS,4963,6002,10,20,2,16
XMSSMT-SHA2_20/2_256,PUB_R1,356,356,357,18525333,2532223,PASS,4963,6002,10,20,2,16
XMSSMT-SHA2_20/2_256,PUB_R1,357,357,358,15999167,2597815,PASS,4963,6002,10,20,2,16
XMSSMT-SHA2_20/2_256,PUB_R1,358,358,359,18413666,2665186,PASS,4963,6002,10,20,2,16
XMSSMT-SHA2_20/2_256,PUB_R1,359,359,360,15852444,2721408,PASS,4963,6002,10,20,2,16
XMSSMT-SHA2_20/2_256,PUB_R1,360,360,361,18440203,2633889,PASS,4963,6002,10,20,2,16
XMSSMT-SHA2_20/2_256,PUB_R1,361,361,362,15981797,2630574,PASS,4963,6002,10,20,2,16
XMSSMT-SHA2_20/2_256,PUB_R1,362,362,363,18402629,2692407,PASS,4963,6002,10,20,2,16
XMSSMT-SHA2_20/2_256,PUB_R1,363,363,364,11006667,2669537,PASS,4963,6002,10,20,2,16
XMSSMT-SHA2_20/2_256,PUB_R1,364,364,365,6133648,2628445,PASS,4963,6002,10,20,2,16
XMSSMT-SHA2_20/2_256,PUB_R1,365,365,366,5908297,2827463,PASS,4963,6002,10,20,2,16
XMSSMT-SHA2_20/2_256,PUB_R1,366,366,367,6196129,2556315,PASS,4963,6002,10,20,2,16
XMSSMT-SHA2_20/2_256,PUB_R1,367,367,368,15894111,2724426,PASS,4963,6002,10,20,2,16
XMSSMT-SHA2_20/2_256,PUB_R1,368,368,369,18317722,2727148,PASS,4963,6002,10,20,2,16
XMSSMT-SHA2_20/2_256,PUB_R1,369,369,370,16001574,2601463,PASS,4963,6002,10,20,2,16
XMSSMT-SHA2_20/2_256,PUB_R1,370,370,371,8622222,2592908,PASS,4963,6002,10,20,2,16
XMSSMT-SHA2_20/2_256,PUB_R1,371,371,372,10997222,2690704,PASS,4963,6002,10,20,2,16
XMSSMT-SHA2_20/2_256,PUB_R1,372,372,373,6069019,2661241,PASS,4963,6002,10,20,2,16
XMSSMT-SHA2_20/2_256,PUB_R1,373,373,374,6144685,2627444,PASS,4963,6002,10,20,2,16
XMSSMT-SHA2_20/2_256,PUB_R1,374,374,375,6044204,2708093,PASS,4963,6002,10,20,2,16
XMSSMT-SHA2_20/2_256,PUB_R1,375,375,376,15773592,2826204,PASS,4963,6002,10,20,2,16
XMSSMT-SHA2_20/2_256,PUB_R1,376,376,377,11093333,2575463,PASS,4963,6002,10,20,2,16
XMSSMT-SHA2_20/2_256,PUB_R1,377,377,378,6102778,2660481,PASS,4963,6002,10,20,2,16
XMSSMT-SHA2_20/2_256,PUB_R1,378,378,379,6049963,2691981,PASS,4963,6002,10,20,2,16
XMSSMT-SHA2_20/2_256,PUB_R1,379,379,380,10983815,2703574,PASS,4963,6002,10,20,2,16
XMSSMT-SHA2_20/2_256,PUB_R1,380,380,381,5982037,2794629,PASS,4963,6002,10,20,2,16
XMSSMT-SHA2_20/2_256,PUB_R1,381,381,382,6243667,2503685,PASS,4963,6002,10,20,2,16
XMSSMT-SHA2_20/2_256,PUB_R1,382,382,383,6208223,2562555,PASS,4963,6002,10,20,2,16
XMSSMT-SHA2_20/2_256,PUB_R1,383,383,384,15860778,2800926,PASS,4963,6002,10,20,2,16
XMSSMT-SHA2_20/2_256,PUB_R1,384,384,385,18442574,2599093,PASS,4963,6002,10,20,2,16
XMSSMT-SHA2_20/2_256,PUB_R1,385,385,386,16018426,2603500,PASS,4963,6002,10,20,2,16
XMSSMT-SHA2_20/2_256,PUB_R1,386,386,387,18397334,2712166,PASS,4963,6002,10,20,2,16
XMSSMT-SHA2_20/2_256,PUB_R1,387,387,388,15887186,2726945,PASS,4963,6002,10,20,2,16
XMSSMT-SHA2_20/2_256,PUB_R1,388,388,389,18359907,2696259,PASS,4963,6002,10,20,2,16
XMSSMT-SHA2_20/2_256,PUB_R1,389,389,390,15682611,2919852,PASS,4963,6002,10,20,2,16
XMSSMT-SHA2_20/2_256,PUB_R1,390,390,391,18372870,2704297,PASS,4963,6002,10,20,2,16
XMSSMT-SHA2_20/2_256,PUB_R1,391,391,392,15913537,2702741,PASS,4963,6002,10,20,2,16
XMSSMT-SHA2_20/2_256,PUB_R1,392,392,393,18414593,2629111,PASS,4963,6002,10,20,2,16
XMSSMT-SHA2_20/2_256,PUB_R1,393,393,394,15974741,2631592,PASS,4963,6002,10,20,2,16
XMSSMT-SHA2_20/2_256,PUB_R1,394,394,395,18381574,2698130,PASS,4963,6002,10,20,2,16
XMSSMT-SHA2_20/2_256,PUB_R1,395,395,396,15970148,2665759,PASS,4963,6002,10,20,2,16
XMSSMT-SHA2_20/2_256,PUB_R1,396,396,397,18332537,2732760,PASS,4963,6002,10,20,2,16
XMSSMT-SHA2_20/2_256,PUB_R1,397,397,398,15942223,2661481,PASS,4963,6002,10,20,2,16
XMSSMT-SHA2_20/2_256,PUB_R1,398,398,399,18243834,2823482,PASS,4963,6002,10,20,2,16
XMSSMT-SHA2_20/2_256,PUB_R1,399,399,400,15958722,2662240,PASS,4963,6002,10,20,2,16
XMSSMT-SHA2_20/2_256,PUB_R1,400,400,401,18261537,2806630,PASS,4963,6002,10,20,2,16
XMSSMT-SHA2_20/2_256,PUB_R1,401,401,402,16051907,2562907,PASS,4963,6002,10,20,2,16
XMSSMT-SHA2_20/2_256,PUB_R1,402,402,403,18265186,2790574,PASS,4963,6002,10,20,2,16
XMSSMT-SHA2_20/2_256,PUB_R1,403,403,404,15981537,2630499,PASS,4963,6002,10,20,2,16
XMSSMT-SHA2_20/2_256,PUB_R1,404,404,405,18476277,2563537,PASS,4963,6002,10,20,2,16
XMSSMT-SHA2_20/2_256,PUB_R1,405,405,406,15874426,2732370,PASS,4963,6002,10,20,2,16
XMSSMT-SHA2_20/2_256,PUB_R1,406,406,407,18344019,2649759,PASS,4963,6002,10,20,2,16
XMSSMT-SHA2_20/2_256,PUB_R1,407,407,408,15895685,2695185,PASS,4963,6002,10,20,2,16
XMSSMT-SHA2_20/2_256,PUB_R1,408,408,409,18336981,2691500,PASS,4963,6002,10,20,2,16
XMSSMT-SHA2_20/2_256,PUB_R1,409,409,410,16038351,2564018,PASS,4963,6002,10,20,2,16
XMSSMT-SHA2_20/2_256,PUB_R1,410,410,411,18305222,2687556,PASS,4963,6002,10,20,2,16
XMSSMT-SHA2_20/2_256,PUB_R1,411,411,412,16004111,2594018,PASS,4963,6002,10,20,2,16
XMSSMT-SHA2_20/2_256,PUB_R1,412,412,413,18369481,2658685,PASS,4963,6002,10,20,2,16
XMSSMT-SHA2_20/2_256,PUB_R1,413,413,414,15854519,2725240,PASS,4963,6002,10,20,2,16
XMSSMT-SHA2_20/2_256,PUB_R1,414,414,415,18405833,2628667,PASS,4963,6002,10,20,2,16
XMSSMT-SHA2_20/2_256,PUB_R1,415,415,416,15883777,2694130,PASS,4963,6002,10,20,2,16
XMSSMT-SHA2_20/2_256,PUB_R1,416,416,417,18403685,2640204,PASS,4963,6002,10,20,2,16
XMSSMT-SHA2_20/2_256,PUB_R1,417,417,418,16021537,2608426,PASS,4963,6002,10,20,2,16
XMSSMT-SHA2_20/2_256,PUB_R1,418,418,419,18281000,2806537,PASS,4963,6002,10,20,2,16
XMSSMT-SHA2_20/2_256,PUB_R1,419,419,420,15890037,2729482,PASS,4963,6002,10,20,2,16
XMSSMT-SHA2_20/2_256,PUB_R1,420,420,421,18501648,2567111,PASS,4963,6002,10,20,2,16
XMSSMT-SHA2_20/2_256,PUB_R1,421,421,422,15984093,2632185,PASS,4963,6002,10,20,2,16
XMSSMT-SHA2_20/2_256,PUB_R1,422,422,423,18413148,2635944,PASS,4963,6002,10,20,2,16
XMSSMT-SHA2_20/2_256,PUB_R1,423,423,424,15924481,2700759,PASS,4963,6002,10,20,2,16
XMSSMT-SHA2_20/2_256,PUB_R1,424,424,425,18404370,2694592,PASS,4963,6002,10,20,2,16
XMSSMT-SHA2_20/2_256,PUB_R1,425,425,426,16054259,2563000,PASS,4963,6002,10,20,2,16
XMSSMT-SHA2_20/2_256,PUB_R1,426,426,427,18289500,2806796,PASS,4963,6002,10,20,2,16
XMSSMT-SHA2_20/2_256,PUB_R1,427,427,428,11041851,2630703,PASS,4963,6002,10,20,2,16
XMSSMT-SHA2_20/2_256,PUB_R1,428,428,429,6015518,2743667,PASS,4963,6002,10,20,2,16
XMSSMT-SHA2_20/2_256,PUB_R1,429,429,430,6159555,2590723,PASS,4963,6002,10,20,2,16
XMSSMT-SHA2_20/2_256,PUB_R1,430,430,431,6164888,2597667,PASS,4963,6002,10,20,2,16
XMSSMT-SHA2_20/2_256,PUB_R1,431,431,432,16049185,2562704,PASS,4963,6002,10,20,2,16
XMSSMT-SHA2_20/2_256,PUB_R1,432,432,433,18494963,2560871,PASS,4963,6002,10,20,2,16
XMSSMT-SHA2_20/2_256,PUB_R1,433,433,434,16011315,2593963,PASS,4963,6002,10,20,2,16
XMSSMT-SHA2_20/2_256,PUB_R1,434,434,435,8625333,2596130,PASS,4963,6002,10,20,2,16
XMSSMT-SHA2_20/2_256,PUB_R1,435,435,436,11032685,2660741,PASS,4963,6002,10,20,2,16
XMSSMT-SHA2_20/2_256,PUB_R1,436,436,437,6181388,2561889,PASS,4963,6002,10,20,2,16
XMSSMT-SHA2_20/2_256,PUB_R1,437,437,438,6145074,2628166,PASS,4963,6002,10,20,2,16
XMSSMT-SHA2_20/2_256,PUB_R1,438,438,439,6198963,2531203,PASS,4963,6002,10,20,2,16
XMSSMT-SHA2_20/2_256,PUB_R1,439,439,440,16002833,2609648,PASS,4963,6002,10,20,2,16
XMSSMT-SHA2_20/2_256,PUB_R1,440,440,441,11111297,2560815,PASS,4963,6002,10,20,2,16
XMSSMT-SHA2_20/2_256,PUB_R1,441,441,442,6134500,2628407,PASS,4963,6002,10,20,2,16
XMSSMT-SHA2_20/2_256,PUB_R1,442,442,443,6090760,2659314,PASS,4963,6002,10,20,2,16
XMSSMT-SHA2_20/2_256,PUB_R1,443,443,444,10767945,2923389,PASS,4963,6002,10,20,2,16
XMSSMT-SHA2_20/2_256,PUB_R1,444,444,445,6011240,2739018,PASS,4963,6002,10,20,2,16
XMSSMT-SHA2_20/2_256,PUB_R1,445,445,446,6104278,2657333,PASS,4963,6002,10,20,2,16
XMSSMT-SHA2_20/2_256,PUB_R1,446,446,447,5957222,2789685,PASS,4963,6002,10,20,2,16
XMSSMT-SHA2_20/2_256,PUB_R1,447,447,448,15813111,2790074,PASS,4963,6002,10,20,2,16
XMSSMT-SHA2_20/2_256,PUB_R1,448,448,449,18370703,2657223,PASS,4963,6002,10,20,2,16
XMSSMT-SHA2_20/2_256,PUB_R1,449,449,450,15923241,2698666,PASS,4963,6002,10,20,2,16
XMSSMT-SHA2_20/2_256,PUB_R1,450,450,451,18398000,2664241,PASS,4963,6002,10,20,2,16
XMSSMT-SHA2_20/2_256,PUB_R1,451,451,452,15993963,2648741,PASS,4963,6002,10,20,2,16
XMSSMT-SHA2_20/2_256,PUB_R1,452,452,453,18328277,2725112,PASS,4963,6002,10,20,2,16
XMSSMT-SHA2_20/2_256,PUB_R1,453,453,454,15987426,2630482,PASS,4963,6002,10,20,2,16
XMSSMT-SHA2_20/2_256,PUB_R1,454,454,455,18394278,2665815,PASS,4963,6002,10,20,2,16
XMSSMT-SHA2_20/2_256,PUB_R1,455,455,456,15707889,2931612,PASS,4963,6002,10,20,2,16
XMSSMT-SHA2_20/2_256,PUB_R1,456,456,457,18326703,2700796,PASS,4963,6002,10,20,2,16
XMSSMT-SHA2_20/2_256,PUB_R1,457,457,458,16024333,2599926,PASS,4963,6002,10,20,2,16
XMSSMT-SHA2_20/2_256,PUB_R1,458,458,459,18384944,2665019,PASS,4963,6002,10,20,2,16
XMSSMT-SHA2_20/2_256,PUB_R1,459,459,460,15978037,2631278,PASS,4963,6002,10,20,2,16
XMSSMT-SHA2_20/2_256,PUB_R1,460,460,461,18341278,2693704,PASS,4963,6002,10,20,2,16
XMSSMT-SHA2_20/2_256,PUB_R1,461,461,462,15862018,2727389,PASS,4963,6002,10,20,2,16
XMSSMT-SHA2_20/2_256,PUB_R1,462,462,463,18346259,2728667,PASS,4963,6002,10,20,2,16
XMSSMT-SHA2_20/2_256,PUB_R1,463,463,464,15996592,2626186,PASS,4963,6002,10,20,2,16
XMSSMT-SHA2_20/2_256,PUB_R1,464,464,465,18319500,2726945,PASS,4963,6002,10,20,2,16
XMSSMT-SHA2_20/2_256,PUB_R1,465,465,466,15867130,2688648,PASS,4963,6002,10,20,2,16
XMSSMT-SHA2_20/2_256,PUB_R1,466,466,467,8585666,2630945,PASS,4963,6002,10,20,2,16
XMSSMT-SHA2_20/2_256,PUB_R1,467,467,468,11025482,2664685,PASS,4963,6002,10,20,2,16
XMSSMT-SHA2_20/2_256,PUB_R1,468,468,469,6082278,2655018,PASS,4963,6002,10,20,2,16
XMSSMT-SHA2_20/2_256,PUB_R1,469,469,470,6191629,2565555,PASS,4963,6002,10,20,2,16
XMSSMT-SHA2_20/2_256,PUB_R1,470,470,471,6014926,2723556,PASS,4963,6002,10,20,2,16
XMSSMT-SHA2_20/2_256,PUB_R1,471,471,472,15809870,2796704,PASS,4963,6002,10,20,2,16
XMSSMT-SHA2_20/2_256,PUB_R1,472,472,473,10943426,2689111,PASS,4963,6002,10,20,2,16
XMSSMT-SHA2_20/2_256,PUB_R1,473,473,474,5955426,2786686,PASS,4963,6002,10,20,2,16
XMSSMT-SHA2_20/2_256,PUB_R1,474,474,475,5912592,2821407,PASS,4963,6002,10,20,2,16
XMSSMT-SHA2_20/2_256,PUB_R1,475,475,476,11097556,2564611,PASS,4963,6002,10,20,2,16
XMSSMT-SHA2_20/2_256,PUB_R1,476,476,477,6104796,2631408,PASS,4963,6002,10,20,2,16
XMSSMT-SHA2_20/2_256,PUB_R1,477,477,478,6164852,2593074,PASS,4963,6002,10,20,2,16
XMSSMT-SHA2_20/2_256,PUB_R1,478,478,479,6021278,2727444,PASS,4963,6002,10,20,2,16
XMSSMT-SHA2_20/2_256,PUB_R1,479,479,480,15813352,2806815,PASS,4963,6002,10,20,2,16
XMSSMT-SHA2_20/2_256,PUB_R1,480,480,481,18343611,2726759,PASS,4963,6002,10,20,2,16
XMSSMT-SHA2_20/2_256,PUB_R1,481,481,482,15901297,2730056,PASS,4963,6002,10,20,2,16
XMSSMT-SHA2_20/2_256,PUB_R1,482,482,483,18267648,2790315,PASS,4963,6002,10,20,2,16
XMSSMT-SHA2_20/2_256,PUB_R1,483,483,484,15806889,2801297,PASS,4963,6002,10,20,2,16
XMSSMT-SHA2_20/2_256,PUB_R1,484,484,485,18372796,2724889,PASS,4963,6002,10,20,2,16
XMSSMT-SHA2_20/2_256,PUB_R1,485,485,486,15982315,2629907,PASS,4963,6002,10,20,2,16
XMSSMT-SHA2_20/2_256,PUB_R1,486,486,487,8535611,2701963,PASS,4963,6002,10,20,2,16
XMSSMT-SHA2_20/2_256,PUB_R1,487,487,488,16018148,2599630,PASS,4963,6002,10,20,2,16
XMSSMT-SHA2_20/2_256,PUB_R1,488,488,489,10889315,2812315,PASS,4963,6002,10,20,2,16
XMSSMT-SHA2_20/2_256,PUB_R1,489,489,490,5960667,2794019,PASS,4963,6002,10,20,2,16
XMSSMT-SHA2_20/2_256,PUB_R1,490,490,491,6059907,2702426,PASS,4963,6002,10,20,2,16
XMSSMT-SHA2_20/2_256,PUB_R1,491,491,492,11075000,2610962,PASS,4963,6002,10,20,2,16
XMSSMT-SHA2_20/2_256,PUB_R1,492,492,493,6026407,2748185,PASS,4963,6002,10,20,2,16
XMSSMT-SHA2_20/2_256,PUB_R1,493,493,494,6116075,2631685,PASS,4963,6002,10,20,2,16
XMSSMT-SHA2_20/2_256,PUB_R1,494,494,495,6149167,2627444,PASS,4963,6002,10,20,2,16
XMSSMT-SHA2_20/2_256,PUB_R1,495,495,496,15976740,2635703,PASS,4963,6002,10,20,2,16
XMSSMT-SHA2_20/2_256,PUB_R1,496,496,497,18319278,2732370,PASS,4963,6002,10,20,2,16
XMSSMT-SHA2_20/2_256,PUB_R1,497,497,498,15928297,2705703,PASS,4963,6002,10,20,2,16
XMSSMT-SHA2_20/2_256,PUB_R1,498,498,499,8542222,2662444,PASS,4963,6002,10,20,2,16
XMSSMT-SHA2_20/2_256,PUB_R1,499,499,500,11082907,2599389,PASS,4963,6002,10,20,2,16
XMSSMT-SHA2_20/2_256,PUB_R1,500,500,501,5927870,2827037,PASS,4963,6002,10,20,2,16
XMSSMT-SHA2_20/2_256,PUB_R1,501,501,502,6124129,2627259,PASS,4963,6002,10,20,2,16
XMSSMT-SHA2_20/2_256,PUB_R1,502,502,503,6230685,2538297,PASS,4963,6002,10,20,2,16
XMSSMT-SHA2_20/2_256,PUB_R1,503,503,504,15887333,2727444,PASS,4963,6002,10,20,2,16
XMSSMT-SHA2_20/2_256,PUB_R1,504,504,505,11000741,2671500,PASS,4963,6002,10,20,2,16
XMSSMT-SHA2_20/2_256,PUB_R1,505,505,506,5941963,2825796,PASS,4963,6002,10,20,2,16
XMSSMT-SHA2_20/2_256,PUB_R1,506,506,507,6021889,2740704,PASS,4963,6002,10,20,2,16
XMSSMT-SHA2_20/2_256,PUB_R1,507,507,508,11013093,2673018,PASS,4963,6002,10,20,2,16
XMSSMT-SHA2_20/2_256,PUB_R1,508,508,509,6055907,2693500,PASS,4963,6002,10,20,2,16
XMSSMT-SHA2_20/2_256,PUB_R1,509,509,510,6077537,2673408,PASS,4963,6002,10,20,2,16
XMSSMT-SHA2_20/2_256,PUB_R1,510,510,511,5953778,2790204,PASS,4963,6002,10,20,2,16
XMSSMT-SHA2_20/2_256,PUB_R1,511,511,512,15947241,2660482,PASS,4963,6002,10,20,2,16
XMSSMT-SHA2_20/2_256,PUB_R1,512,512,513,18389482,2629778,PASS,4963,6002,10,20,2,16
XMSSMT-SHA2_20/2_256,PUB_R1,513,513,514,15753537,2871222,PASS,4963,6002,10,20,2,16
XMSSMT-SHA2_20/2_256,PUB_R1,514,514,515,18433519,2662722,PASS,4963,6002,10,20,2,16
XMSSMT-SHA2_20/2_256,PUB_R1,515,515,516,15989833,2597037,PASS,4963,6002,10,20,2,16
XMSSMT-SHA2_20/2_256,PUB_R1,516,516,517,18343611,2731370,PASS,4963,6002,10,20,2,16
XMSSMT-SHA2_20/2_256,PUB_R1,517,517,518,15688333,2886148,PASS,4963,6002,10,20,2,16
XMSSMT-SHA2_20/2_256,PUB_R1,518,518,519,18347426,2704740,PASS,4963,6002,10,20,2,16
XMSSMT-SHA2_20/2_256,PUB_R1,519,519,520,15954907,2663074,PASS,4963,6002,10,20,2,16
XMSSMT-SHA2_20/2_256,PUB_R1,520,520,521,18386722,2692814,PASS,4963,6002,10,20,2,16
XMSSMT-SHA2_20/2_256,PUB_R1,521,521,522,15858778,2729815,PASS,4963,6002,10,20,2,16
XMSSMT-SHA2_20/2_256,PUB_R1,522,522,523,18394556,2666314,PASS,4963,6002,10,20,2,16
XMSSMT-SHA2_20/2_256,PUB_R1,523,523,524,15793723,2831185,PASS,4963,6002,10,20,2,16
XMSSMT-SHA2_20/2_256,PUB_R1,524,524,525,18284166,2800371,PASS,4963,6002,10,20,2,16
XMSSMT-SHA2_20/2_256,PUB_R1,525,525,526,16002500,2630945,PASS,4963,6002,10,20,2,16
XMSSMT-SHA2_20/2_256,PUB_R1,526,526,527,18370723,2695981,PASS,4963,6002,10,20,2,16
XMSSMT-SHA2_20/2_256,PUB_R1,527,527,528,15958852,2663741,PASS,4963,6002,10,20,2,16
XMSSMT-SHA2_20/2_256,PUB_R1,528,528,529,18238982,2793797,PASS,4963,6002,10,20,2,16
XMSSMT-SHA2_20/2_256,PUB_R1,529,529,530,15954482,2681389,PASS,4963,6002,10,20,2,16
XMSSMT-SHA2_20/2_256,PUB_R1,530,530,531,18199111,2857481,PASS,4963,6002,10,20,2,16
XMSSMT-SHA2_20/2_256,PUB_R1,531,531,532,15859889,2726037,PASS,4963,6002,10,20,2,16
XMSSMT-SHA2_20/2_256,PUB_R1,532,532,533,18382185,2659945,PASS,4963,6002,10,20,2,16
XMSSMT-SHA2_20/2_256,PUB_R1,533,533,534,15978741,2630444,PASS,4963,6002,10,20,2,16
XMSSMT-SHA2_20/2_256,PUB_R1,534,534,535,18267334,2788834,PASS,4963,6002,10,20,2,16
XMSSMT-SHA2_20/2_256,PUB_R1,535,535,536,15874111,2726278,PASS,4963,6002,10,20,2,16
XMSSMT-SHA2_20/2_256,PUB_R1,536,536,537,18364129,2624296,PASS,4963,6002,10,20,2,16
XMSSMT-SHA2_20/2_256,PUB_R1,537,537,538,15795593,2793963,PASS,4963,6002,10,20,2,16
XMSSMT-SHA2_20/2_256,PUB_R1,538,538,539,18419963,2632352,PASS,4963,6002,10,20,2,16
XMSSMT-SHA2_20/2_256,PUB_R1,539,539,540,15881963,2694629,PASS,4963,6002,10,20,2,16
XMSSMT-SHA2_20/2_256,PUB_R1,540,540,541,18184260,2871760,PASS,4963,6002,10,20,2,16
XMSSMT-SHA2_20/2_256,PUB_R1,541,541,542,15992092,2630500,PASS,4963,6002,10,20,2,16
XMSSMT-SHA2_20/2_256,PUB_R1,542,542,543,18436223,2624815,PASS,4963,6002,10,20,2,16
XMSSMT-SHA2_20/2_256,PUB_R1,543,543,544,15930722,2697000,PASS,4963,6002,10,20,2,16
XMSSMT-SHA2_20/2_256,PUB_R1,544,544,545,18440148,2629611,PASS,4963,6002,10,20,2,16
XMSSMT-SHA2_20/2_256,PUB_R1,545,545,546,15935870,2662389,PASS,4963,6002,10,20,2,16
XMSSMT-SHA2_20/2_256,PUB_R1,546,546,547,18331074,2726500,PASS,4963,6002,10,20,2,16
XMSSMT-SHA2_20/2_256,PUB_R1,547,547,548,16018740,2598297,PASS,4963,6002,10,20,2,16
XMSSMT-SHA2_20/2_256,PUB_R1,548,548,549,18280833,2798222,PASS,4963,6002,10,20,2,16
XMSSMT-SHA2_20/2_256,PUB_R1,549,549,550,16097685,2498519,PASS,4963,6002,10,20,2,16
XMSSMT-SHA2_20/2_256,PUB_R1,550,550,551,18391314,2674778,PASS,4963,6002,10,20,2,16
XMSSMT-SHA2_20/2_256,PUB_R1,551,551,552,15936370,2707611,PASS,4963,6002,10,20,2,16
XMSSMT-SHA2_20/2_256,PUB_R1,552,552,553,18503408,2563611,PASS,4963,6002,10,20,2,16
XMSSMT-SHA2_20/2_256,PUB_R1,553,553,554,16042982,2565815,PASS,4963,6002,10,20,2,16
XMSSMT-SHA2_20/2_256,PUB_R1,554,554,555,18355241,2731037,PASS,4963,6002,10,20,2,16
XMSSMT-SHA2_20/2_256,PUB_R1,555,555,556,16014759,2608926,PASS,4963,6002,10,20,2,16
XMSSMT-SHA2_20/2_256,PUB_R1,556,556,557,18289259,2797482,PASS,4963,6002,10,20,2,16
XMSSMT-SHA2_20/2_256,PUB_R1,557,557,558,15951259,2668481,PASS,4963,6002,10,20,2,16
XMSSMT-SHA2_20/2_256,PUB_R1,558,558,559,18540074,2532630,PASS,4963,6002,10,20,2,16
XMSSMT-SHA2_20/2_256,PUB_R1,559,559,560,15716982,2891592,PASS,4963,6002,10,20,2,16
XMSSMT-SHA2_20/2_256,PUB_R1,560,560,561,18490649,2569667,PASS,4963,6002,10,20,2,16
XMSSMT-SHA2_20/2_256,PUB_R1,561,561,562,15920278,2702092,PASS,4963,6002,10,20,2,16
XMSSMT-SHA2_20/2_256,PUB_R1,562,562,563,18352111,2690019,PASS,4963,6002,10,20,2,16
XMSSMT-SHA2_20/2_256,PUB_R1,563,563,564,15913945,2698000,PASS,4963,6002,10,20,2,16
XMSSMT-SHA2_20/2_256,PUB_R1,564,564,565,18249425,2798592,PASS,4963,6002,10,20,2,16
XMSSMT-SHA2_20/2_256,PUB_R1,565,565,566,15885482,2733334,PASS,4963,6002,10,20,2,16
XMSSMT-SHA2_20/2_256,PUB_R1,566,566,567,18350056,2736277,PASS,4963,6002,10,20,2,16
XMSSMT-SHA2_20/2_256,PUB_R1,567,567,568,15990852,2633055,PASS,4963,6002,10,20,2,16
XMSSMT-SHA2_20/2_256,PUB_R1,568,568,569,18348889,2699297,PASS,4963,6002,10,20,2,16
XMSSMT-SHA2_20/2_256,PUB_R1,569,569,570,15779945,2828204,PASS,4963,6002,10,20,2,16
XMSSMT-SHA2_20/2_256,PUB_R1,570,570,571,18401055,2729889,PASS,4963,6002,10,20,2,16
XMSSMT-SHA2_20/2_256,PUB_R1,571,571,572,15829130,2802500,PASS,4963,6002,10,20,2,16
XMSSMT-SHA2_20/2_256,PUB_R1,572,572,573,18388278,2667370,PASS,4963,6002,10,20,2,16
XMSSMT-SHA2_20/2_256,PUB_R1,573,573,574,15888241,2728018,PASS,4963,6002,10,20,2,16
XMSSMT-SHA2_20/2_256,PUB_R1,574,574,575,18493574,2561537,PASS,4963,6002,10,20,2,16
XMSSMT-SHA2_20/2_256,PUB_R1,575,575,576,15957426,2665852,PASS,4963,6002,10,20,2,16
XMSSMT-SHA2_20/2_256,PUB_R1,576,576,577,18438723,2642592,PASS,4963,6002,10,20,2,16
XMSSMT-SHA2_20/2_256,PUB_R1,577,577,578,15868463,2731870,PASS,4963,6002,10,20,2,16
XMSSMT-SHA2_20/2_256,PUB_R1,578,578,579,18385667,2701648,PASS,4963,6002,10,20,2,16
XMSSMT-SHA2_20/2_256,PUB_R1,579,579,580,16010130,2555445,PASS,4963,6002,10,20,2,16
XMSSMT-SHA2_20/2_256,PUB_R1,580,580,581,18419278,2664500,PASS,4963,6002,10,20,2,16
XMSSMT-SHA2_20/2_256,PUB_R1,581,581,582,15731315,2859740,PASS,4963,6002,10,20,2,16
XMSSMT-SHA2_20/2_256,PUB_R1,582,582,583,18370481,2656500,PASS,4963,6002,10,20,2,16
XMSSMT-SHA2_20/2_256,PUB_R1,583,583,584,15939260,2623740,PASS,4963,6002,10,20,2,16
XMSSMT-SHA2_20/2_256,PUB_R1,584,584,585,18317370,2689685,PASS,4963,6002,10,20,2,16
XMSSMT-SHA2_20/2_256,PUB_R1,585,585,586,15959037,2592352,PASS,4963,6002,10,20,2,16
XMSSMT-SHA2_20/2_256,PUB_R1,586,586,587,18333037,2688685,PASS,4963,6002,10,20,2,16
XMSSMT-SHA2_20/2_256,PUB_R1,587,587,588,15705945,2853796,PASS,4963,6002,10,20,2,16
XMSSMT-SHA2_20/2_256,PUB_R1,588,588,589,18371741,2660981,PASS,4963,6002,10,20,2,16
XMSSMT-SHA2_20/2_256,PUB_R1,589,589,590,15906259,2658352,PASS,4963,6002,10,20,2,16
XMSSMT-SHA2_20/2_256,PUB_R1,590,590,591,18354592,2701759,PASS,4963,6002,10,20,2,16
XMSSMT-SHA2_20/2_256,PUB_R1,591,591,592,16027204,2611815,PASS,4963,6002,10,20,2,16
XMSSMT-SHA2_20/2_256,PUB_R1,592,592,593,18379537,2678093,PASS,4963,6002,10,20,2,16
XMSSMT-SHA2_20/2_256,PUB_R1,593,593,594,15948222,2672685,PASS,4963,6002,10,20,2,16
XMSSMT-SHA2_20/2_256,PUB_R1,594,594,595,18245574,2827685,PASS,4963,6002,10,20,2,16
XMSSMT-SHA2_20/2_256,PUB_R1,595,595,596,15888945,2728148,PASS,4963,6002,10,20,2,16
XMSSMT-SHA2_20/2_256,PUB_R1,596,596,597,18392889,2709370,PASS,4963,6002,10,20,2,16
XMSSMT-SHA2_20/2_256,PUB_R1,597,597,598,16003370,2634148,PASS,4963,6002,10,20,2,16
XMSSMT-SHA2_20/2_256,PUB_R1,598,598,599,18531778,2569685,PASS,4963,6002,10,20,2,16
XMSSMT-SHA2_20/2_256,PUB_R1,599,599,600,15794389,2787500,PASS,4963,6002,10,20,2,16
XMSSMT-SHA2_20/2_256,PUB_R1,600,600,601,18255963,2799500,PASS,4963,6002,10,20,2,16
XMSSMT-SHA2_20/2_256,PUB_R1,601,601,602,15895741,2692852,PASS,4963,6002,10,20,2,16
XMSSMT-SHA2_20/2_256,PUB_R1,602,602,603,18507723,2574223,PASS,4963,6002,10,20,2,16
XMSSMT-SHA2_20/2_256,PUB_R1,603,603,604,15996296,2630296,PASS,4963,6002,10,20,2,16
XMSSMT-SHA2_20/2_256,PUB_R1,604,604,605,18373518,2657019,PASS,4963,6002,10,20,2,16
XMSSMT-SHA2_20/2_256,PUB_R1,605,605,606,16065667,2532000,PASS,4963,6002,10,20,2,16
XMSSMT-SHA2_20/2_256,PUB_R1,606,606,607,18378555,2656259,PASS,4963,6002,10,20,2,16
XMSSMT-SHA2_20/2_256,PUB_R1,607,607,608,15938000,2701519,PASS,4963,6002,10,20,2,16
XMSSMT-SHA2_20/2_256,PUB_R1,608,608,609,18414852,2663148,PASS,4963,6002,10,20,2,16
XMSSMT-SHA2_20/2_256,PUB_R1,609,609,610,15913352,2696852,PASS,4963,6002,10,20,2,16
XMSSMT-SHA2_20/2_256,PUB_R1,610,610,611,18505907,2562815,PASS,4963,6002,10,20,2,16
XMSSMT-SHA2_20/2_256,PUB_R1,611,611,612,15962408,2627723,PASS,4963,6002,10,20,2,16
XMSSMT-SHA2_20/2_256,PUB_R1,612,612,613,18469537,2602685,PASS,4963,6002,10,20,2,16
XMSSMT-SHA2_20/2_256,PUB_R1,613,613,614,15952333,2670926,PASS,4963,6002,10,20,2,16
XMSSMT-SHA2_20/2_256,PUB_R1,614,614,615,18500482,2569111,PASS,4963,6002,10,20,2,16
XMSSMT-SHA2_20/2_256,PUB_R1,615,615,616,15926426,2660777,PASS,4963,6002,10,20,2,16
XMSSMT-SHA2_20/2_256,PUB_R1,616,616,617,18426463,2592741,PASS,4963,6002,10,20,2,16
XMSSMT-SHA2_20/2_256,PUB_R1,617,617,618,16020000,2601981,PASS,4963,6002,10,20,2,16
XMSSMT-SHA2_20/2_256,PUB_R1,618,618,619,18376278,2711760,PASS,4963,6002,10,20,2,16
XMSSMT-SHA2_20/2_256,PUB_R1,619,619,620,12990130,3173685,PASS,4963,6002,10,20,2,16
XMSSMT-SHA2_20/2_256,PUB_R1,620,620,621,6722297,2888222,PASS,4963,6002,10,20,2,16
XMSSMT-SHA2_20/2_256,PUB_R1,621,621,622,6640371,2743352,PASS,4963,6002,10,20,2,16
XMSSMT-SHA2_20/2_256,PUB_R1,622,622,623,6217074,2653833,PASS,4963,6002,10,20,2,16
XMSSMT-SHA2_20/2_256,PUB_R1,623,623,624,16154500,2593797,PASS,4963,6002,10,20,2,16
XMSSMT-SHA2_20/2_256,PUB_R1,624,624,625,18588315,2626000,PASS,4963,6002,10,20,2,16
XMSSMT-SHA2_20/2_256,PUB_R1,625,625,626,16021629,2716093,PASS,4963,6002,10,20,2,16
XMSSMT-SHA2_20/2_256,PUB_R1,626,626,627,8584463,2716018,PASS,4963,6002,10,20,2,16
XMSSMT-SHA2_20/2_256,PUB_R1,627,627,628,11201259,2579704,PASS,4963,6002,10,20,2,16
XMSSMT-SHA2_20/2_256,PUB_R1,628,628,629,6027815,2819074,PASS,4963,6002,10,20,2,16
XMSSMT-SHA2_20/2_256,PUB_R1,629,629,630,6014426,2819574,PASS,4963,6002,10,20,2,16
XMSSMT-SHA2_20/2_256,PUB_R1,630,630,631,6084759,2752945,PASS,4963,6002,10,20,2,16
XMSSMT-SHA2_20/2_256,PUB_R1,631,631,632,16028333,2718148,PASS,4963,6002,10,20,2,16
XMSSMT-SHA2_20/2_256,PUB_R1,632,632,633,11045593,2753296,PASS,4963,6002,10,20,2,16
XMSSMT-SHA2_20/2_256,PUB_R1,633,633,634,6100351,2716889,PASS,4963,6002,10,20,2,16
XMSSMT-SHA2_20/2_256,PUB_R1,634,634,635,6214963,2620371,PASS,4963,6002,10,20,2,16
XMSSMT-SHA2_20/2_256,PUB_R1,635,635,636,11081352,2724037,PASS,4963,6002,10,20,2,16
XMSSMT-SHA2_20/2_256,PUB_R1,636,636,637,6137852,2684296,PASS,4963,6002,10,20,2,16
XMSSMT-SHA2_20/2_256,PUB_R1,637,637,638,6016648,2818796,PASS,4963,6002,10,20,2,16
XMSSMT-SHA2_20/2_256,PUB_R1,638,638,639,5940537,2884315,PASS,4963,6002,10,20,2,16
XMSSMT-SHA2_20/2_256,PUB_R1,639,639,640,16036815,2718352,PASS,4963,6002,10,20,2,16
XMSSMT-SHA2_20/2_256,PUB_R1,640,640,641,18468037,2752130,PASS,4963,6002,10,20,2,16
XMSSMT-SHA2_20/2_256,PUB_R1,641,641,642,16115685,2615500,PASS,4963,6002,10,20,2,16
XMSSMT-SHA2_20/2_256,PUB_R1,642,642,643,18465945,2750815,PASS,4963,6002,10,20,2,16
XMSSMT-SHA2_20/2_256,PUB_R1,643,643,644,16014352,2714259,PASS,4963,6002,10,20,2,16
XMSSMT-SHA2_20/2_256,PUB_R1,644,644,645,18466037,2752260,PASS,4963,6002,10,20,2,16
XMSSMT-SHA2_20/2_256,PUB_R1,645,645,646,15897111,2850240,PASS,4963,6002,10,20,2,16
XMSSMT-SHA2_20/2_256,PUB_R1,646,646,647,18563797,2651667,PASS,4963,6002,10,20,2,16
XMSSMT-SHA2_20/2_256,PUB_R1,647,647,648,16057537,2686574,PASS,4963,6002,10,20,2,16
XMSSMT-SHA2_20/2_256,PUB_R1,648,648,649,18530593,2693389,PASS,4963,6002,10,20,2,16
XMSSMT-SHA2_20/2_256,PUB_R1,649,649,650,15995982,2759222,PASS,4963,6002,10,20,2,16
XMSSMT-SHA2_20/2_256,PUB_R1,650,650,651,18531481,2728759,PASS,4963,6002,10,20,2,16
XMSSMT-SHA2_20/2_256,PUB_R1,651,651,652,16015371,2727500,PASS,4963,6002,10,20,2,16
XMSSMT-SHA2_20/2_256,PUB_R1,652,652,653,18647222,2586278,PASS,4963,6002,10,20,2,16
XMSSMT-SHA2_20/2_256,PUB_R1,653,653,654,16093148,2652093,PASS,4963,6002,10,20,2,16
XMSSMT-SHA2_20/2_256,PUB_R1,654,654,655,18510204,2724222,PASS,4963,6002,10,20,2,16
XMSSMT-SHA2_20/2_256,PUB_R1,655,655,656,16047852,2727463,PASS,4963,6002,10,20,2,16
XMSSMT-SHA2_20/2_256,PUB_R1,656,656,657,18643852,2584722,PASS,4963,6002,10,20,2,16
XMSSMT-SHA2_20/2_256,PUB_R1,657,657,658,15947056,2819000,PASS,4963,6002,10,20,2,16
XMSSMT-SHA2_20/2_256,PUB_R1,658,658,659,18485371,2752018,PASS,4963,6002,10,20,2,16
XMSSMT-SHA2_20/2_256,PUB_R1,659,659,660,16060019,2686537,PASS,4963,6002,10,20,2,16
XMSSMT-SHA2_20/2_256,PUB_R1,660,660,661,18492740,2725408,PASS,4963,6002,10,20,2,16
XMSSMT-SHA2_20/2_256,PUB_R1,661,661,662,16095889,2650815,PASS,4963,6002,10,20,2,16
XMSSMT-SHA2_20/2_256,PUB_R1,662,662,663,18513129,2632444,PASS,4963,6002,10,20,2,16
XMSSMT-SHA2_20/2_256,PUB_R1,663,663,664,16063778,2566334,PASS,4963,6002,10,20,2,16
XMSSMT-SHA2_20/2_256,PUB_R1,664,664,665,18390796,2701426,PASS,4963,6002,10,20,2,16
XMSSMT-SHA2_20/2_256,PUB_R1,665,665,666,15760203,2872462,PASS,4963,6002,10,20,2,16
XMSSMT-SHA2_20/2_256,PUB_R1,666,666,667,18269518,2793611,PASS,4963,6002,10,20,2,16
XMSSMT-SHA2_20/2_256,PUB_R1,667,667,668,15787241,2830481,PASS,4963,6002,10,20,2,16
XMSSMT-SHA2_20/2_256,PUB_R1,668,668,669,18409259,2669037,PASS,4963,6002,10,20,2,16
XMSSMT-SHA2_20/2_256,PUB_R1,669,669,670,15934648,2708204,PASS,4963,6002,10,20,2,16
XMSSMT-SHA2_20/2_256,PUB_R1,670,670,671,18471204,2612740,PASS,4963,6002,10,20,2,16
XMSSMT-SHA2_20/2_256,PUB_R1,671,671,672,15957260,2666000,PASS,4963,6002,10,20,2,16
XMSSMT-SHA2_20/2_256,PUB_R1,672,672,673,18261407,2796352,PASS,4963,6002,10,20,2,16
XMSSMT-SHA2_20/2_256,PUB_R1,673,673,674,15936389,2661556,PASS,4963,6002,10,20,2,16
XMSSMT-SHA2_20/2_256,PUB_R1,674,674,675,18344537,2706463,PASS,4963,6002,10,20,2,16
XMSSMT-SHA2_20/2_256,PUB_R1,675,675,676,15903352,2698093,PASS,4963,6002,10,20,2,16
XMSSMT-SHA2_20/2_256,PUB_R1,676,676,677,18430185,2635148,PASS,4963,6002,10,20,2,16
XMSSMT-SHA2_20/2_256,PUB_R1,677,677,678,16005518,2633703,PASS,4963,6002,10,20,2,16
XMSSMT-SHA2_20/2_256,PUB_R1,678,678,679,18422278,2667000,PASS,4963,6002,10,20,2,16
XMSSMT-SHA2_20/2_256,PUB_R1,679,679,680,15927537,2662296,PASS,4963,6002,10,20,2,16
XMSSMT-SHA2_20/2_256,PUB_R1,680,680,681,18359056,2743408,PASS,4963,6002,10,20,2,16
XMSSMT-SHA2_20/2_256,PUB_R1,681,681,682,16025111,2600537,PASS,4963,6002,10,20,2,16
XMSSMT-SHA2_20/2_256,PUB_R1,682,682,683,18450834,2664963,PASS,4963,6002,10,20,2,16
XMSSMT-SHA2_20/2_256,PUB_R1,683,683,684,11104111,2600296,PASS,4963,6002,10,20,2,16
XMSSMT-SHA2_20/2_256,PUB_R1,684,684,685,6049482,2694222,PASS,4963,6002,10,20,2,16
XMSSMT-SHA2_20/2_256,PUB_R1,685,685,686,6146148,2627888,PASS,4963,6002,10,20,2,16
XMSSMT-SHA2_20/2_256,PUB_R1,686,686,687,6147519,2600556,PASS,4963,6002,10,20,2,16
XMSSMT-SHA2_20/2_256,PUB_R1,687,687,688,15989556,2635667,PASS,4963,6002,10,20,2,16
XMSSMT-SHA2_20/2_256,PUB_R1,688,688,689,18295204,2797649,PASS,4963,6002,10,20,2,16
XMSSMT-SHA2_20/2_256,PUB_R1,689,689,690,15822889,2798592,PASS,4963,6002,10,20,2,16
XMSSMT-SHA2_20/2_256,PUB_R1,690,690,691,8556000,2674000,PASS,4963,6002,10,20,2,16
XMSSMT-SHA2_20/2_256,PUB_R1,691,691,692,10964759,2727889,PASS,4963,6002,10,20,2,16
XMSSMT-SHA2_20/2_256,PUB_R1,692,692,693,5961630,2793759,PASS,4963,6002,10,20,2,16
XMSSMT-SHA2_20/2_256,PUB_R1,693,693,694,6125592,2627519,PASS,4963,6002,10,20,2,16
XMSSMT-SHA2_20/2_256,PUB_R1,694,694,695,5907482,2824037,PASS,4963,6002,10,20,2,16
XMSSMT-SHA2_20/2_256,PUB_R1,695,695,696,15784166,2785389,PASS,4963,6002,10,20,2,16
XMSSMT-SHA2_20/2_256,PUB_R1,696,696,697,11002445,2662148,PASS,4963,6002,10,20,2,16
XMSSMT-SHA2_20/2_256,PUB_R1,697,697,698,6056222,2690445,PASS,4963,6002,10,20,2,16
XMSSMT-SHA2_20/2_256,PUB_R1,698,698,699,6055204,2691740,PASS,4963,6002,10,20,2,16
XMSSMT-SHA2_20/2_256,PUB_R1,699,699,700,10948260,2689056,PASS,4963,6002,10,20,2,16
XMSSMT-SHA2_20/2_256,PUB_R1,700,700,701,6164260,2560963,PASS,4963,6002,10,20,2,16
XMSSMT-SHA2_20/2_256,PUB_R1,701,701,702,5951797,2786685,PASS,4963,6002,10,20,2,16
XMSSMT-SHA2_20/2_256,PUB_R1,702,702,703,6114278,2624926,PASS,4963,6002,10,20,2,16
XMSSMT-SHA2_20/2_256,PUB_R1,703,703,704,15977888,2596611,PASS,4963,6002,10,20,2,16
XMSSMT-SHA2_20/2_256,PUB_R1,704,704,705,18486148,2563407,PASS,4963,6002,10,20,2,16
XMSSMT-SHA2_20/2_256,PUB_R1,705,705,706,15892685,2689408,PASS,4963,6002,10,20,2,16
XMSSMT-SHA2_20/2_256,PUB_R1,706,706,707,18473889,2609037,PASS,4963,6002,10,20,2,16
XMSSMT-SHA2_20/2_256,PUB_R1,707,707,708,16053315,2563667,PASS,4963,6002,10,20,2,16
XMSSMT-SHA2_20/2_256,PUB_R1,708,708,709,18376129,2663871,PASS,4963,6002,10,20,2,16
XMSSMT-SHA2_20/2_256,PUB_R1,709,709,710,15990834,2640759,PASS,4963,6002,10,20,2,16
XMSSMT-SHA2_20/2_256,PUB_R1,710,710,711,18455796,2649963,PASS,4963,6002,10,20,2,16
XMSSMT-SHA2_20/2_256,PUB_R1,711,711,712,16013519,2602093,PASS,4963,6002,10,20,2,16
XMSSMT-SHA2_20/2_256,PUB_R1,712,712,713,18223778,2832981,PASS,4963,6002,10,20,2,16
XMSSMT-SHA2_20/2_256,PUB_R1,713,713,714,15747315,2861203,PASS,4963,6002,10,20,2,16
XMSSMT-SHA2_20/2_256,PUB_R1,714,714,715,18410834,2677444,PASS,4963,6002,10,20,2,16
XMSSMT-SHA2_20/2_256,PUB_R1,715,715,716,15885741,2731500,PASS,4963,6002,10,20,2,16
XMSSMT-SHA2_20/2_256,PUB_R1,716,716,717,18476407,2595703,PASS,4963,6002,10,20,2,16
XMSSMT-SHA2_20/2_256,PUB_R1,717,717,718,15910908,2696518,PASS,4963,6002,10,20,2,16
XMSSMT-SHA2_20/2_256,PUB_R1,718,718,719,18353685,2732704,PASS,4963,6002,10,20,2,16
XMSSMT-SHA2_20/2_256,PUB_R1,719,719,720,15823852,2795537,PASS,4963,6002,10,20,2,16
XMSSMT-SHA2_20/2_256,PUB_R1,720,720,721,18271223,2791481,PASS,4963,6002,10,20,2,16
XMSSMT-SHA2_20/2_256,PUB_R1,721,721,722,15890352,2726648,PASS,4963,6002,10,20,2,16
XMSSMT-SHA2_20/2_256,PUB_R1,722,722,723,8525667,2706112,PASS,4963,6002,10,20,2,16
XMSSMT-SHA2_20/2_256,PUB_R1,723,723,724,11006796,2698592,PASS,4963,6002,10,20,2,16
XMSSMT-SHA2_20/2_256,PUB_R1,724,724,725,6143408,2630055,PASS,4963,6002,10,20,2,16
XMSSMT-SHA2_20/2_256,PUB_R1,725,725,726,6095630,2665760,PASS,4963,6002,10,20,2,16
XMSSMT-SHA2_20/2_256,PUB_R1,726,726,727,6031167,2724093,PASS,4963,6002,10,20,2,16
XMSSMT-SHA2_20/2_256,PUB_R1,727,727,728,15815315,2799723,PASS,4963,6002,10,20,2,16
XMSSMT-SHA2_20/2_256,PUB_R1,728,728,729,10832481,2860797,PASS,4963,6002,10,20,2,16
XMSSMT-SHA2_20/2_256,PUB_R1,729,729,730,6200833,2568963,PASS,4963,6002,10,20,2,16
XMSSMT-SHA2_20/2_256,PUB_R1,730,730,731,6059703,2695148,PASS,4963,6002,10,20,2,16
XMSSMT-SHA2_20/2_256,PUB_R1,731,731,732,10994389,2699259,PASS,4963,6002,10,20,2,16
XMSSMT-SHA2_20/2_256,PUB_R1,732,732,733,6153130,2588741,PASS,4963,6002,10,20,2,16
XMSSMT-SHA2_20/2_256,PUB_R1,733,733,734,6213018,2565444,PASS,4963,6002,10,20,2,16
XMSSMT-SHA2_20/2_256,PUB_R1,734,734,735,5959926,2798648,PASS,4963,6002,10,20,2,16
XMSSMT-SHA2_20/2_256,PUB_R1,735,735,736,16011129,2634241,PASS,4963,6002,10,20,2,16
XMSSMT-SHA2_20/2_256,PUB_R1,736,736,737,18402185,2663981,PASS,4963,6002,10,20,2,16
XMSSMT-SHA2_20/2_256,PUB_R1,737,737,738,15947703,2666944,PASS,4963,6002,10,20,2,16
XMSSMT-SHA2_20/2_256,PUB_R1,738,738,739,18352389,2695296,PASS,4963,6002,10,20,2,16
XMSSMT-SHA2_20/2_256,PUB_R1,739,739,740,15792722,2828130,PASS,4963,6002,10,20,2,16
XMSSMT-SHA2_20/2_256,PUB_R1,740,740,741,18448111,2630833,PASS,4963,6002,10,20,2,16
XMSSMT-SHA2_20/2_256,PUB_R1,741,741,742,15895667,2748055,PASS,4963,6002,10,20,2,16
XMSSMT-SHA2_20/2_256,PUB_R1,742,742,743,8528926,2699037,PASS,4963,6002,10,20,2,16
XMSSMT-SHA2_20/2_256,PUB_R1,743,743,744,15925778,2700519,PASS,4963,6002,10,20,2,16
XMSSMT-SHA2_20/2_256,PUB_R1,744,744,745,11024130,2697537,PASS,4963,6002,10,20,2,16
XMSSMT-SHA2_20/2_256,PUB_R1,745,745,746,6203389,2572259,PASS,4963,6002,10,20,2,16
XMSSMT-SHA2_20/2_256,PUB_R1,746,746,747,6114371,2623093,PASS,4963,6002,10,20,2,16
XMSSMT-SHA2_20/2_256,PUB_R1,747,747,748,10996149,2699148,PASS,4963,6002,10,20,2,16
XMSSMT-SHA2_20/2_256,PUB_R1,748,748,749,5945981,2809111,PASS,4963,6002,10,20,2,16
XMSSMT-SHA2_20/2_256,PUB_R1,749,749,750,6125037,2624241,PASS,4963,6002,10,20,2,16
XMSSMT-SHA2_20/2_256,PUB_R1,750,750,751,6031537,2729445,PASS,4963,6002,10,20,2,16
XMSSMT-SHA2_20/2_256,PUB_R1,751,751,752,15960870,2665649,PASS,4963,6002,10,20,2,16
XMSSMT-SHA2_20/2_256,PUB_R1,752,752,753,18332611,2687111,PASS,4963,6002,10,20,2,16
XMSSMT-SHA2_20/2_256,PUB_R1,753,753,754,15967222,2628481,PASS,4963,6002,10,20,2,16
XMSSMT-SHA2_20/2_256,PUB_R1,754,754,755,8696018,2536297,PASS,4963,6002,10,20,2,16
XMSSMT-SHA2_20/2_256,PUB_R1,755,755,756,10968167,2706296,PASS,4963,6002,10,20,2,16
XMSSMT-SHA2_20/2_256,PUB_R1,756,756,757,6095686,2662667,PASS,4963,6002,10,20,2,16
XMSSMT-SHA2_20/2_256,PUB_R1,757,757,758,6266241,2500241,PASS,4963,6002,10,20,2,16
XMSSMT-SHA2_20/2_256,PUB_R1,758,758,759,6044574,2694889,PASS,4963,6002,10,20,2,16
XMSSMT-SHA2_20/2_256,PUB_R1,759,759,760,16005778,2628518,PASS,4963,6002,10,20,2,16
XMSSMT-SHA2_20/2_256,PUB_R1,760,760,761,11136389,2530482,PASS,4963,6002,10,20,2,16
XMSSMT-SHA2_20/2_256,PUB_R1,761,761,762,6115519,2629463,PASS,4963,6002,10,20,2,16
XMSSMT-SHA2_20/2_256,PUB_R1,762,762,763,6012723,2725111,PASS,4963,6002,10,20,2,16
XMSSMT-SHA2_20/2_256,PUB_R1,763,763,764,10952611,2724056,PASS,4963,6002,10,20,2,16
XMSSMT-SHA2_20/2_256,PUB_R1,764,764,765,5957648,2803074,PASS,4963,6002,10,20,2,16
XMSSMT-SHA2_20/2_256,PUB_R1,765,765,766,6130445,2630444,PASS,4963,6002,10,20,2,16
XMSSMT-SHA2_20/2_256,PUB_R1,766,766,767,6084852,2666389,PASS,4963,6002,10,20,2,16
XMSSMT-SHA2_20/2_256,PUB_R1,767,767,768,15984778,2627852,PASS,4963,6002,10,20,2,16
XMSSMT-SHA2_20/2_256,PUB_R1,768,768,769,18364926,2660278,PASS,4963,6002,10,20,2,16
XMSSMT-SHA2_20/2_256,PUB_R1,769,769,770,15907204,2693574,PASS,4963,6002,10,20,2,16
XMSSMT-SHA2_20/2_256,PUB_R1,770,770,771,18262741,2804241,PASS,4963,6002,10,20,2,16
XMSSMT-SHA2_20/2_256,PUB_R1,771,771,772,15902037,2705852,PASS,4963,6002,10,20,2,16
XMSSMT-SHA2_20/2_256,PUB_R1,772,772,773,18409352,2643371,PASS,4963,6002,10,20,2,16
XMSSMT-SHA2_20/2_256,PUB_R1,773,773,774,15930074,2698815,PASS,4963,6002,10,20,2,16
XMSSMT-SHA2_20/2_256,PUB_R1,774,774,775,18256056,2831037,PASS,4963,6002,10,20,2,16
XMSSMT-SHA2_20/2_256,PUB_R1,775,775,776,15954777,2657982,PASS,4963,6002,10,20,2,16
XMSSMT-SHA2_20/2_256,PUB_R1,776,776,777,18415167,2637963,PASS,4963,6002,10,20,2,16
XMSSMT-SHA2_20/2_256,PUB_R1,777,777,778,16042907,2600111,PASS,4963,6002,10,20,2,16
XMSSMT-SHA2_20/2_256,PUB_R1,778,778,779,18357722,2732815,PASS,4963,6002,10,20,2,16
XMSSMT-SHA2_20/2_256,PUB_R1,779,779,780,15799722,2829092,PASS,4963,6002,10,20,2,16
XMSSMT-SHA2_20/2_256,PUB_R1,780,780,781,18426575,2634296,PASS,4963,6002,10,20,2,16
XMSSMT-SHA2_20/2_256,PUB_R1,781,781,782,15967926,2662093,PASS,4963,6002,10,20,2,16
XMSSMT-SHA2_20/2_256,PUB_R1,782,782,783,18433889,2662593,PASS,4963,6002,10,20,2,16
XMSSMT-SHA2_20/2_256,PUB_R1,783,783,784,16007982,2635388,PASS,4963,6002,10,20,2,16
XMSSMT-SHA2_20/2_256,PUB_R1,784,784,785,18421815,2665481,PASS,4963,6002,10,20,2,16
XMSSMT-SHA2_20/2_256,PUB_R1,785,785,786,15889407,2727852,PASS,4963,6002,10,20,2,16
XMSSMT-SHA2_20/2_256,PUB_R1,786,786,787,18506445,2564204,PASS,4963,6002,10,20,2,16
XMSSMT-SHA2_20/2_256,PUB_R1,787,787,788,15796574,2841407,PASS,4963,6002,10,20,2,16
XMSSMT-SHA2_20/2_256,PUB_R1,788,788,789,18508537,2564445,PASS,4963,6002,10,20,2,16
XMSSMT-SHA2_20/2_256,PUB_R1,789,789,790,15730204,2894963,PASS,4963,6002,10,20,2,16
XMSSMT-SHA2_20/2_256,PUB_R1,790,790,791,18591963,2499648,PASS,4963,6002,10,20,2,16
XMSSMT-SHA2_20/2_256,PUB_R1,791,791,792,16083685,2533537,PASS,4963,6002,10,20,2,16
XMSSMT-SHA2_20/2_256,PUB_R1,792,792,793,18443537,2645648,PASS,4963,6002,10,20,2,16
XMSSMT-SHA2_20/2_256,PUB_R1,793,793,794,15954204,2663907,PASS,4963,6002,10,20,2,16
XMSSMT-SHA2_20/2_256,PUB_R1,794,794,795,18429259,2635482,PASS,4963,6002,10,20,2,16
XMSSMT-SHA2_20/2_256,PUB_R1,795,795,796,15877889,2726537,PASS,4963,6002,10,20,2,16
XMSSMT-SHA2_20/2_256,PUB_R1,796,796,797,18341926,2701037,PASS,4963,6002,10,20,2,16
XMSSMT-SHA2_20/2_256,PUB_R1,797,797,798,15963056,2641203,PASS,4963,6002,10,20,2,16
XMSSMT-SHA2_20/2_256,PUB_R1,798,798,799,18417019,2665703,PASS,4963,6002,10,20,2,16
XMSSMT-SHA2_20/2_256,PUB_R1,799,799,800,15820259,2796019,PASS,4963,6002,10,20,2,16
XMSSMT-SHA2_20/2_256,PUB_R1,800,800,801,18382334,2700018,PASS,4963,6002,10,20,2,16
XMSSMT-SHA2_20/2_256,PUB_R1,801,801,802,15933685,2662944,PASS,4963,6002,10,20,2,16
XMSSMT-SHA2_20/2_256,PUB_R1,802,802,803,18429130,2642000,PASS,4963,6002,10,20,2,16
XMSSMT-SHA2_20/2_256,PUB_R1,803,803,804,15985334,2629185,PASS,4963,6002,10,20,2,16
XMSSMT-SHA2_20/2_256,PUB_R1,804,804,805,18467593,2558685,PASS,4963,6002,10,20,2,16
XMSSMT-SHA2_20/2_256,PUB_R1,805,805,806,16086204,2492148,PASS,4963,6002,10,20,2,16
XMSSMT-SHA2_20/2_256,PUB_R1,806,806,807,18414129,2665870,PASS,4963,6002,10,20,2,16
XMSSMT-SHA2_20/2_256,PUB_R1,807,807,808,15918686,2696574,PASS,4963,6002,10,20,2,16
XMSSMT-SHA2_20/2_256,PUB_R1,808,808,809,18347593,2738148,PASS,4963,6002,10,20,2,16
XMSSMT-SHA2_20/2_256,PUB_R1,809,809,810,15983908,2629334,PASS,4963,6002,10,20,2,16
XMSSMT-SHA2_20/2_256,PUB_R1,810,810,811,18435352,2630834,PASS,4963,6002,10,20,2,16
XMSSMT-SHA2_20/2_256,PUB_R1,811,811,812,11034500,2667093,PASS,4963,6002,10,20,2,16
XMSSMT-SHA2_20/2_256,PUB_R1,812,812,813,6029148,2694797,PASS,4963,6002,10,20,2,16
XMSSMT-SHA2_20/2_256,PUB_R1,813,813,814,6080038,2692129,PASS,4963,6002,10,20,2,16
XMSSMT-SHA2_20/2_256,PUB_R1,814,814,815,5944333,2795055,PASS,4963,6002,10,20,2,16
XMSSMT-SHA2_20/2_256,PUB_R1,815,815,816,15900481,2724204,PASS,4963,6002,10,20,2,16
XMSSMT-SHA2_20/2_256,PUB_R1,816,816,817,18347148,2692982,PASS,4963,6002,10,20,2,16
XMSSMT-SHA2_20/2_256,PUB_R1,817,817,818,15926574,2660445,PASS,4963,6002,10,20,2,16
XMSSMT-SHA2_20/2_256,PUB_R1,818,818,819,8386445,2831240,PASS,4963,6002,10,20,2,16
XMSSMT-SHA2_20/2_256,PUB_R1,819,819,820,10984315,2694574,PASS,4963,6002,10,20,2,16
XMSSMT-SHA2_20/2_256,PUB_R1,820,820,821,6122612,2626296,PASS,4963,6002,10,20,2,16
XMSSMT-SHA2_20/2_256,PUB_R1,821,821,822,6092556,2664686,PASS,4963,6002,10,20,2,16
XMSSMT-SHA2_20/2_256,PUB_R1,822,822,823,5994556,2727278,PASS,4963,6002,10,20,2,16
XMSSMT-SHA2_20/2_256,PUB_R1,823,823,824,15887797,2691796,PASS,4963,6002,10,20,2,16
XMSSMT-SHA2_20/2_256,PUB_R1,824,824,825,10937796,2729945,PASS,4963,6002,10,20,2,16
XMSSMT-SHA2_20/2_256,PUB_R1,825,825,826,6025833,2727334,PASS,4963,6002,10,20,2,16
XMSSMT-SHA2_20/2_256,PUB_R1,826,826,827,6018740,2728426,PASS,4963,6002,10,20,2,16
XMSSMT-SHA2_20/2_256,PUB_R1,827,827,828,11025926,2661852,PASS,4963,6002,10,20,2,16
XMSSMT-SHA2_20/2_256,PUB_R1,828,828,829,6139019,2596944,PASS,4963,6002,10,20,2,16
XMSSMT-SHA2_20/2_256,PUB_R1,829,829,830,6124574,2624351,PASS,4963,6002,10,20,2,16
XMSSMT-SHA2_20/2_256,PUB_R1,830,830,831,5883741,2859593,PASS,4963,6002,10,20,2,16
XMSSMT-SHA2_20/2_256,PUB_R1,831,831,832,15933056,2700370,PASS,4963,6002,10,20,2,16
XMSSMT-SHA2_20/2_256,PUB_R1,832,832,833,18504796,2561593,PASS,4963,6002,10,20,2,16
XMSSMT-SHA2_20/2_256,PUB_R1,833,833,834,16051852,2567407,PASS,4963,6002,10,20,2,16
XMSSMT-SHA2_20/2_256,PUB_R1,834,834,835,18224834,2866704,PASS,4963,6002,10,20,2,16
XMSSMT-SHA2_20/2_256,PUB_R1,835,835,836,16058019,2567685,PASS,4963,6002,10,20,2,16
XMSSMT-SHA2_20/2_256,PUB_R1,836,836,837,18310203,2739685,PASS,4963,6002,10,20,2,16
XMSSMT-SHA2_20/2_256,PUB_R1,837,837,838,15875592,2742259,PASS,4963,6002,10,20,2,16
XMSSMT-SHA2_20/2_256,PUB_R1,838,838,839,18239926,2831204,PASS,4963,6002,10,20,2,16
XMSSMT-SHA2_20/2_256,PUB_R1,839,839,840,16108111,2498111,PASS,4963,6002,10,20,2,16
XMSSMT-SHA2_20/2_256,PUB_R1,840,840,841,18422722,2631797,PASS,4963,6002,10,20,2,16
XMSSMT-SHA2_20/2_256,PUB_R1,841,841,842,15709482,2893111,PASS,4963,6002,10,20,2,16
XMSSMT-SHA2_20/2_256,PUB_R1,842,842,843,18456648,2637981,PASS,4963,6002,10,20,2,16
XMSSMT-SHA2_20/2_256,PUB_R1,843,843,844,15806593,2791925,PASS,4963,6002,10,20,2,16
XMSSMT-SHA2_20/2_256,PUB_R1,844,844,845,18533389,2537500,PASS,4963,6002,10,20,2,16
XMSSMT-SHA2_20/2_256,PUB_R1,845,845,846,15873333,2689129,PASS,4963,6002,10,20,2,16
XMSSMT-SHA2_20/2_256,PUB_R1,846,846,847,18474704,2613592,PASS,4963,6002,10,20,2,16
XMSSMT-SHA2_20/2_256,PUB_R1,847,847,848,15912000,2714611,PASS,4963,6002,10,20,2,16
XMSSMT-SHA2_20/2_256,PUB_R1,848,848,849,18498797,2598556,PASS,4963,6002,10,20,2,16
XMSSMT-SHA2_20/2_256,PUB_R1,849,849,850,15941648,2666111,PASS,4963,6002,10,20,2,16
XMSSMT-SHA2_20/2_256,PUB_R1,850,850,851,8394500,2838334,PASS,4963,6002,10,20,2,16
XMSSMT-SHA2_20/2_256,PUB_R1,851,851,852,10961444,2732315,PASS,4963,6002,10,20,2,16
XMSSMT-SHA2_20/2_256,PUB_R1,852,852,853,5913148,2858723,PASS,4963,6002,10,20,2,16
XMSSMT-SHA2_20/2_256,PUB_R1,853,853,854,6079834,2679981,PASS,4963,6002,10,20,2,16
XMSSMT-SHA2_20/2_256,PUB_R1,854,854,855,6103685,2662241,PASS,4963,6002,10,20,2,16
XMSSMT-SHA2_20/2_256,PUB_R1,855,855,856,15881481,2734204,PASS,4963,6002,10,20,2,16
XMSSMT-SHA2_20/2_256,PUB_R1,856,856,857,10949537,2725519,PASS,4963,6002,10,20,2,16
XMSSMT-SHA2_20/2_256,PUB_R1,857,857,858,6132889,2632519,PASS,4963,6002,10,20,2,16
XMSSMT-SHA2_20/2_256,PUB_R1,858,858,859,6137315,2631111,PASS,4963,6002,10,20,2,16
XMSSMT-SHA2_20/2_256,PUB_R1,859,859,860,10971093,2734611,PASS,4963,6002,10,20,2,16
XMSSMT-SHA2_20/2_256,PUB_R1,860,860,861,6085389,2658777,PASS,4963,6002,10,20,2,16
XMSSMT-SHA2_20/2_256,PUB_R1,861,861,862,6173537,2593445,PASS,4963,6002,10,20,2,16
XMSSMT-SHA2_20/2_256,PUB_R1,862,862,863,6070518,2670982,PASS,4963,6002,10,20,2,16
XMSSMT-SHA2_20/2_256,PUB_R1,863,863,864,15938241,2660908,PASS,4963,6002,10,20,2,16
XMSSMT-SHA2_20/2_256,PUB_R1,864,864,865,18440037,2631277,PASS,4963,6002,10,20,2,16
XMSSMT-SHA2_20/2_256,PUB_R1,865,865,866,15940889,2696148,PASS,4963,6002,10,20,2,16
XMSSMT-SHA2_20/2_256,PUB_R1,866,866,867,18336759,2726722,PASS,4963,6002,10,20,2,16
XMSSMT-SHA2_20/2_256,PUB_R1,867,867,868,15903222,2721796,PASS,4963,6002,10,20,2,16
XMSSMT-SHA2_20/2_256,PUB_R1,868,868,869,18352481,2731703,PASS,4963,6002,10,20,2,16
XMSSMT-SHA2_20/2_256,PUB_R1,869,869,870,15963555,2641537,PASS,4963,6002,10,20,2,16
XMSSMT-SHA2_20/2_256,PUB_R1,870,870,871,8487704,2727704,PASS,4963,6002,10,20,2,16
XMSSMT-SHA2_20/2_256,PUB_R1,871,871,872,15819852,2796574,PASS,4963,6002,10,20,2,16
XMSSMT-SHA2_20/2_256,PUB_R1,872,872,873,11153445,2529537,PASS,4963,6002,10,20,2,16
XMSSMT-SHA2_20/2_256,PUB_R1,873,873,874,6112463,2663333,PASS,4963,6002,10,20,2,16
XMSSMT-SHA2_20/2_256,PUB_R1,874,874,875,6151667,2595667,PASS,4963,6002,10,20,2,16
XMSSMT-SHA2_20/2_256,PUB_R1,875,875,876,11136593,2563370,PASS,4963,6002,10,20,2,16
XMSSMT-SHA2_20/2_256,PUB_R1,876,876,877,5959981,2800519,PASS,4963,6002,10,20,2,16
XMSSMT-SHA2_20/2_256,PUB_R1,877,877,878,6131963,2626333,PASS,4963,6002,10,20,2,16
XMSSMT-SHA2_20/2_256,PUB_R1,878,878,879,6040185,2728630,PASS,4963,6002,10,20,2,16
XMSSMT-SHA2_20/2_256,PUB_R1,879,879,880,15970296,2667759,PASS,4963,6002,10,20,2,16
XMSSMT-SHA2_20/2_256,PUB_R1,880,880,881,18364019,2696111,PASS,4963,6002,10,20,2,16
XMSSMT-SHA2_20/2_256,PUB_R1,881,881,882,16068167,2562111,PASS,4963,6002,10,20,2,16
XMSSMT-SHA2_20/2_256,PUB_R1,882,882,883,8431741,2796611,PASS,4963,6002,10,20,2,16
XMSSMT-SHA2_20/2_256,PUB_R1,883,883,884,11016926,2657074,PASS,4963,6002,10,20,2,16
XMSSMT-SHA2_20/2_256,PUB_R1,884,884,885,5918908,2823241,PASS,4963,6002,10,20,2,16
XMSSMT-SHA2_20/2_256,PUB_R1,885,885,886,5930796,2823945,PASS,4963,6002,10,20,2,16
XMSSMT-SHA2_20/2_256,PUB_R1,886,886,887,5947555,2792223,PASS,4963,6002,10,20,2,16
XMSSMT-SHA2_20/2_256,PUB_R1,887,887,888,15913222,2696370,PASS,4963,6002,10,20,2,16
XMSSMT-SHA2_20/2_256,PUB_R1,888,888,889,11003444,2659185,PASS,4963,6002,10,20,2,16
XMSSMT-SHA2_20/2_256,PUB_R1,889,889,890,6225574,2531630,PASS,4963,6002,10,20,2,16
XMSSMT-SHA2_20/2_256,PUB_R1,890,890,891,6081592,2659019,PASS,4963,6002,10,20,2,16
XMSSMT-SHA2_20/2_256,PUB_R1,891,891,892,11138297,2526203,PASS,4963,6002,10,20,2,16
XMSSMT-SHA2_20/2_256,PUB_R1,892,892,893,6033037,2690500,PASS,4963,6002,10,20,2,16
XMSSMT-SHA2_20/2_256,PUB_R1,893,893,894,6091315,2658000,PASS,4963,6002,10,20,2,16
XMSSMT-SHA2_20/2_256,PUB_R1,894,894,895,5936870,2787167,PASS,4963,6002,10,20,2,16
XMSSMT-SHA2_20/2_256,PUB_R1,895,895,896,15944297,2658148,PASS,4963,6002,10,20,2,16
XMSSMT-SHA2_20/2_256,PUB_R1,896,896,897,18361055,2658777,PASS,4963,6002,10,20,2,16
XMSSMT-SHA2_20/2_256,PUB_R1,897,897,898,15891667,2698519,PASS,4963,6002,10,20,2,16
XMSSMT-SHA2_20/2_256,PUB_R1,898,898,899,18415463,2643574,PASS,4963,6002,10,20,2,16
XMSSMT-SHA2_20/2_256,PUB_R1,899,899,900,15930518,2670407,PASS,4963,6002,10,20,2,16
XMSSMT-SHA2_20/2_256,PUB_R1,900,900,901,18455759,2604463,PASS,4963,6002,10,20,2,16
XMSSMT-SHA2_20/2_256,PUB_R1,901,901,902,15896704,2727315,PASS,4963,6002,10,20,2,16
XMSSMT-SHA2_20/2_256,PUB_R1,902,902,903,18263278,2791759,PASS,4963,6002,10,20,2,16
XMSSMT-SHA2_20/2_256,PUB_R1,903,903,904,16002000,2633685,PASS,4963,6002,10,20,2,16
XMSSMT-SHA2_20/2_256,PUB_R1,904,904,905,18294704,2739666,PASS,4963,6002,10,20,2,16
XMSSMT-SHA2_20/2_256,PUB_R1,905,905,906,15796629,2825278,PASS,4963,6002,10,20,2,16
XMSSMT-SHA2_20/2_256,PUB_R1,906,906,907,18437612,2632556,PASS,4963,6002,10,20,2,16
XMSSMT-SHA2_20/2_256,PUB_R1,907,907,908,15939537,2659260,PASS,4963,6002,10,20,2,16
XMSSMT-SHA2_20/2_256,PUB_R1,908,908,909,18322463,2731149,PASS,4963,6002,10,20,2,16
XMSSMT-SHA2_20/2_256,PUB_R1,909,909,910,15900093,2700741,PASS,4963,6002,10,20,2,16
XMSSMT-SHA2_20/2_256,PUB_R1,910,910,911,18238797,2822870,PASS,4963,6002,10,20,2,16
XMSSMT-SHA2_20/2_256,PUB_R1,911,911,912,15949333,2666426,PASS,4963,6002,10,20,2,16
XMSSMT-SHA2_20/2_256,PUB_R1,912,912,913,18240092,2825852,PASS,4963,6002,10,20,2,16
XMSSMT-SHA2_20/2_256,PUB_R1,913,913,914,15747241,2862019,PASS,4963,6002,10,20,2,16
XMSSMT-SHA2_20/2_256,PUB_R1,914,914,915,8492815,2727722,PASS,4963,6002,10,20,2,16
XMSSMT-SHA2_20/2_256,PUB_R1,915,915,916,11032833,2663000,PASS,4963,6002,10,20,2,16
XMSSMT-SHA2_20/2_256,PUB_R1,916,916,917,6074556,2657741,PASS,4963,6002,10,20,2,16
XMSSMT-SHA2_20/2_256,PUB_R1,917,917,918,6277741,2498296,PASS,4963,6002,10,20,2,16
XMSSMT-SHA2_20/2_256,PUB_R1,918,918,919,6074704,2713148,PASS,4963,6002,10,20,2,16
XMSSMT-SHA2_20/2_256,PUB_R1,919,919,920,16118018,2617741,PASS,4963,6002,10,20,2,16
XMSSMT-SHA2_20/2_256,PUB_R1,920,920,921,11196371,2582945,PASS,4963,6002,10,20,2,16
XMSSMT-SHA2_20/2_256,PUB_R1,921,921,922,6118963,2717240,PASS,4963,6002,10,20,2,16
XMSSMT-SHA2_20/2_256,PUB_R1,922,922,923,6126204,2673093,PASS,4963,6002,10,20,2,16
XMSSMT-SHA2_20/2_256,PUB_R1,923,923,924,11019407,2741574,PASS,4963,6002,10,20,2,16
XMSSMT-SHA2_20/2_256,PUB_R1,924,924,925,6159352,2655667,PASS,4963,6002,10,20,2,16
XMSSMT-SHA2_20/2_256,PUB_R1,925,925,926,6101648,2707778,PASS,4963,6002,10,20,2,16
XMSSMT-SHA2_20/2_256,PUB_R1,926,926,927,6237333,2576389,PASS,4963,6002,10,20,2,16
XMSSMT-SHA2_20/2_256,PUB_R1,927,927,928,15973593,2749593,PASS,4963,6002,10,20,2,16
XMSSMT-SHA2_20/2_256,PUB_R1,928,928,929,18512518,2679185,PASS,4963,6002,10,20,2,16
XMSSMT-SHA2_20/2_256,PUB_R1,929,929,930,15995315,2751018,PASS,4963,6002,10,20,2,16
XMSSMT-SHA2_20/2_256,PUB_R1,930,930,931,18445314,2743407,PASS,4963,6002,10,20,2,16
XMSSMT-SHA2_20/2_256,PUB_R1,931,931,932,16059537,2693760,PASS,4963,6002,10,20,2,16
XMSSMT-SHA2_20/2_256,PUB_R1,932,932,933,18557203,2610704,PASS,4963,6002,10,20,2,16
XMSSMT-SHA2_20/2_256,PUB_R1,933,933,934,16060611,2646907,PASS,4963,6002,10,20,2,16
XMSSMT-SHA2_20/2_256,PUB_R1,934,934,935,8564945,2711500,PASS,4963,6002,10,20,2,16
XMSSMT-SHA2_20/2_256,PUB_R1,935,935,936,16061630,2674074,PASS,4963,6002,10,20,2,16
XMSSMT-SHA2_20/2_256,PUB_R1,936,936,937,10908833,2855611,PASS,4963,6002,10,20,2,16
XMSSMT-SHA2_20/2_256,PUB_R1,937,937,938,6231963,2572889,PASS,4963,6002,10,20,2,16
XMSSMT-SHA2_20/2_256,PUB_R1,938,938,939,6007574,2811870,PASS,4963,6002,10,20,2,16
XMSSMT-SHA2_20/2_256,PUB_R1,939,939,940,11026482,2718241,PASS,4963,6002,10,20,2,16
XMSSMT-SHA2_20/2_256,PUB_R1,940,940,941,6107074,2710074,PASS,4963,6002,10,20,2,16
XMSSMT-SHA2_20/2_256,PUB_R1,941,941,942,6185593,2653741,PASS,4963,6002,10,20,2,16
XMSSMT-SHA2_20/2_256,PUB_R1,942,942,943,6155370,2641815,PASS,4963,6002,10,20,2,16
XMSSMT-SHA2_20/2_256,PUB_R1,943,943,944,16094444,2652963,PASS,4963,6002,10,20,2,16
XMSSMT-SHA2_20/2_256,PUB_R1,944,944,945,18498704,2712593,PASS,4963,6002,10,20,2,16
XMSSMT-SHA2_20/2_256,PUB_R1,945,945,946,15897148,2860055,PASS,4963,6002,10,20,2,16
XMSSMT-SHA2_20/2_256,PUB_R1,946,946,947,8545222,2752352,PASS,4963,6002,10,20,2,16
XMSSMT-SHA2_20/2_256,PUB_R1,947,947,948,11243056,2547981,PASS,4963,6002,10,20,2,16
XMSSMT-SHA2_20/2_256,PUB_R1,948,948,949,6135129,2681686,PASS,4963,6002,10,20,2,16
XMSSMT-SHA2_20/2_256,PUB_R1,949,949,950,6088260,2706018,PASS,4963,6002,10,20,2,16
XMSSMT-SHA2_20/2_256,PUB_R1,950,950,951,6116648,2679408,PASS,4963,6002,10,20,2,16
XMSSMT-SHA2_20/2_256,PUB_R1,951,951,952,16135555,2579463,PASS,4963,6002,10,20,2,16
XMSSMT-SHA2_20/2_256,PUB_R1,952,952,953,11084481,2643018,PASS,4963,6002,10,20,2,16
XMSSMT-SHA2_20/2_256,PUB_R1,953,953,954,6159481,2640297,PASS,4963,6002,10,20,2,16
XMSSMT-SHA2_20/2_256,PUB_R1,954,954,955,6094000,2713333,PASS,4963,6002,10,20,2,16
XMSSMT-SHA2_20/2_256,PUB_R1,955,955,956,11063166,2681000,PASS,4963,6002,10,20,2,16
XMSSMT-SHA2_20/2_256,PUB_R1,956,956,957,6179167,2610871,PASS,4963,6002,10,20,2,16
XMSSMT-SHA2_20/2_256,PUB_R1,957,957,958,6235148,2577074,PASS,4963,6002,10,20,2,16
XMSSMT-SHA2_20/2_256,PUB_R1,958,958,959,6089593,2706426,PASS,4963,6002,10,20,2,16
XMSSMT-SHA2_20/2_256,PUB_R1,959,959,960,15975833,2747112,PASS,4963,6002,10,20,2,16
XMSSMT-SHA2_20/2_256,PUB_R1,960,960,961,18325740,2802537,PASS,4963,6002,10,20,2,16
XMSSMT-SHA2_20/2_256,PUB_R1,961,961,962,16032556,2642371,PASS,4963,6002,10,20,2,16
XMSSMT-SHA2_20/2_256,PUB_R1,962,962,963,18321574,2801148,PASS,4963,6002,10,20,2,16
XMSSMT-SHA2_20/2_256,PUB_R1,963,963,964,15787222,2911963,PASS,4963,6002,10,20,2,16
XMSSMT-SHA2_20/2_256,PUB_R1,964,964,965,18492222,2675148,PASS,4963,6002,10,20,2,16
XMSSMT-SHA2_20/2_256,PUB_R1,965,965,966,15931814,2820889,PASS,4963,6002,10,20,2,16
XMSSMT-SHA2_20/2_256,PUB_R1,966,966,967,8595685,2711741,PASS,4963,6002,10,20,2,16
XMSSMT-SHA2_20/2_256,PUB_R1,967,967,968,16218019,2522889,PASS,4963,6002,10,20,2,16
XMSSMT-SHA2_20/2_256,PUB_R1,968,968,969,10955815,2811537,PASS,4963,6002,10,20,2,16
XMSSMT-SHA2_20/2_256,PUB_R1,969,969,970,5978371,2848445,PASS,4963,6002,10,20,2,16
XMSSMT-SHA2_20/2_256,PUB_R1,970,970,971,6150185,2675259,PASS,4963,6002,10,20,2,16
XMSSMT-SHA2_20/2_256,PUB_R1,971,971,972,10935592,2848408,PASS,4963,6002,10,20,2,16
XMSSMT-SHA2_20/2_256,PUB_R1,972,972,973,6240944,2580815,PASS,4963,6002,10,20,2,16
XMSSMT-SHA2_20/2_256,PUB_R1,973,973,974,6309889,2508703,PASS,4963,6002,10,20,2,16
XMSSMT-SHA2_20/2_256,PUB_R1,974,974,975,5946463,2854055,PASS,4963,6002,10,20,2,16
XMSSMT-SHA2_20/2_256,PUB_R1,975,975,976,16064093,2679074,PASS,4963,6002,10,20,2,16
XMSSMT-SHA2_20/2_256,PUB_R1,976,976,977,18306889,2876315,PASS,4963,6002,10,20,2,16
XMSSMT-SHA2_20/2_256,PUB_R1,977,977,978,15853371,2881426,PASS,4963,6002,10,20,2,16
XMSSMT-SHA2_20/2_256,PUB_R1,978,978,979,8414796,2889241,PASS,4963,6002,10,20,2,16
XMSSMT-SHA2_20/2_256,PUB_R1,979,979,980,10891148,2879203,PASS,4963,6002,10,20,2,16
XMSSMT-SHA2_20/2_256,PUB_R1,980,980,981,6147685,2641963,PASS,4963,6002,10,20,2,16
XMSSMT-SHA2_20/2_256,PUB_R1,981,981,982,6125611,2690981,PASS,4963,6002,10,20,2,16
XMSSMT-SHA2_20/2_256,PUB_R1,982,982,983,6116019,2673556,PASS,4963,6002,10,20,2,16
XMSSMT-SHA2_20/2_256,PUB_R1,983,983,984,15966203,2748092,PASS,4963,6002,10,20,2,16
XMSSMT-SHA2_20/2_256,PUB_R1,984,984,985,11263093,2511611,PASS,4963,6002,10,20,2,16
XMSSMT-SHA2_20/2_256,PUB_R1,985,985,986,6016074,2810814,PASS,4963,6002,10,20,2,16
XMSSMT-SHA2_20/2_256,PUB_R1,986,986,987,6160426,2644722,PASS,4963,6002,10,20,2,16
XMSSMT-SHA2_20/2_256,PUB_R1,987,987,988,11130167,2649982,PASS,4963,6002,10,20,2,16
XMSSMT-SHA2_20/2_256,PUB_R1,988,988,989,6167222,2646111,PASS,4963,6002,10,20,2,16
XMSSMT-SHA2_20/2_256,PUB_R1,989,989,990,5974945,2844685,PASS,4963,6002,10,20,2,16
XMSSMT-SHA2_20/2_256,PUB_R1,990,990,991,6071871,2720112,PASS,4963,6002,10,20,2,16
XMSSMT-SHA2_20/2_256,PUB_R1,991,991,992,16084834,2647796,PASS,4963,6002,10,20,2,16
XMSSMT-SHA2_20/2_256,PUB_R1,992,992,993,18545537,2648074,PASS,4963,6002,10,20,2,16
XMSSMT-SHA2_20/2_256,PUB_R1,993,993,994,16110741,2597056,PASS,4963,6002,10,20,2,16
XMSSMT-SHA2_20/2_256,PUB_R1,994,994,995,8571463,2661074,PASS,4963,6002,10,20,2,16
XMSSMT-SHA2_20/2_256,PUB_R1,995,995,996,11032500,2671685,PASS,4963,6002,10,20,2,16
XMSSMT-SHA2_20/2_256,PUB_R1,996,996,997,6017278,2726074,PASS,4963,6002,10,20,2,16
XMSSMT-SHA2_20/2_256,PUB_R1,997,997,998,6169889,2607629,PASS,4963,6002,10,20,2,16
XMSSMT-SHA2_20/2_256,PUB_R1,998,998,999,6023130,2726166,PASS,4963,6002,10,20,2,16
XMSSMT-SHA2_20/2_256,PUB_R1,999,999,1000,15887296,2733223,PASS,4963,6002,10,20,2,16
XMSSMT-SHA2_20/2_256,PUB_R1,1000,1000,1001,11050722,2624426,PASS,4963,6002,10,20,2,16
XMSSMT-SHA2_20/2_256,PUB_R1,1001,1001,1002,6135334,2634796,PASS,4963,6002,10,20,2,16
XMSSMT-SHA2_20/2_256,PUB_R1,1002,1002,1003,6082667,2661629,PASS,4963,6002,10,20,2,16
XMSSMT-SHA2_20/2_256,PUB_R1,1003,1003,1004,10903556,2795241,PASS,4963,6002,10,20,2,16
XMSSMT-SHA2_20/2_256,PUB_R1,1004,1004,1005,5932241,2827574,PASS,4963,6002,10,20,2,16
XMSSMT-SHA2_20/2_256,PUB_R1,1005,1005,1006,6205148,2565870,PASS,4963,6002,10,20,2,16
XMSSMT-SHA2_20/2_256,PUB_R1,1006,1006,1007,6142796,2609000,PASS,4963,6002,10,20,2,16
XMSSMT-SHA2_20/2_256,PUB_R1,1007,1007,1008,15941019,2662629,PASS,4963,6002,10,20,2,16
XMSSMT-SHA2_20/2_256,PUB_R1,1008,1008,1009,11034982,2640796,PASS,4963,6002,10,20,2,16
XMSSMT-SHA2_20/2_256,PUB_R1,1009,1009,1010,6064778,2690592,PASS,4963,6002,10,20,2,16
XMSSMT-SHA2_20/2_256,PUB_R1,1010,1010,1011,6083796,2678037,PASS,4963,6002,10,20,2,16
XMSSMT-SHA2_20/2_256,PUB_R1,1011,1011,1012,11023703,2675814,PASS,4963,6002,10,20,2,16
XMSSMT-SHA2_20/2_256,PUB_R1,1012,1012,1013,6153444,2617352,PASS,4963,6002,10,20,2,16
XMSSMT-SHA2_20/2_256,PUB_R1,1013,1013,1014,5888241,2869518,PASS,4963,6002,10,20,2,16
XMSSMT-SHA2_20/2_256,PUB_R1,1014,1014,1015,6156500,2596000,PASS,4963,6002,10,20,2,16
XMSSMT-SHA2_20/2_256,PUB_R1,1015,1015,1016,10901833,2797259,PASS,4963,6002,10,20,2,16
XMSSMT-SHA2_20/2_256,PUB_R1,1016,1016,1017,6057019,2696722,PASS,4963,6002,10,20,2,16
XMSSMT-SHA2_20/2_256,PUB_R1,1017,1017,1018,5983148,2795963,PASS,4963,6002,10,20,2,16
XMSSMT-SHA2_20/2_256,PUB_R1,1018,1018,1019,6076500,2663556,PASS,4963,6002,10,20,2,16
XMSSMT-SHA2_20/2_256,PUB_R1,1019,1019,1020,6082056,2694777,PASS,4963,6002,10,20,2,16
XMSSMT-SHA2_20/2_256,PUB_R1,1020,1020,1021,6102648,2646148,PASS,4963,6002,10,20,2,16
XMSSMT-SHA2_20/2_256,PUB_R1,1021,1021,1022,3648592,2659222,PASS,4963,6002,10,20,2,16
XMSSMT-SHA2_20/2_256,PUB_R1,1022,1022,1023,5949834,2791444,PASS,4963,6002,10,20,2,16
XMSSMT-SHA2_20/2_256,PUB_R1,1023,1023,1024,7273722,2722556,PASS,4963,6002,10,20,2,16
XMSSMT-SHA2_20/2_256,PUB_R1,1024,1024,1025,6109852,2611389,PASS,4963,6002,10,20,2,16
XMSSMT-SHA2_20/2_256,PUB_R1,1025,1025,1026,5922944,2789111,PASS,4963,6002,10,20,2,16
XMSSMT-SHA2_20/2_256,PUB_R1,1026,1026,1027,5955426,2762333,PASS,4963,6002,10,20,2,16
XMSSMT-SHA2_20/2_256,PUB_R1,1027,1027,1028,10842926,2827907,PASS,4963,6002,10,20,2,16
XMSSMT-SHA2_20/2_256,PUB_R1,1028,1028,1029,6040389,2698055,PASS,4963,6002,10,20,2,16
XMSSMT-SHA2_20/2_256,PUB_R1,1029,1029,1030,6195277,2532685,PASS,4963,6002,10,20,2,16
XMSSMT-SHA2_20/2_256,PUB_R1,1030,1030,1031,6069740,2660982,PASS,4963,6002,10,20,2,16
XMSSMT-SHA2_20/2_256,PUB_R1,1031,1031,1032,15819259,2766445,PASS,4963,6002,10,20,2,16
XMSSMT-SHA2_20/2_256,PUB_R1,1032,1032,1033,10975667,2661574,PASS,4963,6002,10,20,2,16
XMSSMT-SHA2_20/2_256,PUB_R1,1033,1033,1034,6105259,2594370,PASS,4963,6002,10,20,2,16
XMSSMT-SHA2_20/2_256,PUB_R1,1034,1034,1035,6187278,2529056,PASS,4963,6002,10,20,2,16
XMSSMT-SHA2_20/2_256,PUB_R1,1035,1035,1036,11099259,2529926,PASS,4963,6002,10,20,2,16
XMSSMT-SHA2_20/2_256,PUB_R1,1036,1036,1037,6147574,2562759,PASS,4963,6002,10,20,2,16
XMSSMT-SHA2_20/2_256,PUB_R1,1037,1037,1038,6164186,2566778,PASS,4963,6002,10,20,2,16
XMSSMT-SHA2_20/2_256,PUB_R1,1038,1038,1039,6080426,2627130,PASS,4963,6002,10,20,2,16
XMSSMT-SHA2_20/2_256,PUB_R1,1039,1039,1040,15873500,2695908,PASS,4963,6002,10,20,2,16
XMSSMT-SHA2_20/2_256,PUB_R1,1040,1040,1041,18364278,2662870,PASS,4963,6002,10,20,2,16
XMSSMT-SHA2_20/2_256,PUB_R1,1041,1041,1042,15766611,2790870,PASS,4963,6002,10,20,2,16
XMSSMT-SHA2_20/2_256,PUB_R1,1042,1042,1043,8479129,2694186,PASS,4963,6002,10,20,2,16
XMSSMT-SHA2_20/2_256,PUB_R1,1043,1043,1044,10974518,2658611,PASS,4963,6002,10,20,2,16
XMSSMT-SHA2_20/2_256,PUB_R1,1044,1044,1045,6150277,2562963,PASS,4963,6002,10,20,2,16
XMSSMT-SHA2_20/2_256,PUB_R1,1045,1045,1046,6077723,2624018,PASS,4963,6002,10,20,2,16
XMSSMT-SHA2_20/2_256,PUB_R1,1046,1046,1047,5949870,2759759,PASS,4963,6002,10,20,2,16
XMSSMT-SHA2_20/2_256,PUB_R1,1047,1047,1048,16094815,2477759,PASS,4963,6002,10,20,2,16
XMSSMT-SHA2_20/2_256,PUB_R1,1048,1048,1049,10944037,2714056,PASS,4963,6002,10,20,2,16
XMSSMT-SHA2_20/2_256,PUB_R1,1049,1049,1050,6132000,2592352,PASS,4963,6002,10,20,2,16
XMSSMT-SHA2_20/2_256,PUB_R1,1050,1050,1051,5840112,2891426,PASS,4963,6002,10,20,2,16
XMSSMT-SHA2_20/2_256,PUB_R1,1051,1051,1052,11045315,2611908,PASS,4963,6002,10,20,2,16
XMSSMT-SHA2_20/2_256,PUB_R1,1052,1052,1053,6088722,2629352,PASS,4963,6002,10,20,2,16
XMSSMT-SHA2_20/2_256,PUB_R1,1053,1053,1054,6239648,2499926,PASS,4963,6002,10,20,2,16
XMSSMT-SHA2_20/2_256,PUB_R1,1054,1054,1055,5927555,2789944,PASS,4963,6002,10,20,2,16
XMSSMT-SHA2_20/2_256,PUB_R1,1055,1055,1056,16050111,2533222,PASS,4963,6002,10,20,2,16
XMSSMT-SHA2_20/2_256,PUB_R1,1056,1056,1057,18411981,2628741,PASS,4963,6002,10,20,2,16
XMSSMT-SHA2_20/2_256,PUB_R1,1057,1057,1058,15868685,2696629,PASS,4963,6002,10,20,2,16
XMSSMT-SHA2_20/2_256,PUB_R1,1058,1058,1059,18411981,2628037,PASS,4963,6002,10,20,2,16
XMSSMT-SHA2_20/2_256,PUB_R1,1059,1059,1060,15903556,2664870,PASS,4963,6002,10,20,2,16
XMSSMT-SHA2_20/2_256,PUB_R1,1060,1060,1061,18437278,2599778,PASS,4963,6002,10,20,2,16
XMSSMT-SHA2_20/2_256,PUB_R1,1061,1061,1062,15902537,2672481,PASS,4963,6002,10,20,2,16
XMSSMT-SHA2_20/2_256,PUB_R1,1062,1062,1063,8568092,2628055,PASS,4963,6002,10,20,2,16
XMSSMT-SHA2_20/2_256,PUB_R1,1063,1063,1064,15890333,2697871,PASS,4963,6002,10,20,2,16
XMSSMT-SHA2_20/2_256,PUB_R1,1064,1064,1065,11068166,2560241,PASS,4963,6002,10,20,2,16
XMSSMT-SHA2_20/2_256,PUB_R1,1065,1065,1066,6031814,2701500,PASS,4963,6002,10,20,2,16
XMSSMT-SHA2_20/2_256,PUB_R1,1066,1066,1067,6180926,2526944,PASS,4963,6002,10,20,2,16
XMSSMT-SHA2_20/2_256,PUB_R1,1067,1067,1068,10879759,2757352,PASS,4963,6002,10,20,2,16
XMSSMT-SHA2_20/2_256,PUB_R1,1068,1068,1069,5998296,2704723,PASS,4963,6002,10,20,2,16
XMSSMT-SHA2_20/2_256,PUB_R1,1069,1069,1070,6086000,2629111,PASS,4963,6002,10,20,2,16
XMSSMT-SHA2_20/2_256,PUB_R1,1070,1070,1071,6110852,2603500,PASS,4963,6002,10,20,2,16
XMSSMT-SHA2_20/2_256,PUB_R1,1071,1071,1072,15802241,2769407,PASS,4963,6002,10,20,2,16
XMSSMT-SHA2_20/2_256,PUB_R1,1072,1072,1073,18379407,2631149,PASS,4963,6002,10,20,2,16
XMSSMT-SHA2_20/2_256,PUB_R1,1073,1073,1074,15968334,2598592,PASS,4963,6002,10,20,2,16
XMSSMT-SHA2_20/2_256,PUB_R1,1074,1074,1075,8535000,2663814,PASS,4963,6002,10,20,2,16
XMSSMT-SHA2_20/2_256,PUB_R1,1075,1075,1076,11091685,2572981,PASS,4963,6002,10,20,2,16
XMSSMT-SHA2_20/2_256,PUB_R1,1076,1076,1077,6179834,2527666,PASS,4963,6002,10,20,2,16
XMSSMT-SHA2_20/2_256,PUB_R1,1077,1077,1078,5933704,2805537,PASS,4963,6002,10,20,2,16
XMSSMT-SHA2_20/2_256,PUB_R1,1078,1078,1079,5976222,2777167,PASS,4963,6002,10,20,2,16
XMSSMT-SHA2_20/2_256,PUB_R1,1079,1079,1080,16133519,2548445,PASS,4963,6002,10,20,2,16
XMSSMT-SHA2_20/2_256,PUB_R1,1080,1080,1081,11026556,2711556,PASS,4963,6002,10,20,2,16
XMSSMT-SHA2_20/2_256,PUB_R1,1081,1081,1082,6164685,2619963,PASS,4963,6002,10,20,2,16
XMSSMT-SHA2_20/2_256,PUB_R1,1082,1082,1083,6068352,2712667,PASS,4963,6002,10,20,2,16
XMSSMT-SHA2_20/2_256,PUB_R1,1083,1083,1084,11067185,2679871,PASS,4963,6002,10,20,2,16
XMSSMT-SHA2_20/2_256,PUB_R1,1084,1084,1085,6188963,2579444,PASS,4963,6002,10,20,2,16
XMSSMT-SHA2_20/2_256,PUB_R1,1085,1085,1086,6114351,2674871,PASS,4963,6002,10,20,2,16
XMSSMT-SHA2_20/2_256,PUB_R1,1086,1086,1087,6150185,2620945,PASS,4963,6002,10,20,2,16
XMSSMT-SHA2_20/2_256,PUB_R1,1087,1087,1088,16064333,2649741,PASS,4963,6002,10,20,2,16
XMSSMT-SHA2_20/2_256,PUB_R1,1088,1088,1089,18519889,2650574,PASS,4963,6002,10,20,2,16
XMSSMT-SHA2_20/2_256,PUB_R1,1089,1089,1090,16070593,2611871,PASS,4963,6002,10,20,2,16
XMSSMT-SHA2_20/2_256,PUB_R1,1090,1090,1091,18487963,2643982,PASS,4963,6002,10,20,2,16
XMSSMT-SHA2_20/2_256,PUB_R1,1091,1091,1092,16146944,2549074,PASS,4963,6002,10,20,2,16
XMSSMT-SHA2_20/2_256,PUB_R1,1092,1092,1093,18574315,2654981,PASS,4963,6002,10,20,2,16
XMSSMT-SHA2_20/2_256,PUB_R1,1093,1093,1094,15940037,2661963,PASS,4963,6002,10,20,2,16
XMSSMT-SHA2_20/2_256,PUB_R1,1094,1094,1095,18409018,2631149,PASS,4963,6002,10,20,2,16
XMSSMT-SHA2_20/2_256,PUB_R1,1095,1095,1096,15965223,2598667,PASS,4963,6002,10,20,2,16
XMSSMT-SHA2_20/2_256,PUB_R1,1096,1096,1097,18367685,2678296,PASS,4963,6002,10,20,2,16
XMSSMT-SHA2_20/2_256,PUB_R1,1097,1097,1098,15899649,2657389,PASS,4963,6002,10,20,2,16
XMSSMT-SHA2_20/2_256,PUB_R1,1098,1098,1099,18414741,2632130,PASS,4963,6002,10,20,2,16
XMSSMT-SHA2_20/2_256,PUB_R1,1099,1099,1100,15917500,2666000,PASS,4963,6002,10,20,2,16
XMSSMT-SHA2_20/2_256,PUB_R1,1100,1100,1101,18350611,2658425,PASS,4963,6002,10,20,2,16
XMSSMT-SHA2_20/2_256,PUB_R1,1101,1101,1102,15981426,2597148,PASS,4963,6002,10,20,2,16
XMSSMT-SHA2_20/2_256,PUB_R1,1102,1102,1103,18190333,2823944,PASS,4963,6002,10,20,2,16
XMSSMT-SHA2_20/2_256,PUB_R1,1103,1103,1104,15947296,2631130,PASS,4963,6002,10,20,2,16
XMSSMT-SHA2_20/2_256,PUB_R1,1104,1104,1105,18442241,2565315,PASS,4963,6002,10,20,2,16
XMSSMT-SHA2_20/2_256,PUB_R1,1105,1105,1106,15962815,2593871,PASS,4963,6002,10,20,2,16
XMSSMT-SHA2_20/2_256,PUB_R1,1106,1106,1107,8537889,2628667,PASS,4963,6002,10,20,2,16
XMSSMT-SHA2_20/2_256,PUB_R1,1107,1107,1108,10977648,2663222,PASS,4963,6002,10,20,2,16
XMSSMT-SHA2_20/2_256,PUB_R1,1108,1108,1109,6006407,2692741,PASS,4963,6002,10,20,2,16
XMSSMT-SHA2_20/2_256,PUB_R1,1109,1109,1110,6155333,2559759,PASS,4963,6002,10,20,2,16
XMSSMT-SHA2_20/2_256,PUB_R1,1110,1110,1111,6101111,2593537,PASS,4963,6002,10,20,2,16
XMSSMT-SHA2_20/2_256,PUB_R1,1111,1111,1112,15703037,2861759,PASS,4963,6002,10,20,2,16
XMSSMT-SHA2_20/2_256,PUB_R1,1112,1112,1113,10965482,2664055,PASS,4963,6002,10,20,2,16
XMSSMT-SHA2_20/2_256,PUB_R1,1113,1113,1114,5923334,2794537,PASS,4963,6002,10,20,2,16
XMSSMT-SHA2_20/2_256,PUB_R1,1114,1114,1115,5932148,2755537,PASS,4963,6002,10,20,2,16
XMSSMT-SHA2_20/2_256,PUB_R1,1115,1115,1116,10931112,2691037,PASS,4963,6002,10,20,2,16
XMSSMT-SHA2_20/2_256,PUB_R1,1116,1116,1117,6157760,2574796,PASS,4963,6002,10,20,2,16
XMSSMT-SHA2_20/2_256,PUB_R1,1117,1117,1118,6211667,2530592,PASS,4963,6002,10,20,2,16
XMSSMT-SHA2_20/2_256,PUB_R1,1118,1118,1119,5954407,2775037,PASS,4963,6002,10,20,2,16
XMSSMT-SHA2_20/2_256,PUB_R1,1119,1119,1120,15868871,2706111,PASS,4963,6002,10,20,2,16
XMSSMT-SHA2_20/2_256,PUB_R1,1120,1120,1121,18252371,2770407,PASS,4963,6002,10,20,2,16
XMSSMT-SHA2_20/2_256,PUB_R1,1121,1121,1122,15891019,2692963,PASS,4963,6002,10,20,2,16
XMSSMT-SHA2_20/2_256,PUB_R1,1122,1122,1123,18354315,2662537,PASS,4963,6002,10,20,2,16
XMSSMT-SHA2_20/2_256,PUB_R1,1123,1123,1124,15801519,2758203,PASS,4963,6002,10,20,2,16
XMSSMT-SHA2_20/2_256,PUB_R1,1124,1124,1125,18472723,2577278,PASS,4963,6002,10,20,2,16
XMSSMT-SHA2_20/2_256,PUB_R1,1125,1125,1126,15912037,2664241,PASS,4963,6002,10,20,2,16
XMSSMT-SHA2_20/2_256,PUB_R1,1126,1126,1127,8604296,2565130,PASS,4963,6002,10,20,2,16
XMSSMT-SHA2_20/2_256,PUB_R1,1127,1127,1128,15909000,2671407,PASS,4963,6002,10,20,2,16
XMSSMT-SHA2_20/2_256,PUB_R1,1128,1128,1129,11058203,2558260,PASS,4963,6002,10,20,2,16
XMSSMT-SHA2_20/2_256,PUB_R1,1129,1129,1130,5944778,2792019,PASS,4963,6002,10,20,2,16
XMSSMT-SHA2_20/2_256,PUB_R1,1130,1130,1131,6023963,2693741,PASS,4963,6002,10,20,2,16
XMSSMT-SHA2_20/2_256,PUB_R1,1131,1131,1132,11051241,2594851,PASS,4963,6002,10,20,2,16
XMSSMT-SHA2_20/2_256,PUB_R1,1132,1132,1133,6112833,2605389,PASS,4963,6002,10,20,2,16
XMSSMT-SHA2_20/2_256,PUB_R1,1133,1133,1134,6089500,2625852,PASS,4963,6002,10,20,2,16
XMSSMT-SHA2_20/2_256,PUB_R1,1134,1134,1135,6089499,2636000,PASS,4963,6002,10,20,2,16
XMSSMT-SHA2_20/2_256,PUB_R1,1135,1135,1136,15900945,2661352,PASS,4963,6002,10,20,2,16
XMSSMT-SHA2_20/2_256,PUB_R1,1136,1136,1137,18360945,2662092,PASS,4963,6002,10,20,2,16
XMSSMT-SHA2_20/2_256,PUB_R1,1137,1137,1138,15819463,2763352,PASS,4963,6002,10,20,2,16
XMSSMT-SHA2_20/2_256,PUB_R1,1138,1138,1139,8485000,2695333,PASS,4963,6002,10,20,2,16
XMSSMT-SHA2_20/2_256,PUB_R1,1139,1139,1140,11037482,2630537,PASS,4963,6002,10,20,2,16
XMSSMT-SHA2_20/2_256,PUB_R1,1140,1140,1141,6055092,2659760,PASS,4963,6002,10,20,2,16
XMSSMT-SHA2_20/2_256,PUB_R1,1141,1141,1142,5913129,2831851,PASS,4963,6002,10,20,2,16
XMSSMT-SHA2_20/2_256,PUB_R1,1142,1142,1143,6031370,2652463,PASS,4963,6002,10,20,2,16
XMSSMT-SHA2_20/2_256,PUB_R1,1143,1143,1144,15767667,2787852,PASS,4963,6002,10,20,2,16
XMSSMT-SHA2_20/2_256,PUB_R1,1144,1144,1145,11084870,2558241,PASS,4963,6002,10,20,2,16
XMSSMT-SHA2_20/2_256,PUB_R1,1145,1145,1146,6101926,2630870,PASS,4963,6002,10,20,2,16
XMSSMT-SHA2_20/2_256,PUB_R1,1146,1146,1147,5956389,2755981,PASS,4963,6002,10,20,2,16
XMSSMT-SHA2_20/2_256,PUB_R1,1147,1147,1148,10993259,2661907,PASS,4963,6002,10,20,2,16
XMSSMT-SHA2_20/2_256,PUB_R1,1148,1148,1149,6306723,2491851,PASS,4963,6002,10,20,2,16
XMSSMT-SHA2_20/2_256,PUB_R1,1149,1149,1150,6166315,2614056,PASS,4963,6002,10,20,2,16
XMSSMT-SHA2_20/2_256,PUB_R1,1150,1150,1151,6192703,2574556,PASS,4963,6002,10,20,2,16
XMSSMT-SHA2_20/2_256,PUB_R1,1151,1151,1152,16166019,2554611,PASS,4963,6002,10,20,2,16
XMSSMT-SHA2_20/2_256,PUB_R1,1152,1152,1153,18482426,2682481,PASS,4963,6002,10,20,2,16
XMSSMT-SHA2_20/2_256,PUB_R1,1153,1153,1154,15968334,2711703,PASS,4963,6002,10,20,2,16
XMSSMT-SHA2_20/2_256,PUB_R1,1154,1154,1155,18432518,2717074,PASS,4963,6002,10,20,2,16
XMSSMT-SHA2_20/2_256,PUB_R1,1155,1155,1156,16084796,2626203,PASS,4963,6002,10,20,2,16
XMSSMT-SHA2_20/2_256,PUB_R1,1156,1156,1157,18447852,2716130,PASS,4963,6002,10,20,2,16
XMSSMT-SHA2_20/2_256,PUB_R1,1157,1157,1158,16036166,2651259,PASS,4963,6002,10,20,2,16
XMSSMT-SHA2_20/2_256,PUB_R1,1158,1158,1159,18538185,2654314,PASS,4963,6002,10,20,2,16
XMSSMT-SHA2_20/2_256,PUB_R1,1159,1159,1160,15929037,2782037,PASS,4963,6002,10,20,2,16
XMSSMT-SHA2_20/2_256,PUB_R1,1160,1160,1161,18383204,2792055,PASS,4963,6002,10,20,2,16
XMSSMT-SHA2_20/2_256,PUB_R1,1161,1161,1162,16190982,2519055,PASS,4963,6002,10,20,2,16
XMSSMT-SHA2_20/2_256,PUB_R1,1162,1162,1163,18595797,2580482,PASS,4963,6002,10,20,2,16
XMSSMT-SHA2_20/2_256,PUB_R1,1163,1163,1164,15971074,2713796,PASS,4963,6002,10,20,2,16
XMSSMT-SHA2_20/2_256,PUB_R1,1164,1164,1165,18574963,2584370,PASS,4963,6002,10,20,2,16
XMSSMT-SHA2_20/2_256,PUB_R1,1165,1165,1166,16095074,2633370,PASS,4963,6002,10,20,2,16
XMSSMT-SHA2_20/2_256,PUB_R1,1166,1166,1167,18555037,2625000,PASS,4963,6002,10,20,2,16
XMSSMT-SHA2_20/2_256,PUB_R1,1167,1167,1168,15857760,2846907,PASS,4963,6002,10,20,2,16
XMSSMT-SHA2_20/2_256,PUB_R1,1168,1168,1169,18454704,2677945,PASS,4963,6002,10,20,2,16
XMSSMT-SHA2_20/2_256,PUB_R1,1169,1169,1170,15994834,2678685,PASS,4963,6002,10,20,2,16
XMSSMT-SHA2_20/2_256,PUB_R1,1170,1170,1171,18455723,2682926,PASS,4963,6002,10,20,2,16
XMSSMT-SHA2_20/2_256,PUB_R1,1171,1171,1172,16038000,2649481,PASS,4963,6002,10,20,2,16
XMSSMT-SHA2_20/2_256,PUB_R1,1172,1172,1173,18467185,2682149,PASS,4963,6002,10,20,2,16
XMSSMT-SHA2_20/2_256,PUB_R1,1173,1173,1174,16134333,2551074,PASS,4963,6002,10,20,2,16
XMSSMT-SHA2_20/2_256,PUB_R1,1174,1174,1175,18437815,2715259,PASS,4963,6002,10,20,2,16
XMSSMT-SHA2_20/2_256,PUB_R1,1175,1175,1176,16009426,2678334,PASS,4963,6002,10,20,2,16
XMSSMT-SHA2_20/2_256,PUB_R1,1176,1176,1177,18580741,2582482,PASS,4963,6002,10,20,2,16
XMSSMT-SHA2_20/2_256,PUB_R1,1177,1177,1178,15980722,2715556,PASS,4963,6002,10,20,2,16
XMSSMT-SHA2_20/2_256,PUB_R1,1178,1178,1179,18391093,2815352,PASS,4963,6002,10,20,2,16
XMSSMT-SHA2_20/2_256,PUB_R1,1179,1179,1180,16066426,2647648,PASS,4963,6002,10,20,2,16
XMSSMT-SHA2_20/2_256,PUB_R1,1180,1180,1181,18531871,2589240,PASS,4963,6002,10,20,2,16
XMSSMT-SHA2_20/2_256,PUB_R1,1181,1181,1182,16140612,2555000,PASS,4963,6002,10,20,2,16
XMSSMT-SHA2_20/2_256,PUB_R1,1182,1182,1183,18478907,2685778,PASS,4963,6002,10,20,2,16
XMSSMT-SHA2_20/2_256,PUB_R1,1183,1183,1184,15997444,2713926,PASS,4963,6002,10,20,2,16
XMSSMT-SHA2_20/2_256,PUB_R1,1184,1184,1185,18539833,2618111,PASS,4963,6002,10,20,2,16
XMSSMT-SHA2_20/2_256,PUB_R1,1185,1185,1186,15922741,2783241,PASS,4963,6002,10,20,2,16
XMSSMT-SHA2_20/2_256,PUB_R1,1186,1186,1187,18392166,2786352,PASS,4963,6002,10,20,2,16
XMSSMT-SHA2_20/2_256,PUB_R1,1187,1187,1188,15995611,2713945,PASS,4963,6002,10,20,2,16
XMSSMT-SHA2_20/2_256,PUB_R1,1188,1188,1189,18525426,2617593,PASS,4963,6002,10,20,2,16
XMSSMT-SHA2_20/2_256,PUB_R1,1189,1189,1190,16053333,2645500,PASS,4963,6002,10,20,2,16
XMSSMT-SHA2_20/2_256,PUB_R1,1190,1190,1191,18549278,2637240,PASS,4963,6002,10,20,2,16
XMSSMT-SHA2_20/2_256,PUB_R1,1191,1191,1192,16024963,2683019,PASS,4963,6002,10,20,2,16
XMSSMT-SHA2_20/2_256,PUB_R1,1192,1192,1193,18600945,2551871,PASS,4963,6002,10,20,2,16
XMSSMT-SHA2_20/2_256,PUB_R1,1193,1193,1194,16031149,2643130,PASS,4963,6002,10,20,2,16
XMSSMT-SHA2_20/2_256,PUB_R1,1194,1194,1195,18572722,2620111,PASS,4963,6002,10,20,2,16
XMSSMT-SHA2_20/2_256,PUB_R1,1195,1195,1196,11045870,2717037,PASS,4963,6002,10,20,2,16
XMSSMT-SHA2_20/2_256,PUB_R1,1196,1196,1197,5989297,2791685,PASS,4963,6002,10,20,2,16
XMSSMT-SHA2_20/2_256,PUB_R1,1197,1197,1198,6099408,2674759,PASS,4963,6002,10,20,2,16
XMSSMT-SHA2_20/2_256,PUB_R1,1198,1198,1199,6134667,2644629,PASS,4963,6002,10,20,2,16
XMSSMT-SHA2_20/2_256,PUB_R1,1199,1199,1200,16027648,2681630,PASS,4963,6002,10,20,2,16
XMSSMT-SHA2_20/2_256,PUB_R1,1200,1200,1201,18519907,2615741,PASS,4963,6002,10,20,2,16
XMSSMT-SHA2_20/2_256,PUB_R1,1201,1201,1202,15916944,2783241,PASS,4963,6002,10,20,2,16
XMSSMT-SHA2_20/2_256,PUB_R1,1202,1202,1203,8646240,2612518,PASS,4963,6002,10,20,2,16
XMSSMT-SHA2_20/2_256,PUB_R1,1203,1203,1204,10866851,2880796,PASS,4963,6002,10,20,2,16
XMSSMT-SHA2_20/2_256,PUB_R1,1204,1204,1205,5918648,2824741,PASS,4963,6002,10,20,2,16
XMSSMT-SHA2_20/2_256,PUB_R1,1205,1205,1206,6134000,2600612,PASS,4963,6002,10,20,2,16
XMSSMT-SHA2_20/2_256,PUB_R1,1206,1206,1207,6211222,2502000,PASS,4963,6002,10,20,2,16
XMSSMT-SHA2_20/2_256,PUB_R1,1207,1207,1208,15827130,2772352,PASS,4963,6002,10,20,2,16
XMSSMT-SHA2_20/2_256,PUB_R1,1208,1208,1209,10966130,2698630,PASS,4963,6002,10,20,2,16
XMSSMT-SHA2_20/2_256,PUB_R1,1209,1209,1210,6050444,2695204,PASS,4963,6002,10,20,2,16
XMSSMT-SHA2_20/2_256,PUB_R1,1210,1210,1211,6037778,2660889,PASS,4963,6002,10,20,2,16
XMSSMT-SHA2_20/2_256,PUB_R1,1211,1211,1212,11026130,2631722,PASS,4963,6002,10,20,2,16
XMSSMT-SHA2_20/2_256,PUB_R1,1212,1212,1213,6041518,2665093,PASS,4963,6002,10,20,2,16
XMSSMT-SHA2_20/2_256,PUB_R1,1213,1213,1214,6071426,2661796,PASS,4963,6002,10,20,2,16
XMSSMT-SHA2_20/2_256,PUB_R1,1214,1214,1215,6158500,2563055,PASS,4963,6002,10,20,2,16
XMSSMT-SHA2_20/2_256,PUB_R1,1215,1215,1216,15959037,2634111,PASS,4963,6002,10,20,2,16
XMSSMT-SHA2_20/2_256,PUB_R1,1216,1216,1217,18365740,2626389,PASS,4963,6002,10,20,2,16
XMSSMT-SHA2_20/2_256,PUB_R1,1217,1217,1218,16042481,2534408,PASS,4963,6002,10,20,2,16
XMSSMT-SHA2_20/2_256,PUB_R1,1218,1218,1219,18374963,2628352,PASS,4963,6002,10,20,2,16
XMSSMT-SHA2_20/2_256,PUB_R1,1219,1219,1220,15807611,2812315,PASS,4963,6002,10,20,2,16
XMSSMT-SHA2_20/2_256,PUB_R1,1220,1220,1221,18320371,2698129,PASS,4963,6002,10,20,2,16
XMSSMT-SHA2_20/2_256,PUB_R1,1221,1221,1222,16015185,2562740,PASS,4963,6002,10,20,2,16
XMSSMT-SHA2_20/2_256,PUB_R1,1222,1222,1223,18361389,2663778,PASS,4963,6002,10,20,2,16
XMSSMT-SHA2_20/2_256,PUB_R1,1223,1223,1224,15975111,2598203,PASS,4963,6002,10,20,2,16
XMSSMT-SHA2_20/2_256,PUB_R1,1224,1224,1225,18358667,2677796,PASS,4963,6002,10,20,2,16
XMSSMT-SHA2_20/2_256,PUB_R1,1225,1225,1226,15927963,2628556,PASS,4963,6002,10,20,2,16
XMSSMT-SHA2_20/2_256,PUB_R1,1226,1226,1227,18354500,2664223,PASS,4963,6002,10,20,2,16
XMSSMT-SHA2_20/2_256,PUB_R1,1227,1227,1228,16108759,2622204,PASS,4963,6002,10,20,2,16
XMSSMT-SHA2_20/2_256,PUB_R1,1228,1228,1229,18732685,2696371,PASS,4963,6002,10,20,2,16
XMSSMT-SHA2_20/2_256,PUB_R1,1229,1229,1230,15973500,2699629,PASS,4963,6002,10,20,2,16
XMSSMT-SHA2_20/2_256,PUB_R1,1230,1230,1231,18555130,2458630,PASS,4963,6002,10,20,2,16
XMSSMT-SHA2_20/2_256,PUB_R1,1231,1231,1232,15853167,2692222,PASS,4963,6002,10,20,2,16
XMSSMT-SHA2_20/2_256,PUB_R1,1232,1232,1233,18454259,2526537,PASS,4963,6002,10,20,2,16
XMSSMT-SHA2_20/2_256,PUB_R1,1233,1233,1234,15716352,2820759,PASS,4963,6002,10,20,2,16
XMSSMT-SHA2_20/2_256,PUB_R1,1234,1234,1235,8561388,2589426,PASS,4963,6002,10,20,2,16
XMSSMT-SHA2_20/2_256,PUB_R1,1235,1235,1236,10992519,2624648,PASS,4963,6002,10,20,2,16
XMSSMT-SHA2_20/2_256,PUB_R1,1236,1236,1237,6099667,2592037,PASS,4963,6002,10,20,2,16
XMSSMT-SHA2_20/2_256,PUB_R1,1237,1237,1238,6032241,2695926,PASS,4963,6002,10,20,2,16
XMSSMT-SHA2_20/2_256,PUB_R1,1238,1238,1239,6147519,2557574,PASS,4963,6002,10,20,2,16
XMSSMT-SHA2_20/2_256,PUB_R1,1239,1239,1240,15858092,2705204,PASS,4963,6002,10,20,2,16
XMSSMT-SHA2_20/2_256,PUB_R1,1240,1240,1241,10947315,2688537,PASS,4963,6002,10,20,2,16
XMSSMT-SHA2_20/2_256,PUB_R1,1241,1241,1242,5907722,2821241,PASS,4963,6002,10,20,2,16
XMSSMT-SHA2_20/2_256,PUB_R1,1242,1242,1243,6012130,2689852,PASS,4963,6002,10,20,2,16
XMSSMT-SHA2_20/2_256,PUB_R1,1243,1243,1244,10818574,2826630,PASS,4963,6002,10,20,2,16
XMSSMT-SHA2_20/2_256,PUB_R1,1244,1244,1245,6070370,2632703,PASS,4963,6002,10,20,2,16
XMSSMT-SHA2_20/2_256,PUB_R1,1245,1245,1246,6208796,2523926,PASS,4963,6002,10,20,2,16
XMSSMT-SHA2_20/2_256,PUB_R1,1246,1246,1247,6097685,2589871,PASS,4963,6002,10,20,2,16
XMSSMT-SHA2_20/2_256,PUB_R1,1247,1247,1248,15975555,2612500,PASS,4963,6002,10,20,2,16
XMSSMT-SHA2_20/2_256,PUB_R1,1248,1248,1249,18393334,2628648,PASS,4963,6002,10,20,2,16
XMSSMT-SHA2_20/2_256,PUB_R1,1249,1249,1250,15960018,2633037,PASS,4963,6002,10,20,2,16
XMSSMT-SHA2_20/2_256,PUB_R1,1250,1250,1251,18275000,2764203,PASS,4963,6002,10,20,2,16
XMSSMT-SHA2_20/2_256,PUB_R1,1251,1251,1252,15920018,2677704,PASS,4963,6002,10,20,2,16
XMSSMT-SHA2_20/2_256,PUB_R1,1252,1252,1253,18166888,2835482,PASS,4963,6002,10,20,2,16
XMSSMT-SHA2_20/2_256,PUB_R1,1253,1253,1254,16023834,2526111,PASS,4963,6002,10,20,2,16
XMSSMT-SHA2_20/2_256,PUB_R1,1254,1254,1255,8666148,2545315,PASS,4963,6002,10,20,2,16
XMSSMT-SHA2_20/2_256,PUB_R1,1255,1255,1256,15873648,2692778,PASS,4963,6002,10,20,2,16
XMSSMT-SHA2_20/2_256,PUB_R1,1256,1256,1257,10957574,2673296,PASS,4963,6002,10,20,2,16
XMSSMT-SHA2_20/2_256,PUB_R1,1257,1257,1258,6091555,2625019,PASS,4963,6002,10,20,2,16
XMSSMT-SHA2_20/2_256,PUB_R1,1258,1258,1259,6082240,2639908,PASS,4963,6002,10,20,2,16
XMSSMT-SHA2_20/2_256,PUB_R1,1259,1259,1260,11045463,2595315,PASS,4963,6002,10,20,2,16
XMSSMT-SHA2_20/2_256,PUB_R1,1260,1260,1261,6124000,2592907,PASS,4963,6002,10,20,2,16
XMSSMT-SHA2_20/2_256,PUB_R1,1261,1261,1262,6006259,2700092,PASS,4963,6002,10,20,2,16
XMSSMT-SHA2_20/2_256,PUB_R1,1262,1262,1263,6125926,2596074,PASS,4963,6002,10,20,2,16
XMSSMT-SHA2_20/2_256,PUB_R1,1263,1263,1264,15810092,2764112,PASS,4963,6002,10,20,2,16
XMSSMT-SHA2_20/2_256,PUB_R1,1264,1264,1265,18344019,2665518,PASS,4963,6002,10,20,2,16
XMSSMT-SHA2_20/2_256,PUB_R1,1265,1265,1266,15932629,2640686,PASS,4963,6002,10,20,2,16
XMSSMT-SHA2_20/2_256,PUB_R1,1266,1266,1267,8506315,2655352,PASS,4963,6002,10,20,2,16
XMSSMT-SHA2_20/2_256,PUB_R1,1267,1267,1268,10985388,2658111,PASS,4963,6002,10,20,2,16
XMSSMT-SHA2_20/2_256,PUB_R1,1268,1268,1269,5880259,2833297,PASS,4963,6002,10,20,2,16
XMSSMT-SHA2_20/2_256,PUB_R1,1269,1269,1270,6061426,2661185,PASS,4963,6002,10,20,2,16
XMSSMT-SHA2_20/2_256,PUB_R1,1270,1270,1271,6112352,2598167,PASS,4963,6002,10,20,2,16
XMSSMT-SHA2_20/2_256,PUB_R1,1271,1271,1272,15952000,2646574,PASS,4963,6002,10,20,2,16
XMSSMT-SHA2_20/2_256,PUB_R1,1272,1272,1273,11024593,2598815,PASS,4963,6002,10,20,2,16
XMSSMT-SHA2_20/2_256,PUB_R1,1273,1273,1274,5987870,2762815,PASS,4963,6002,10,20,2,16
XMSSMT-SHA2_20/2_256,PUB_R1,1274,1274,1275,6158333,2632741,PASS,4963,6002,10,20,2,16
XMSSMT-SHA2_20/2_256,PUB_R1,1275,1275,1276,11155223,2580870,PASS,4963,6002,10,20,2,16
XMSSMT-SHA2_20/2_256,PUB_R1,1276,1276,1277,5930945,2837871,PASS,4963,6002,10,20,2,16
XMSSMT-SHA2_20/2_256,PUB_R1,1277,1277,1278,6221833,2557111,PASS,4963,6002,10,20,2,16
XMSSMT-SHA2_20/2_256,PUB_R1,1278,1278,1279,6132259,2645519,PASS,4963,6002,10,20,2,16
XMSSMT-SHA2_20/2_256,PUB_R1,1279,1279,1280,16195667,2478704,PASS,4963,6002,10,20,2,16
XMSSMT-SHA2_20/2_256,PUB_R1,1280,1280,1281,18557685,2617407,PASS,4963,6002,10,20,2,16
XMSSMT-SHA2_20/2_256,PUB_R1,1281,1281,1282,15871777,2772333,PASS,4963,6002,10,20,2,16
XMSSMT-SHA2_20/2_256,PUB_R1,1282,1282,1283,18636500,2559426,PASS,4963,6002,10,20,2,16
XMSSMT-SHA2_20/2_256,PUB_R1,1283,1283,1284,15996963,2710834,PASS,4963,6002,10,20,2,16
XMSSMT-SHA2_20/2_256,PUB_R1,1284,1284,1285,18511352,2650019,PASS,4963,6002,10,20,2,16
XMSSMT-SHA2_20/2_256,PUB_R1,1285,1285,1286,15849333,2803500,PASS,4963,6002,10,20,2,16
XMSSMT-SHA2_20/2_256,PUB_R1,1286,1286,1287,18559981,2626814,PASS,4963,6002,10,20,2,16
XMSSMT-SHA2_20/2_256,PUB_R1,1287,1287,1288,15968148,2710426,PASS,4963,6002,10,20,2,16
XMSSMT-SHA2_20/2_256,PUB_R1,1288,1288,1289,18484130,2681037,PASS,4963,6002,10,20,2,16
XMSSMT-SHA2_20/2_256,PUB_R1,1289,1289,1290,15976963,2711500,PASS,4963,6002,10,20,2,16
XMSSMT-SHA2_20/2_256,PUB_R1,1290,1290,1291,18494166,2682852,PASS,4963,6002,10,20,2,16
XMSSMT-SHA2_20/2_256,PUB_R1,1291,1291,1292,16054537,2654130,PASS,4963,6002,10,20,2,16
XMSSMT-SHA2_20/2_256,PUB_R1,1292,1292,1293,18516704,2720167,PASS,4963,6002,10,20,2,16
XMSSMT-SHA2_20/2_256,PUB_R1,1293,1293,1294,16039833,2674815,PASS,4963,6002,10,20,2,16
XMSSMT-SHA2_20/2_256,PUB_R1,1294,1294,1295,18563371,2578463,PASS,4963,6002,10,20,2,16
XMSSMT-SHA2_20/2_256,PUB_R1,1295,1295,1296,15943797,2709278,PASS,4963,6002,10,20,2,16
XMSSMT-SHA2_20/2_256,PUB_R1,1296,1296,1297,18470333,2641796,PASS,4963,6002,10,20,2,16
XMSSMT-SHA2_20/2_256,PUB_R1,1297,1297,1298,15801944,2844463,PASS,4963,6002,10,20,2,16
XMSSMT-SHA2_20/2_256,PUB_R1,1298,1298,1299,18483129,2644908,PASS,4963,6002,10,20,2,16
XMSSMT-SHA2_20/2_256,PUB_R1,1299,1299,1300,15986685,2637944,PASS,4963,6002,10,20,2,16
XMSSMT-SHA2_20/2_256,PUB_R1,1300,1300,1301,18509371,2647759,PASS,4963,6002,10,20,2,16
XMSSMT-SHA2_20/2_256,PUB_R1,1301,1301,1302,16042537,2612444,PASS,4963,6002,10,20,2,16
XMSSMT-SHA2_20/2_256,PUB_R1,1302,1302,1303,18628426,2556852,PASS,4963,6002,10,20,2,16
XMSSMT-SHA2_20/2_256,PUB_R1,1303,1303,1304,16057019,2612241,PASS,4963,6002,10,20,2,16
XMSSMT-SHA2_20/2_256,PUB_R1,1304,1304,1305,18574426,2581722,PASS,4963,6002,10,20,2,16
XMSSMT-SHA2_20/2_256,PUB_R1,1305,1305,1306,15925648,2783852,PASS,4963,6002,10,20,2,16
XMSSMT-SHA2_20/2_256,PUB_R1,1306,1306,1307,18399370,2780667,PASS,4963,6002,10,20,2,16
XMSSMT-SHA2_20/2_256,PUB_R1,1307,1307,1308,16081129,2623981,PASS,4963,6002,10,20,2,16
XMSSMT-SHA2_20/2_256,PUB_R1,1308,1308,1309,18401111,2782093,PASS,4963,6002,10,20,2,16
XMSSMT-SHA2_20/2_256,PUB_R1,1309,1309,1310,16083222,2617185,PASS,4963,6002,10,20,2,16
XMSSMT-SHA2_20/2_256,PUB_R1,1310,1310,1311,18492074,2683370,PASS,4963,6002,10,20,2,16
XMSSMT-SHA2_20/2_256,PUB_R1,1311,1311,1312,15843148,2844777,PASS,4963,6002,10,20,2,16
XMSSMT-SHA2_20/2_256,PUB_R1,1312,1312,1313,18247944,2923315,PASS,4963,6002,10,20,2,16
XMSSMT-SHA2_20/2_256,PUB_R1,1313,1313,1314,16025037,2686334,PASS,4963,6002,10,20,2,16
XMSSMT-SHA2_20/2_256,PUB_R1,1314,1314,1315,18532463,2607908,PASS,4963,6002,10,20,2,16
XMSSMT-SHA2_20/2_256,PUB_R1,1315,1315,1316,16004778,2682574,PASS,4963,6002,10,20,2,16
XMSSMT-SHA2_20/2_256,PUB_R1,1316,1316,1317,18494556,2648556,PASS,4963,6002,10,20,2,16
XMSSMT-SHA2_20/2_256,PUB_R1,1317,1317,1318,16172481,2558796,PASS,4963,6002,10,20,2,16
XMSSMT-SHA2_20/2_256,PUB_R1,1318,1318,1319,18327260,2845870,PASS,4963,6002,10,20,2,16
XMSSMT-SHA2_20/2_256,PUB_R1,1319,1319,1320,15864907,2811537,PASS,4963,6002,10,20,2,16
XMSSMT-SHA2_20/2_256,PUB_R1,1320,1320,1321,18511352,2650889,PASS,4963,6002,10,20,2,16
XMSSMT-SHA2_20/2_256,PUB_R1,1321,1321,1322,16061945,2653278,PASS,4963,6002,10,20,2,16
XMSSMT-SHA2_20/2_256,PUB_R1,1322,1322,1323,18496092,2688666,PASS,4963,6002,10,20,2,16
XMSSMT-SHA2_20/2_256,PUB_R1,1323,1323,1324,16045982,2652315,PASS,4963,6002,10,20,2,16
XMSSMT-SHA2_20/2_256,PUB_R1,1324,1324,1325,18453908,2683944,PASS,4963,6002,10,20,2,16
XMSSMT-SHA2_20/2_256,PUB_R1,1325,1325,1326,15984037,2715370,PASS,4963,6002,10,20,2,16
XMSSMT-SHA2_20/2_256,PUB_R1,1326,1326,1327,18351370,2812889,PASS,4963,6002,10,20,2,16
XMSSMT-SHA2_20/2_256,PUB_R1,1327,1327,1328,16030148,2657260,PASS,4963,6002,10,20,2,16
XMSSMT-SHA2_20/2_256,PUB_R1,1328,1328,1329,18461463,2597074,PASS,4963,6002,10,20,2,16
XMSSMT-SHA2_20/2_256,PUB_R1,1329,1329,1330,16018240,2528759,PASS,4963,6002,10,20,2,16
XMSSMT-SHA2_20/2_256,PUB_R1,1330,1330,1331,18293648,2686852,PASS,4963,6002,10,20,2,16
XMSSMT-SHA2_20/2_256,PUB_R1,1331,1331,1332,16011704,2529944,PASS,4963,6002,10,20,2,16
XMSSMT-SHA2_20/2_256,PUB_R1,1332,1332,1333,18247426,2819611,PASS,4963,6002,10,20,2,16
XMSSMT-SHA2_20/2_256,PUB_R1,1333,1333,1334,15863889,2691130,PASS,4963,6002,10,20,2,16
XMSSMT-SHA2_20/2_256,PUB_R1,1334,1334,1335,18330352,2658389,PASS,4963,6002,10,20,2,16
XMSSMT-SHA2_20/2_256,PUB_R1,1335,1335,1336,15788000,2756241,PASS,4963,6002,10,20,2,16
XMSSMT-SHA2_20/2_256,PUB_R1,1336,1336,1337,18300334,2695241,PASS,4963,6002,10,20,2,16
XMSSMT-SHA2_20/2_256,PUB_R1,1337,1337,1338,15934407,2629037,PASS,4963,6002,10,20,2,16
XMSSMT-SHA2_20/2_256,PUB_R1,1338,1338,1339,18259741,2760519,PASS,4963,6002,10,20,2,16
XMSSMT-SHA2_20/2_256,PUB_R1,1339,1339,1340,15887426,2670630,PASS,4963,6002,10,20,2,16
XMSSMT-SHA2_20/2_256,PUB_R1,1340,1340,1341,18357148,2663333,PASS,4963,6002,10,20,2,16
XMSSMT-SHA2_20/2_256,PUB_R1,1341,1341,1342,15949871,2632908,PASS,4963,6002,10,20,2,16
XMSSMT-SHA2_20/2_256,PUB_R1,1342,1342,1343,18410074,2628408,PASS,4963,6002,10,20,2,16
XMSSMT-SHA2_20/2_256,PUB_R1,1343,1343,1344,15898481,2664000,PASS,4963,6002,10,20,2,16
XMSSMT-SHA2_20/2_256,PUB_R1,1344,1344,1345,18338704,2663000,PASS,4963,6002,10,20,2,16
XMSSMT-SHA2_20/2_256,PUB_R1,1345,1345,1346,15873482,2693296,PASS,4963,6002,10,20,2,16
XMSSMT-SHA2_20/2_256,PUB_R1,1346,1346,1347,18183056,2827648,PASS,4963,6002,10,20,2,16
XMSSMT-SHA2_20/2_256,PUB_R1,1347,1347,1348,15875500,2695296,PASS,4963,6002,10,20,2,16
XMSSMT-SHA2_20/2_256,PUB_R1,1348,1348,1349,18315963,2696778,PASS,4963,6002,10,20,2,16
XMSSMT-SHA2_20/2_256,PUB_R1,1349,1349,1350,15771000,2755648,PASS,4963,6002,10,20,2,16
XMSSMT-SHA2_20/2_256,PUB_R1,1350,1350,1351,18464629,2524482,PASS,4963,6002,10,20,2,16
XMSSMT-SHA2_20/2_256,PUB_R1,1351,1351,1352,15860463,2694352,PASS,4963,6002,10,20,2,16
XMSSMT-SHA2_20/2_256,PUB_R1,1352,1352,1353,18306222,2696000,PASS,4963,6002,10,20,2,16
XMSSMT-SHA2_20/2_256,PUB_R1,1353,1353,1354,15988426,2600111,PASS,4963,6002,10,20,2,16
XMSSMT-SHA2_20/2_256,PUB_R1,1354,1354,1355,18406556,2641074,PASS,4963,6002,10,20,2,16
XMSSMT-SHA2_20/2_256,PUB_R1,1355,1355,1356,15942056,2631018,PASS,4963,6002,10,20,2,16
XMSSMT-SHA2_20/2_256,PUB_R1,1356,1356,1357,18273463,2768815,PASS,4963,6002,10,20,2,16
XMSSMT-SHA2_20/2_256,PUB_R1,1357,1357,1358,15901963,2661444,PASS,4963,6002,10,20,2,16
XMSSMT-SHA2_20/2_256,PUB_R1,1358,1358,1359,18369537,2660222,PASS,4963,6002,10,20,2,16
XMSSMT-SHA2_20/2_256,PUB_R1,1359,1359,1360,15881500,2703815,PASS,4963,6002,10,20,2,16
XMSSMT-SHA2_20/2_256,PUB_R1,1360,1360,1361,18352556,2659611,PASS,4963,6002,10,20,2,16
XMSSMT-SHA2_20/2_256,PUB_R1,1361,1361,1362,15849981,2695148,PASS,4963,6002,10,20,2,16
XMSSMT-SHA2_20/2_256,PUB_R1,1362,1362,1363,18464519,2527407,PASS,4963,6002,10,20,2,16
XMSSMT-SHA2_20/2_256,PUB_R1,1363,1363,1364,15919334,2633481,PASS,4963,6002,10,20,2,16
XMSSMT-SHA2_20/2_256,PUB_R1,1364,1364,1365,18162445,2863907,PASS,4963,6002,10,20,2,16
XMSSMT-SHA2_20/2_256,PUB_R1,1365,1365,1366,15773574,2801056,PASS,4963,6002,10,20,2,16
XMSSMT-SHA2_20/2_256,PUB_R1,1366,1366,1367,18400019,2632519,PASS,4963,6002,10,20,2,16
XMSSMT-SHA2_20/2_256,PUB_R1,1367,1367,1368,15873074,2696481,PASS,4963,6002,10,20,2,16
XMSSMT-SHA2_20/2_256,PUB_R1,1368,1368,1369,18388407,2597370,PASS,4963,6002,10,20,2,16
XMSSMT-SHA2_20/2_256,PUB_R1,1369,1369,1370,15832666,2765593,PASS,4963,6002,10,20,2,16
XMSSMT-SHA2_20/2_256,PUB_R1,1370,1370,1371,18440055,2610148,PASS,4963,6002,10,20,2,16
XMSSMT-SHA2_20/2_256,PUB_R1,1371,1371,1372,15924074,2630593,PASS,4963,6002,10,20,2,16
XMSSMT-SHA2_20/2_256,PUB_R1,1372,1372,1373,18460204,2566778,PASS,4963,6002,10,20,2,16
XMSSMT-SHA2_20/2_256,PUB_R1,1373,1373,1374,15989722,2599852,PASS,4963,6002,10,20,2,16
XMSSMT-SHA2_20/2_256,PUB_R1,1374,1374,1375,18379222,2666611,PASS,4963,6002,10,20,2,16
XMSSMT-SHA2_20/2_256,PUB_R1,1375,1375,1376,15972092,2597871,PASS,4963,6002,10,20,2,16
XMSSMT-SHA2_20/2_256,PUB_R1,1376,1376,1377,18489685,2530315,PASS,4963,6002,10,20,2,16
XMSSMT-SHA2_20/2_256,PUB_R1,1377,1377,1378,15940574,2628593,PASS,4963,6002,10,20,2,16
XMSSMT-SHA2_20/2_256,PUB_R1,1378,1378,1379,18348074,2655963,PASS,4963,6002,10,20,2,16
XMSSMT-SHA2_20/2_256,PUB_R1,1379,1379,1380,15949722,2616741,PASS,4963,6002,10,20,2,16
XMSSMT-SHA2_20/2_256,PUB_R1,1380,1380,1381,18243463,2759963,PASS,4963,6002,10,20,2,16
XMSSMT-SHA2_20/2_256,PUB_R1,1381,1381,1382,16035519,2545852,PASS,4963,6002,10,20,2,16
XMSSMT-SHA2_20/2_256,PUB_R1,1382,1382,1383,18252260,2756686,PASS,4963,6002,10,20,2,16
XMSSMT-SHA2_20/2_256,PUB_R1,1383,1383,1384,15938926,2667741,PASS,4963,6002,10,20,2,16
XMSSMT-SHA2_20/2_256,PUB_R1,1384,1384,1385,18354296,2631592,PASS,4963,6002,10,20,2,16
XMSSMT-SHA2_20/2_256,PUB_R1,1385,1385,1386,15988667,2597833,PASS,4963,6002,10,20,2,16
XMSSMT-SHA2_20/2_256,PUB_R1,1386,1386,1387,18513723,2546463,PASS,4963,6002,10,20,2,16
XMSSMT-SHA2_20/2_256,PUB_R1,1387,1387,1388,10973166,2667000,PASS,4963,6002,10,20,2,16
XMSSMT-SHA2_20/2_256,PUB_R1,1388,1388,1389,6091352,2621223,PASS,4963,6002,10,20,2,16
XMSSMT-SHA2_20/2_256,PUB_R1,1389,1389,1390,5911537,2804482,PASS,4963,6002,10,20,2,16
XMSSMT-SHA2_20/2_256,PUB_R1,1390,1390,1391,6058315,2658796,PASS,4963,6002,10,20,2,16
XMSSMT-SHA2_20/2_256,PUB_R1,1391,1391,1392,16000834,2561334,PASS,4963,6002,10,20,2,16
XMSSMT-SHA2_20/2_256,PUB_R1,1392,1392,1393,18427685,2599482,PASS,4963,6002,10,20,2,16
XMSSMT-SHA2_20/2_256,PUB_R1,1393,1393,1394,15983685,2604500,PASS,4963,6002,10,20,2,16
XMSSMT-SHA2_20/2_256,PUB_R1,1394,1394,1395,8609278,2554260,PASS,4963,6002,10,20,2,16
XMSSMT-SHA2_20/2_256,PUB_R1,1395,1395,1396,11056426,2593611,PASS,4963,6002,10,20,2,16
XMSSMT-SHA2_20/2_256,PUB_R1,1396,1396,1397,6117389,2595019,PASS,4963,6002,10,20,2,16
XMSSMT-SHA2_20/2_256,PUB_R1,1397,1397,1398,5946908,2758315,PASS,4963,6002,10,20,2,16
XMSSMT-SHA2_20/2_256,PUB_R1,1398,1398,1399,5888981,2824018,PASS,4963,6002,10,20,2,16
XMSSMT-SHA2_20/2_256,PUB_R1,1399,1399,1400,15865278,2658130,PASS,4963,6002,10,20,2,16
XMSSMT-SHA2_20/2_256,PUB_R1,1400,1400,1401,10965797,2660240,PASS,4963,6002,10,20,2,16
XMSSMT-SHA2_20/2_256,PUB_R1,1401,1401,1402,6260629,2466648,PASS,4963,6002,10,20,2,16
XMSSMT-SHA2_20/2_256,PUB_R1,1402,1402,1403,6211519,2499426,PASS,4963,6002,10,20,2,16
XMSSMT-SHA2_20/2_256,PUB_R1,1403,1403,1404,10970389,2658352,PASS,4963,6002,10,20,2,16
XMSSMT-SHA2_20/2_256,PUB_R1,1404,1404,1405,6180741,2528296,PASS,4963,6002,10,20,2,16
XMSSMT-SHA2_20/2_256,PUB_R1,1405,1405,1406,6082037,2628019,PASS,4963,6002,10,20,2,16
XMSSMT-SHA2_20/2_256,PUB_R1,1406,1406,1407,6219926,2498352,PASS,4963,6002,10,20,2,16
XMSSMT-SHA2_20/2_256,PUB_R1,1407,1407,1408,15875963,2688611,PASS,4963,6002,10,20,2,16
XMSSMT-SHA2_20/2_256,PUB_R1,1408,1408,1409,18434204,2526444,PASS,4963,6002,10,20,2,16
XMSSMT-SHA2_20/2_256,PUB_R1,1409,1409,1410,15710296,2818555,PASS,4963,6002,10,20,2,16
XMSSMT-SHA2_20/2_256,PUB_R1,1410,1410,1411,18342371,2657518,PASS,4963,6002,10,20,2,16
XMSSMT-SHA2_20/2_256,PUB_R1,1411,1411,1412,15935833,2643352,PASS,4963,6002,10,20,2,16
XMSSMT-SHA2_20/2_256,PUB_R1,1412,1412,1413,18312796,2694500,PASS,4963,6002,10,20,2,16
XMSSMT-SHA2_20/2_256,PUB_R1,1413,1413,1414,16024611,2530556,PASS,4963,6002,10,20,2,16
XMSSMT-SHA2_20/2_256,PUB_R1,1414,1414,1415,18171185,2858575,PASS,4963,6002,10,20,2,16
XMSSMT-SHA2_20/2_256,PUB_R1,1415,1415,1416,15945482,2650796,PASS,4963,6002,10,20,2,16
XMSSMT-SHA2_20/2_256,PUB_R1,1416,1416,1417,18386352,2646592,PASS,4963,6002,10,20,2,16
XMSSMT-SHA2_20/2_256,PUB_R1,1417,1417,1418,15723426,2820667,PASS,4963,6002,10,20,2,16
XMSSMT-SHA2_20/2_256,PUB_R1,1418,1418,1419,18154796,2857371,PASS,4963,6002,10,20,2,16
XMSSMT-SHA2_20/2_256,PUB_R1,1419,1419,1420,15902574,2660259,PASS,4963,6002,10,20,2,16
XMSSMT-SHA2_20/2_256,PUB_R1,1420,1420,1421,18347944,2675518,PASS,4963,6002,10,20,2,16
XMSSMT-SHA2_20/2_256,PUB_R1,1421,1421,1422,15768759,2810926,PASS,4963,6002,10,20,2,16
XMSSMT-SHA2_20/2_256,PUB_R1,1422,1422,1423,18593129,2433797,PASS,4963,6002,10,20,2,16
XMSSMT-SHA2_20/2_256,PUB_R1,1423,1423,1424,16005908,2567611,PASS,4963,6002,10,20,2,16
XMSSMT-SHA2_20/2_256,PUB_R1,1424,1424,1425,18223796,2792222,PASS,4963,6002,10,20,2,16
XMSSMT-SHA2_20/2_256,PUB_R1,1425,1425,1426,15961740,2633037,PASS,4963,6002,10,20,2,16
XMSSMT-SHA2_20/2_256,PUB_R1,1426,1426,1427,18546148,2503259,PASS,4963,6002,10,20,2,16
XMSSMT-SHA2_20/2_256,PUB_R1,1427,1427,1428,15912704,2662908,PASS,4963,6002,10,20,2,16
XMSSMT-SHA2_20/2_256,PUB_R1,1428,1428,1429,18238723,2761407,PASS,4963,6002,10,20,2,16
XMSSMT-SHA2_20/2_256,PUB_R1,1429,1429,1430,15792852,2760315,PASS,4963,6002,10,20,2,16
XMSSMT-SHA2_20/2_256,PUB_R1,1430,1430,1431,18463870,2566907,PASS,4963,6002,10,20,2,16
XMSSMT-SHA2_20/2_256,PUB_R1,1431,1431,1432,16128351,2472129,PASS,4963,6002,10,20,2,16
XMSSMT-SHA2_20/2_256,PUB_R1,1432,1432,1433,18364519,2666851,PASS,4963,6002,10,20,2,16
XMSSMT-SHA2_20/2_256,PUB_R1,1433,1433,1434,16040148,2532222,PASS,4963,6002,10,20,2,16
XMSSMT-SHA2_20/2_256,PUB_R1,1434,1434,1435,18447519,2595093,PASS,4963,6002,10,20,2,16
XMSSMT-SHA2_20/2_256,PUB_R1,1435,1435,1436,16070370,2500408,PASS,4963,6002,10,20,2,16
XMSSMT-SHA2_20/2_256,PUB_R1,1436,1436,1437,18430685,2566537,PASS,4963,6002,10,20,2,16
XMSSMT-SHA2_20/2_256,PUB_R1,1437,1437,1438,15983963,2603481,PASS,4963,6002,10,20,2,16
XMSSMT-SHA2_20/2_256,PUB_R1,1438,1438,1439,18367796,2662166,PASS,4963,6002,10,20,2,16
XMSSMT-SHA2_20/2_256,PUB_R1,1439,1439,1440,16052277,2562648,PASS,4963,6002,10,20,2,16
XMSSMT-SHA2_20/2_256,PUB_R1,1440,1440,1441,18209667,2759759,PASS,4963,6002,10,20,2,16
XMSSMT-SHA2_20/2_256,PUB_R1,1441,1441,1442,15882426,2669352,PASS,4963,6002,10,20,2,16
XMSSMT-SHA2_20/2_256,PUB_R1,1442,1442,1443,18530797,2501555,PASS,4963,6002,10,20,2,16
XMSSMT-SHA2_20/2_256,PUB_R1,1443,1443,1444,15847167,2698741,PASS,4963,6002,10,20,2,16
XMSSMT-SHA2_20/2_256,PUB_R1,1444,1444,1445,18379037,2628000,PASS,4963,6002,10,20,2,16
XMSSMT-SHA2_20/2_256,PUB_R1,1445,1445,1446,15785962,2755574,PASS,4963,6002,10,20,2,16
XMSSMT-SHA2_20/2_256,PUB_R1,1446,1446,1447,18373037,2641889,PASS,4963,6002,10,20,2,16
XMSSMT-SHA2_20/2_256,PUB_R1,1447,1447,1448,15788722,2797815,PASS,4963,6002,10,20,2,16
XMSSMT-SHA2_20/2_256,PUB_R1,1448,1448,1449,18347000,2664556,PASS,4963,6002,10,20,2,16
XMSSMT-SHA2_20/2_256,PUB_R1,1449,1449,1450,16033722,2531667,PASS,4963,6002,10,20,2,16
XMSSMT-SHA2_20/2_256,PUB_R1,1450,1450,1451,18126241,2929444,PASS,4963,6002,10,20,2,16
XMSSMT-SHA2_20/2_256,PUB_R1,1451,1451,1452,10994148,2662648,PASS,4963,6002,10,20,2,16
XMSSMT-SHA2_20/2_256,PUB_R1,1452,1452,1453,5955222,2760556,PASS,4963,6002,10,20,2,16
XMSSMT-SHA2_20/2_256,PUB_R1,1453,1453,1454,6223482,2494926,PASS,4963,6002,10,20,2,16
XMSSMT-SHA2_20/2_256,PUB_R1,1454,1454,1455,6121166,2594834,PASS,4963,6002,10,20,2,16
XMSSMT-SHA2_20/2_256,PUB_R1,1455,1455,1456,15798833,2756815,PASS,4963,6002,10,20,2,16
XMSSMT-SHA2_20/2_256,PUB_R1,1456,1456,1457,18193611,2825370,PASS,4963,6002,10,20,2,16
XMSSMT-SHA2_20/2_256,PUB_R1,1457,1457,1458,15787870,2760000,PASS,4963,6002,10,20,2,16
XMSSMT-SHA2_20/2_256,PUB_R1,1458,1458,1459,8639037,2525315,PASS,4963,6002,10,20,2,16
XMSSMT-SHA2_20/2_256,PUB_R1,1459,1459,1460,11035686,2594871,PASS,4963,6002,10,20,2,16
XMSSMT-SHA2_20/2_256,PUB_R1,1460,1460,1461,6185240,2527908,PASS,4963,6002,10,20,2,16
XMSSMT-SHA2_20/2_256,PUB_R1,1461,1461,1462,6099630,2628259,PASS,4963,6002,10,20,2,16
XMSSMT-SHA2_20/2_256,PUB_R1,1462,1462,1463,6202574,2487722,PASS,4963,6002,10,20,2,16
XMSSMT-SHA2_20/2_256,PUB_R1,1463,1463,1464,15860426,2692537,PASS,4963,6002,10,20,2,16
XMSSMT-SHA2_20/2_256,PUB_R1,1464,1464,1465,11144889,2494944,PASS,4963,6002,10,20,2,16
XMSSMT-SHA2_20/2_256,PUB_R1,1465,1465,1466,6110148,2598537,PASS,4963,6002,10,20,2,16
XMSSMT-SHA2_20/2_256,PUB_R1,1466,1466,1467,6030278,2656870,PASS,4963,6002,10,20,2,16
XMSSMT-SHA2_20/2_256,PUB_R1,1467,1467,1468,11093648,2570389,PASS,4963,6002,10,20,2,16
XMSSMT-SHA2_20/2_256,PUB_R1,1468,1468,1469,6066611,2631704,PASS,4963,6002,10,20,2,16
XMSSMT-SHA2_20/2_256,PUB_R1,1469,1469,1470,5950056,2794296,PASS,4963,6002,10,20,2,16
XMSSMT-SHA2_20/2_256,PUB_R1,1470,1470,1471,6025074,2699296,PASS,4963,6002,10,20,2,16
XMSSMT-SHA2_20/2_256,PUB_R1,1471,1471,1472,15936130,2627612,PASS,4963,6002,10,20,2,16
XMSSMT-SHA2_20/2_256,PUB_R1,1472,1472,1473,18498093,2535519,PASS,4963,6002,10,20,2,16
XMSSMT-SHA2_20/2_256,PUB_R1,1473,1473,1474,15822926,2767037,PASS,4963,6002,10,20,2,16
XMSSMT-SHA2_20/2_256,PUB_R1,1474,1474,1475,18333407,2699612,PASS,4963,6002,10,20,2,16
XMSSMT-SHA2_20/2_256,PUB_R1,1475,1475,1476,15786519,2769407,PASS,4963,6002,10,20,2,16
XMSSMT-SHA2_20/2_256,PUB_R1,1476,1476,1477,18398555,2635111,PASS,4963,6002,10,20,2,16
XMSSMT-SHA2_20/2_256,PUB_R1,1477,1477,1478,15948630,2627037,PASS,4963,6002,10,20,2,16
XMSSMT-SHA2_20/2_256,PUB_R1,1478,1478,1479,18533352,2499963,PASS,4963,6002,10,20,2,16
XMSSMT-SHA2_20/2_256,PUB_R1,1479,1479,1480,15997334,2561352,PASS,4963,6002,10,20,2,16
XMSSMT-SHA2_20/2_256,PUB_R1,1480,1480,1481,18247833,2773555,PASS,4963,6002,10,20,2,16
XMSSMT-SHA2_20/2_256,PUB_R1,1481,1481,1482,15979723,2601926,PASS,4963,6002,10,20,2,16
XMSSMT-SHA2_20/2_256,PUB_R1,1482,1482,1483,18346352,2699760,PASS,4963,6002,10,20,2,16
XMSSMT-SHA2_20/2_256,PUB_R1,1483,1483,1484,15914000,2659371,PASS,4963,6002,10,20,2,16
XMSSMT-SHA2_20/2_256,PUB_R1,1484,1484,1485,18346519,2662463,PASS,4963,6002,10,20,2,16
XMSSMT-SHA2_20/2_256,PUB_R1,1485,1485,1486,15916686,2661926,PASS,4963,6002,10,20,2,16
XMSSMT-SHA2_20/2_256,PUB_R1,1486,1486,1487,18477240,2564833,PASS,4963,6002,10,20,2,16
XMSSMT-SHA2_20/2_256,PUB_R1,1487,1487,1488,15759703,2799870,PASS,4963,6002,10,20,2,16
XMSSMT-SHA2_20/2_256,PUB_R1,1488,1488,1489,18391981,2630463,PASS,4963,6002,10,20,2,16
XMSSMT-SHA2_20/2_256,PUB_R1,1489,1489,1490,15896482,2665111,PASS,4963,6002,10,20,2,16
XMSSMT-SHA2_20/2_256,PUB_R1,1490,1490,1491,8589907,2597926,PASS,4963,6002,10,20,2,16
XMSSMT-SHA2_20/2_256,PUB_R1,1491,1491,1492,10959593,2662593,PASS,4963,6002,10,20,2,16
XMSSMT-SHA2_20/2_256,PUB_R1,1492,1492,1493,6056370,2660370,PASS,4963,6002,10,20,2,16
XMSSMT-SHA2_20/2_256,PUB_R1,1493,1493,1494,6167075,2566093,PASS,4963,6002,10,20,2,16
XMSSMT-SHA2_20/2_256,PUB_R1,1494,1494,1495,6027278,2691463,PASS,4963,6002,10,20,2,16
XMSSMT-SHA2_20/2_256,PUB_R1,1495,1495,1496,16018334,2527722,PASS,4963,6002,10,20,2,16
XMSSMT-SHA2_20/2_256,PUB_R1,1496,1496,1497,10997797,2627500,PASS,4963,6002,10,20,2,16
XMSSMT-SHA2_20/2_256,PUB_R1,1497,1497,1498,6067556,2674222,PASS,4963,6002,10,20,2,16
XMSSMT-SHA2_20/2_256,PUB_R1,1498,1498,1499,6111945,2589000,PASS,4963,6002,10,20,2,16
XMSSMT-SHA2_20/2_256,PUB_R1,1499,1499,1500,11104574,2527667,PASS,4963,6002,10,20,2,16
XMSSMT-SHA2_20/2_256,PUB_R1,1500,1500,1501,5950130,2770277,PASS,4963,6002,10,20,2,16
XMSSMT-SHA2_20/2_256,PUB_R1,1501,1501,1502,6072278,2658370,PASS,4963,6002,10,20,2,16
XMSSMT-SHA2_20/2_256,PUB_R1,1502,1502,1503,6098611,2603963,PASS,4963,6002,10,20,2,16
XMSSMT-SHA2_20/2_256,PUB_R1,1503,1503,1504,15773463,2803260,PASS,4963,6002,10,20,2,16
XMSSMT-SHA2_20/2_256,PUB_R1,1504,1504,1505,18340278,2662426,PASS,4963,6002,10,20,2,16
XMSSMT-SHA2_20/2_256,PUB_R1,1505,1505,1506,15925426,2662704,PASS,4963,6002,10,20,2,16
XMSSMT-SHA2_20/2_256,PUB_R1,1506,1506,1507,18436796,2631167,PASS,4963,6002,10,20,2,16
XMSSMT-SHA2_20/2_256,PUB_R1,1507,1507,1508,15959796,2603518,PASS,4963,6002,10,20,2,16
XMSSMT-SHA2_20/2_256,PUB_R1,1508,1508,1509,18281759,2780834,PASS,4963,6002,10,20,2,16
XMSSMT-SHA2_20/2_256,PUB_R1,1509,1509,1510,15873334,2695352,PASS,4963,6002,10,20,2,16
XMSSMT-SHA2_20/2_256,PUB_R1,1510,1510,1511,8629518,2564649,PASS,4963,6002,10,20,2,16
XMSSMT-SHA2_20/2_256,PUB_R1,1511,1511,1512,15901833,2715667,PASS,4963,6002,10,20,2,16
XMSSMT-SHA2_20/2_256,PUB_R1,1512,1512,1513,11040630,2594129,PASS,4963,6002,10,20,2,16
XMSSMT-SHA2_20/2_256,PUB_R1,1513,1513,1514,5979148,2757704,PASS,4963,6002,10,20,2,16
XMSSMT-SHA2_20/2_256,PUB_R1,1514,1514,1515,6084426,2635796,PASS,4963,6002,10,20,2,16
XMSSMT-SHA2_20/2_256,PUB_R1,1515,1515,1516,10968889,2653093,PASS,4963,6002,10,20,2,16
XMSSMT-SHA2_20/2_256,PUB_R1,1516,1516,1517,6125167,2595593,PASS,4963,6002,10,20,2,16
XMSSMT-SHA2_20/2_256,PUB_R1,1517,1517,1518,6129093,2594370,PASS,4963,6002,10,20,2,16
XMSSMT-SHA2_20/2_256,PUB_R1,1518,1518,1519,6092574,2626444,PASS,4963,6002,10,20,2,16
XMSSMT-SHA2_20/2_256,PUB_R1,1519,1519,1520,16044629,2528130,PASS,4963,6002,10,20,2,16
XMSSMT-SHA2_20/2_256,PUB_R1,1520,1520,1521,18310167,2657167,PASS,4963,6002,10,20,2,16
XMSSMT-SHA2_20/2_256,PUB_R1,1521,1521,1522,15872037,2691907,PASS,4963,6002,10,20,2,16
XMSSMT-SHA2_20/2_256,PUB_R1,1522,1522,1523,8474574,2693574,PASS,4963,6002,10,20,2,16
XMSSMT-SHA2_20/2_256,PUB_R1,1523,1523,1524,11145759,2497389,PASS,4963,6002,10,20,2,16
XMSSMT-SHA2_20/2_256,PUB_R1,1524,1524,1525,6135259,2556945,PASS,4963,6002,10,20,2,16
XMSSMT-SHA2_20/2_256,PUB_R1,1525,1525,1526,5912815,2785908,PASS,4963,6002,10,20,2,16
XMSSMT-SHA2_20/2_256,PUB_R1,1526,1526,1527,5940018,2755111,PASS,4963,6002,10,20,2,16
XMSSMT-SHA2_20/2_256,PUB_R1,1527,1527,1528,15892148,2662945,PASS,4963,6002,10,20,2,16
XMSSMT-SHA2_20/2_256,PUB_R1,1528,1528,1529,10842352,2792259,PASS,4963,6002,10,20,2,16
XMSSMT-SHA2_20/2_256,PUB_R1,1529,1529,1530,6059241,2655908,PASS,4963,6002,10,20,2,16
XMSSMT-SHA2_20/2_256,PUB_R1,1530,1530,1531,6104908,2593500,PASS,4963,6002,10,20,2,16
XMSSMT-SHA2_20/2_256,PUB_R1,1531,1531,1532,10927908,2692797,PASS,4963,6002,10,20,2,16
XMSSMT-SHA2_20/2_256,PUB_R1,1532,1532,1533,6052519,2664500,PASS,4963,6002,10,20,2,16
XMSSMT-SHA2_20/2_256,PUB_R1,1533,1533,1534,6023981,2693593,PASS,4963,6002,10,20,2,16
XMSSMT-SHA2_20/2_256,PUB_R1,1534,1534,1535,6073740,2620667,PASS,4963,6002,10,20,2,16
XMSSMT-SHA2_20/2_256,PUB_R1,1535,1535,1536,15954889,2631555,PASS,4963,6002,10,20,2,16
XMSSMT-SHA2_20/2_256,PUB_R1,1536,1536,1537,18441907,2567593,PASS,4963,6002,10,20,2,16
XMSSMT-SHA2_20/2_256,PUB_R1,1537,1537,1538,15943537,2589370,PASS,4963,6002,10,20,2,16
XMSSMT-SHA2_20/2_256,PUB_R1,1538,1538,1539,18146500,2856815,PASS,4963,6002,10,20,2,16
XMSSMT-SHA2_20/2_256,PUB_R1,1539,1539,1540,16065019,2512870,PASS,4963,6002,10,20,2,16
XMSSMT-SHA2_20/2_256,PUB_R1,1540,1540,1541,18332167,2712018,PASS,4963,6002,10,20,2,16
XMSSMT-SHA2_20/2_256,PUB_R1,1541,1541,1542,15953222,2600074,PASS,4963,6002,10,20,2,16
XMSSMT-SHA2_20/2_256,PUB_R1,1542,1542,1543,18520667,2500888,PASS,4963,6002,10,20,2,16
XMSSMT-SHA2_20/2_256,PUB_R1,1543,1543,1544,15904981,2664482,PASS,4963,6002,10,20,2,16
XMSSMT-SHA2_20/2_256,PUB_R1,1544,1544,1545,18373426,2637482,PASS,4963,6002,10,20,2,16
XMSSMT-SHA2_20/2_256,PUB_R1,1545,1545,1546,15886852,2698556,PASS,4963,6002,10,20,2,16
XMSSMT-SHA2_20/2_256,PUB_R1,1546,1546,1547,18370704,2668297,PASS,4963,6002,10,20,2,16
XMSSMT-SHA2_20/2_256,PUB_R1,1547,1547,1548,15933704,2624778,PASS,4963,6002,10,20,2,16
XMSSMT-SHA2_20/2_256,PUB_R1,1548,1548,1549,18290223,2691240,PASS,4963,6002,10,20,2,16
XMSSMT-SHA2_20/2_256,PUB_R1,1549,1549,1550,15916296,2623889,PASS,4963,6002,10,20,2,16
XMSSMT-SHA2_20/2_256,PUB_R1,1550,1550,1551,18269630,2759777,PASS,4963,6002,10,20,2,16
XMSSMT-SHA2_20/2_256,PUB_R1,1551,1551,1552,15963296,2592796,PASS,4963,6002,10,20,2,16
XMSSMT-SHA2_20/2_256,PUB_R1,1552,1552,1553,18379703,2630649,PASS,4963,6002,10,20,2,16
XMSSMT-SHA2_20/2_256,PUB_R1,1553,1553,1554,15871907,2697259,PASS,4963,6002,10,20,2,16
XMSSMT-SHA2_20/2_256,PUB_R1,1554,1554,1555,18229537,2794685,PASS,4963,6002,10,20,2,16
XMSSMT-SHA2_20/2_256,PUB_R1,1555,1555,1556,15922981,2680167,PASS,4963,6002,10,20,2,16
XMSSMT-SHA2_20/2_256,PUB_R1,1556,1556,1557,18264296,2765834,PASS,4963,6002,10,20,2,16
XMSSMT-SHA2_20/2_256,PUB_R1,1557,1557,1558,15940704,2632315,PASS,4963,6002,10,20,2,16
XMSSMT-SHA2_20/2_256,PUB_R1,1558,1558,1559,18341445,2658945,PASS,4963,6002,10,20,2,16
XMSSMT-SHA2_20/2_256,PUB_R1,1559,1559,1560,15734630,2823260,PASS,4963,6002,10,20,2,16
XMSSMT-SHA2_20/2_256,PUB_R1,1560,1560,1561,18309556,2705519,PASS,4963,6002,10,20,2,16
XMSSMT-SHA2_20/2_256,PUB_R1,1561,1561,1562,15880982,2669204,PASS,4963,6002,10,20,2,16
XMSSMT-SHA2_20/2_256,PUB_R1,1562,1562,1563,18438500,2596611,PASS,4963,6002,10,20,2,16
XMSSMT-SHA2_20/2_256,PUB_R1,1563,1563,1564,15944223,2590574,PASS,4963,6002,10,20,2,16
XMSSMT-SHA2_20/2_256,PUB_R1,1564,1564,1565,18367778,2630593,PASS,4963,6002,10,20,2,16
XMSSMT-SHA2_20/2_256,PUB_R1,1565,1565,1566,15952018,2632019,PASS,4963,6002,10,20,2,16
XMSSMT-SHA2_20/2_256,PUB_R1,1566,1566,1567,18570408,2584759,PASS,4963,6002,10,20,2,16
XMSSMT-SHA2_20/2_256,PUB_R1,1567,1567,1568,15902926,2778889,PASS,4963,6002,10,20,2,16
XMSSMT-SHA2_20/2_256,PUB_R1,1568,1568,1569,18548389,2620019,PASS,4963,6002,10,20,2,16
XMSSMT-SHA2_20/2_256,PUB_R1,1569,1569,1570,16009889,2678426,PASS,4963,6002,10,20,2,16
XMSSMT-SHA2_20/2_256,PUB_R1,1570,1570,1571,18301704,2895555,PASS,4963,6002,10,20,2,16
XMSSMT-SHA2_20/2_256,PUB_R1,1571,1571,1572,16020296,2681075,PASS,4963,6002,10,20,2,16
XMSSMT-SHA2_20/2_256,PUB_R1,1572,1572,1573,18646870,2517851,PASS,4963,6002,10,20,2,16
XMSSMT-SHA2_20/2_256,PUB_R1,1573,1573,1574,16110463,2578611,PASS,4963,6002,10,20,2,16
XMSSMT-SHA2_20/2_256,PUB_R1,1574,1574,1575,18498704,2688815,PASS,4963,6002,10,20,2,16
XMSSMT-SHA2_20/2_256,PUB_R1,1575,1575,1576,15845278,2847945,PASS,4963,6002,10,20,2,16
XMSSMT-SHA2_20/2_256,PUB_R1,1576,1576,1577,18423889,2710185,PASS,4963,6002,10,20,2,16
XMSSMT-SHA2_20/2_256,PUB_R1,1577,1577,1578,16083297,2573500,PASS,4963,6002,10,20,2,16
XMSSMT-SHA2_20/2_256,PUB_R1,1578,1578,1579,18347796,2809167,PASS,4963,6002,10,20,2,16
XMSSMT-SHA2_20/2_256,PUB_R1,1579,1579,1580,15961833,2715351,PASS,4963,6002,10,20,2,16
XMSSMT-SHA2_20/2_256,PUB_R1,1580,1580,1581,18501685,2644704,PASS,4963,6002,10,20,2,16
XMSSMT-SHA2_20/2_256,PUB_R1,1581,1581,1582,15981963,2678148,PASS,4963,6002,10,20,2,16
XMSSMT-SHA2_20/2_256,PUB_R1,1582,1582,1583,18545537,2611686,PASS,4963,6002,10,20,2,16
XMSSMT-SHA2_20/2_256,PUB_R1,1583,1583,1584,16040037,2609611,PASS,4963,6002,10,20,2,16
XMSSMT-SHA2_20/2_256,PUB_R1,1584,1584,1585,18565334,2578277,PASS,4963,6002,10,20,2,16
XMSSMT-SHA2_20/2_256,PUB_R1,1585,1585,1586,16073352,2579204,PASS,4963,6002,10,20,2,16
XMSSMT-SHA2_20/2_256,PUB_R1,1586,1586,1587,18459630,2626130,PASS,4963,6002,10,20,2,16
XMSSMT-SHA2_20/2_256,PUB_R1,1587,1587,1588,15950592,2644926,PASS,4963,6002,10,20,2,16
XMSSMT-SHA2_20/2_256,PUB_R1,1588,1588,1589,18329667,2658926,PASS,4963,6002,10,20,2,16
XMSSMT-SHA2_20/2_256,PUB_R1,1589,1589,1590,16071907,2507018,PASS,4963,6002,10,20,2,16
XMSSMT-SHA2_20/2_256,PUB_R1,1590,1590,1591,18375704,2665407,PASS,4963,6002,10,20,2,16
XMSSMT-SHA2_20/2_256,PUB_R1,1591,1591,1592,15950630,2630611,PASS,4963,6002,10,20,2,16
XMSSMT-SHA2_20/2_256,PUB_R1,1592,1592,1593,18325851,2697388,PASS,4963,6002,10,20,2,16
XMSSMT-SHA2_20/2_256,PUB_R1,1593,1593,1594,15748704,2829055,PASS,4963,6002,10,20,2,16
XMSSMT-SHA2_20/2_256,PUB_R1,1594,1594,1595,18397223,2633240,PASS,4963,6002,10,20,2,16
XMSSMT-SHA2_20/2_256,PUB_R1,1595,1595,1596,15786389,2796703,PASS,4963,6002,10,20,2,16
XMSSMT-SHA2_20/2_256,PUB_R1,1596,1596,1597,18353167,2668963,PASS,4963,6002,10,20,2,16
XMSSMT-SHA2_20/2_256,PUB_R1,1597,1597,1598,15999537,2603223,PASS,4963,6002,10,20,2,16
XMSSMT-SHA2_20/2_256,PUB_R1,1598,1598,1599,18470704,2565259,PASS,4963,6002,10,20,2,16
XMSSMT-SHA2_20/2_256,PUB_R1,1599,1599,1600,16008519,2597000,PASS,4963,6002,10,20,2,16
XMSSMT-SHA2_20/2_256,PUB_R1,1600,1600,1601,18292630,2690444,PASS,4963,6002,10,20,2,16
XMSSMT-SHA2_20/2_256,PUB_R1,1601,1601,1602,16090592,2502426,PASS,4963,6002,10,20,2,16
XMSSMT-SHA2_20/2_256,PUB_R1,1602,1602,1603,18441407,2605074,PASS,4963,6002,10,20,2,16
XMSSMT-SHA2_20/2_256,PUB_R1,1603,1603,1604,15963130,2592500,PASS,4963,6002,10,20,2,16
XMSSMT-SHA2_20/2_256,PUB_R1,1604,1604,1605,18343648,2696944,PASS,4963,6002,10,20,2,16
XMSSMT-SHA2_20/2_256,PUB_R1,1605,1605,1606,16047167,2530796,PASS,4963,6002,10,20,2,16
XMSSMT-SHA2_20/2_256,PUB_R1,1606,1606,1607,18332167,2698778,PASS,4963,6002,10,20,2,16
XMSSMT-SHA2_20/2_256,PUB_R1,1607,1607,1608,16063463,2541352,PASS,4963,6002,10,20,2,16
XMSSMT-SHA2_20/2_256,PUB_R1,1608,1608,1609,18248315,2755703,PASS,4963,6002,10,20,2,16
XMSSMT-SHA2_20/2_256,PUB_R1,1609,1609,1610,15960649,2636241,PASS,4963,6002,10,20,2,16
XMSSMT-SHA2_20/2_256,PUB_R1,1610,1610,1611,18393204,2661759,PASS,4963,6002,10,20,2,16
XMSSMT-SHA2_20/2_256,PUB_R1,1611,1611,1612,15988241,2601426,PASS,4963,6002,10,20,2,16
XMSSMT-SHA2_20/2_256,PUB_R1,1612,1612,1613,18442574,2604296,PASS,4963,6002,10,20,2,16
XMSSMT-SHA2_20/2_256,PUB_R1,1613,1613,1614,16023074,2575203,PASS,4963,6002,10,20,2,16
XMSSMT-SHA2_20/2_256,PUB_R1,1614,1614,1615,18528408,2567371,PASS,4963,6002,10,20,2,16
XMSSMT-SHA2_20/2_256,PUB_R1,1615,1615,1616,15975741,2594130,PASS,4963,6002,10,20,2,16
XMSSMT-SHA2_20/2_256,PUB_R1,1616,1616,1617,18432222,2596556,PASS,4963,6002,10,20,2,16
XMSSMT-SHA2_20/2_256,PUB_R1,1617,1617,1618,15873630,2701148,PASS,4963,6002,10,20,2,16
XMSSMT-SHA2_20/2_256,PUB_R1,1618,1618,1619,18373556,2668852,PASS,4963,6002,10,20,2,16
XMSSMT-SHA2_20/2_256,PUB_R1,1619,1619,1620,15978703,2596519,PASS,4963,6002,10,20,2,16
XMSSMT-SHA2_20/2_256,PUB_R1,1620,1620,1621,18328926,2692963,PASS,4963,6002,10,20,2,16
XMSSMT-SHA2_20/2_256,PUB_R1,1621,1621,1622,15802371,2758240,PASS,4963,6002,10,20,2,16
XMSSMT-SHA2_20/2_256,PUB_R1,1622,1622,1623,18436703,2594722,PASS,4963,6002,10,20,2,16
XMSSMT-SHA2_20/2_256,PUB_R1,1623,1623,1624,15944629,2710537,PASS,4963,6002,10,20,2,16
XMSSMT-SHA2_20/2_256,PUB_R1,1624,1624,1625,18663722,2481408,PASS,4963,6002,10,20,2,16
XMSSMT-SHA2_20/2_256,PUB_R1,1625,1625,1626,16027740,2690963,PASS,4963,6002,10,20,2,16
XMSSMT-SHA2_20/2_256,PUB_R1,1626,1626,1627,18585111,2694759,PASS,4963,6002,10,20,2,16
XMSSMT-SHA2_20/2_256,PUB_R1,1627,1627,1628,16027000,2714092,PASS,4963,6002,10,20,2,16
XMSSMT-SHA2_20/2_256,PUB_R1,1628,1628,1629,18649445,2551500,PASS,4963,6002,10,20,2,16
XMSSMT-SHA2_20/2_256,PUB_R1,1629,1629,1630,16075796,2647796,PASS,4963,6002,10,20,2,16
XMSSMT-SHA2_20/2_256,PUB_R1,1630,1630,1631,18563185,2653019,PASS,4963,6002,10,20,2,16
XMSSMT-SHA2_20/2_256,PUB_R1,1631,1631,1632,16221537,2516815,PASS,4963,6002,10,20,2,16
XMSSMT-SHA2_20/2_256,PUB_R1,1632,1632,1633,18522185,2689538,PASS,4963,6002,10,20,2,16
XMSSMT-SHA2_20/2_256,PUB_R1,1633,1633,1634,15916556,2813741,PASS,4963,6002,10,20,2,16
XMSSMT-SHA2_20/2_256,PUB_R1,1634,1634,1635,18497389,2679130,PASS,4963,6002,10,20,2,16
XMSSMT-SHA2_20/2_256,PUB_R1,1635,1635,1636,16010055,2642518,PASS,4963,6002,10,20,2,16
XMSSMT-SHA2_20/2_256,PUB_R1,1636,1636,1637,18428796,2714704,PASS,4963,6002,10,20,2,16
XMSSMT-SHA2_20/2_256,PUB_R1,1637,1637,1638,16020797,2710352,PASS,4963,6002,10,20,2,16
XMSSMT-SHA2_20/2_256,PUB_R1,1638,1638,1639,18571241,2582500,PASS,4963,6002,10,20,2,16
XMSSMT-SHA2_20/2_256,PUB_R1,1639,1639,1640,16124556,2584759,PASS,4963,6002,10,20,2,16
XMSSMT-SHA2_20/2_256,PUB_R1,1640,1640,1641,18418889,2709963,PASS,4963,6002,10,20,2,16
XMSSMT-SHA2_20/2_256,PUB_R1,1641,1641,1642,15919370,2783629,PASS,4963,6002,10,20,2,16
XMSSMT-SHA2_20/2_256,PUB_R1,1642,1642,1643,18549907,2618796,PASS,4963,6002,10,20,2,16
XMSSMT-SHA2_20/2_256,PUB_R1,1643,1643,1644,10930352,2812278,PASS,4963,6002,10,20,2,16
XMSSMT-SHA2_20/2_256,PUB_R1,1644,1644,1645,5990685,2782982,PASS,4963,6002,10,20,2,16
XMSSMT-SHA2_20/2_256,PUB_R1,1645,1645,1646,6234370,2544334,PASS,4963,6002,10,20,2,16
XMSSMT-SHA2_20/2_256,PUB_R1,1646,1646,1647,6064111,2705185,PASS,4963,6002,10,20,2,16
XMSSMT-SHA2_20/2_256,PUB_R1,1647,1647,1648,16087389,2617204,PASS,4963,6002,10,20,2,16
XMSSMT-SHA2_20/2_256,PUB_R1,1648,1648,1649,18457056,2673908,PASS,4963,6002,10,20,2,16
XMSSMT-SHA2_20/2_256,PUB_R1,1649,1649,1650,15987186,2719222,PASS,4963,6002,10,20,2,16
XMSSMT-SHA2_20/2_256,PUB_R1,1650,1650,1651,8499315,2781629,PASS,4963,6002,10,20,2,16
XMSSMT-SHA2_20/2_256,PUB_R1,1651,1651,1652,11147130,2574833,PASS,4963,6002,10,20,2,16
XMSSMT-SHA2_20/2_256,PUB_R1,1652,1652,1653,6053074,2707926,PASS,4963,6002,10,20,2,16
XMSSMT-SHA2_20/2_256,PUB_R1,1653,1653,1654,6185167,2614630,PASS,4963,6002,10,20,2,16
XMSSMT-SHA2_20/2_256,PUB_R1,1654,1654,1655,6187686,2585129,PASS,4963,6002,10,20,2,16
XMSSMT-SHA2_20/2_256,PUB_R1,1655,1655,1656,16012759,2655815,PASS,4963,6002,10,20,2,16
XMSSMT-SHA2_20/2_256,PUB_R1,1656,1656,1657,11016556,2713463,PASS,4963,6002,10,20,2,16
XMSSMT-SHA2_20/2_256,PUB_R1,1657,1657,1658,6091629,2711574,PASS,4963,6002,10,20,2,16
XMSSMT-SHA2_20/2_256,PUB_R1,1658,1658,1659,6192056,2580240,PASS,4963,6002,10,20,2,16
XMSSMT-SHA2_20/2_256,PUB_R1,1659,1659,1660,11136130,2612741,PASS,4963,6002,10,20,2,16
XMSSMT-SHA2_20/2_256,PUB_R1,1660,1660,1661,6129945,2650963,PASS,4963,6002,10,20,2,16
XMSSMT-SHA2_20/2_256,PUB_R1,1661,1661,1662,6071740,2710241,PASS,4963,6002,10,20,2,16
XMSSMT-SHA2_20/2_256,PUB_R1,1662,1662,1663,6112315,2678444,PASS,4963,6002,10,20,2,16
XMSSMT-SHA2_20/2_256,PUB_R1,1663,1663,1664,16143593,2582463,PASS,4963,6002,10,20,2,16
XMSSMT-SHA2_20/2_256,PUB_R1,1664,1664,1665,18347778,2810648,PASS,4963,6002,10,20,2,16
XMSSMT-SHA2_20/2_256,PUB_R1,1665,1665,1666,16043907,2647074,PASS,4963,6002,10,20,2,16
XMSSMT-SHA2_20/2_256,PUB_R1,1666,1666,1667,18604870,2546166,PASS,4963,6002,10,20,2,16
XMSSMT-SHA2_20/2_256,PUB_R1,1667,1667,1668,15847167,2861037,PASS,4963,6002,10,20,2,16
XMSSMT-SHA2_20/2_256,PUB_R1,1668,1668,1669,18450778,2708852,PASS,4963,6002,10,20,2,16
XMSSMT-SHA2_20/2_256,PUB_R1,1669,1669,1670,15973056,2713649,PASS,4963,6002,10,20,2,16
XMSSMT-SHA2_20/2_256,PUB_R1,1670,1670,1671,18533111,2611759,PASS,4963,6002,10,20,2,16
XMSSMT-SHA2_20/2_256,PUB_R1,1671,1671,1672,16049204,2658074,PASS,4963,6002,10,20,2,16
XMSSMT-SHA2_20/2_256,PUB_R1,1672,1672,1673,18521407,2643000,PASS,4963,6002,10,20,2,16
XMSSMT-SHA2_20/2_256,PUB_R1,1673,1673,1674,16003889,2692537,PASS,4963,6002,10,20,2,16
XMSSMT-SHA2_20/2_256,PUB_R1,1674,1674,1675,18444926,2707667,PASS,4963,6002,10,20,2,16
XMSSMT-SHA2_20/2_256,PUB_R1,1675,1675,1676,15996334,2678630,PASS,4963,6002,10,20,2,16
XMSSMT-SHA2_20/2_256,PUB_R1,1676,1676,1677,18477907,2712666,PASS,4963,6002,10,20,2,16
XMSSMT-SHA2_20/2_256,PUB_R1,1677,1677,1678,16018111,2678389,PASS,4963,6002,10,20,2,16
XMSSMT-SHA2_20/2_256,PUB_R1,1678,1678,1679,18329926,2659574,PASS,4963,6002,10,20,2,16
XMSSMT-SHA2_20/2_256,PUB_R1,1679,1679,1680,15989944,2599741,PASS,4963,6002,10,20,2,16
XMSSMT-SHA2_20/2_256,PUB_R1,1680,1680,1681,18317481,2697667,PASS,4963,6002,10,20,2,16
XMSSMT-SHA2_20/2_256,PUB_R1,1681,1681,1682,15775815,2799370,PASS,4963,6002,10,20,2,16
XMSSMT-SHA2_20/2_256,PUB_R1,1682,1682,1683,18389852,2642889,PASS,4963,6002,10,20,2,16
XMSSMT-SHA2_20/2_256,PUB_R1,1683,1683,1684,15917556,2665815,PASS,4963,6002,10,20,2,16
XMSSMT-SHA2_20/2_256,PUB_R1,1684,1684,1685,18424815,2597630,PASS,4963,6002,10,20,2,16
XMSSMT-SHA2_20/2_256,PUB_R1,1685,1685,1686,15951352,2592333,PASS,4963,6002,10,20,2,16
XMSSMT-SHA2_20/2_256,PUB_R1,1686,1686,1687,18442667,2523000,PASS,4963,6002,10,20,2,16
XMSSMT-SHA2_20/2_256,PUB_R1,1687,1687,1688,15832445,2686944,PASS,4963,6002,10,20,2,16
XMSSMT-SHA2_20/2_256,PUB_R1,1688,1688,1689,18450722,2526167,PASS,4963,6002,10,20,2,16
XMSSMT-SHA2_20/2_256,PUB_R1,1689,1689,1690,15860444,2692574,PASS,4963,6002,10,20,2,16
XMSSMT-SHA2_20/2_256,PUB_R1,1690,1690,1691,18227314,2755370,PASS,4963,6002,10,20,2,16
XMSSMT-SHA2_20/2_256,PUB_R1,1691,1691,1692,15974704,2559889,PASS,4963,6002,10,20,2,16
XMSSMT-SHA2_20/2_256,PUB_R1,1692,1692,1693,18309389,2655463,PASS,4963,6002,10,20,2,16
XMSSMT-SHA2_20/2_256,PUB_R1,1693,1693,1694,15884092,2658722,PASS,4963,6002,10,20,2,16
XMSSMT-SHA2_20/2_256,PUB_R1,1694,1694,1695,18224649,2753500,PASS,4963,6002,10,20,2,16
XMSSMT-SHA2_20/2_256,PUB_R1,1695,1695,1696,16009907,2565129,PASS,4963,6002,10,20,2,16
XMSSMT-SHA2_20/2_256,PUB_R1,1696,1696,1697,18334741,2659129,PASS,4963,6002,10,20,2,16
XMSSMT-SHA2_20/2_256,PUB_R1,1697,1697,1698,15951630,2783241,PASS,4963,6002,10,20,2,16
XMSSMT-SHA2_20/2_256,PUB_R1,1698,1698,1699,18564463,2616129,PASS,4963,6002,10,20,2,16
XMSSMT-SHA2_20/2_256,PUB_R1,1699,1699,1700,16068889,2668426,PASS,4963,6002,10,20,2,16
XMSSMT-SHA2_20/2_256,PUB_R1,1700,1700,1701,18539371,2651722,PASS,4963,6002,10,20,2,16
XMSSMT-SHA2_20/2_256,PUB_R1,1701,1701,1702,16058649,2647704,PASS,4963,6002,10,20,2,16
XMSSMT-SHA2_20/2_256,PUB_R1,1702,1702,1703,18521037,2652297,PASS,4963,6002,10,20,2,16
XMSSMT-SHA2_20/2_256,PUB_R1,1703,1703,1704,15996259,2740055,PASS,4963,6002,10,20,2,16
XMSSMT-SHA2_20/2_256,PUB_R1,1704,1704,1705,18314592,2811593,PASS,4963,6002,10,20,2,16
XMSSMT-SHA2_20/2_256,PUB_R1,1705,1705,1706,15894351,2816445,PASS,4963,6002,10,20,2,16
XMSSMT-SHA2_20/2_256,PUB_R1,1706,1706,1707,18506037,2677833,PASS,4963,6002,10,20,2,16
XMSSMT-SHA2_20/2_256,PUB_R1,1707,1707,1708,10893352,2848481,PASS,4963,6002,10,20,2,16
XMSSMT-SHA2_20/2_256,PUB_R1,1708,1708,1709,6050334,2720481,PASS,4963,6002,10,20,2,16
XMSSMT-SHA2_20/2_256,PUB_R1,1709,1709,1710,6367055,2415426,PASS,4963,6002,10,20,2,16
XMSSMT-SHA2_20/2_256,PUB_R1,1710,1710,1711,6159167,2628463,PASS,4963,6002,10,20,2,16
XMSSMT-SHA2_20/2_256,PUB_R1,1711,1711,1712,16093556,2616593,PASS,4963,6002,10,20,2,16
XMSSMT-SHA2_20/2_256,PUB_R1,1712,1712,1713,18605851,2553166,PASS,4963,6002,10,20,2,16
XMSSMT-SHA2_20/2_256,PUB_R1,1713,1713,1714,16018111,2682889,PASS,4963,6002,10,20,2,16
XMSSMT-SHA2_20/2_256,PUB_R1,1714,1714,1715,8422056,2849203,PASS,4963,6002,10,20,2,16
XMSSMT-SHA2_20/2_256,PUB_R1,1715,1715,1716,11051426,2696963,PASS,4963,6002,10,20,2,16
XMSSMT-SHA2_20/2_256,PUB_R1,1716,1716,1717,6223426,2543537,PASS,4963,6002,10,20,2,16
XMSSMT-SHA2_20/2_256,PUB_R1,1717,1717,1718,6250518,2546389,PASS,4963,6002,10,20,2,16
XMSSMT-SHA2_20/2_256,PUB_R1,1718,1718,1719,6054148,2710296,PASS,4963,6002,10,20,2,16
XMSSMT-SHA2_20/2_256,PUB_R1,1719,1719,1720,16020260,2685037,PASS,4963,6002,10,20,2,16
XMSSMT-SHA2_20/2_256,PUB_R1,1720,1720,1721,11084019,2648055,PASS,4963,6002,10,20,2,16
XMSSMT-SHA2_20/2_256,PUB_R1,1721,1721,1722,6124186,2681537,PASS,4963,6002,10,20,2,16
XMSSMT-SHA2_20/2_256,PUB_R1,1722,1722,1723,6079944,2680037,PASS,4963,6002,10,20,2,16
XMSSMT-SHA2_20/2_256,PUB_R1,1723,1723,1724,10929463,2814426,PASS,4963,6002,10,20,2,16
XMSSMT-SHA2_20/2_256,PUB_R1,1724,1724,1725,6131481,2659667,PASS,4963,6002,10,20,2,16
XMSSMT-SHA2_20/2_256,PUB_R1,1725,1725,1726,6225000,2540907,PASS,4963,6002,10,20,2,16
XMSSMT-SHA2_20/2_256,PUB_R1,1726,1726,1727,6103629,2683241,PASS,4963,6002,10,20,2,16
XMSSMT-SHA2_20/2_256,PUB_R1,1727,1727,1728,16026518,2680741,PASS,4963,6002,10,20,2,16
XMSSMT-SHA2_20/2_256,PUB_R1,1728,1728,1729,18436834,2718167,PASS,4963,6002,10,20,2,16
XMSSMT-SHA2_20/2_256,PUB_R1,1729,1729,1730,16121519,2582444,PASS,4963,6002,10,20,2,16
XMSSMT-SHA2_20/2_256,PUB_R1,1730,1730,1731,18469667,2687777,PASS,4963,6002,10,20,2,16
XMSSMT-SHA2_20/2_256,PUB_R1,1731,1731,1732,16023407,2655704,PASS,4963,6002,10,20,2,16
XMSSMT-SHA2_20/2_256,PUB_R1,1732,1732,1733,18332630,2814667,PASS,4963,6002,10,20,2,16
XMSSMT-SHA2_20/2_256,PUB_R1,1733,1733,1734,16003815,2746389,PASS,4963,6002,10,20,2,16
XMSSMT-SHA2_20/2_256,PUB_R1,1734,1734,1735,18438297,2681166,PASS,4963,6002,10,20,2,16
XMSSMT-SHA2_20/2_256,PUB_R1,1735,1735,1736,16019870,2684611,PASS,4963,6002,10,20,2,16
XMSSMT-SHA2_20/2_256,PUB_R1,1736,1736,1737,18387130,2723204,PASS,4963,6002,10,20,2,16
XMSSMT-SHA2_20/2_256,PUB_R1,1737,1737,1738,15995148,2632722,PASS,4963,6002,10,20,2,16
XMSSMT-SHA2_20/2_256,PUB_R1,1738,1738,1739,18412482,2631500,PASS,4963,6002,10,20,2,16
XMSSMT-SHA2_20/2_256,PUB_R1,1739,1739,1740,15981963,2597963,PASS,4963,6002,10,20,2,16
XMSSMT-SHA2_20/2_256,PUB_R1,1740,1740,1741,18462240,2571352,PASS,4963,6002,10,20,2,16
XMSSMT-SHA2_20/2_256,PUB_R1,1741,1741,1742,15795389,2800204,PASS,4963,6002,10,20,2,16
XMSSMT-SHA2_20/2_256,PUB_R1,1742,1742,1743,18353537,2693389,PASS,4963,6002,10,20,2,16
XMSSMT-SHA2_20/2_256,PUB_R1,1743,1743,1744,15994129,2599167,PASS,4963,6002,10,20,2,16
XMSSMT-SHA2_20/2_256,PUB_R1,1744,1744,1745,18397537,2593741,PASS,4963,6002,10,20,2,16
XMSSMT-SHA2_20/2_256,PUB_R1,1745,1745,1746,16019611,2526963,PASS,4963,6002,10,20,2,16
XMSSMT-SHA2_20/2_256,PUB_R1,1746,1746,1747,8484278,2692314,PASS,4963,6002,10,20,2,16
XMSSMT-SHA2_20/2_256,PUB_R1,1747,1747,1748,10998871,2629463,PASS,4963,6002,10,20,2,16
XMSSMT-SHA2_20/2_256,PUB_R1,1748,1748,1749,5900352,2793926,PASS,4963,6002,10,20,2,16
XMSSMT-SHA2_20/2_256,PUB_R1,1749,1749,1750,5923018,2787241,PASS,4963,6002,10,20,2,16
XMSSMT-SHA2_20/2_256,PUB_R1,1750,1750,1751,5938778,2758574,PASS,4963,6002,10,20,2,16
XMSSMT-SHA2_20/2_256,PUB_R1,1751,1751,1752,15934240,2627259,PASS,4963,6002,10,20,2,16
XMSSMT-SHA2_20/2_256,PUB_R1,1752,1752,1753,10838444,2790815,PASS,4963,6002,10,20,2,16
XMSSMT-SHA2_20/2_256,PUB_R1,1753,1753,1754,6053686,2658463,PASS,4963,6002,10,20,2,16
XMSSMT-SHA2_20/2_256,PUB_R1,1754,1754,1755,5919593,2792518,PASS,4963,6002,10,20,2,16
XMSSMT-SHA2_20/2_256,PUB_R1,1755,1755,1756,10948926,2695000,PASS,4963,6002,10,20,2,16
XMSSMT-SHA2_20/2_256,PUB_R1,1756,1756,1757,6066926,2631500,PASS,4963,6002,10,20,2,16
XMSSMT-SHA2_20/2_256,PUB_R1,1757,1757,1758,6194481,2522574,PASS,4963,6002,10,20,2,16
XMSSMT-SHA2_20/2_256,PUB_R1,1758,1758,1759,5951129,2758834,PASS,4963,6002,10,20,2,16
XMSSMT-SHA2_20/2_256,PUB_R1,1759,1759,1760,15780648,2795685,PASS,4963,6002,10,20,2,16
XMSSMT-SHA2_20/2_256,PUB_R1,1760,1760,1761,18442778,2595852,PASS,4963,6002,10,20,2,16
XMSSMT-SHA2_20/2_256,PUB_R1,1761,1761,1762,15936000,2629074,PASS,4963,6002,10,20,2,16
XMSSMT-SHA2_20/2_256,PUB_R1,1762,1762,1763,18262944,2825556,PASS,4963,6002,10,20,2,16
XMSSMT-SHA2_20/2_256,PUB_R1,1763,1763,1764,16100611,2509981,PASS,4963,6002,10,20,2,16
XMSSMT-SHA2_20/2_256,PUB_R1,1764,1764,1765,18419852,2647778,PASS,4963,6002,10,20,2,16
XMSSMT-SHA2_20/2_256,PUB_R1,1765,1765,1766,16020518,2561222,PASS,4963,6002,10,20,2,16
XMSSMT-SHA2_20/2_256,PUB_R1,1766,1766,1767,8382241,2797092,PASS,4963,6002,10,20,2,16
XMSSMT-SHA2_20/2_256,PUB_R1,1767,1767,1768,15984704,2597741,PASS,4963,6002,10,20,2,16
XMSSMT-SHA2_20/2_256,PUB_R1,1768,1768,1769,11012092,2640333,PASS,4963,6002,10,20,2,16
XMSSMT-SHA2_20/2_256,PUB_R1,1769,1769,1770,6164037,2559760,PASS,4963,6002,10,20,2,16
XMSSMT-SHA2_20/2_256,PUB_R1,1770,1770,1771,6016666,2707130,PASS,4963,6002,10,20,2,16
XMSSMT-SHA2_20/2_256,PUB_R1,1771,1771,1772,11041945,2591703,PASS,4963,6002,10,20,2,16
XMSSMT-SHA2_20/2_256,PUB_R1,1772,1772,1773,6098334,2628463,PASS,4963,6002,10,20,2,16
XMSSMT-SHA2_20/2_256,PUB_R1,1773,1773,1774,6093185,2639278,PASS,4963,6002,10,20,2,16
XMSSMT-SHA2_20/2_256,PUB_R1,1774,1774,1775,6111370,2594648,PASS,4963,6002,10,20,2,16
XMSSMT-SHA2_20/2_256,PUB_R1,1775,1775,1776,15928334,2663685,PASS,4963,6002,10,20,2,16
XMSSMT-SHA2_20/2_256,PUB_R1,1776,1776,1777,18486981,2534870,PASS,4963,6002,10,20,2,16
XMSSMT-SHA2_20/2_256,PUB_R1,1777,1777,1778,15982463,2617685,PASS,4963,6002,10,20,2,16
XMSSMT-SHA2_20/2_256,PUB_R1,1778,1778,1779,8477203,2689000,PASS,4963,6002,10,20,2,16
XMSSMT-SHA2_20/2_256,PUB_R1,1779,1779,1780,10974630,2660740,PASS,4963,6002,10,20,2,16
XMSSMT-SHA2_20/2_256,PUB_R1,1780,1780,1781,6138130,2576925,PASS,4963,6002,10,20,2,16
XMSSMT-SHA2_20/2_256,PUB_R1,1781,1781,1782,5822907,2888426,PASS,4963,6002,10,20,2,16
XMSSMT-SHA2_20/2_256,PUB_R1,1782,1782,1783,6048314,2665481,PASS,4963,6002,10,20,2,16
XMSSMT-SHA2_20/2_256,PUB_R1,1783,1783,1784,15802444,2770814,PASS,4963,6002,10,20,2,16
XMSSMT-SHA2_20/2_256,PUB_R1,1784,1784,1785,10809574,2827389,PASS,4963,6002,10,20,2,16
XMSSMT-SHA2_20/2_256,PUB_R1,1785,1785,1786,5969667,2760055,PASS,4963,6002,10,20,2,16
XMSSMT-SHA2_20/2_256,PUB_R1,1786,1786,1787,6184741,2535926,PASS,4963,6002,10,20,2,16
XMSSMT-SHA2_20/2_256,PUB_R1,1787,1787,1788,10924093,2693944,PASS,4963,6002,10,20,2,16
XMSSMT-SHA2_20/2_256,PUB_R1,1788,1788,1789,6071592,2658593,PASS,4963,6002,10,20,2,16
XMSSMT-SHA2_20/2_256,PUB_R1,1789,1789,1790,5849222,2854093,PASS,4963,6002,10,20,2,16
XMSSMT-SHA2_20/2_256,PUB_R1,1790,1790,1791,6030259,2696500,PASS,4963,6002,10,20,2,16
XMSSMT-SHA2_20/2_256,PUB_R1,1791,1791,1792,15830852,2760888,PASS,4963,6002,10,20,2,16
XMSSMT-SHA2_20/2_256,PUB_R1,1792,1792,1793,18199463,2792185,PASS,4963,6002,10,20,2,16
XMSSMT-SHA2_20/2_256,PUB_R1,1793,1793,1794,15878889,2697778,PASS,4963,6002,10,20,2,16
XMSSMT-SHA2_20/2_256,PUB_R1,1794,1794,1795,18294667,2764556,PASS,4963,6002,10,20,2,16
XMSSMT-SHA2_20/2_256,PUB_R1,1795,1795,1796,15787074,2788426,PASS,4963,6002,10,20,2,16
XMSSMT-SHA2_20/2_256,PUB_R1,1796,1796,1797,18398482,2629629,PASS,4963,6002,10,20,2,16
XMSSMT-SHA2_20/2_256,PUB_R1,1797,1797,1798,15771667,2795888,PASS,4963,6002,10,20,2,16
XMSSMT-SHA2_20/2_256,PUB_R1,1798,1798,1799,18207815,2828685,PASS,4963,6002,10,20,2,16
XMSSMT-SHA2_20/2_256,PUB_R1,1799,1799,1800,15907186,2718167,PASS,4963,6002,10,20,2,16
XMSSMT-SHA2_20/2_256,PUB_R1,1800,1800,1801,18504593,2536463,PASS,4963,6002,10,20,2,16
XMSSMT-SHA2_20/2_256,PUB_R1,1801,1801,1802,15898148,2695797,PASS,4963,6002,10,20,2,16
XMSSMT-SHA2_20/2_256,PUB_R1,1802,1802,1803,18195296,2821000,PASS,4963,6002,10,20,2,16
XMSSMT-SHA2_20/2_256,PUB_R1,1803,1803,1804,16027926,2528834,PASS,4963,6002,10,20,2,16
XMSSMT-SHA2_20/2_256,PUB_R1,1804,1804,1805,18339037,2725685,PASS,4963,6002,10,20,2,16
XMSSMT-SHA2_20/2_256,PUB_R1,1805,1805,1806,16038334,2648740,PASS,4963,6002,10,20,2,16
XMSSMT-SHA2_20/2_256,PUB_R1,1806,1806,1807,18575851,2580722,PASS,4963,6002,10,20,2,16
XMSSMT-SHA2_20/2_256,PUB_R1,1807,1807,1808,15912093,2781018,PASS,4963,6002,10,20,2,16
XMSSMT-SHA2_20/2_256,PUB_R1,1808,1808,1809,18329814,2814370,PASS,4963,6002,10,20,2,16
XMSSMT-SHA2_20/2_256,PUB_R1,1809,1809,1810,16063759,2662037,PASS,4963,6002,10,20,2,16
XMSSMT-SHA2_20/2_256,PUB_R1,1810,1810,1811,18390944,2780074,PASS,4963,6002,10,20,2,16
XMSSMT-SHA2_20/2_256,PUB_R1,1811,1811,1812,16159093,2514463,PASS,4963,6002,10,20,2,16
XMSSMT-SHA2_20/2_256,PUB_R1,1812,1812,1813,18433407,2714297,PASS,4963,6002,10,20,2,16
XMSSMT-SHA2_20/2_256,PUB_R1,1813,1813,1814,16164833,2514333,PASS,4963,6002,10,20,2,16
XMSSMT-SHA2_20/2_256,PUB_R1,1814,1814,1815,18536370,2615388,PASS,4963,6002,10,20,2,16
XMSSMT-SHA2_20/2_256,PUB_R1,1815,1815,1816,16062926,2612370,PASS,4963,6002,10,20,2,16
XMSSMT-SHA2_20/2_256,PUB_R1,1816,1816,1817,18446833,2680500,PASS,4963,6002,10,20,2,16
XMSSMT-SHA2_20/2_256,PUB_R1,1817,1817,1818,15968204,2713204,PASS,4963,6002,10,20,2,16
XMSSMT-SHA2_20/2_256,PUB_R1,1818,1818,1819,18345574,2813500,PASS,4963,6002,10,20,2,16
XMSSMT-SHA2_20/2_256,PUB_R1,1819,1819,1820,15902352,2777870,PASS,4963,6002,10,20,2,16
XMSSMT-SHA2_20/2_256,PUB_R1,1820,1820,1821,18490593,2691334,PASS,4963,6002,10,20,2,16
XMSSMT-SHA2_20/2_256,PUB_R1,1821,1821,1822,16018204,2678204,PASS,4963,6002,10,20,2,16
XMSSMT-SHA2_20/2_256,PUB_R1,1822,1822,1823,18465925,2680537,PASS,4963,6002,10,20,2,16
XMSSMT-SHA2_20/2_256,PUB_R1,1823,1823,1824,15990778,2674963,PASS,4963,6002,10,20,2,16
XMSSMT-SHA2_20/2_256,PUB_R1,1824,1824,1825,18381111,2860981,PASS,4963,6002,10,20,2,16
XMSSMT-SHA2_20/2_256,PUB_R1,1825,1825,1826,15889222,2818129,PASS,4963,6002,10,20,2,16
XMSSMT-SHA2_20/2_256,PUB_R1,1826,1826,1827,18320055,2852482,PASS,4963,6002,10,20,2,16
XMSSMT-SHA2_20/2_256,PUB_R1,1827,1827,1828,16128167,2542222,PASS,4963,6002,10,20,2,16
XMSSMT-SHA2_20/2_256,PUB_R1,1828,1828,1829,18444722,2716797,PASS,4963,6002,10,20,2,16
XMSSMT-SHA2_20/2_256,PUB_R1,1829,1829,1830,16098203,2576778,PASS,4963,6002,10,20,2,16
XMSSMT-SHA2_20/2_256,PUB_R1,1830,1830,1831,18413537,2785778,PASS,4963,6002,10,20,2,16
XMSSMT-SHA2_20/2_256,PUB_R1,1831,1831,1832,16035185,2641778,PASS,4963,6002,10,20,2,16
XMSSMT-SHA2_20/2_256,PUB_R1,1832,1832,1833,18586129,2583926,PASS,4963,6002,10,20,2,16
XMSSMT-SHA2_20/2_256,PUB_R1,1833,1833,1834,16110018,2544833,PASS,4963,6002,10,20,2,16
XMSSMT-SHA2_20/2_256,PUB_R1,1834,1834,1835,18505704,2692945,PASS,4963,6002,10,20,2,16
XMSSMT-SHA2_20/2_256,PUB_R1,1835,1835,1836,11071889,2640482,PASS,4963,6002,10,20,2,16
XMSSMT-SHA2_20/2_256,PUB_R1,1836,1836,1837,6110944,2678704,PASS,4963,6002,10,20,2,16
XMSSMT-SHA2_20/2_256,PUB_R1,1837,1837,1838,5966260,2807982,PASS,4963,6002,10,20,2,16
XMSSMT-SHA2_20/2_256,PUB_R1,1838,1838,1839,6171500,2614000,PASS,4963,6002,10,20,2,16
XMSSMT-SHA2_20/2_256,PUB_R1,1839,1839,1840,16038667,2644926,PASS,4963,6002,10,20,2,16
XMSSMT-SHA2_20/2_256,PUB_R1,1840,1840,1841,18505556,2611000,PASS,4963,6002,10,20,2,16
XMSSMT-SHA2_20/2_256,PUB_R1,1841,1841,1842,15994407,2717389,PASS,4963,6002,10,20,2,16
XMSSMT-SHA2_20/2_256,PUB_R1,1842,1842,1843,8698518,2582296,PASS,4963,6002,10,20,2,16
XMSSMT-SHA2_20/2_256,PUB_R1,1843,1843,1844,11107130,2648834,PASS,4963,6002,10,20,2,16
XMSSMT-SHA2_20/2_256,PUB_R1,1844,1844,1845,6123555,2651667,PASS,4963,6002,10,20,2,16
XMSSMT-SHA2_20/2_256,PUB_R1,1845,1845,1846,6145352,2647260,PASS,4963,6002,10,20,2,16
XMSSMT-SHA2_20/2_256,PUB_R1,1846,1846,1847,6117982,2649018,PASS,4963,6002,10,20,2,16
XMSSMT-SHA2_20/2_256,PUB_R1,1847,1847,1848,16190019,2528371,PASS,4963,6002,10,20,2,16
XMSSMT-SHA2_20/2_256,PUB_R1,1848,1848,1849,11047907,2683315,PASS,4963,6002,10,20,2,16
XMSSMT-SHA2_20/2_256,PUB_R1,1849,1849,1850,6269315,2507592,PASS,4963,6002,10,20,2,16
XMSSMT-SHA2_20/2_256,PUB_R1,1850,1850,1851,6148889,2623129,PASS,4963,6002,10,20,2,16
XMSSMT-SHA2_20/2_256,PUB_R1,1851,1851,1852,10994222,2705278,PASS,4963,6002,10,20,2,16
XMSSMT-SHA2_20/2_256,PUB_R1,1852,1852,1853,6083315,2710648,PASS,4963,6002,10,20,2,16
XMSSMT-SHA2_20/2_256,PUB_R1,1853,1853,1854,6190333,2573667,PASS,4963,6002,10,20,2,16
XMSSMT-SHA2_20/2_256,PUB_R1,1854,1854,1855,6109204,2680407,PASS,4963,6002,10,20,2,16
XMSSMT-SHA2_20/2_256,PUB_R1,1855,1855,1856,15998963,2677666,PASS,4963,6002,10,20,2,16
XMSSMT-SHA2_20/2_256,PUB_R1,1856,1856,1857,18614556,2550334,PASS,4963,6002,10,20,2,16
XMSSMT-SHA2_20/2_256,PUB_R1,1857,1857,1858,16035186,2650333,PASS,4963,6002,10,20,2,16
XMSSMT-SHA2_20/2_256,PUB_R1,1858,1858,1859,18538149,2655222,PASS,4963,6002,10,20,2,16
XMSSMT-SHA2_20/2_256,PUB_R1,1859,1859,1860,16004223,2680222,PASS,4963,6002,10,20,2,16
XMSSMT-SHA2_20/2_256,PUB_R1,1860,1860,1861,18537555,2653296,PASS,4963,6002,10,20,2,16
XMSSMT-SHA2_20/2_256,PUB_R1,1861,1861,1862,16078500,2612481,PASS,4963,6002,10,20,2,16
XMSSMT-SHA2_20/2_256,PUB_R1,1862,1862,1863,18505500,2684241,PASS,4963,6002,10,20,2,16
XMSSMT-SHA2_20/2_256,PUB_R1,1863,1863,1864,16036186,2683611,PASS,4963,6002,10,20,2,16
XMSSMT-SHA2_20/2_256,PUB_R1,1864,1864,1865,18348500,2698037,PASS,4963,6002,10,20,2,16
XMSSMT-SHA2_20/2_256,PUB_R1,1865,1865,1866,15951945,2637241,PASS,4963,6002,10,20,2,16
XMSSMT-SHA2_20/2_256,PUB_R1,1866,1866,1867,18251056,2755944,PASS,4963,6002,10,20,2,16
XMSSMT-SHA2_20/2_256,PUB_R1,1867,1867,1868,15960611,2634000,PASS,4963,6002,10,20,2,16
XMSSMT-SHA2_20/2_256,PUB_R1,1868,1868,1869,18472426,2562574,PASS,4963,6002,10,20,2,16
XMSSMT-SHA2_20/2_256,PUB_R1,1869,1869,1870,16045315,2531889,PASS,4963,6002,10,20,2,16
XMSSMT-SHA2_20/2_256,PUB_R1,1870,1870,1871,18398666,2630722,PASS,4963,6002,10,20,2,16
XMSSMT-SHA2_20/2_256,PUB_R1,1871,1871,1872,15822630,2766130,PASS,4963,6002,10,20,2,16
XMSSMT-SHA2_20/2_256,PUB_R1,1872,1872,1873,18329667,2663481,PASS,4963,6002,10,20,2,16
XMSSMT-SHA2_20/2_256,PUB_R1,1873,1873,1874,15865740,2699500,PASS,4963,6002,10,20,2,16
XMSSMT-SHA2_20/2_256,PUB_R1,1874,1874,1875,8570593,2596074,PASS,4963,6002,10,20,2,16
XMSSMT-SHA2_20/2_256,PUB_R1,1875,1875,1876,11147500,2498500,PASS,4963,6002,10,20,2,16
XMSSMT-SHA2_20/2_256,PUB_R1,1876,1876,1877,6074315,2629649,PASS,4963,6002,10,20,2,16
XMSSMT-SHA2_20/2_256,PUB_R1,1877,1877,1878,6187296,2529889,PASS,4963,6002,10,20,2,16
XMSSMT-SHA2_20/2_256,PUB_R1,1878,1878,1879,5823796,2894241,PASS,4963,6002,10,20,2,16
XMSSMT-SHA2_20/2_256,PUB_R1,1879,1879,1880,15824685,2765815,PASS,4963,6002,10,20,2,16
XMSSMT-SHA2_20/2_256,PUB_R1,1880,1880,1881,11069444,2566778,PASS,4963,6002,10,20,2,16
XMSSMT-SHA2_20/2_256,PUB_R1,1881,1881,1882,5946278,2800629,PASS,4963,6002,10,20,2,16
XMSSMT-SHA2_20/2_256,PUB_R1,1882,1882,1883,6090037,2633500,PASS,4963,6002,10,20,2,16
XMSSMT-SHA2_20/2_256,PUB_R1,1883,1883,1884,11156500,2492722,PASS,4963,6002,10,20,2,16
XMSSMT-SHA2_20/2_256,PUB_R1,1884,1884,1885,6105704,2627408,PASS,4963,6002,10,20,2,16
XMSSMT-SHA2_20/2_256,PUB_R1,1885,1885,1886,6111685,2594093,PASS,4963,6002,10,20,2,16
XMSSMT-SHA2_20/2_256,PUB_R1,1886,1886,1887,5938315,2798130,PASS,4963,6002,10,20,2,16
XMSSMT-SHA2_20/2_256,PUB_R1,1887,1887,1888,15883666,2697593,PASS,4963,6002,10,20,2,16
XMSSMT-SHA2_20/2_256,PUB_R1,1888,1888,1889,18239945,2794388,PASS,4963,6002,10,20,2,16
XMSSMT-SHA2_20/2_256,PUB_R1,1889,1889,1890,16055500,2645574,PASS,4963,6002,10,20,2,16
XMSSMT-SHA2_20/2_256,PUB_R1,1890,1890,1891,18513648,2652889,PASS,4963,6002,10,20,2,16
XMSSMT-SHA2_20/2_256,PUB_R1,1891,1891,1892,16070074,2609833,PASS,4963,6002,10,20,2,16
XMSSMT-SHA2_20/2_256,PUB_R1,1892,1892,1893,18436481,2714945,PASS,4963,6002,10,20,2,16
XMSSMT-SHA2_20/2_256,PUB_R1,1893,1893,1894,15855093,2845259,PASS,4963,6002,10,20,2,16
XMSSMT-SHA2_20/2_256,PUB_R1,1894,1894,1895,8636130,2645037,PASS,4963,6002,10,20,2,16
XMSSMT-SHA2_20/2_256,PUB_R1,1895,1895,1896,16105407,2622352,PASS,4963,6002,10,20,2,16
XMSSMT-SHA2_20/2_256,PUB_R1,1896,1896,1897,11025166,2714408,PASS,4963,6002,10,20,2,16
XMSSMT-SHA2_20/2_256,PUB_R1,1897,1897,1898,6145574,2649000,PASS,4963,6002,10,20,2,16
XMSSMT-SHA2_20/2_256,PUB_R1,1898,1898,1899,6008740,2780704,PASS,4963,6002,10,20,2,16
XMSSMT-SHA2_20/2_256,PUB_R1,1899,1899,1900,11132611,2634889,PASS,4963,6002,10,20,2,16
XMSSMT-SHA2_20/2_256,PUB_R1,1900,1900,1901,6122796,2645555,PASS,4963,6002,10,20,2,16
XMSSMT-SHA2_20/2_256,PUB_R1,1901,1901,1902,6152926,2648963,PASS,4963,6002,10,20,2,16
XMSSMT-SHA2_20/2_256,PUB_R1,1902,1902,1903,6093592,2679352,PASS,4963,6002,10,20,2,16
XMSSMT-SHA2_20/2_256,PUB_R1,1903,1903,1904,16040944,2650426,PASS,4963,6002,10,20,2,16
XMSSMT-SHA2_20/2_256,PUB_R1,1904,1904,1905,18461778,2687000,PASS,4963,6002,10,20,2,16
XMSSMT-SHA2_20/2_256,PUB_R1,1905,1905,1906,16072314,2616092,PASS,4963,6002,10,20,2,16
XMSSMT-SHA2_20/2_256,PUB_R1,1906,1906,1907,8652352,2619593,PASS,4963,6002,10,20,2,16
XMSSMT-SHA2_20/2_256,PUB_R1,1907,1907,1908,11111019,2646945,PASS,4963,6002,10,20,2,16
XMSSMT-SHA2_20/2_256,PUB_R1,1908,1908,1909,6126852,2643611,PASS,4963,6002,10,20,2,16
XMSSMT-SHA2_20/2_256,PUB_R1,1909,1909,1910,6137741,2647408,PASS,4963,6002,10,20,2,16
XMSSMT-SHA2_20/2_256,PUB_R1,1910,1910,1911,6141129,2645055,PASS,4963,6002,10,20,2,16
XMSSMT-SHA2_20/2_256,PUB_R1,1911,1911,1912,16123537,2584445,PASS,4963,6002,10,20,2,16
XMSSMT-SHA2_20/2_256,PUB_R1,1912,1912,1913,11052500,2679704,PASS,4963,6002,10,20,2,16
XMSSMT-SHA2_20/2_256,PUB_R1,1913,1913,1914,6171815,2616370,PASS,4963,6002,10,20,2,16
XMSSMT-SHA2_20/2_256,PUB_R1,1914,1914,1915,6011926,2781629,PASS,4963,6002,10,20,2,16
XMSSMT-SHA2_20/2_256,PUB_R1,1915,1915,1916,11065963,2681870,PASS,4963,6002,10,20,2,16
XMSSMT-SHA2_20/2_256,PUB_R1,1916,1916,1917,6087185,2672648,PASS,4963,6002,10,20,2,16
XMSSMT-SHA2_20/2_256,PUB_R1,1917,1917,1918,6026426,2782426,PASS,4963,6002,10,20,2,16
XMSSMT-SHA2_20/2_256,PUB_R1,1918,1918,1919,6058129,2707759,PASS,4963,6002,10,20,2,16
XMSSMT-SHA2_20/2_256,PUB_R1,1919,1919,1920,15993111,2673315,PASS,4963,6002,10,20,2,16
XMSSMT-SHA2_20/2_256,PUB_R1,1920,1920,1921,18545852,2617778,PASS,4963,6002,10,20,2,16
XMSSMT-SHA2_20/2_256,PUB_R1,1921,1921,1922,16170945,2515870,PASS,4963,6002,10,20,2,16
XMSSMT-SHA2_20/2_256,PUB_R1,1922,1922,1923,18524371,2649500,PASS,4963,6002,10,20,2,16
XMSSMT-SHA2_20/2_256,PUB_R1,1923,1923,1924,16022407,2644555,PASS,4963,6002,10,20,2,16
XMSSMT-SHA2_20/2_256,PUB_R1,1924,1924,1925,18374111,2836629,PASS,4963,6002,10,20,2,16
XMSSMT-SHA2_20/2_256,PUB_R1,1925,1925,1926,16200519,2483907,PASS,4963,6002,10,20,2,16
XMSSMT-SHA2_20/2_256,PUB_R1,1926,1926,1927,18545593,2652185,PASS,4963,6002,10,20,2,16
XMSSMT-SHA2_20/2_256,PUB_R1,1927,1927,1928,15883259,2813926,PASS,4963,6002,10,20,2,16
XMSSMT-SHA2_20/2_256,PUB_R1,1928,1928,1929,18523704,2649352,PASS,4963,6002,10,20,2,16
XMSSMT-SHA2_20/2_256,PUB_R1,1929,1929,1930,16148111,2549741,PASS,4963,6002,10,20,2,16
XMSSMT-SHA2_20/2_256,PUB_R1,1930,1930,1931,18636593,2559741,PASS,4963,6002,10,20,2,16
XMSSMT-SHA2_20/2_256,PUB_R1,1931,1931,1932,16000537,2714241,PASS,4963,6002,10,20,2,16
XMSSMT-SHA2_20/2_256,PUB_R1,1932,1932,1933,18478463,2680833,PASS,4963,6002,10,20,2,16
XMSSMT-SHA2_20/2_256,PUB_R1,1933,1933,1934,16129852,2585241,PASS,4963,6002,10,20,2,16
XMSSMT-SHA2_20/2_256,PUB_R1,1934,1934,1935,18535796,2619167,PASS,4963,6002,10,20,2,16
XMSSMT-SHA2_20/2_256,PUB_R1,1935,1935,1936,16019759,2679760,PASS,4963,6002,10,20,2,16
XMSSMT-SHA2_20/2_256,PUB_R1,1936,1936,1937,18539297,2617241,PASS,4963,6002,10,20,2,16
XMSSMT-SHA2_20/2_256,PUB_R1,1937,1937,1938,16047148,2647370,PASS,4963,6002,10,20,2,16
XMSSMT-SHA2_20/2_256,PUB_R1,1938,1938,1939,8467259,2780055,PASS,4963,6002,10,20,2,16
XMSSMT-SHA2_20/2_256,PUB_R1,1939,1939,1940,11056519,2680685,PASS,4963,6002,10,20,2,16
XMSSMT-SHA2_20/2_256,PUB_R1,1940,1940,1941,6057352,2711611,PASS,4963,6002,10,20,2,16
XMSSMT-SHA2_20/2_256,PUB_R1,1941,1941,1942,6204056,2588500,PASS,4963,6002,10,20,2,16
XMSSMT-SHA2_20/2_256,PUB_R1,1942,1942,1943,5999426,2780778,PASS,4963,6002,10,20,2,16
XMSSMT-SHA2_20/2_256,PUB_R1,1943,1943,1944,16053760,2648704,PASS,4963,6002,10,20,2,16
XMSSMT-SHA2_20/2_256,PUB_R1,1944,1944,1945,11054389,2683111,PASS,4963,6002,10,20,2,16
XMSSMT-SHA2_20/2_256,PUB_R1,1945,1945,1946,6007130,2779241,PASS,4963,6002,10,20,2,16
XMSSMT-SHA2_20/2_256,PUB_R1,1946,1946,1947,5963648,2814686,PASS,4963,6002,10,20,2,16
XMSSMT-SHA2_20/2_256,PUB_R1,1947,1947,1948,10859463,2880852,PASS,4963,6002,10,20,2,16
XMSSMT-SHA2_20/2_256,PUB_R1,1948,1948,1949,6231630,2546333,PASS,4963,6002,10,20,2,16
XMSSMT-SHA2_20/2_256,PUB_R1,1949,1949,1950,5984852,2807463,PASS,4963,6002,10,20,2,16
XMSSMT-SHA2_20/2_256,PUB_R1,1950,1950,1951,6077815,2725074,PASS,4963,6002,10,20,2,16
XMSSMT-SHA2_20/2_256,PUB_R1,1951,1951,1952,16147149,2584111,PASS,4963,6002,10,20,2,16
XMSSMT-SHA2_20/2_256,PUB_R1,1952,1952,1953,18611889,2588204,PASS,4963,6002,10,20,2,16
XMSSMT-SHA2_20/2_256,PUB_R1,1953,1953,1954,15891352,2814408,PASS,4963,6002,10,20,2,16
XMSSMT-SHA2_20/2_256,PUB_R1,1954,1954,1955,18495481,2687741,PASS,4963,6002,10,20,2,16
XMSSMT-SHA2_20/2_256,PUB_R1,1955,1955,1956,15916074,2779481,PASS,4963,6002,10,20,2,16
XMSSMT-SHA2_20/2_256,PUB_R1,1956,1956,1957,18582185,2632630,PASS,4963,6002,10,20,2,16
XMSSMT-SHA2_20/2_256,PUB_R1,1957,1957,1958,15854612,2823204,PASS,4963,6002,10,20,2,16
XMSSMT-SHA2_20/2_256,PUB_R1,1958,1958,1959,8675444,2587944,PASS,4963,6002,10,20,2,16
XMSSMT-SHA2_20/2_256,PUB_R1,1959,1959,1960,16201130,2530463,PASS,4963,6002,10,20,2,16
XMSSMT-SHA2_20/2_256,PUB_R1,1960,1960,1961,11047648,2638241,PASS,4963,6002,10,20,2,16
XMSSMT-SHA2_20/2_256,PUB_R1,1961,1961,1962,6119889,2676574,PASS,4963,6002,10,20,2,16
XMSSMT-SHA2_20/2_256,PUB_R1,1962,1962,1963,6121629,2655389,PASS,4963,6002,10,20,2,16
XMSSMT-SHA2_20/2_256,PUB_R1,1963,1963,1964,11205167,2551648,PASS,4963,6002,10,20,2,16
XMSSMT-SHA2_20/2_256,PUB_R1,1964,1964,1965,6206945,2578407,PASS,4963,6002,10,20,2,16
XMSSMT-SHA2_20/2_256,PUB_R1,1965,1965,1966,6004889,2777815,PASS,4963,6002,10,20,2,16
XMSSMT-SHA2_20/2_256,PUB_R1,1966,1966,1967,6168000,2615185,PASS,4963,6002,10,20,2,16
XMSSMT-SHA2_20/2_256,PUB_R1,1967,1967,1968,15830870,2877611,PASS,4963,6002,10,20,2,16
XMSSMT-SHA2_20/2_256,PUB_R1,1968,1968,1969,18514445,2652260,PASS,4963,6002,10,20,2,16
XMSSMT-SHA2_20/2_256,PUB_R1,1969,1969,1970,16055889,2649389,PASS,4963,6002,10,20,2,16
XMSSMT-SHA2_20/2_256,PUB_R1,1970,1970,1971,8587870,2679760,PASS,4963,6002,10,20,2,16
XMSSMT-SHA2_20/2_256,PUB_R1,1971,1971,1972,11121463,2612111,PASS,4963,6002,10,20,2,16
XMSSMT-SHA2_20/2_256,PUB_R1,1972,1972,1973,6099851,2684686,PASS,4963,6002,10,20,2,16
XMSSMT-SHA2_20/2_256,PUB_R1,1973,1973,1974,5971259,2807556,PASS,4963,6002,10,20,2,16
XMSSMT-SHA2_20/2_256,PUB_R1,1974,1974,1975,6085666,2678481,PASS,4963,6002,10,20,2,16
XMSSMT-SHA2_20/2_256,PUB_R1,1975,1975,1976,16174481,2535741,PASS,4963,6002,10,20,2,16
XMSSMT-SHA2_20/2_256,PUB_R1,1976,1976,1977,11212018,2512296,PASS,4963,6002,10,20,2,16
XMSSMT-SHA2_20/2_256,PUB_R1,1977,1977,1978,6083537,2711593,PASS,4963,6002,10,20,2,16
XMSSMT-SHA2_20/2_256,PUB_R1,1978,1978,1979,5993593,2790889,PASS,4963,6002,10,20,2,16
XMSSMT-SHA2_20/2_256,PUB_R1,1979,1979,1980,11031981,2678037,PASS,4963,6002,10,20,2,16
XMSSMT-SHA2_20/2_256,PUB_R1,1980,1980,1981,6096519,2681111,PASS,4963,6002,10,20,2,16
XMSSMT-SHA2_20/2_256,PUB_R1,1981,1981,1982,6124333,2638704,PASS,4963,6002,10,20,2,16
XMSSMT-SHA2_20/2_256,PUB_R1,1982,1982,1983,6127982,2644259,PASS,4963,6002,10,20,2,16
XMSSMT-SHA2_20/2_256,PUB_R1,1983,1983,1984,16018315,2678074,PASS,4963,6002,10,20,2,16
XMSSMT-SHA2_20/2_256,PUB_R1,1984,1984,1985,18469796,2683648,PASS,4963,6002,10,20,2,16
XMSSMT-SHA2_20/2_256,PUB_R1,1985,1985,1986,15902704,2780074,PASS,4963,6002,10,20,2,16
XMSSMT-SHA2_20/2_256,PUB_R1,1986,1986,1987,18368186,2784149,PASS,4963,6002,10,20,2,16
XMSSMT-SHA2_20/2_256,PUB_R1,1987,1987,1988,16037815,2645278,PASS,4963,6002,10,20,2,16
XMSSMT-SHA2_20/2_256,PUB_R1,1988,1988,1989,18336389,2809611,PASS,4963,6002,10,20,2,16
XMSSMT-SHA2_20/2_256,PUB_R1,1989,1989,1990,16094149,2578185,PASS,4963,6002,10,20,2,16
XMSSMT-SHA2_20/2_256,PUB_R1,1990,1990,1991,8582907,2679408,PASS,4963,6002,10,20,2,16
XMSSMT-SHA2_20/2_256,PUB_R1,1991,1991,1992,15860093,2846111,PASS,4963,6002,10,20,2,16
XMSSMT-SHA2_20/2_256,PUB_R1,1992,1992,1993,11033333,2680130,PASS,4963,6002,10,20,2,16
XMSSMT-SHA2_20/2_256,PUB_R1,1993,1993,1994,5973963,2811796,PASS,4963,6002,10,20,2,16
XMSSMT-SHA2_20/2_256,PUB_R1,1994,1994,1995,6131185,2646371,PASS,4963,6002,10,20,2,16
XMSSMT-SHA2_20/2_256,PUB_R1,1995,1995,1996,10963389,2797796,PASS,4963,6002,10,20,2,16
XMSSMT-SHA2_20/2_256,PUB_R1,1996,1996,1997,5960129,2809815,PASS,4963,6002,10,20,2,16
XMSSMT-SHA2_20/2_256,PUB_R1,1997,1997,1998,6113519,2680760,PASS,4963,6002,10,20,2,16
XMSSMT-SHA2_20/2_256,PUB_R1,1998,1998,1999,5994130,2776315,PASS,4963,6002,10,20,2,16
XMSSMT-SHA2_20/2_256,PUB_R1,1999,1999,2000,16059426,2647537,PASS,4963,6002,10,20,2,16
XMSSMT-SHA2_20/2_256,PUB_R1,2000,2000,2001,18445537,2724500,PASS,4963,6002,10,20,2,16
XMSSMT-SHA2_20/2_256,PUB_R1,2001,2001,2002,16097426,2591203,PASS,4963,6002,10,20,2,16
XMSSMT-SHA2_20/2_256,PUB_R1,2002,2002,2003,8738889,2521148,PASS,4963,6002,10,20,2,16
XMSSMT-SHA2_20/2_256,PUB_R1,2003,2003,2004,11155740,2562963,PASS,4963,6002,10,20,2,16
XMSSMT-SHA2_20/2_256,PUB_R1,2004,2004,2005,5877463,2869981,PASS,4963,6002,10,20,2,16
XMSSMT-SHA2_20/2_256,PUB_R1,2005,2005,2006,6129833,2596537,PASS,4963,6002,10,20,2,16
XMSSMT-SHA2_20/2_256,PUB_R1,2006,2006,2007,6162333,2564259,PASS,4963,6002,10,20,2,16
XMSSMT-SHA2_20/2_256,PUB_R1,2007,2007,2008,15819093,2763185,PASS,4963,6002,10,20,2,16
XMSSMT-SHA2_20/2_256,PUB_R1,2008,2008,2009,11001519,2627166,PASS,4963,6002,10,20,2,16
XMSSMT-SHA2_20/2_256,PUB_R1,2009,2009,2010,6099556,2628185,PASS,4963,6002,10,20,2,16
XMSSMT-SHA2_20/2_256,PUB_R1,2010,2010,2011,5954722,2758667,PASS,4963,6002,10,20,2,16
XMSSMT-SHA2_20/2_256,PUB_R1,2011,2011,2012,11006759,2633537,PASS,4963,6002,10,20,2,16
XMSSMT-SHA2_20/2_256,PUB_R1,2012,2012,2013,6018870,2694204,PASS,4963,6002,10,20,2,16
XMSSMT-SHA2_20/2_256,PUB_R1,2013,2013,2014,6119148,2594240,PASS,4963,6002,10,20,2,16
XMSSMT-SHA2_20/2_256,PUB_R1,2014,2014,2015,6075963,2626555,PASS,4963,6002,10,20,2,16
XMSSMT-SHA2_20/2_256,PUB_R1,2015,2015,2016,16075334,2465297,PASS,4963,6002,10,20,2,16
XMSSMT-SHA2_20/2_256,PUB_R1,2016,2016,2017,18205408,2755648,PASS,4963,6002,10,20,2,16
XMSSMT-SHA2_20/2_256,PUB_R1,2017,2017,2018,15872759,2699055,PASS,4963,6002,10,20,2,16
XMSSMT-SHA2_20/2_256,PUB_R1,2018,2018,2019,8639463,2532166,PASS,4963,6002,10,20,2,16
XMSSMT-SHA2_20/2_256,PUB_R1,2019,2019,2020,11022870,2630852,PASS,4963,6002,10,20,2,16
XMSSMT-SHA2_20/2_256,PUB_R1,2020,2020,2021,6040407,2657112,PASS,4963,6002,10,20,2,16
XMSSMT-SHA2_20/2_256,PUB_R1,2021,2021,2022,6096074,2628519,PASS,4963,6002,10,20,2,16
XMSSMT-SHA2_20/2_256,PUB_R1,2022,2022,2023,6024370,2706500,PASS,4963,6002,10,20,2,16
XMSSMT-SHA2_20/2_256,PUB_R1,2023,2023,2024,15902759,2700241,PASS,4963,6002,10,20,2,16
XMSSMT-SHA2_20/2_256,PUB_R1,2024,2024,2025,10785981,2868593,PASS,4963,6002,10,20,2,16
XMSSMT-SHA2_20/2_256,PUB_R1,2025,2025,2026,5917944,2793519,PASS,4963,6002,10,20,2,16
XMSSMT-SHA2_20/2_256,PUB_R1,2026,2026,2027,6025500,2711185,PASS,4963,6002,10,20,2,16
XMSSMT-SHA2_20/2_256,PUB_R1,2027,2027,2028,10903741,2759333,PASS,4963,6002,10,20,2,16
XMSSMT-SHA2_20/2_256,PUB_R1,2028,2028,2029,6175981,2567277,PASS,4963,6002,10,20,2,16
XMSSMT-SHA2_20/2_256,PUB_R1,2029,2029,2030,6198537,2545148,PASS,4963,6002,10,20,2,16
XMSSMT-SHA2_20/2_256,PUB_R1,2030,2030,2031,6183648,2624834,PASS,4963,6002,10,20,2,16
XMSSMT-SHA2_20/2_256,PUB_R1,2031,2031,2032,16061611,2530389,PASS,4963,6002,10,20,2,16
XMSSMT-SHA2_20/2_256,PUB_R1,2032,2032,2033,10803500,2854444,PASS,4963,6002,10,20,2,16
XMSSMT-SHA2_20/2_256,PUB_R1,2033,2033,2034,6309315,2439092,PASS,4963,6002,10,20,2,16
XMSSMT-SHA2_20/2_256,PUB_R1,2034,2034,2035,6160352,2565371,PASS,4963,6002,10,20,2,16
XMSSMT-SHA2_20/2_256,PUB_R1,2035,2035,2036,11070704,2683130,PASS,4963,6002,10,20,2,16
XMSSMT-SHA2_20/2_256,PUB_R1,2036,2036,2037,6102889,2644296,PASS,4963,6002,10,20,2,16
XMSSMT-SHA2_20/2_256,PUB_R1,2037,2037,2038,6192518,2609704,PASS,4963,6002,10,20,2,16
XMSSMT-SHA2_20/2_256,PUB_R1,2038,2038,2039,6060315,2716741,PASS,4963,6002,10,20,2,16
XMSSMT-SHA2_20/2_256,PUB_R1,2039,2039,2040,10936648,2813593,PASS,4963,6002,10,20,2,16
XMSSMT-SHA2_20/2_256,PUB_R1,2040,2040,2041,6102500,2680815,PASS,4963,6002,10,20,2,16
XMSSMT-SHA2_20/2_256,PUB_R1,2041,2041,2042,6168704,2612222,PASS,4963,6002,10,20,2,16
XMSSMT-SHA2_20/2_256,PUB_R1,2042,2042,2043,6146870,2651037,PASS,4963,6002,10,20,2,16
XMSSMT-SHA2_20/2_256,PUB_R1,2043,2043,2044,6198537,2583185,PASS,4963,6002,10,20,2,16
XMSSMT-SHA2_20/2_256,PUB_R1,2044,2044,2045,6149018,2644741,PASS,4963,6002,10,20,2,16
XMSSMT-SHA2_20/2_256,PUB_R1,2045,2045,2046,3696889,2613370,PASS,4963,6002,10,20,2,16
XMSSMT-SHA2_20/2_256,PUB_R1,2046,2046,2047,6202722,2579796,PASS,4963,6002,10,20,2,16
XMSSMT-SHA2_20/2_256,PUB_R1,2047,2047,2048,7306334,2713630,PASS,4963,6002,10,20,2,16
XMSSMT-SHA2_20/2_256,PUB_R1,2048,2048,2049,5996222,2733074,PASS,4963,6002,10,20,2,16
XMSSMT-SHA2_20/2_256,PUB_R1,2049,2049,2050,6223574,2524723,PASS,4963,6002,10,20,2,16
XMSSMT-SHA2_20/2_256,PUB_R1,2050,2050,2051,6191593,2545334,PASS,4963,6002,10,20,2,16
XMSSMT-SHA2_20/2_256,PUB_R1,2051,2051,2052,11026759,2677297,PASS,4963,6002,10,20,2,16
XMSSMT-SHA2_20/2_256,PUB_R1,2052,2052,2053,6086963,2644297,PASS,4963,6002,10,20,2,16
XMSSMT-SHA2_20/2_256,PUB_R1,2053,2053,2054,6114963,2644370,PASS,4963,6002,10,20,2,16
XMSSMT-SHA2_20/2_256,PUB_R1,2054,2054,2055,6073277,2639963,PASS,4963,6002,10,20,2,16
XMSSMT-SHA2_20/2_256,PUB_R1,2055,2055,2056,16079370,2582759,PASS,4963,6002,10,20,2,16
XMSSMT-SHA2_20/2_256,PUB_R1,2056,2056,2057,10920463,2777241,PASS,4963,6002,10,20,2,16
XMSSMT-SHA2_20/2_256,PUB_R1,2057,2057,2058,6240778,2509778,PASS,4963,6002,10,20,2,16
XMSSMT-SHA2_20/2_256,PUB_R1,2058,2058,2059,6150759,2581241,PASS,4963,6002,10,20,2,16
XMSSMT-SHA2_20/2_256,PUB_R1,2059,2059,2060,11101278,2611777,PASS,4963,6002,10,20,2,16
XMSSMT-SHA2_20/2_256,PUB_R1,2060,2060,2061,6132500,2610130,PASS,4963,6002,10,20,2,16
XMSSMT-SHA2_20/2_256,PUB_R1,2061,2061,2062,6166037,2580852,PASS,4963,6002,10,20,2,16
XMSSMT-SHA2_20/2_256,PUB_R1,2062,2062,2063,6132370,2607259,PASS,4963,6002,10,20,2,16
XMSSMT-SHA2_20/2_256,PUB_R1,2063,2063,2064,15986093,2683241,PASS,4963,6002,10,20,2,16
XMSSMT-SHA2_20/2_256,PUB_R1,2064,2064,2065,18434111,2646852,PASS,4963,6002,10,20,2,16
XMSSMT-SHA2_20/2_256,PUB_R1,2065,2065,2066,16019500,2648944,PASS,4963,6002,10,20,2,16
XMSSMT-SHA2_20/2_256,PUB_R1,2066,2066,2067,8656167,2577778,PASS,4963,6002,10,20,2,16
XMSSMT-SHA2_20/2_256,PUB_R1,2067,2067,2068,11096259,2612463,PASS,4963,6002,10,20,2,16
XMSSMT-SHA2_20/2_256,PUB_R1,2068,2068,2069,6083648,2640686,PASS,4963,6002,10,20,2,16
XMSSMT-SHA2_20/2_256,PUB_R1,2069,2069,2070,5988352,2776537,PASS,4963,6002,10,20,2,16
XMSSMT-SHA2_20/2_256,PUB_R1,2070,2070,2071,6156260,2587111,PASS,4963,6002,10,20,2,16
XMSSMT-SHA2_20/2_256,PUB_R1,2071,2071,2072,15983203,2681000,PASS,4963,6002,10,20,2,16
XMSSMT-SHA2_20/2_256,PUB_R1,2072,2072,2073,11144482,2547593,PASS,4963,6002,10,20,2,16
XMSSMT-SHA2_20/2_256,PUB_R1,2073,2073,2074,6116759,2646111,PASS,4963,6002,10,20,2,16
XMSSMT-SHA2_20/2_256,PUB_R1,2074,2074,2075,6050649,2683703,PASS,4963,6002,10,20,2,16
XMSSMT-SHA2_20/2_256,PUB_R1,2075,2075,2076,11275314,2449482,PASS,4963,6002,10,20,2,16
XMSSMT-SHA2_20/2_256,PUB_R1,2076,2076,2077,6203000,2584444,PASS,4963,6002,10,20,2,16
XMSSMT-SHA2_20/2_256,PUB_R1,2077,2077,2078,6057111,2676074,PASS,4963,6002,10,20,2,16
XMSSMT-SHA2_20/2_256,PUB_R1,2078,2078,2079,6147185,2612575,PASS,4963,6002,10,20,2,16
XMSSMT-SHA2_20/2_256,PUB_R1,2079,2079,2080,16062815,2616055,PASS,4963,6002,10,20,2,16
XMSSMT-SHA2_20/2_256,PUB_R1,2080,2080,2081,18457667,2683648,PASS,4963,6002,10,20,2,16
XMSSMT-SHA2_20/2_256,PUB_R1,2081,2081,2082,15984481,2680852,PASS,4963,6002,10,20,2,16
XMSSMT-SHA2_20/2_256,PUB_R1,2082,2082,2083,18493981,2665278,PASS,4963,6002,10,20,2,16
XMSSMT-SHA2_20/2_256,PUB_R1,2083,2083,2084,15892482,2786797,PASS,4963,6002,10,20,2,16
XMSSMT-SHA2_20/2_256,PUB_R1,2084,2084,2085,18376463,2751019,PASS,4963,6002,10,20,2,16
XMSSMT-SHA2_20/2_256,PUB_R1,2085,2085,2086,15949648,2756259,PASS,4963,6002,10,20,2,16
XMSSMT-SHA2_20/2_256,PUB_R1,2086,2086,2087,8636074,2612778,PASS,4963,6002,10,20,2,16
XMSSMT-SHA2_20/2_256,PUB_R1,2087,2087,2088,16043148,2615851,PASS,4963,6002,10,20,2,16
XMSSMT-SHA2_20/2_256,PUB_R1,2088,2088,2089,11221185,2439797,PASS,4963,6002,10,20,2,16
XMSSMT-SHA2_20/2_256,PUB_R1,2089,2089,2090,6183445,2494759,PASS,4963,6002,10,20,2,16
XMSSMT-SHA2_20/2_256,PUB_R1,2090,2090,2091,6154018,2530241,PASS,4963,6002,10,20,2,16
XMSSMT-SHA2_20/2_256,PUB_R1,2091,2091,2092,11088592,2531723,PASS,4963,6002,10,20,2,16
XMSSMT-SHA2_20/2_256,PUB_R1,2092,2092,2093,5901129,2754575,PASS,4963,6002,10,20,2,16
XMSSMT-SHA2_20/2_256,PUB_R1,2093,2093,2094,6164685,2531167,PASS,4963,6002,10,20,2,16
XMSSMT-SHA2_20/2_256,PUB_R1,2094,2094,2095,5882222,2792889,PASS,4963,6002,10,20,2,16
XMSSMT-SHA2_20/2_256,PUB_R1,2095,2095,2096,15781926,2759593,PASS,4963,6002,10,20,2,16
XMSSMT-SHA2_20/2_256,PUB_R1,2096,2096,2097,18334463,2628593,PASS,4963,6002,10,20,2,16
XMSSMT-SHA2_20/2_256,PUB_R1,2097,2097,2098,15870908,2660185,PASS,4963,6002,10,20,2,16
XMSSMT-SHA2_20/2_256,PUB_R1,2098,2098,2099,8468518,2661537,PASS,4963,6002,10,20,2,16
XMSSMT-SHA2_20/2_256,PUB_R1,2099,2099,2100,10879760,2726518,PASS,4963,6002,10,20,2,16
XMSSMT-SHA2_20/2_256,PUB_R1,2100,2100,2101,6107445,2557000,PASS,4963,6002,10,20,2,16
XMSSMT-SHA2_20/2_256,PUB_R1,2101,2101,2102,6152815,2529926,PASS,4963,6002,10,20,2,16
XMSSMT-SHA2_20/2_256,PUB_R1,2102,2102,2103,6101630,2563037,PASS,4963,6002,10,20,2,16
XMSSMT-SHA2_20/2_256,PUB_R1,2103,2103,2104,15905240,2626834,PASS,4963,6002,10,20,2,16
XMSSMT-SHA2_20/2_256,PUB_R1,2104,2104,2105,10813296,2765426,PASS,4963,6002,10,20,2,16
XMSSMT-SHA2_20/2_256,PUB_R1,2105,2105,2106,6202926,2500278,PASS,4963,6002,10,20,2,16
XMSSMT-SHA2_20/2_256,PUB_R1,2106,2106,2107,6057778,2626963,PASS,4963,6002,10,20,2,16
XMSSMT-SHA2_20/2_256,PUB_R1,2107,2107,2108,11111166,2503426,PASS,4963,6002,10,20,2,16
XMSSMT-SHA2_20/2_256,PUB_R1,2108,2108,2109,6093796,2594204,PASS,4963,6002,10,20,2,16
XMSSMT-SHA2_20/2_256,PUB_R1,2109,2109,2110,6052148,2628204,PASS,4963,6002,10,20,2,16
XMSSMT-SHA2_20/2_256,PUB_R1,2110,2110,2111,6073426,2627333,PASS,4963,6002,10,20,2,16
XMSSMT-SHA2_20/2_256,PUB_R1,2111,2111,2112,15988259,2566463,PASS,4963,6002,10,20,2,16
XMSSMT-SHA2_20/2_256,PUB_R1,2112,2112,2113,18338944,2666981,PASS,4963,6002,10,20,2,16
XMSSMT-SHA2_20/2_256,PUB_R1,2113,2113,2114,15888685,2674204,PASS,4963,6002,10,20,2,16
XMSSMT-SHA2_20/2_256,PUB_R1,2114,2114,2115,18339630,2661778,PASS,4963,6002,10,20,2,16
XMSSMT-SHA2_20/2_256,PUB_R1,2115,2115,2116,15639407,2930500,PASS,4963,6002,10,20,2,16
XMSSMT-SHA2_20/2_256,PUB_R1,2116,2116,2117,18455592,2590833,PASS,4963,6002,10,20,2,16
XMSSMT-SHA2_20/2_256,PUB_R1,2117,2117,2118,15855334,2816760,PASS,4963,6002,10,20,2,16
XMSSMT-SHA2_20/2_256,PUB_R1,2118,2118,2119,18570426,2592611,PASS,4963,6002,10,20,2,16
XMSSMT-SHA2_20/2_256,PUB_R1,2119,2119,2120,15838093,2853778,PASS,4963,6002,10,20,2,16
XMSSMT-SHA2_20/2_256,PUB_R1,2120,2120,2121,18374111,2748556,PASS,4963,6002,10,20,2,16
XMSSMT-SHA2_20/2_256,PUB_R1,2121,2121,2122,15884148,2782537,PASS,4963,6002,10,20,2,16
XMSSMT-SHA2_20/2_256,PUB_R1,2122,2122,2123,18541852,2582352,PASS,4963,6002,10,20,2,16
XMSSMT-SHA2_20/2_256,PUB_R1,2123,2123,2124,16022777,2669093,PASS,4963,6002,10,20,2,16
XMSSMT-SHA2_20/2_256,PUB_R1,2124,2124,2125,18492371,2633055,PASS,4963,6002,10,20,2,16
XMSSMT-SHA2_20/2_256,PUB_R1,2125,2125,2126,16004630,2644963,PASS,4963,6002,10,20,2,16
XMSSMT-SHA2_20/2_256,PUB_R1,2126,2126,2127,18659445,2482851,PASS,4963,6002,10,20,2,16
XMSSMT-SHA2_20/2_256,PUB_R1,2127,2127,2128,16015963,2647537,PASS,4963,6002,10,20,2,16
XMSSMT-SHA2_20/2_256,PUB_R1,2128,2128,2129,18432926,2706815,PASS,4963,6002,10,20,2,16
XMSSMT-SHA2_20/2_256,PUB_R1,2129,2129,2130,15988074,2646778,PASS,4963,6002,10,20,2,16
XMSSMT-SHA2_20/2_256,PUB_R1,2130,2130,2131,8602222,2610889,PASS,4963,6002,10,20,2,16
XMSSMT-SHA2_20/2_256,PUB_R1,2131,2131,2132,11115593,2581537,PASS,4963,6002,10,20,2,16
XMSSMT-SHA2_20/2_256,PUB_R1,2132,2132,2133,6273593,2502741,PASS,4963,6002,10,20,2,16
XMSSMT-SHA2_20/2_256,PUB_R1,2133,2133,2134,6153685,2617667,PASS,4963,6002,10,20,2,16
XMSSMT-SHA2_20/2_256,PUB_R1,2134,2134,2135,6203889,2593925,PASS,4963,6002,10,20,2,16
XMSSMT-SHA2_20/2_256,PUB_R1,2135,2135,2136,16015870,2645333,PASS,4963,6002,10,20,2,16
XMSSMT-SHA2_20/2_256,PUB_R1,2136,2136,2137,11202907,2518889,PASS,4963,6002,10,20,2,16
XMSSMT-SHA2_20/2_256,PUB_R1,2137,2137,2138,6109593,2647166,PASS,4963,6002,10,20,2,16
XMSSMT-SHA2_20/2_256,PUB_R1,2138,2138,2139,6070741,2689333,PASS,4963,6002,10,20,2,16
XMSSMT-SHA2_20/2_256,PUB_R1,2139,2139,2140,11091130,2618722,PASS,4963,6002,10,20,2,16
XMSSMT-SHA2_20/2_256,PUB_R1,2140,2140,2141,6082426,2673796,PASS,4963,6002,10,20,2,16
XMSSMT-SHA2_20/2_256,PUB_R1,2141,2141,2142,6199056,2559055,PASS,4963,6002,10,20,2,16
XMSSMT-SHA2_20/2_256,PUB_R1,2142,2142,2143,5928389,2807611,PASS,4963,6002,10,20,2,16
XMSSMT-SHA2_20/2_256,PUB_R1,2143,2143,2144,16202833,2482259,PASS,4963,6002,10,20,2,16
XMSSMT-SHA2_20/2_256,PUB_R1,2144,2144,2145,18636463,2548444,PASS,4963,6002,10,20,2,16
XMSSMT-SHA2_20/2_256,PUB_R1,2145,2145,2146,15935092,2751074,PASS,4963,6002,10,20,2,16
XMSSMT-SHA2_20/2_256,PUB_R1,2146,2146,2147,18542833,2617092,PASS,4963,6002,10,20,2,16
XMSSMT-SHA2_20/2_256,PUB_R1,2147,2147,2148,15867166,2815204,PASS,4963,6002,10,20,2,16
XMSSMT-SHA2_20/2_256,PUB_R1,2148,2148,2149,18649426,2521389,PASS,4963,6002,10,20,2,16
XMSSMT-SHA2_20/2_256,PUB_R1,2149,2149,2150,16023759,2653518,PASS,4963,6002,10,20,2,16
XMSSMT-SHA2_20/2_256,PUB_R1,2150,2150,2151,8629278,2606870,PASS,4963,6002,10,20,2,16
XMSSMT-SHA2_20/2_256,PUB_R1,2151,2151,2152,16190519,2488296,PASS,4963,6002,10,20,2,16
XMSSMT-SHA2_20/2_256,PUB_R1,2152,2152,2153,11235518,2483796,PASS,4963,6002,10,20,2,16
XMSSMT-SHA2_20/2_256,PUB_R1,2153,2153,2154,6239518,2514778,PASS,4963,6002,10,20,2,16
XMSSMT-SHA2_20/2_256,PUB_R1,2154,2154,2155,6352500,2418371,PASS,4963,6002,10,20,2,16
XMSSMT-SHA2_20/2_256,PUB_R1,2155,2155,2156,10966278,2763759,PASS,4963,6002,10,20,2,16
XMSSMT-SHA2_20/2_256,PUB_R1,2156,2156,2157,6069333,2680056,PASS,4963,6002,10,20,2,16
XMSSMT-SHA2_20/2_256,PUB_R1,2157,2157,2158,6097296,2679852,PASS,4963,6002,10,20,2,16
XMSSMT-SHA2_20/2_256,PUB_R1,2158,2158,2159,6094556,2671703,PASS,4963,6002,10,20,2,16
XMSSMT-SHA2_20/2_256,PUB_R1,2159,2159,2160,16017426,2530685,PASS,4963,6002,10,20,2,16
XMSSMT-SHA2_20/2_256,PUB_R1,2160,2160,2161,18454148,2534704,PASS,4963,6002,10,20,2,16
XMSSMT-SHA2_20/2_256,PUB_R1,2161,2161,2162,16016185,2533148,PASS,4963,6002,10,20,2,16
XMSSMT-SHA2_20/2_256,PUB_R1,2162,2162,2163,8491796,2667519,PASS,4963,6002,10,20,2,16
XMSSMT-SHA2_20/2_256,PUB_R1,2163,2163,2164,10873019,2728834,PASS,4963,6002,10,20,2,16
XMSSMT-SHA2_20/2_256,PUB_R1,2164,2164,2165,6024426,2664518,PASS,4963,6002,10,20,2,16
XMSSMT-SHA2_20/2_256,PUB_R1,2165,2165,2166,6074426,2597611,PASS,4963,6002,10,20,2,16
XMSSMT-SHA2_20/2_256,PUB_R1,2166,2166,2167,6043407,2632389,PASS,4963,6002,10,20,2,16
XMSSMT-SHA2_20/2_256,PUB_R1,2167,2167,2168,15905981,2630815,PASS,4963,6002,10,20,2,16
XMSSMT-SHA2_20/2_256,PUB_R1,2168,2168,2169,11049500,2566611,PASS,4963,6002,10,20,2,16
XMSSMT-SHA2_20/2_256,PUB_R1,2169,2169,2170,6190667,2500870,PASS,4963,6002,10,20,2,16
XMSSMT-SHA2_20/2_256,PUB_R1,2170,2170,2171,6052593,2632778,PASS,4963,6002,10,20,2,16
XMSSMT-SHA2_20/2_256,PUB_R1,2171,2171,2172,10959500,2668019,PASS,4963,6002,10,20,2,16
XMSSMT-SHA2_20/2_256,PUB_R1,2172,2172,2173,6054778,2630056,PASS,4963,6002,10,20,2,16
XMSSMT-SHA2_20/2_256,PUB_R1,2173,2173,2174,5969741,2735518,PASS,4963,6002,10,20,2,16
XMSSMT-SHA2_20/2_256,PUB_R1,2174,2174,2175,6038500,2665315,PASS,4963,6002,10,20,2,16
XMSSMT-SHA2_20/2_256,PUB_R1,2175,2175,2176,15905889,2673945,PASS,4963,6002,10,20,2,16
XMSSMT-SHA2_20/2_256,PUB_R1,2176,2176,2177,18535982,2501166,PASS,4963,6002,10,20,2,16
XMSSMT-SHA2_20/2_256,PUB_R1,2177,2177,2178,15990037,2569555,PASS,4963,6002,10,20,2,16
XMSSMT-SHA2_20/2_256,PUB_R1,2178,2178,2179,18264574,2735278,PASS,4963,6002,10,20,2,16
XMSSMT-SHA2_20/2_256,PUB_R1,2179,2179,2180,16042037,2504388,PASS,4963,6002,10,20,2,16
XMSSMT-SHA2_20/2_256,PUB_R1,2180,2180,2181,18385148,2643352,PASS,4963,6002,10,20,2,16
XMSSMT-SHA2_20/2_256,PUB_R1,2181,2181,2182,15964815,2568203,PASS,4963,6002,10,20,2,16
XMSSMT-SHA2_20/2_256,PUB_R1,2182,2182,2183,18399408,2634482,PASS,4963,6002,10,20,2,16
XMSSMT-SHA2_20/2_256,PUB_R1,2183,2183,2184,15931760,2630481,PASS,4963,6002,10,20,2,16
XMSSMT-SHA2_20/2_256,PUB_R1,2184,2184,2185,18594445,2554240,PASS,4963,6002,10,20,2,16
XMSSMT-SHA2_20/2_256,PUB_R1,2185,2185,2186,16174518,2483852,PASS,4963,6002,10,20,2,16
XMSSMT-SHA2_20/2_256,PUB_R1,2186,2186,2187,18644871,2530778,PASS,4963,6002,10,20,2,16
XMSSMT-SHA2_20/2_256,PUB_R1,2187,2187,2188,16169203,2483463,PASS,4963,6002,10,20,2,16
XMSSMT-SHA2_20/2_256,PUB_R1,2188,2188,2189,18549500,2583130,PASS,4963,6002,10,20,2,16
XMSSMT-SHA2_20/2_256,PUB_R1,2189,2189,2190,15863648,2815611,PASS,4963,6002,10,20,2,16
XMSSMT-SHA2_20/2_256,PUB_R1,2190,2190,2191,18428278,2753074,PASS,4963,6002,10,20,2,16
XMSSMT-SHA2_20/2_256,PUB_R1,2191,2191,2192,15898982,2785982,PASS,4963,6002,10,20,2,16
XMSSMT-SHA2_20/2_256,PUB_R1,2192,2192,2193,18518481,2653315,PASS,4963,6002,10,20,2,16
XMSSMT-SHA2_20/2_256,PUB_R1,2193,2193,2194,16091612,2584426,PASS,4963,6002,10,20,2,16
XMSSMT-SHA2_20/2_256,PUB_R1,2194,2194,2195,18568241,2587686,PASS,4963,6002,10,20,2,16
XMSSMT-SHA2_20/2_256,PUB_R1,2195,2195,2196,16096945,2584352,PASS,4963,6002,10,20,2,16
XMSSMT-SHA2_20/2_256,PUB_R1,2196,2196,2197,18563092,2589963,PASS,4963,6002,10,20,2,16
XMSSMT-SHA2_20/2_256,PUB_R1,2197,2197,2198,15925074,2750408,PASS,4963,6002,10,20,2,16
XMSSMT-SHA2_20/2_256,PUB_R1,2198,2198,2199,18444445,2682741,PASS,4963,6002,10,20,2,16
XMSSMT-SHA2_20/2_256,PUB_R1,2199,2199,2200,16019315,2647518,PASS,4963,6002,10,20,2,16
XMSSMT-SHA2_20/2_256,PUB_R1,2200,2200,2201,18586797,2549907,PASS,4963,6002,10,20,2,16
XMSSMT-SHA2_20/2_256,PUB_R1,2201,2201,2202,16053537,2621741,PASS,4963,6002,10,20,2,16
XMSSMT-SHA2_20/2_256,PUB_R1,2202,2202,2203,18547852,2616426,PASS,4963,6002,10,20,2,16
XMSSMT-SHA2_20/2_256,PUB_R1,2203,2203,2204,16099815,2585852,PASS,4963,6002,10,20,2,16
XMSSMT-SHA2_20/2_256,PUB_R1,2204,2204,2205,18436074,2681611,PASS,4963,6002,10,20,2,16
XMSSMT-SHA2_20/2_256,PUB_R1,2205,2205,2206,16137852,2584519,PASS,4963,6002,10,20,2,16
XMSSMT-SHA2_20/2_256,PUB_R1,2206,2206,2207,18597019,2552667,PASS,4963,6002,10,20,2,16
XMSSMT-SHA2_20/2_256,PUB_R1,2207,2207,2208,16096204,2595333,PASS,4963,6002,10,20,2,16
XMSSMT-SHA2_20/2_256,PUB_R1,2208,2208,2209,18510333,2650722,PASS,4963,6002,10,20,2,16
XMSSMT-SHA2_20/2_256,PUB_R1,2209,2209,2210,16077648,2621000,PASS,4963,6002,10,20,2,16
XMSSMT-SHA2_20/2_256,PUB_R1,2210,2210,2211,18507833,2648815,PASS,4963,6002,10,20,2,16
XMSSMT-SHA2_20/2_256,PUB_R1,2211,2211,2212,15895981,2785333,PASS,4963,6002,10,20,2,16
XMSSMT-SHA2_20/2_256,PUB_R1,2212,2212,2213,18508407,2649630,PASS,4963,6002,10,20,2,16
XMSSMT-SHA2_20/2_256,PUB_R1,2213,2213,2214,15890074,2785704,PASS,4963,6002,10,20,2,16
XMSSMT-SHA2_20/2_256,PUB_R1,2214,2214,2215,18368926,2782444,PASS,4963,6002,10,20,2,16
XMSSMT-SHA2_20/2_256,PUB_R1,2215,2215,2216,15998926,2685111,PASS,4963,6002,10,20,2,16
XMSSMT-SHA2_20/2_256,PUB_R1,2216,2216,2217,18545352,2532667,PASS,4963,6002,10,20,2,16
XMSSMT-SHA2_20/2_256,PUB_R1,2217,2217,2218,15971685,2562482,PASS,4963,6002,10,20,2,16
XMSSMT-SHA2_20/2_256,PUB_R1,2218,2218,2219,18184870,2832666,PASS,4963,6002,10,20,2,16
XMSSMT-SHA2_20/2_256,PUB_R1,2219,2219,2220,11089112,2530648,PASS,4963,6002,10,20,2,16
XMSSMT-SHA2_20/2_256,PUB_R1,2220,2220,2221,6090334,2598500,PASS,4963,6002,10,20,2,16
XMSSMT-SHA2_20/2_256,PUB_R1,2221,2221,2222,6196148,2495889,PASS,4963,6002,10,20,2,16
XMSSMT-SHA2_20/2_256,PUB_R1,2222,2222,2223,5845722,2828408,PASS,4963,6002,10,20,2,16
XMSSMT-SHA2_20/2_256,PUB_R1,2223,2223,2224,15890889,2634074,PASS,4963,6002,10,20,2,16
XMSSMT-SHA2_20/2_256,PUB_R1,2224,2224,2225,18348463,2633463,PASS,4963,6002,10,20,2,16
XMSSMT-SHA2_20/2_256,PUB_R1,2225,2225,2226,15802519,2727704,PASS,4963,6002,10,20,2,16
XMSSMT-SHA2_20/2_256,PUB_R1,2226,2226,2227,8627926,2531129,PASS,4963,6002,10,20,2,16
XMSSMT-SHA2_20/2_256,PUB_R1,2227,2227,2228,11013704,2598741,PASS,4963,6002,10,20,2,16
XMSSMT-SHA2_20/2_256,PUB_R1,2228,2228,2229,6081740,2612815,PASS,4963,6002,10,20,2,16
XMSSMT-SHA2_20/2_256,PUB_R1,2229,2229,2230,6022463,2660870,PASS,4963,6002,10,20,2,16
XMSSMT-SHA2_20/2_256,PUB_R1,2230,2230,2231,6070278,2625907,PASS,4963,6002,10,20,2,16
XMSSMT-SHA2_20/2_256,PUB_R1,2231,2231,2232,15897723,2671629,PASS,4963,6002,10,20,2,16
XMSSMT-SHA2_20/2_256,PUB_R1,2232,2232,2233,11038056,2600667,PASS,4963,6002,10,20,2,16
XMSSMT-SHA2_20/2_256,PUB_R1,2233,2233,2234,6107222,2596537,PASS,4963,6002,10,20,2,16
XMSSMT-SHA2_20/2_256,PUB_R1,2234,2234,2235,5933944,2772723,PASS,4963,6002,10,20,2,16
XMSSMT-SHA2_20/2_256,PUB_R1,2235,2235,2236,10986371,2640407,PASS,4963,6002,10,20,2,16
XMSSMT-SHA2_20/2_256,PUB_R1,2236,2236,2237,6059351,2663759,PASS,4963,6002,10,20,2,16
XMSSMT-SHA2_20/2_256,PUB_R1,2237,2237,2238,6030574,2662371,PASS,4963,6002,10,20,2,16
XMSSMT-SHA2_20/2_256,PUB_R1,2238,2238,2239,6047611,2663593,PASS,4963,6002,10,20,2,16
XMSSMT-SHA2_20/2_256,PUB_R1,2239,2239,2240,16000111,2565629,PASS,4963,6002,10,20,2,16
XMSSMT-SHA2_20/2_256,PUB_R1,2240,2240,2241,18537778,2465351,PASS,4963,6002,10,20,2,16
XMSSMT-SHA2_20/2_256,PUB_R1,2241,2241,2242,15876130,2675630,PASS,4963,6002,10,20,2,16
XMSSMT-SHA2_20/2_256,PUB_R1,2242,2242,2243,18458111,2567185,PASS,4963,6002,10,20,2,16
XMSSMT-SHA2_20/2_256,PUB_R1,2243,2243,2244,15911148,2726259,PASS,4963,6002,10,20,2,16
XMSSMT-SHA2_20/2_256,PUB_R1,2244,2244,2245,18797278,2351185,PASS,4963,6002,10,20,2,16
XMSSMT-SHA2_20/2_256,PUB_R1,2245,2245,2246,16038518,2620908,PASS,4963,6002,10,20,2,16
XMSSMT-SHA2_20/2_256,PUB_R1,2246,2246,2247,18371352,2779259,PASS,4963,6002,10,20,2,16
XMSSMT-SHA2_20/2_256,PUB_R1,2247,2247,2248,16158908,2482166,PASS,4963,6002,10,20,2,16
XMSSMT-SHA2_20/2_256,PUB_R1,2248,2248,2249,18483445,2647704,PASS,4963,6002,10,20,2,16
XMSSMT-SHA2_20/2_256,PUB_R1,2249,2249,2250,16138500,2512056,PASS,4963,6002,10,20,2,16
XMSSMT-SHA2_20/2_256,PUB_R1,2250,2250,2251,18492037,2685426,PASS,4963,6002,10,20,2,16
XMSSMT-SHA2_20/2_256,PUB_R1,2251,2251,2252,16091649,2597092,PASS,4963,6002,10,20,2,16
XMSSMT-SHA2_20/2_256,PUB_R1,2252,2252,2253,18456426,2642889,PASS,4963,6002,10,20,2,16
XMSSMT-SHA2_20/2_256,PUB_R1,2253,2253,2254,15911130,2747815,PASS,4963,6002,10,20,2,16
XMSSMT-SHA2_20/2_256,PUB_R1,2254,2254,2255,18452333,2681723,PASS,4963,6002,10,20,2,16
XMSSMT-SHA2_20/2_256,PUB_R1,2255,2255,2256,16072630,2583074,PASS,4963,6002,10,20,2,16
XMSSMT-SHA2_20/2_256,PUB_R1,2256,2256,2257,18503574,2634852,PASS,4963,6002,10,20,2,16
XMSSMT-SHA2_20/2_256,PUB_R1,2257,2257,2258,15921889,2750111,PASS,4963,6002,10,20,2,16
XMSSMT-SHA2_20/2_256,PUB_R1,2258,2258,2259,8462222,2761037,PASS,4963,6002,10,20,2,16
XMSSMT-SHA2_20/2_256,PUB_R1,2259,2259,2260,10893129,2813537,PASS,4963,6002,10,20,2,16
XMSSMT-SHA2_20/2_256,PUB_R1,2260,2260,2261,6208185,2547704,PASS,4963,6002,10,20,2,16
XMSSMT-SHA2_20/2_256,PUB_R1,2261,2261,2262,6009260,2744870,PASS,4963,6002,10,20,2,16
XMSSMT-SHA2_20/2_256,PUB_R1,2262,2262,2263,6246314,2518297,PASS,4963,6002,10,20,2,16
XMSSMT-SHA2_20/2_256,PUB_R1,2263,2263,2264,16068722,2617019,PASS,4963,6002,10,20,2,16
XMSSMT-SHA2_20/2_256,PUB_R1,2264,2264,2265,11140666,2588870,PASS,4963,6002,10,20,2,16
XMSSMT-SHA2_20/2_256,PUB_R1,2265,2265,2266,6275537,2484481,PASS,4963,6002,10,20,2,16
XMSSMT-SHA2_20/2_256,PUB_R1,2266,2266,2267,6148667,2613463,PASS,4963,6002,10,20,2,16
XMSSMT-SHA2_20/2_256,PUB_R1,2267,2267,2268,11320537,2417333,PASS,4963,6002,10,20,2,16
XMSSMT-SHA2_20/2_256,PUB_R1,2268,2268,2269,6121537,2610722,PASS,4963,6002,10,20,2,16
XMSSMT-SHA2_20/2_256,PUB_R1,2269,2269,2270,6181907,2584648,PASS,4963,6002,10,20,2,16
XMSSMT-SHA2_20/2_256,PUB_R1,2270,2270,2271,5930333,2815074,PASS,4963,6002,10,20,2,16
XMSSMT-SHA2_20/2_256,PUB_R1,2271,2271,2272,16128519,2554278,PASS,4963,6002,10,20,2,16
XMSSMT-SHA2_20/2_256,PUB_R1,2272,2272,2273,18587203,2563278,PASS,4963,6002,10,20,2,16
XMSSMT-SHA2_20/2_256,PUB_R1,2273,2273,2274,16098407,2583704,PASS,4963,6002,10,20,2,16
XMSSMT-SHA2_20/2_256,PUB_R1,2274,2274,2275,18598629,2557537,PASS,4963,6002,10,20,2,16
XMSSMT-SHA2_20/2_256,PUB_R1,2275,2275,2276,16063130,2618148,PASS,4963,6002,10,20,2,16
XMSSMT-SHA2_20/2_256,PUB_R1,2276,2276,2277,18548907,2595852,PASS,4963,6002,10,20,2,16
XMSSMT-SHA2_20/2_256,PUB_R1,2277,2277,2278,16030204,2666093,PASS,4963,6002,10,20,2,16
XMSSMT-SHA2_20/2_256,PUB_R1,2278,2278,2279,8388408,2841574,PASS,4963,6002,10,20,2,16
XMSSMT-SHA2_20/2_256,PUB_R1,2279,2279,2280,16075315,2584871,PASS,4963,6002,10,20,2,16
XMSSMT-SHA2_20/2_256,PUB_R1,2280,2280,2281,11011574,2677833,PASS,4963,6002,10,20,2,16
XMSSMT-SHA2_20/2_256,PUB_R1,2281,2281,2282,6133722,2613129,PASS,4963,6002,10,20,2,16
XMSSMT-SHA2_20/2_256,PUB_R1,2282,2282,2283,6052389,2679889,PASS,4963,6002,10,20,2,16
XMSSMT-SHA2_20/2_256,PUB_R1,2283,2283,2284,10941519,2739056,PASS,4963,6002,10,20,2,16
XMSSMT-SHA2_20/2_256,PUB_R1,2284,2284,2285,6268407,2464277,PASS,4963,6002,10,20,2,16
XMSSMT-SHA2_20/2_256,PUB_R1,2285,2285,2286,6063278,2628333,PASS,4963,6002,10,20,2,16
XMSSMT-SHA2_20/2_256,PUB_R1,2286,2286,2287,6184075,2502630,PASS,4963,6002,10,20,2,16
XMSSMT-SHA2_20/2_256,PUB_R1,2287,2287,2288,15957908,2599352,PASS,4963,6002,10,20,2,16
XMSSMT-SHA2_20/2_256,PUB_R1,2288,2288,2289,18195241,2755407,PASS,4963,6002,10,20,2,16
XMSSMT-SHA2_20/2_256,PUB_R1,2289,2289,2290,15973370,2563519,PASS,4963,6002,10,20,2,16
XMSSMT-SHA2_20/2_256,PUB_R1,2290,2290,2291,8628537,2530870,PASS,4963,6002,10,20,2,16
XMSSMT-SHA2_20/2_256,PUB_R1,2291,2291,2292,10992204,2634111,PASS,4963,6002,10,20,2,16
XMSSMT-SHA2_20/2_256,PUB_R1,2292,2292,2293,5956500,2725685,PASS,4963,6002,10,20,2,16
XMSSMT-SHA2_20/2_256,PUB_R1,2293,2293,2294,6063259,2628797,PASS,4963,6002,10,20,2,16
XMSSMT-SHA2_20/2_256,PUB_R1,2294,2294,2295,6106074,2561130,PASS,4963,6002,10,20,2,16
XMSSMT-SHA2_20/2_256,PUB_R1,2295,2295,2296,16038129,2503278,PASS,4963,6002,10,20,2,16
XMSSMT-SHA2_20/2_256,PUB_R1,2296,2296,2297,10989555,2636463,PASS,4963,6002,10,20,2,16
XMSSMT-SHA2_20/2_256,PUB_R1,2297,2297,2298,5990611,2732056,PASS,4963,6002,10,20,2,16
XMSSMT-SHA2_20/2_256,PUB_R1,2298,2298,2299,5963204,2727352,PASS,4963,6002,10,20,2,16
XMSSMT-SHA2_20/2_256,PUB_R1,2299,2299,2300,10889111,2768166,PASS,4963,6002,10,20,2,16
XMSSMT-SHA2_20/2_256,PUB_R1,2300,2300,2301,6122167,2559093,PASS,4963,6002,10,20,2,16
XMSSMT-SHA2_20/2_256,PUB_R1,2301,2301,2302,6177222,2528426,PASS,4963,6002,10,20,2,16
XMSSMT-SHA2_20/2_256,PUB_R1,2302,2302,2303,6184926,2492852,PASS,4963,6002,10,20,2,16
XMSSMT-SHA2_20/2_256,PUB_R1,2303,2303,2304,16066500,2511185,PASS,4963,6002,10,20,2,16
XMSSMT-SHA2_20/2_256,PUB_R1,2304,2304,2305,18440741,2596351,PASS,4963,6002,10,20,2,16
XMSSMT-SHA2_20/2_256,PUB_R1,2305,2305,2306,16001000,2534203,PASS,4963,6002,10,20,2,16
XMSSMT-SHA2_20/2_256,PUB_R1,2306,2306,2307,18368667,2629723,PASS,4963,6002,10,20,2,16
XMSSMT-SHA2_20/2_256,PUB_R1,2307,2307,2308,15953574,2641259,PASS,4963,6002,10,20,2,16
XMSSMT-SHA2_20/2_256,PUB_R1,2308,2308,2309,18429796,2617074,PASS,4963,6002,10,20,2,16
XMSSMT-SHA2_20/2_256,PUB_R1,2309,2309,2310,15948370,2623500,PASS,4963,6002,10,20,2,16
XMSSMT-SHA2_20/2_256,PUB_R1,2310,2310,2311,18399222,2636778,PASS,4963,6002,10,20,2,16
XMSSMT-SHA2_20/2_256,PUB_R1,2311,2311,2312,16046556,2531500,PASS,4963,6002,10,20,2,16
XMSSMT-SHA2_20/2_256,PUB_R1,2312,2312,2313,18462574,2539463,PASS,4963,6002,10,20,2,16
XMSSMT-SHA2_20/2_256,PUB_R1,2313,2313,2314,15953833,2610852,PASS,4963,6002,10,20,2,16
XMSSMT-SHA2_20/2_256,PUB_R1,2314,2314,2315,18445760,2603981,PASS,4963,6002,10,20,2,16
XMSSMT-SHA2_20/2_256,PUB_R1,2315,2315,2316,15871352,2661815,PASS,4963,6002,10,20,2,16
XMSSMT-SHA2_20/2_256,PUB_R1,2316,2316,2317,18213074,2760629,PASS,4963,6002,10,20,2,16
XMSSMT-SHA2_20/2_256,PUB_R1,2317,2317,2318,15831055,2729148,PASS,4963,6002,10,20,2,16
XMSSMT-SHA2_20/2_256,PUB_R1,2318,2318,2319,18575500,2483537,PASS,4963,6002,10,20,2,16
XMSSMT-SHA2_20/2_256,PUB_R1,2319,2319,2320,15959500,2631889,PASS,4963,6002,10,20,2,16
XMSSMT-SHA2_20/2_256,PUB_R1,2320,2320,2321,18414555,2567019,PASS,4963,6002,10,20,2,16
XMSSMT-SHA2_20/2_256,PUB_R1,2321,2321,2322,15934704,2598722,PASS,4963,6002,10,20,2,16
XMSSMT-SHA2_20/2_256,PUB_R1,2322,2322,2323,18374963,2667648,PASS,4963,6002,10,20,2,16
XMSSMT-SHA2_20/2_256,PUB_R1,2323,2323,2324,15950185,2600000,PASS,4963,6002,10,20,2,16
XMSSMT-SHA2_20/2_256,PUB_R1,2324,2324,2325,18471037,2571630,PASS,4963,6002,10,20,2,16
XMSSMT-SHA2_20/2_256,PUB_R1,2325,2325,2326,15871703,2664408,PASS,4963,6002,10,20,2,16
XMSSMT-SHA2_20/2_256,PUB_R1,2326,2326,2327,18264704,2726555,PASS,4963,6002,10,20,2,16
XMSSMT-SHA2_20/2_256,PUB_R1,2327,2327,2328,15956796,2600407,PASS,4963,6002,10,20,2,16
XMSSMT-SHA2_20/2_256,PUB_R1,2328,2328,2329,18445185,2531870,PASS,4963,6002,10,20,2,16
XMSSMT-SHA2_20/2_256,PUB_R1,2329,2329,2330,15930222,2676296,PASS,4963,6002,10,20,2,16
XMSSMT-SHA2_20/2_256,PUB_R1,2330,2330,2331,18190574,2832685,PASS,4963,6002,10,20,2,16
XMSSMT-SHA2_20/2_256,PUB_R1,2331,2331,2332,16020740,2535000,PASS,4963,6002,10,20,2,16
XMSSMT-SHA2_20/2_256,PUB_R1,2332,2332,2333,18367500,2632371,PASS,4963,6002,10,20,2,16
XMSSMT-SHA2_20/2_256,PUB_R1,2333,2333,2334,15734167,2833926,PASS,4963,6002,10,20,2,16
XMSSMT-SHA2_20/2_256,PUB_R1,2334,2334,2335,18256944,2748574,PASS,4963,6002,10,20,2,16
XMSSMT-SHA2_20/2_256,PUB_R1,2335,2335,2336,15935704,2635723,PASS,4963,6002,10,20,2,16
XMSSMT-SHA2_20/2_256,PUB_R1,2336,2336,2337,18212408,2762518,PASS,4963,6002,10,20,2,16
XMSSMT-SHA2_20/2_256,PUB_R1,2337,2337,2338,15903222,2633482,PASS,4963,6002,10,20,2,16
XMSSMT-SHA2_20/2_256,PUB_R1,2338,2338,2339,18220260,2766148,PASS,4963,6002,10,20,2,16
XMSSMT-SHA2_20/2_256,PUB_R1,2339,2339,2340,16005426,2529926,PASS,4963,6002,10,20,2,16
XMSSMT-SHA2_20/2_256,PUB_R1,2340,2340,2341,18464833,2494537,PASS,4963,6002,10,20,2,16
XMSSMT-SHA2_20/2_256,PUB_R1,2341,2341,2342,15948963,2599722,PASS,4963,6002,10,20,2,16
XMSSMT-SHA2_20/2_256,PUB_R1,2342,2342,2343,18239778,2762074,PASS,4963,6002,10,20,2,16
XMSSMT-SHA2_20/2_256,PUB_R1,2343,2343,2344,15849555,2728055,PASS,4963,6002,10,20,2,16
XMSSMT-SHA2_20/2_256,PUB_R1,2344,2344,2345,18396185,2563778,PASS,4963,6002,10,20,2,16
XMSSMT-SHA2_20/2_256,PUB_R1,2345,2345,2346,15624704,2891130,PASS,4963,6002,10,20,2,16
XMSSMT-SHA2_20/2_256,PUB_R1,2346,2346,2347,18432629,2558500,PASS,4963,6002,10,20,2,16
XMSSMT-SHA2_20/2_256,PUB_R1,2347,2347,2348,15883370,2630500,PASS,4963,6002,10,20,2,16
XMSSMT-SHA2_20/2_256,PUB_R1,2348,2348,2349,18467019,2533888,PASS,4963,6002,10,20,2,16
XMSSMT-SHA2_20/2_256,PUB_R1,2349,2349,2350,15831778,2660944,PASS,4963,6002,10,20,2,16
XMSSMT-SHA2_20/2_256,PUB_R1,2350,2350,2351,18392481,2642445,PASS,4963,6002,10,20,2,16
XMSSMT-SHA2_20/2_256,PUB_R1,2351,2351,2352,15952055,2609482,PASS,4963,6002,10,20,2,16
XMSSMT-SHA2_20/2_256,PUB_R1,2352,2352,2353,18232667,2763037,PASS,4963,6002,10,20,2,16
XMSSMT-SHA2_20/2_256,PUB_R1,2353,2353,2354,15957667,2598000,PASS,4963,6002,10,20,2,16
XMSSMT-SHA2_20/2_256,PUB_R1,2354,2354,2355,18354703,2630611,PASS,4963,6002,10,20,2,16
XMSSMT-SHA2_20/2_256,PUB_R1,2355,2355,2356,15948759,2599797,PASS,4963,6002,10,20,2,16
XMSSMT-SHA2_20/2_256,PUB_R1,2356,2356,2357,18331482,2670148,PASS,4963,6002,10,20,2,16
XMSSMT-SHA2_20/2_256,PUB_R1,2357,2357,2358,16029223,2532537,PASS,4963,6002,10,20,2,16
XMSSMT-SHA2_20/2_256,PUB_R1,2358,2358,2359,18410111,2595407,PASS,4963,6002,10,20,2,16
XMSSMT-SHA2_20/2_256,PUB_R1,2359,2359,2360,16068130,2505259,PASS,4963,6002,10,20,2,16
XMSSMT-SHA2_20/2_256,PUB_R1,2360,2360,2361,18330685,2667778,PASS,4963,6002,10,20,2,16
XMSSMT-SHA2_20/2_256,PUB_R1,2361,2361,2362,15908315,2672926,PASS,4963,6002,10,20,2,16
XMSSMT-SHA2_20/2_256,PUB_R1,2362,2362,2363,18421777,2596982,PASS,4963,6002,10,20,2,16
XMSSMT-SHA2_20/2_256,PUB_R1,2363,2363,2364,15700760,2897537,PASS,4963,6002,10,20,2,16
XMSSMT-SHA2_20/2_256,PUB_R1,2364,2364,2365,18361500,2631778,PASS,4963,6002,10,20,2,16
XMSSMT-SHA2_20/2_256,PUB_R1,2365,2365,2366,15945462,2637389,PASS,4963,6002,10,20,2,16
XMSSMT-SHA2_20/2_256,PUB_R1,2366,2366,2367,18283296,2735667,PASS,4963,6002,10,20,2,16
XMSSMT-SHA2_20/2_256,PUB_R1,2367,2367,2368,15836018,2739371,PASS,4963,6002,10,20,2,16
XMSSMT-SHA2_20/2_256,PUB_R1,2368,2368,2369,18329185,2666889,PASS,4963,6002,10,20,2,16
XMSSMT-SHA2_20/2_256,PUB_R1,2369,2369,2370,16051574,2500445,PASS,4963,6002,10,20,2,16
XMSSMT-SHA2_20/2_256,PUB_R1,2370,2370,2371,18237907,2765093,PASS,4963,6002,10,20,2,16
XMSSMT-SHA2_20/2_256,PUB_R1,2371,2371,2372,15959889,2610445,PASS,4963,6002,10,20,2,16
XMSSMT-SHA2_20/2_256,PUB_R1,2372,2372,2373,18345000,2675019,PASS,4963,6002,10,20,2,16
XMSSMT-SHA2_20/2_256,PUB_R1,2373,2373,2374,15937092,2633574,PASS,4963,6002,10,20,2,16
XMSSMT-SHA2_20/2_256,PUB_R1,2374,2374,2375,18388129,2601055,PASS,4963,6002,10,20,2,16
XMSSMT-SHA2_20/2_256,PUB_R1,2375,2375,2376,15974926,2599278,PASS,4963,6002,10,20,2,16
XMSSMT-SHA2_20/2_256,PUB_R1,2376,2376,2377,18488667,2507574,PASS,4963,6002,10,20,2,16
XMSSMT-SHA2_20/2_256,PUB_R1,2377,2377,2378,15890463,2668055,PASS,4963,6002,10,20,2,16
XMSSMT-SHA2_20/2_256,PUB_R1,2378,2378,2379,18275407,2765685,PASS,4963,6002,10,20,2,16
XMSSMT-SHA2_20/2_256,PUB_R1,2379,2379,2380,15965389,2599815,PASS,4963,6002,10,20,2,16
XMSSMT-SHA2_20/2_256,PUB_R1,2380,2380,2381,18253111,2729538,PASS,4963,6002,10,20,2,16
XMSSMT-SHA2_20/2_256,PUB_R1,2381,2381,2382,15992574,2565537,PASS,4963,6002,10,20,2,16
XMSSMT-SHA2_20/2_256,PUB_R1,2382,2382,2383,18416444,2598296,PASS,4963,6002,10,20,2,16
XMSSMT-SHA2_20/2_256,PUB_R1,2383,2383,2384,15972704,2613871,PASS,4963,6002,10,20,2,16
XMSSMT-SHA2_20/2_256,PUB_R1,2384,2384,2385,18275148,2730278,PASS,4963,6002,10,20,2,16
XMSSMT-SHA2_20/2_256,PUB_R1,2385,2385,2386,16009834,2570037,PASS,4963,6002,10,20,2,16
XMSSMT-SHA2_20/2_256,PUB_R1,2386,2386,2387,18540260,2502130,PASS,4963,6002,10,20,2,16
XMSSMT-SHA2_20/2_256,PUB_R1,2387,2387,2388,15765833,2797259,PASS,4963,6002,10,20,2,16
XMSSMT-SHA2_20/2_256,PUB_R1,2388,2388,2389,18422815,2612148,PASS,4963,6002,10,20,2,16
XMSSMT-SHA2_20/2_256,PUB_R1,2389,2389,2390,15896777,2670796,PASS,4963,6002,10,20,2,16
XMSSMT-SHA2_20/2_256,PUB_R1,2390,2390,2391,18419852,2567556,PASS,4963,6002,10,20,2,16
XMSSMT-SHA2_20/2_256,PUB_R1,2391,2391,2392,15713426,2827334,PASS,4963,6002,10,20,2,16
XMSSMT-SHA2_20/2_256,PUB_R1,2392,2392,2393,18413333,2563129,PASS,4963,6002,10,20,2,16
XMSSMT-SHA2_20/2_256,PUB_R1,2393,2393,2394,15805870,2730426,PASS,4963,6002,10,20,2,16
XMSSMT-SHA2_20/2_256,PUB_R1,2394,2394,2395,18387352,2635278,PASS,4963,6002,10,20,2,16
XMSSMT-SHA2_20/2_256,PUB_R1,2395,2395,2396,15815093,2730037,PASS,4963,6002,10,20,2,16
XMSSMT-SHA2_20/2_256,PUB_R1,2396,2396,2397,18360852,2633426,PASS,4963,6002,10,20,2,16
XMSSMT-SHA2_20/2_256,PUB_R1,2397,2397,2398,15996759,2527500,PASS,4963,6002,10,20,2,16
XMSSMT-SHA2_20/2_256,PUB_R1,2398,2398,2399,18452778,2531000,PASS,4963,6002,10,20,2,16
XMSSMT-SHA2_20/2_256,PUB_R1,2399,2399,2400,15918648,2639130,PASS,4963,6002,10,20,2,16
XMSSMT-SHA2_20/2_256,PUB_R1,2400,2400,2401,18330574,2667019,PASS,4963,6002,10,20,2,16
XMSSMT-SHA2_20/2_256,PUB_R1,2401,2401,2402,15779444,2761555,PASS,4963,6002,10,20,2,16
XMSSMT-SHA2_20/2_256,PUB_R1,2402,2402,2403,18331130,2663259,PASS,4963,6002,10,20,2,16
XMSSMT-SHA2_20/2_256,PUB_R1,2403,2403,2404,15986093,2572426,PASS,4963,6002,10,20,2,16
XMSSMT-SHA2_20/2_256,PUB_R1,2404,2404,2405,18279204,2737852,PASS,4963,6002,10,20,2,16
XMSSMT-SHA2_20/2_256,PUB_R1,2405,2405,2406,16139260,2488112,PASS,4963,6002,10,20,2,16
XMSSMT-SHA2_20/2_256,PUB_R1,2406,2406,2407,18391778,2634371,PASS,4963,6002,10,20,2,16
XMSSMT-SHA2_20/2_256,PUB_R1,2407,2407,2408,15793240,2765685,PASS,4963,6002,10,20,2,16
XMSSMT-SHA2_20/2_256,PUB_R1,2408,2408,2409,18399055,2604685,PASS,4963,6002,10,20,2,16
XMSSMT-SHA2_20/2_256,PUB_R1,2409,2409,2410,15808296,2777760,PASS,4963,6002,10,20,2,16
XMSSMT-SHA2_20/2_256,PUB_R1,2410,2410,2411,18350481,2687741,PASS,4963,6002,10,20,2,16
XMSSMT-SHA2_20/2_256,PUB_R1,2411,2411,2412,11014518,2638296,PASS,4963,6002,10,20,2,16
XMSSMT-SHA2_20/2_256,PUB_R1,2412,2412,2413,6187500,2498037,PASS,4963,6002,10,20,2,16
XMSSMT-SHA2_20/2_256,PUB_R1,2413,2413,2414,6162963,2540704,PASS,4963,6002,10,20,2,16
XMSSMT-SHA2_20/2_256,PUB_R1,2414,2414,2415,6189759,2494963,PASS,4963,6002,10,20,2,16
XMSSMT-SHA2_20/2_256,PUB_R1,2415,2415,2416,16011797,2569685,PASS,4963,6002,10,20,2,16
XMSSMT-SHA2_20/2_256,PUB_R1,2416,2416,2417,18507167,2578407,PASS,4963,6002,10,20,2,16
XMSSMT-SHA2_20/2_256,PUB_R1,2417,2417,2418,15899592,2671926,PASS,4963,6002,10,20,2,16
XMSSMT-SHA2_20/2_256,PUB_R1,2418,2418,2419,8615426,2528833,PASS,4963,6002,10,20,2,16
XMSSMT-SHA2_20/2_256,PUB_R1,2419,2419,2420,10982055,2630648,PASS,4963,6002,10,20,2,16
XMSSMT-SHA2_20/2_256,PUB_R1,2420,2420,2421,6097204,2599537,PASS,4963,6002,10,20,2,16
XMSSMT-SHA2_20/2_256,PUB_R1,2421,2421,2422,6130981,2561388,PASS,4963,6002,10,20,2,16
XMSSMT-SHA2_20/2_256,PUB_R1,2422,2422,2423,6039500,2648796,PASS,4963,6002,10,20,2,16
XMSSMT-SHA2_20/2_256,PUB_R1,2423,2423,2424,15893704,2628852,PASS,4963,6002,10,20,2,16
XMSSMT-SHA2_20/2_256,PUB_R1,2424,2424,2425,10994833,2612611,PASS,4963,6002,10,20,2,16
XMSSMT-SHA2_20/2_256,PUB_R1,2425,2425,2426,6123000,2561944,PASS,4963,6002,10,20,2,16
XMSSMT-SHA2_20/2_256,PUB_R1,2426,2426,2427,6178204,2539778,PASS,4963,6002,10,20,2,16
XMSSMT-SHA2_20/2_256,PUB_R1,2427,2427,2428,11004870,2599518,PASS,4963,6002,10,20,2,16
XMSSMT-SHA2_20/2_256,PUB_R1,2428,2428,2429,6070870,2632519,PASS,4963,6002,10,20,2,16
XMSSMT-SHA2_20/2_256,PUB_R1,2429,2429,2430,5878685,2824685,PASS,4963,6002,10,20,2,16
XMSSMT-SHA2_20/2_256,PUB_R1,2430,2430,2431,6070870,2630797,PASS,4963,6002,10,20,2,16
XMSSMT-SHA2_20/2_256,PUB_R1,2431,2431,2432,15940407,2604519,PASS,4963,6002,10,20,2,16
XMSSMT-SHA2_20/2_256,PUB_R1,2432,2432,2433,18530463,2469371,PASS,4963,6002,10,20,2,16
XMSSMT-SHA2_20/2_256,PUB_R1,2433,2433,2434,15913315,2641278,PASS,4963,6002,10,20,2,16
XMSSMT-SHA2_20/2_256,PUB_R1,2434,2434,2435,18348500,2667000,PASS,4963,6002,10,20,2,16
XMSSMT-SHA2_20/2_256,PUB_R1,2435,2435,2436,15759463,2759870,PASS,4963,6002,10,20,2,16
XMSSMT-SHA2_20/2_256,PUB_R1,2436,2436,2437,18424888,2602463,PASS,4963,6002,10,20,2,16
XMSSMT-SHA2_20/2_256,PUB_R1,2437,2437,2438,15939426,2599630,PASS,4963,6002,10,20,2,16
XMSSMT-SHA2_20/2_256,PUB_R1,2438,2438,2439,18493648,2632407,PASS,4963,6002,10,20,2,16
XMSSMT-SHA2_20/2_256,PUB_R1,2439,2439,2440,15974778,2680519,PASS,4963,6002,10,20,2,16
XMSSMT-SHA2_20/2_256,PUB_R1,2440,2440,2441,18474092,2649167,PASS,4963,6002,10,20,2,16
XMSSMT-SHA2_20/2_256,PUB_R1,2441,2441,2442,15918056,2663555,PASS,4963,6002,10,20,2,16
XMSSMT-SHA2_20/2_256,PUB_R1,2442,2442,2443,18379333,2630389,PASS,4963,6002,10,20,2,16
XMSSMT-SHA2_20/2_256,PUB_R1,2443,2443,2444,15971926,2579796,PASS,4963,6002,10,20,2,16
XMSSMT-SHA2_20/2_256,PUB_R1,2444,2444,2445,18401889,2599778,PASS,4963,6002,10,20,2,16
XMSSMT-SHA2_20/2_256,PUB_R1,2445,2445,2446,15846481,2726463,PASS,4963,6002,10,20,2,16
XMSSMT-SHA2_20/2_256,PUB_R1,2446,2446,2447,18342426,2667666,PASS,4963,6002,10,20,2,16
XMSSMT-SHA2_20/2_256,PUB_R1,2447,2447,2448,15969685,2600481,PASS,4963,6002,10,20,2,16
XMSSMT-SHA2_20/2_256,PUB_R1,2448,2448,2449,18437759,2540111,PASS,4963,6002,10,20,2,16
XMSSMT-SHA2_20/2_256,PUB_R1,2449,2449,2450,15934093,2592185,PASS,4963,6002,10,20,2,16
XMSSMT-SHA2_20/2_256,PUB_R1,2450,2450,2451,18147889,2824907,PASS,4963,6002,10,20,2,16
XMSSMT-SHA2_20/2_256,PUB_R1,2451,2451,2452,15987296,2528185,PASS,4963,6002,10,20,2,16
XMSSMT-SHA2_20/2_256,PUB_R1,2452,2452,2453,18264851,2726297,PASS,4963,6002,10,20,2,16
XMSSMT-SHA2_20/2_256,PUB_R1,2453,2453,2454,15936648,2597111,PASS,4963,6002,10,20,2,16
XMSSMT-SHA2_20/2_256,PUB_R1,2454,2454,2455,18385130,2596371,PASS,4963,6002,10,20,2,16
XMSSMT-SHA2_20/2_256,PUB_R1,2455,2455,2456,15892648,2663926,PASS,4963,6002,10,20,2,16
XMSSMT-SHA2_20/2_256,PUB_R1,2456,2456,2457,18365222,2555593,PASS,4963,6002,10,20,2,16
XMSSMT-SHA2_20/2_256,PUB_R1,2457,2457,2458,15963408,2561685,PASS,4963,6002,10,20,2,16
XMSSMT-SHA2_20/2_256,PUB_R1,2458,2458,2459,18386556,2595722,PASS,4963,6002,10,20,2,16
XMSSMT-SHA2_20/2_256,PUB_R1,2459,2459,2460,15956889,2600796,PASS,4963,6002,10,20,2,16
XMSSMT-SHA2_20/2_256,PUB_R1,2460,2460,2461,18450056,2548556,PASS,4963,6002,10,20,2,16
XMSSMT-SHA2_20/2_256,PUB_R1,2461,2461,2462,15878278,2662352,PASS,4963,6002,10,20,2,16
XMSSMT-SHA2_20/2_256,PUB_R1,2462,2462,2463,18393945,2595389,PASS,4963,6002,10,20,2,16
XMSSMT-SHA2_20/2_256,PUB_R1,2463,2463,2464,15923796,2629408,PASS,4963,6002,10,20,2,16
XMSSMT-SHA2_20/2_256,PUB_R1,2464,2464,2465,18421481,2570241,PASS,4963,6002,10,20,2,16
XMSSMT-SHA2_20/2_256,PUB_R1,2465,2465,2466,15988296,2566870,PASS,4963,6002,10,20,2,16
XMSSMT-SHA2_20/2_256,PUB_R1,2466,2466,2467,18337185,2627241,PASS,4963,6002,10,20,2,16
XMSSMT-SHA2_20/2_256,PUB_R1,2467,2467,2468,15911518,2629741,PASS,4963,6002,10,20,2,16
XMSSMT-SHA2_20/2_256,PUB_R1,2468,2468,2469,18377556,2631315,PASS,4963,6002,10,20,2,16
XMSSMT-SHA2_20/2_256,PUB_R1,2469,2469,2470,15872185,2664351,PASS,4963,6002,10,20,2,16
XMSSMT-SHA2_20/2_256,PUB_R1,2470,2470,2471,18416611,2596166,PASS,4963,6002,10,20,2,16
XMSSMT-SHA2_20/2_256,PUB_R1,2471,2471,2472,16089389,2485889,PASS,4963,6002,10,20,2,16
XMSSMT-SHA2_20/2_256,PUB_R1,2472,2472,2473,18394814,2595611,PASS,4963,6002,10,20,2,16
XMSSMT-SHA2_20/2_256,PUB_R1,2473,2473,2474,15888778,2661777,PASS,4963,6002,10,20,2,16
XMSSMT-SHA2_20/2_256,PUB_R1,2474,2474,2475,18534963,2524389,PASS,4963,6002,10,20,2,16
XMSSMT-SHA2_20/2_256,PUB_R1,2475,2475,2476,11106963,2534130,PASS,4963,6002,10,20,2,16
XMSSMT-SHA2_20/2_256,PUB_R1,2476,2476,2477,6257000,2441963,PASS,4963,6002,10,20,2,16
XMSSMT-SHA2_20/2_256,PUB_R1,2477,2477,2478,5969537,2727741,PASS,4963,6002,10,20,2,16
XMSSMT-SHA2_20/2_256,PUB_R1,2478,2478,2479,6045445,2644926,PASS,4963,6002,10,20,2,16
XMSSMT-SHA2_20/2_256,PUB_R1,2479,2479,2480,15883204,2660796,PASS,4963,6002,10,20,2,16
XMSSMT-SHA2_20/2_256,PUB_R1,2480,2480,2481,18355000,2595056,PASS,4963,6002,10,20,2,16
XMSSMT-SHA2_20/2_256,PUB_R1,2481,2481,2482,15967704,2564018,PASS,4963,6002,10,20,2,16
XMSSMT-SHA2_20/2_256,PUB_R1,2482,2482,2483,8417037,2725870,PASS,4963,6002,10,20,2,16
XMSSMT-SHA2_20/2_256,PUB_R1,2483,2483,2484,11072333,2570667,PASS,4963,6002,10,20,2,16
XMSSMT-SHA2_20/2_256,PUB_R1,2484,2484,2485,5956315,2724074,PASS,4963,6002,10,20,2,16
XMSSMT-SHA2_20/2_256,PUB_R1,2485,2485,2486,6256204,2443167,PASS,4963,6002,10,20,2,16
XMSSMT-SHA2_20/2_256,PUB_R1,2486,2486,2487,6025074,2656815,PASS,4963,6002,10,20,2,16
XMSSMT-SHA2_20/2_256,PUB_R1,2487,2487,2488,15917074,2631630,PASS,4963,6002,10,20,2,16
XMSSMT-SHA2_20/2_256,PUB_R1,2488,2488,2489,10893630,2723111,PASS,4963,6002,10,20,2,16
XMSSMT-SHA2_20/2_256,PUB_R1,2489,2489,2490,6114297,2604648,PASS,4963,6002,10,20,2,16
XMSSMT-SHA2_20/2_256,PUB_R1,2490,2490,2491,5889018,2791889,PASS,4963,6002,10,20,2,16
XMSSMT-SHA2_20/2_256,PUB_R1,2491,2491,2492,10956037,2660722,PASS,4963,6002,10,20,2,16
XMSSMT-SHA2_20/2_256,PUB_R1,2492,2492,2493,6029518,2667334,PASS,4963,6002,10,20,2,16
XMSSMT-SHA2_20/2_256,PUB_R1,2493,2493,2494,6210000,2496537,PASS,4963,6002,10,20,2,16
XMSSMT-SHA2_20/2_256,PUB_R1,2494,2494,2495,6023592,2691111,PASS,4963,6002,10,20,2,16
XMSSMT-SHA2_20/2_256,PUB_R1,2495,2495,2496,15978870,2603297,PASS,4963,6002,10,20,2,16
XMSSMT-SHA2_20/2_256,PUB_R1,2496,2496,2497,18280148,2763149,PASS,4963,6002,10,20,2,16
XMSSMT-SHA2_20/2_256,PUB_R1,2497,2497,2498,15798500,2764703,PASS,4963,6002,10,20,2,16
XMSSMT-SHA2_20/2_256,PUB_R1,2498,2498,2499,18379518,2630519,PASS,4963,6002,10,20,2,16
XMSSMT-SHA2_20/2_256,PUB_R1,2499,2499,2500,15897908,2631833,PASS,4963,6002,10,20,2,16
XMSSMT-SHA2_20/2_256,PUB_R1,2500,2500,2501,18485037,2534296,PASS,4963,6002,10,20,2,16
XMSSMT-SHA2_20/2_256,PUB_R1,2501,2501,2502,16086833,2469871,PASS,4963,6002,10,20,2,16
XMSSMT-SHA2_20/2_256,PUB_R1,2502,2502,2503,18582963,2430185,PASS,4963,6002,10,20,2,16
XMSSMT-SHA2_20/2_256,PUB_R1,2503,2503,2504,16040444,2503056,PASS,4963,6002,10,20,2,16
XMSSMT-SHA2_20/2_256,PUB_R1,2504,2504,2505,18496222,2510463,PASS,4963,6002,10,20,2,16
XMSSMT-SHA2_20/2_256,PUB_R1,2505,2505,2506,15907889,2678389,PASS,4963,6002,10,20,2,16
XMSSMT-SHA2_20/2_256,PUB_R1,2506,2506,2507,18476222,2532000,PASS,4963,6002,10,20,2,16
XMSSMT-SHA2_20/2_256,PUB_R1,2507,2507,2508,15771778,2760611,PASS,4963,6002,10,20,2,16
XMSSMT-SHA2_20/2_256,PUB_R1,2508,2508,2509,18372778,2594370,PASS,4963,6002,10,20,2,16
XMSSMT-SHA2_20/2_256,PUB_R1,2509,2509,2510,15861111,2667815,PASS,4963,6002,10,20,2,16
XMSSMT-SHA2_20/2_256,PUB_R1,2510,2510,2511,18501426,2498833,PASS,4963,6002,10,20,2,16
XMSSMT-SHA2_20/2_256,PUB_R1,2511,2511,2512,15872926,2660833,PASS,4963,6002,10,20,2,16
XMSSMT-SHA2_20/2_256,PUB_R1,2512,2512,2513,18254481,2726611,PASS,4963,6002,10,20,2,16
XMSSMT-SHA2_20/2_256,PUB_R1,2513,2513,2514,15772278,2725389,PASS,4963,6002,10,20,2,16
XMSSMT-SHA2_20/2_256,PUB_R1,2514,2514,2515,8516037,2630056,PASS,4963,6002,10,20,2,16
XMSSMT-SHA2_20/2_256,PUB_R1,2515,2515,2516,10870407,2760000,PASS,4963,6002,10,20,2,16
XMSSMT-SHA2_20/2_256,PUB_R1,2516,2516,2517,5946519,2726611,PASS,4963,6002,10,20,2,16
XMSSMT-SHA2_20/2_256,PUB_R1,2517,2517,2518,6045278,2632537,PASS,4963,6002,10,20,2,16
XMSSMT-SHA2_20/2_256,PUB_R1,2518,2518,2519,6087241,2596370,PASS,4963,6002,10,20,2,16
XMSSMT-SHA2_20/2_256,PUB_R1,2519,2519,2520,15901204,2593241,PASS,4963,6002,10,20,2,16
XMSSMT-SHA2_20/2_256,PUB_R1,2520,2520,2521,11029463,2598314,PASS,4963,6002,10,20,2,16
XMSSMT-SHA2_20/2_256,PUB_R1,2521,2521,2522,5908038,2788666,PASS,4963,6002,10,20,2,16
XMSSMT-SHA2_20/2_256,PUB_R1,2522,2522,2523,6167648,2530944,PASS,4963,6002,10,20,2,16
XMSSMT-SHA2_20/2_256,PUB_R1,2523,2523,2524,10938574,2659574,PASS,4963,6002,10,20,2,16
XMSSMT-SHA2_20/2_256,PUB_R1,2524,2524,2525,5954315,2730963,PASS,4963,6002,10,20,2,16
XMSSMT-SHA2_20/2_256,PUB_R1,2525,2525,2526,6138648,2558037,PASS,4963,6002,10,20,2,16
XMSSMT-SHA2_20/2_256,PUB_R1,2526,2526,2527,6047982,2624130,PASS,4963,6002,10,20,2,16
XMSSMT-SHA2_20/2_256,PUB_R1,2527,2527,2528,15818056,2725185,PASS,4963,6002,10,20,2,16
XMSSMT-SHA2_20/2_256,PUB_R1,2528,2528,2529,18346259,2667611,PASS,4963,6002,10,20,2,16
XMSSMT-SHA2_20/2_256,PUB_R1,2529,2529,2530,15922908,2634963,PASS,4963,6002,10,20,2,16
XMSSMT-SHA2_20/2_256,PUB_R1,2530,2530,2531,18336277,2656000,PASS,4963,6002,10,20,2,16
XMSSMT-SHA2_20/2_256,PUB_R1,2531,2531,2532,16113926,2431593,PASS,4963,6002,10,20,2,16
XMSSMT-SHA2_20/2_256,PUB_R1,2532,2532,2533,18347130,2679259,PASS,4963,6002,10,20,2,16
XMSSMT-SHA2_20/2_256,PUB_R1,2533,2533,2534,15764352,2779537,PASS,4963,6002,10,20,2,16
XMSSMT-SHA2_20/2_256,PUB_R1,2534,2534,2535,8475389,2656704,PASS,4963,6002,10,20,2,16
XMSSMT-SHA2_20/2_256,PUB_R1,2535,2535,2536,16058351,2466296,PASS,4963,6002,10,20,2,16
XMSSMT-SHA2_20/2_256,PUB_R1,2536,2536,2537,11042852,2561852,PASS,4963,6002,10,20,2,16
XMSSMT-SHA2_20/2_256,PUB_R1,2537,2537,2538,6215630,2496518,PASS,4963,6002,10,20,2,16
XMSSMT-SHA2_20/2_256,PUB_R1,2538,2538,2539,6141056,2535555,PASS,4963,6002,10,20,2,16
XMSSMT-SHA2_20/2_256,PUB_R1,2539,2539,2540,11037630,2596481,PASS,4963,6002,10,20,2,16
XMSSMT-SHA2_20/2_256,PUB_R1,2540,2540,2541,5970167,2729889,PASS,4963,6002,10,20,2,16
XMSSMT-SHA2_20/2_256,PUB_R1,2541,2541,2542,6085241,2598074,PASS,4963,6002,10,20,2,16
XMSSMT-SHA2_20/2_256,PUB_R1,2542,2542,2543,6035593,2663056,PASS,4963,6002,10,20,2,16
XMSSMT-SHA2_20/2_256,PUB_R1,2543,2543,2544,15922407,2629629,PASS,4963,6002,10,20,2,16
XMSSMT-SHA2_20/2_256,PUB_R1,2544,2544,2545,18422444,2633352,PASS,4963,6002,10,20,2,16
XMSSMT-SHA2_20/2_256,PUB_R1,2545,2545,2546,15727945,2827204,PASS,4963,6002,10,20,2,16
XMSSMT-SHA2_20/2_256,PUB_R1,2546,2546,2547,8583463,2563185,PASS,4963,6002,10,20,2,16
XMSSMT-SHA2_20/2_256,PUB_R1,2547,2547,2548,11003814,2636038,PASS,4963,6002,10,20,2,16
XMSSMT-SHA2_20/2_256,PUB_R1,2548,2548,2549,6065926,2591481,PASS,4963,6002,10,20,2,16
XMSSMT-SHA2_20/2_256,PUB_R1,2549,2549,2550,6233370,2469537,PASS,4963,6002,10,20,2,16
XMSSMT-SHA2_20/2_256,PUB_R1,2550,2550,2551,6110444,2555093,PASS,4963,6002,10,20,2,16
XMSSMT-SHA2_20/2_256,PUB_R1,2551,2551,2552,15922908,2638222,PASS,4963,6002,10,20,2,16
XMSSMT-SHA2_20/2_256,PUB_R1,2552,2552,2553,11068500,2527037,PASS,4963,6002,10,20,2,16
XMSSMT-SHA2_20/2_256,PUB_R1,2553,2553,2554,5971630,2729408,PASS,4963,6002,10,20,2,16
XMSSMT-SHA2_20/2_256,PUB_R1,2554,2554,2555,6160130,2528889,PASS,4963,6002,10,20,2,16
XMSSMT-SHA2_20/2_256,PUB_R1,2555,2555,2556,10999389,2637055,PASS,4963,6002,10,20,2,16
XMSSMT-SHA2_20/2_256,PUB_R1,2556,2556,2557,5958759,2742593,PASS,4963,6002,10,20,2,16
XMSSMT-SHA2_20/2_256,PUB_R1,2557,2557,2558,6059093,2660592,PASS,4963,6002,10,20,2,16
XMSSMT-SHA2_20/2_256,PUB_R1,2558,2558,2559,6102852,2599463,PASS,4963,6002,10,20,2,16
XMSSMT-SHA2_20/2_256,PUB_R1,2559,2559,2560,16059204,2500796,PASS,4963,6002,10,20,2,16
XMSSMT-SHA2_20/2_256,PUB_R1,2560,2560,2561,18339759,2663055,PASS,4963,6002,10,20,2,16
XMSSMT-SHA2_20/2_256,PUB_R1,2561,2561,2562,16076260,2466371,PASS,4963,6002,10,20,2,16
XMSSMT-SHA2_20/2_256,PUB_R1,2562,2562,2563,18244667,2762500,PASS,4963,6002,10,20,2,16
XMSSMT-SHA2_20/2_256,PUB_R1,2563,2563,2564,15851630,2743740,PASS,4963,6002,10,20,2,16
XMSSMT-SHA2_20/2_256,PUB_R1,2564,2564,2565,18440371,2564037,PASS,4963,6002,10,20,2,16
XMSSMT-SHA2_20/2_256,PUB_R1,2565,2565,2566,16083555,2463852,PASS,4963,6002,10,20,2,16
XMSSMT-SHA2_20/2_256,PUB_R1,2566,2566,2567,18380907,2629723,PASS,4963,6002,10,20,2,16
XMSSMT-SHA2_20/2_256,PUB_R1,2567,2567,2568,15897796,2663833,PASS,4963,6002,10,20,2,16
XMSSMT-SHA2_20/2_256,PUB_R1,2568,2568,2569,18379092,2615519,PASS,4963,6002,10,20,2,16
XMSSMT-SHA2_20/2_256,PUB_R1,2569,2569,2570,16016870,2536314,PASS,4963,6002,10,20,2,16
XMSSMT-SHA2_20/2_256,PUB_R1,2570,2570,2571,18440389,2563297,PASS,4963,6002,10,20,2,16
XMSSMT-SHA2_20/2_256,PUB_R1,2571,2571,2572,15902852,2624519,PASS,4963,6002,10,20,2,16
XMSSMT-SHA2_20/2_256,PUB_R1,2572,2572,2573,18254148,2726537,PASS,4963,6002,10,20,2,16
XMSSMT-SHA2_20/2_256,PUB_R1,2573,2573,2574,15909797,2632482,PASS,4963,6002,10,20,2,16
XMSSMT-SHA2_20/2_256,PUB_R1,2574,2574,2575,18423852,2562407,PASS,4963,6002,10,20,2,16
XMSSMT-SHA2_20/2_256,PUB_R1,2575,2575,2576,15975981,2524500,PASS,4963,6002,10,20,2,16
XMSSMT-SHA2_20/2_256,PUB_R1,2576,2576,2577,18173852,2791019,PASS,4963,6002,10,20,2,16
XMSSMT-SHA2_20/2_256,PUB_R1,2577,2577,2578,15946482,2560907,PASS,4963,6002,10,20,2,16
XMSSMT-SHA2_20/2_256,PUB_R1,2578,2578,2579,18392222,2559852,PASS,4963,6002,10,20,2,16
XMSSMT-SHA2_20/2_256,PUB_R1,2579,2579,2580,15975963,2533296,PASS,4963,6002,10,20,2,16
XMSSMT-SHA2_20/2_256,PUB_R1,2580,2580,2581,18376389,2598778,PASS,4963,6002,10,20,2,16
XMSSMT-SHA2_20/2_256,PUB_R1,2581,2581,2582,15865611,2622685,PASS,4963,6002,10,20,2,16
XMSSMT-SHA2_20/2_256,PUB_R1,2582,2582,2583,18373834,2628815,PASS,4963,6002,10,20,2,16
XMSSMT-SHA2_20/2_256,PUB_R1,2583,2583,2584,15942203,2602703,PASS,4963,6002,10,20,2,16
XMSSMT-SHA2_20/2_256,PUB_R1,2584,2584,2585,18371796,2637667,PASS,4963,6002,10,20,2,16
XMSSMT-SHA2_20/2_256,PUB_R1,2585,2585,2586,15952093,2612092,PASS,4963,6002,10,20,2,16
XMSSMT-SHA2_20/2_256,PUB_R1,2586,2586,2587,18342926,2663982,PASS,4963,6002,10,20,2,16
XMSSMT-SHA2_20/2_256,PUB_R1,2587,2587,2588,15919685,2628666,PASS,4963,6002,10,20,2,16
XMSSMT-SHA2_20/2_256,PUB_R1,2588,2588,2589,18373112,2632537,PASS,4963,6002,10,20,2,16
XMSSMT-SHA2_20/2_256,PUB_R1,2589,2589,2590,15939111,2632148,PASS,4963,6002,10,20,2,16
XMSSMT-SHA2_20/2_256,PUB_R1,2590,2590,2591,18393148,2604592,PASS,4963,6002,10,20,2,16
XMSSMT-SHA2_20/2_256,PUB_R1,2591,2591,2592,15997519,2563111,PASS,4963,6002,10,20,2,16
XMSSMT-SHA2_20/2_256,PUB_R1,2592,2592,2593,18310519,2660703,PASS,4963,6002,10,20,2,16
XMSSMT-SHA2_20/2_256,PUB_R1,2593,2593,2594,15929056,2634463,PASS,4963,6002,10,20,2,16
XMSSMT-SHA2_20/2_256,PUB_R1,2594,2594,2595,18557074,2430519,PASS,4963,6002,10,20,2,16
XMSSMT-SHA2_20/2_256,PUB_R1,2595,2595,2596,15965426,2567111,PASS,4963,6002,10,20,2,16
XMSSMT-SHA2_20/2_256,PUB_R1,2596,2596,2597,18414000,2561223,PASS,4963,6002,10,20,2,16
XMSSMT-SHA2_20/2_256,PUB_R1,2597,2597,2598,16134815,2400630,PASS,4963,6002,10,20,2,16
XMSSMT-SHA2_20/2_256,PUB_R1,2598,2598,2599,18249777,2723277,PASS,4963,6002,10,20,2,16
XMSSMT-SHA2_20/2_256,PUB_R1,2599,2599,2600,15931370,2593814,PASS,4963,6002,10,20,2,16
XMSSMT-SHA2_20/2_256,PUB_R1,2600,2600,2601,18351444,2634814,PASS,4963,6002,10,20,2,16
XMSSMT-SHA2_20/2_256,PUB_R1,2601,2601,2602,15933759,2664556,PASS,4963,6002,10,20,2,16
XMSSMT-SHA2_20/2_256,PUB_R1,2602,2602,2603,18490666,2535685,PASS,4963,6002,10,20,2,16
XMSSMT-SHA2_20/2_256,PUB_R1,2603,2603,2604,15928592,2596537,PASS,4963,6002,10,20,2,16
XMSSMT-SHA2_20/2_256,PUB_R1,2604,2604,2605,18266777,2735796,PASS,4963,6002,10,20,2,16
XMSSMT-SHA2_20/2_256,PUB_R1,2605,2605,2606,15997129,2528704,PASS,4963,6002,10,20,2,16
XMSSMT-SHA2_20/2_256,PUB_R1,2606,2606,2607,18381759,2639445,PASS,4963,6002,10,20,2,16
XMSSMT-SHA2_20/2_256,PUB_R1,2607,2607,2608,15797518,2760889,PASS,4963,6002,10,20,2,16
XMSSMT-SHA2_20/2_256,PUB_R1,2608,2608,2609,18457500,2533222,PASS,4963,6002,10,20,2,16
XMSSMT-SHA2_20/2_256,PUB_R1,2609,2609,2610,15971278,2527019,PASS,4963,6002,10,20,2,16
XMSSMT-SHA2_20/2_256,PUB_R1,2610,2610,2611,18437056,2565815,PASS,4963,6002,10,20,2,16
XMSSMT-SHA2_20/2_256,PUB_R1,2611,2611,2612,15821260,2728333,PASS,4963,6002,10,20,2,16
XMSSMT-SHA2_20/2_256,PUB_R1,2612,2612,2613,18478481,2530723,PASS,4963,6002,10,20,2,16
XMSSMT-SHA2_20/2_256,PUB_R1,2613,2613,2614,15963425,2590796,PASS,4963,6002,10,20,2,16
XMSSMT-SHA2_20/2_256,PUB_R1,2614,2614,2615,18480204,2533518,PASS,4963,6002,10,20,2,16
XMSSMT-SHA2_20/2_256,PUB_R1,2615,2615,2616,15991370,2532333,PASS,4963,6002,10,20,2,16
XMSSMT-SHA2_20/2_256,PUB_R1,2616,2616,2617,18434796,2528259,PASS,4963,6002,10,20,2,16
XMSSMT-SHA2_20/2_256,PUB_R1,2617,2617,2618,15812351,2768482,PASS,4963,6002,10,20,2,16
XMSSMT-SHA2_20/2_256,PUB_R1,2618,2618,2619,18406612,2596703,PASS,4963,6002,10,20,2,16
XMSSMT-SHA2_20/2_256,PUB_R1,2619,2619,2620,15922444,2591740,PASS,4963,6002,10,20,2,16
XMSSMT-SHA2_20/2_256,PUB_R1,2620,2620,2621,18217537,2762056,PASS,4963,6002,10,20,2,16
XMSSMT-SHA2_20/2_256,PUB_R1,2621,2621,2622,15954704,2603408,PASS,4963,6002,10,20,2,16
XMSSMT-SHA2_20/2_256,PUB_R1,2622,2622,2623,18291074,2745297,PASS,4963,6002,10,20,2,16
XMSSMT-SHA2_20/2_256,PUB_R1,2623,2623,2624,15925352,2627555,PASS,4963,6002,10,20,2,16
XMSSMT-SHA2_20/2_256,PUB_R1,2624,2624,2625,18329833,2658352,PASS,4963,6002,10,20,2,16
XMSSMT-SHA2_20/2_256,PUB_R1,2625,2625,2626,15763037,2760611,PASS,4963,6002,10,20,2,16
XMSSMT-SHA2_20/2_256,PUB_R1,2626,2626,2627,18398315,2598222,PASS,4963,6002,10,20,2,16
XMSSMT-SHA2_20/2_256,PUB_R1,2627,2627,2628,15978167,2523981,PASS,4963,6002,10,20,2,16
XMSSMT-SHA2_20/2_256,PUB_R1,2628,2628,2629,18395722,2594870,PASS,4963,6002,10,20,2,16
XMSSMT-SHA2_20/2_256,PUB_R1,2629,2629,2630,16019481,2494852,PASS,4963,6002,10,20,2,16
XMSSMT-SHA2_20/2_256,PUB_R1,2630,2630,2631,18387685,2595019,PASS,4963,6002,10,20,2,16
XMSSMT-SHA2_20/2_256,PUB_R1,2631,2631,2632,15769241,2724019,PASS,4963,6002,10,20,2,16
XMSSMT-SHA2_20/2_256,PUB_R1,2632,2632,2633,18483463,2496908,PASS,4963,6002,10,20,2,16
XMSSMT-SHA2_20/2_256,PUB_R1,2633,2633,2634,15778815,2764167,PASS,4963,6002,10,20,2,16
XMSSMT-SHA2_20/2_256,PUB_R1,2634,2634,2635,18301444,2750185,PASS,4963,6002,10,20,2,16
XMSSMT-SHA2_20/2_256,PUB_R1,2635,2635,2636,16061723,2495518,PASS,4963,6002,10,20,2,16
XMSSMT-SHA2_20/2_256,PUB_R1,2636,2636,2637,18454389,2532945,PASS,4963,6002,10,20,2,16
XMSSMT-SHA2_20/2_256,PUB_R1,2637,2637,2638,15784723,2756704,PASS,4963,6002,10,20,2,16
XMSSMT-SHA2_20/2_256,PUB_R1,2638,2638,2639,18377778,2599963,PASS,4963,6002,10,20,2,16
XMSSMT-SHA2_20/2_256,PUB_R1,2639,2639,2640,15999815,2580834,PASS,4963,6002,10,20,2,16
XMSSMT-SHA2_20/2_256,PUB_R1,2640,2640,2641,18395685,2561389,PASS,4963,6002,10,20,2,16
XMSSMT-SHA2_20/2_256,PUB_R1,2641,2641,2642,15818723,2727426,PASS,4963,6002,10,20,2,16
XMSSMT-SHA2_20/2_256,PUB_R1,2642,2642,2643,18515277,2426796,PASS,4963,6002,10,20,2,16
XMSSMT-SHA2_20/2_256,PUB_R1,2643,2643,2644,15880722,2666315,PASS,4963,6002,10,20,2,16
XMSSMT-SHA2_20/2_256,PUB_R1,2644,2644,2645,18280815,2742315,PASS,4963,6002,10,20,2,16
XMSSMT-SHA2_20/2_256,PUB_R1,2645,2645,2646,15790056,2762518,PASS,4963,6002,10,20,2,16
XMSSMT-SHA2_20/2_256,PUB_R1,2646,2646,2647,18166834,2827167,PASS,4963,6002,10,20,2,16
XMSSMT-SHA2_20/2_256,PUB_R1,2647,2647,2648,15973426,2604000,PASS,4963,6002,10,20,2,16
XMSSMT-SHA2_20/2_256,PUB_R1,2648,2648,2649,18258982,2729648,PASS,4963,6002,10,20,2,16
XMSSMT-SHA2_20/2_256,PUB_R1,2649,2649,2650,15925630,2646407,PASS,4963,6002,10,20,2,16
XMSSMT-SHA2_20/2_256,PUB_R1,2650,2650,2651,18557814,2536611,PASS,4963,6002,10,20,2,16
XMSSMT-SHA2_20/2_256,PUB_R1,2651,2651,2652,15871518,2629963,PASS,4963,6002,10,20,2,16
XMSSMT-SHA2_20/2_256,PUB_R1,2652,2652,2653,18360592,2630611,PASS,4963,6002,10,20,2,16
XMSSMT-SHA2_20/2_256,PUB_R1,2653,2653,2654,15835260,2763093,PASS,4963,6002,10,20,2,16
XMSSMT-SHA2_20/2_256,PUB_R1,2654,2654,2655,18384537,2644000,PASS,4963,6002,10,20,2,16
XMSSMT-SHA2_20/2_256,PUB_R1,2655,2655,2656,15762241,2796000,PASS,4963,6002,10,20,2,16
XMSSMT-SHA2_20/2_256,PUB_R1,2656,2656,2657,18353612,2596389,PASS,4963,6002,10,20,2,16
XMSSMT-SHA2_20/2_256,PUB_R1,2657,2657,2658,15898666,2627908,PASS,4963,6002,10,20,2,16
XMSSMT-SHA2_20/2_256,PUB_R1,2658,2658,2659,18349296,2628722,PASS,4963,6002,10,20,2,16
XMSSMT-SHA2_20/2_256,PUB_R1,2659,2659,2660,15900333,2627222,PASS,4963,6002,10,20,2,16
XMSSMT-SHA2_20/2_256,PUB_R1,2660,2660,2661,18301056,2735852,PASS,4963,6002,10,20,2,16
XMSSMT-SHA2_20/2_256,PUB_R1,2661,2661,2662,15862648,2660537,PASS,4963,6002,10,20,2,16
XMSSMT-SHA2_20/2_256,PUB_R1,2662,2662,2663,18380111,2635389,PASS,4963,6002,10,20,2,16
XMSSMT-SHA2_20/2_256,PUB_R1,2663,2663,2664,15830556,2727648,PASS,4963,6002,10,20,2,16
XMSSMT-SHA2_20/2_256,PUB_R1,2664,2664,2665,18361278,2697038,PASS,4963,6002,10,20,2,16
XMSSMT-SHA2_20/2_256,PUB_R1,2665,2665,2666,15921074,2630167,PASS,4963,6002,10,20,2,16
XMSSMT-SHA2_20/2_256,PUB_R1,2666,2666,2667,18346222,2664222,PASS,4963,6002,10,20,2,16
XMSSMT-SHA2_20/2_256,PUB_R1,2667,2667,2668,11161407,2487222,PASS,4963,6002,10,20,2,16
XMSSMT-SHA2_20/2_256,PUB_R1,2668,2668,2669,6093240,2593722,PASS,4963,6002,10,20,2,16
XMSSMT-SHA2_20/2_256,PUB_R1,2669,2669,2670,6100740,2591667,PASS,4963,6002,10,20,2,16
XMSSMT-SHA2_20/2_256,PUB_R1,2670,2670,2671,6048852,2622759,PASS,4963,6002,10,20,2,16
XMSSMT-SHA2_20/2_256,PUB_R1,2671,2671,2672,16007926,2530241,PASS,4963,6002,10,20,2,16
XMSSMT-SHA2_20/2_256,PUB_R1,2672,2672,2673,18455703,2528982,PASS,4963,6002,10,20,2,16
XMSSMT-SHA2_20/2_256,PUB_R1,2673,2673,2674,15780352,2730871,PASS,4963,6002,10,20,2,16
XMSSMT-SHA2_20/2_256,PUB_R1,2674,2674,2675,8632222,2500852,PASS,4963,6002,10,20,2,16
XMSSMT-SHA2_20/2_256,PUB_R1,2675,2675,2676,11014445,2593537,PASS,4963,6002,10,20,2,16
XMSSMT-SHA2_20/2_256,PUB_R1,2676,2676,2677,6154389,2523500,PASS,4963,6002,10,20,2,16
XMSSMT-SHA2_20/2_256,PUB_R1,2677,2677,2678,6027186,2659055,PASS,4963,6002,10,20,2,16
XMSSMT-SHA2_20/2_256,PUB_R1,2678,2678,2679,6118796,2562259,PASS,4963,6002,10,20,2,16
XMSSMT-SHA2_20/2_256,PUB_R1,2679,2679,2680,15988092,2529500,PASS,4963,6002,10,20,2,16
XMSSMT-SHA2_20/2_256,PUB_R1,2680,2680,2681,10866871,2726741,PASS,4963,6002,10,20,2,16
XMSSMT-SHA2_20/2_256,PUB_R1,2681,2681,2682,6078130,2598000,PASS,4963,6002,10,20,2,16
XMSSMT-SHA2_20/2_256,PUB_R1,2682,2682,2683,6055315,2588019,PASS,4963,6002,10,20,2,16
XMSSMT-SHA2_20/2_256,PUB_R1,2683,2683,2684,10954204,2662241,PASS,4963,6002,10,20,2,16
XMSSMT-SHA2_20/2_256,PUB_R1,2684,2684,2685,6014371,2658574,PASS,4963,6002,10,20,2,16
XMSSMT-SHA2_20/2_256,PUB_R1,2685,2685,2686,6052851,2626723,PASS,4963,6002,10,20,2,16
XMSSMT-SHA2_20/2_256,PUB_R1,2686,2686,2687,5846056,2825333,PASS,4963,6002,10,20,2,16
XMSSMT-SHA2_20/2_256,PUB_R1,2687,2687,2688,15929815,2594148,PASS,4963,6002,10,20,2,16
XMSSMT-SHA2_20/2_256,PUB_R1,2688,2688,2689,18182723,2758389,PASS,4963,6002,10,20,2,16
XMSSMT-SHA2_20/2_256,PUB_R1,2689,2689,2690,15846630,2661926,PASS,4963,6002,10,20,2,16
XMSSMT-SHA2_20/2_256,PUB_R1,2690,2690,2691,18400388,2563241,PASS,4963,6002,10,20,2,16
XMSSMT-SHA2_20/2_256,PUB_R1,2691,2691,2692,15890370,2628981,PASS,4963,6002,10,20,2,16
XMSSMT-SHA2_20/2_256,PUB_R1,2692,2692,2693,18443426,2531963,PASS,4963,6002,10,20,2,16
XMSSMT-SHA2_20/2_256,PUB_R1,2693,2693,2694,15880129,2655259,PASS,4963,6002,10,20,2,16
XMSSMT-SHA2_20/2_256,PUB_R1,2694,2694,2695,18519333,2650259,PASS,4963,6002,10,20,2,16
XMSSMT-SHA2_20/2_256,PUB_R1,2695,2695,2696,16068945,2627518,PASS,4963,6002,10,20,2,16
XMSSMT-SHA2_20/2_256,PUB_R1,2696,2696,2697,18521333,2616666,PASS,4963,6002,10,20,2,16
XMSSMT-SHA2_20/2_256,PUB_R1,2697,2697,2698,16067925,2621352,PASS,4963,6002,10,20,2,16
XMSSMT-SHA2_20/2_256,PUB_R1,2698,2698,2699,18635556,2514482,PASS,4963,6002,10,20,2,16
XMSSMT-SHA2_20/2_256,PUB_R1,2699,2699,2700,16093241,2591315,PASS,4963,6002,10,20,2,16
XMSSMT-SHA2_20/2_256,PUB_R1,2700,2700,2701,18529574,2614704,PASS,4963,6002,10,20,2,16
XMSSMT-SHA2_20/2_256,PUB_R1,2701,2701,2702,16098519,2585481,PASS,4963,6002,10,20,2,16
XMSSMT-SHA2_20/2_256,PUB_R1,2702,2702,2703,18567129,2581759,PASS,4963,6002,10,20,2,16
XMSSMT-SHA2_20/2_256,PUB_R1,2703,2703,2704,16051277,2619296,PASS,4963,6002,10,20,2,16
XMSSMT-SHA2_20/2_256,PUB_R1,2704,2704,2705,18496370,2611352,PASS,4963,6002,10,20,2,16
XMSSMT-SHA2_20/2_256,PUB_R1,2705,2705,2706,16089888,2518907,PASS,4963,6002,10,20,2,16
XMSSMT-SHA2_20/2_256,PUB_R1,2706,2706,2707,18506482,2611370,PASS,4963,6002,10,20,2,16
XMSSMT-SHA2_20/2_256,PUB_R1,2707,2707,2708,15801593,2847907,PASS,4963,6002,10,20,2,16
XMSSMT-SHA2_20/2_256,PUB_R1,2708,2708,2709,18544963,2583500,PASS,4963,6002,10,20,2,16
XMSSMT-SHA2_20/2_256,PUB_R1,2709,2709,2710,15830759,2814407,PASS,4963,6002,10,20,2,16
XMSSMT-SHA2_20/2_256,PUB_R1,2710,2710,2711,18624815,2524037,PASS,4963,6002,10,20,2,16
XMSSMT-SHA2_20/2_256,PUB_R1,2711,2711,2712,16038907,2611519,PASS,4963,6002,10,20,2,16
XMSSMT-SHA2_20/2_256,PUB_R1,2712,2712,2713,18481389,2650797,PASS,4963,6002,10,20,2,16
XMSSMT-SHA2_20/2_256,PUB_R1,2713,2713,2714,16101611,2610667,PASS,4963,6002,10,20,2,16
XMSSMT-SHA2_20/2_256,PUB_R1,2714,2714,2715,18628574,2485204,PASS,4963,6002,10,20,2,16
XMSSMT-SHA2_20/2_256,PUB_R1,2715,2715,2716,15917222,2760444,PASS,4963,6002,10,20,2,16
XMSSMT-SHA2_20/2_256,PUB_R1,2716,2716,2717,18350166,2745778,PASS,4963,6002,10,20,2,16
XMSSMT-SHA2_20/2_256,PUB_R1,2717,2717,2718,15991667,2645963,PASS,4963,6002,10,20,2,16
XMSSMT-SHA2_20/2_256,PUB_R1,2718,2718,2719,18463148,2681703,PASS,4963,6002,10,20,2,16
XMSSMT-SHA2_20/2_256,PUB_R1,2719,2719,2720,16065389,2619704,PASS,4963,6002,10,20,2,16
XMSSMT-SHA2_20/2_256,PUB_R1,2720,2720,2721,18441519,2693019,PASS,4963,6002,10,20,2,16
XMSSMT-SHA2_20/2_256,PUB_R1,2721,2721,2722,16186944,2493185,PASS,4963,6002,10,20,2,16
XMSSMT-SHA2_20/2_256,PUB_R1,2722,2722,2723,18388130,2768111,PASS,4963,6002,10,20,2,16
XMSSMT-SHA2_20/2_256,PUB_R1,2723,2723,2724,16066296,2579574,PASS,4963,6002,10,20,2,16
XMSSMT-SHA2_20/2_256,PUB_R1,2724,2724,2725,18428926,2685963,PASS,4963,6002,10,20,2,16
XMSSMT-SHA2_20/2_256,PUB_R1,2725,2725,2726,15850962,2813260,PASS,4963,6002,10,20,2,16
XMSSMT-SHA2_20/2_256,PUB_R1,2726,2726,2727,18333722,2775241,PASS,4963,6002,10,20,2,16
XMSSMT-SHA2_20/2_256,PUB_R1,2727,2727,2728,16034852,2610666,PASS,4963,6002,10,20,2,16
XMSSMT-SHA2_20/2_256,PUB_R1,2728,2728,2729,18512574,2580371,PASS,4963,6002,10,20,2,16
XMSSMT-SHA2_20/2_256,PUB_R1,2729,2729,2730,15992889,2680760,PASS,4963,6002,10,20,2,16
XMSSMT-SHA2_20/2_256,PUB_R1,2730,2730,2731,18514944,2620407,PASS,4963,6002,10,20,2,16
XMSSMT-SHA2_20/2_256,PUB_R1,2731,2731,2732,11107944,2582500,PASS,4963,6002,10,20,2,16
XMSSMT-SHA2_20/2_256,PUB_R1,2732,2732,2733,6277074,2477889,PASS,4963,6002,10,20,2,16
XMSSMT-SHA2_20/2_256,PUB_R1,2733,2733,2734,6267926,2485648,PASS,4963,6002,10,20,2,16
XMSSMT-SHA2_20/2_256,PUB_R1,2734,2734,2735,6134945,2613259,PASS,4963,6002,10,20,2,16
XMSSMT-SHA2_20/2_256,PUB_R1,2735,2735,2736,15909481,2745574,PASS,4963,6002,10,20,2,16
XMSSMT-SHA2_20/2_256,PUB_R1,2736,2736,2737,18454833,2645278,PASS,4963,6002,10,20,2,16
XMSSMT-SHA2_20/2_256,PUB_R1,2737,2737,2738,15999148,2645667,PASS,4963,6002,10,20,2,16
XMSSMT-SHA2_20/2_256,PUB_R1,2738,2738,2739,8623815,2576963,PASS,4963,6002,10,20,2,16
XMSSMT-SHA2_20/2_256,PUB_R1,2739,2739,2740,10954629,2744815,PASS,4963,6002,10,20,2,16
XMSSMT-SHA2_20/2_256,PUB_R1,2740,2740,2741,6250667,2516185,PASS,4963,6002,10,20,2,16
XMSSMT-SHA2_20/2_256,PUB_R1,2741,2741,2742,6101056,2648407,PASS,4963,6002,10,20,2,16
XMSSMT-SHA2_20/2_256,PUB_R1,2742,2742,2743,6190685,2549908,PASS,4963,6002,10,20,2,16
XMSSMT-SHA2_20/2_256,PUB_R1,2743,2743,2744,15814593,2846703,PASS,4963,6002,10,20,2,16
XMSSMT-SHA2_20/2_256,PUB_R1,2744,2744,2745,11079759,2617278,PASS,4963,6002,10,20,2,16
XMSSMT-SHA2_20/2_256,PUB_R1,2745,2745,2746,6093148,2641463,PASS,4963,6002,10,20,2,16
XMSSMT-SHA2_20/2_256,PUB_R1,2746,2746,2747,6092870,2645778,PASS,4963,6002,10,20,2,16
XMSSMT-SHA2_20/2_256,PUB_R1,2747,2747,2748,11149722,2547093,PASS,4963,6002,10,20,2,16
XMSSMT-SHA2_20/2_256,PUB_R1,2748,2748,2749,6059630,2680944,PASS,4963,6002,10,20,2,16
XMSSMT-SHA2_20/2_256,PUB_R1,2749,2749,2750,5966074,2777945,PASS,4963,6002,10,20,2,16
XMSSMT-SHA2_20/2_256,PUB_R1,2750,2750,2751,6094222,2640130,PASS,4963,6002,10,20,2,16
XMSSMT-SHA2_20/2_256,PUB_R1,2751,2751,2752,15952908,2751649,PASS,4963,6002,10,20,2,16
XMSSMT-SHA2_20/2_256,PUB_R1,2752,2752,2753,18538426,2576148,PASS,4963,6002,10,20,2,16
XMSSMT-SHA2_20/2_256,PUB_R1,2753,2753,2754,16005500,2594945,PASS,4963,6002,10,20,2,16
XMSSMT-SHA2_20/2_256,PUB_R1,2754,2754,2755,18397612,2597500,PASS,4963,6002,10,20,2,16
XMSSMT-SHA2_20/2_256,PUB_R1,2755,2755,2756,15809704,2736519,PASS,4963,6002,10,20,2,16
XMSSMT-SHA2_20/2_256,PUB_R1,2756,2756,2757,18458593,2528667,PASS,4963,6002,10,20,2,16
XMSSMT-SHA2_20/2_256,PUB_R1,2757,2757,2758,15810686,2731148,PASS,4963,6002,10,20,2,16
XMSSMT-SHA2_20/2_256,PUB_R1,2758,2758,2759,18398204,2600722,PASS,4963,6002,10,20,2,16
XMSSMT-SHA2_20/2_256,PUB_R1,2759,2759,2760,15872408,2675723,PASS,4963,6002,10,20,2,16
XMSSMT-SHA2_20/2_256,PUB_R1,2760,2760,2761,18331259,2666555,PASS,4963,6002,10,20,2,16
XMSSMT-SHA2_20/2_256,PUB_R1,2761,2761,2762,15982871,2561926,PASS,4963,6002,10,20,2,16
XMSSMT-SHA2_20/2_256,PUB_R1,2762,2762,2763,18413871,2564722,PASS,4963,6002,10,20,2,16
XMSSMT-SHA2_20/2_256,PUB_R1,2763,2763,2764,15801519,2727852,PASS,4963,6002,10,20,2,16
XMSSMT-SHA2_20/2_256,PUB_R1,2764,2764,2765,18379981,2609741,PASS,4963,6002,10,20,2,16
XMSSMT-SHA2_20/2_256,PUB_R1,2765,2765,2766,15776315,2763278,PASS,4963,6002,10,20,2,16
XMSSMT-SHA2_20/2_256,PUB_R1,2766,2766,2767,18397889,2630944,PASS,4963,6002,10,20,2,16
XMSSMT-SHA2_20/2_256,PUB_R1,2767,2767,2768,15874315,2660481,PASS,4963,6002,10,20,2,16
XMSSMT-SHA2_20/2_256,PUB_R1,2768,2768,2769,18458666,2536630,PASS,4963,6002,10,20,2,16
XMSSMT-SHA2_20/2_256,PUB_R1,2769,2769,2770,16006407,2527463,PASS,4963,6002,10,20,2,16
XMSSMT-SHA2_20/2_256,PUB_R1,2770,2770,2771,8532055,2625055,PASS,4963,6002,10,20,2,16
XMSSMT-SHA2_20/2_256,PUB_R1,2771,2771,2772,10964389,2662111,PASS,4963,6002,10,20,2,16
XMSSMT-SHA2_20/2_256,PUB_R1,2772,2772,2773,5957407,2744111,PASS,4963,6002,10,20,2,16
XMSSMT-SHA2_20/2_256,PUB_R1,2773,2773,2774,6135740,2560962,PASS,4963,6002,10,20,2,16
XMSSMT-SHA2_20/2_256,PUB_R1,2774,2774,2775,6096518,2575074,PASS,4963,6002,10,20,2,16
XMSSMT-SHA2_20/2_256,PUB_R1,2775,2775,2776,16057778,2540556,PASS,4963,6002,10,20,2,16
XMSSMT-SHA2_20/2_256,PUB_R1,2776,2776,2777,11108370,2505241,PASS,4963,6002,10,20,2,16
XMSSMT-SHA2_20/2_256,PUB_R1,2777,2777,2778,6077278,2623648,PASS,4963,6002,10,20,2,16
XMSSMT-SHA2_20/2_256,PUB_R1,2778,2778,2779,6082630,2598518,PASS,4963,6002,10,20,2,16
XMSSMT-SHA2_20/2_256,PUB_R1,2779,2779,2780,11022037,2592908,PASS,4963,6002,10,20,2,16
XMSSMT-SHA2_20/2_256,PUB_R1,2780,2780,2781,6103259,2599388,PASS,4963,6002,10,20,2,16
XMSSMT-SHA2_20/2_256,PUB_R1,2781,2781,2782,6095370,2598482,PASS,4963,6002,10,20,2,16
XMSSMT-SHA2_20/2_256,PUB_R1,2782,2782,2783,6097981,2589130,PASS,4963,6002,10,20,2,16
XMSSMT-SHA2_20/2_256,PUB_R1,2783,2783,2784,15882129,2664314,PASS,4963,6002,10,20,2,16
XMSSMT-SHA2_20/2_256,PUB_R1,2784,2784,2785,18394611,2598796,PASS,4963,6002,10,20,2,16
XMSSMT-SHA2_20/2_256,PUB_R1,2785,2785,2786,15926185,2599592,PASS,4963,6002,10,20,2,16
XMSSMT-SHA2_20/2_256,PUB_R1,2786,2786,2787,18266037,2772519,PASS,4963,6002,10,20,2,16
XMSSMT-SHA2_20/2_256,PUB_R1,2787,2787,2788,15851871,2731519,PASS,4963,6002,10,20,2,16
XMSSMT-SHA2_20/2_256,PUB_R1,2788,2788,2789,18369703,2593223,PASS,4963,6002,10,20,2,16
XMSSMT-SHA2_20/2_256,PUB_R1,2789,2789,2790,15925222,2599093,PASS,4963,6002,10,20,2,16
XMSSMT-SHA2_20/2_256,PUB_R1,2790,2790,2791,8583260,2564667,PASS,4963,6002,10,20,2,16
XMSSMT-SHA2_20/2_256,PUB_R1,2791,2791,2792,15924760,2631185,PASS,4963,6002,10,20,2,16
XMSSMT-SHA2_20/2_256,PUB_R1,2792,2792,2793,10756537,2861352,PASS,4963,6002,10,20,2,16
XMSSMT-SHA2_20/2_256,PUB_R1,2793,2793,2794,5954945,2727111,PASS,4963,6002,10,20,2,16
XMSSMT-SHA2_20/2_256,PUB_R1,2794,2794,2795,6023649,2662092,PASS,4963,6002,10,20,2,16
XMSSMT-SHA2_20/2_256,PUB_R1,2795,2795,2796,11094815,2535778,PASS,4963,6002,10,20,2,16
XMSSMT-SHA2_20/2_256,PUB_R1,2796,2796,2797,6153037,2525426,PASS,4963,6002,10,20,2,16
XMSSMT-SHA2_20/2_256,PUB_R1,2797,2797,2798,6088148,2608129,PASS,4963,6002,10,20,2,16
XMSSMT-SHA2_20/2_256,PUB_R1,2798,2798,2799,6085222,2593888,PASS,4963,6002,10,20,2,16
XMSSMT-SHA2_20/2_256,PUB_R1,2799,2799,2800,15928166,2631723,PASS,4963,6002,10,20,2,16
XMSSMT-SHA2_20/2_256,PUB_R1,2800,2800,2801,18484703,2504500,PASS,4963,6002,10,20,2,16
XMSSMT-SHA2_20/2_256,PUB_R1,2801,2801,2802,15869926,2657129,PASS,4963,6002,10,20,2,16
XMSSMT-SHA2_20/2_256,PUB_R1,2802,2802,2803,8472518,2660667,PASS,4963,6002,10,20,2,16
XMSSMT-SHA2_20/2_256,PUB_R1,2803,2803,2804,11007518,2594796,PASS,4963,6002,10,20,2,16
XMSSMT-SHA2_20/2_256,PUB_R1,2804,2804,2805,6149185,2532888,PASS,4963,6002,10,20,2,16
XMSSMT-SHA2_20/2_256,PUB_R1,2805,2805,2806,6078833,2594296,PASS,4963,6002,10,20,2,16
XMSSMT-SHA2_20/2_256,PUB_R1,2806,2806,2807,6153186,2531963,PASS,4963,6002,10,20,2,16
XMSSMT-SHA2_20/2_256,PUB_R1,2807,2807,2808,15922907,2596222,PASS,4963,6002,10,20,2,16
XMSSMT-SHA2_20/2_256,PUB_R1,2808,2808,2809,11078315,2539463,PASS,4963,6002,10,20,2,16
XMSSMT-SHA2_20/2_256,PUB_R1,2809,2809,2810,6053926,2628000,PASS,4963,6002,10,20,2,16
XMSSMT-SHA2_20/2_256,PUB_R1,2810,2810,2811,6281074,2396981,PASS,4963,6002,10,20,2,16
XMSSMT-SHA2_20/2_256,PUB_R1,2811,2811,2812,11109852,2459037,PASS,4963,6002,10,20,2,16
XMSSMT-SHA2_20/2_256,PUB_R1,2812,2812,2813,6017926,2662500,PASS,4963,6002,10,20,2,16
XMSSMT-SHA2_20/2_256,PUB_R1,2813,2813,2814,5916648,2757149,PASS,4963,6002,10,20,2,16
XMSSMT-SHA2_20/2_256,PUB_R1,2814,2814,2815,6018704,2660630,PASS,4963,6002,10,20,2,16
XMSSMT-SHA2_20/2_256,PUB_R1,2815,2815,2816,15896852,2663056,PASS,4963,6002,10,20,2,16
XMSSMT-SHA2_20/2_256,PUB_R1,2816,2816,2817,18385704,2597870,PASS,4963,6002,10,20,2,16
XMSSMT-SHA2_20/2_256,PUB_R1,2817,2817,2818,15852556,2664833,PASS,4963,6002,10,20,2,16
XMSSMT-SHA2_20/2_256,PUB_R1,2818,2818,2819,18368481,2667574,PASS,4963,6002,10,20,2,16
XMSSMT-SHA2_20/2_256,PUB_R1,2819,2819,2820,15986593,2570871,PASS,4963,6002,10,20,2,16
XMSSMT-SHA2_20/2_256,PUB_R1,2820,2820,2821,18346482,2670518,PASS,4963,6002,10,20,2,16
XMSSMT-SHA2_20/2_256,PUB_R1,2821,2821,2822,16052130,2616481,PASS,4963,6002,10,20,2,16
XMSSMT-SHA2_20/2_256,PUB_R1,2822,2822,2823,18345500,2794833,PASS,4963,6002,10,20,2,16
XMSSMT-SHA2_20/2_256,PUB_R1,2823,2823,2824,16071000,2580259,PASS,4963,6002,10,20,2,16
XMSSMT-SHA2_20/2_256,PUB_R1,2824,2824,2825,18631240,2481482,PASS,4963,6002,10,20,2,16
XMSSMT-SHA2_20/2_256,PUB_R1,2825,2825,2826,16062463,2575519,PASS,4963,6002,10,20,2,16
XMSSMT-SHA2_20/2_256,PUB_R1,2826,2826,2827,18513704,2613445,PASS,4963,6002,10,20,2,16
XMSSMT-SHA2_20/2_256,PUB_R1,2827,2827,2828,15994259,2644019,PASS,4963,6002,10,20,2,16
XMSSMT-SHA2_20/2_256,PUB_R1,2828,2828,2829,18600741,2554500,PASS,4963,6002,10,20,2,16
XMSSMT-SHA2_20/2_256,PUB_R1,2829,2829,2830,15994407,2643334,PASS,4963,6002,10,20,2,16
XMSSMT-SHA2_20/2_256,PUB_R1,2830,2830,2831,18322870,2811445,PASS,4963,6002,10,20,2,16
XMSSMT-SHA2_20/2_256,PUB_R1,2831,2831,2832,15899075,2738296,PASS,4963,6002,10,20,2,16
XMSSMT-SHA2_20/2_256,PUB_R1,2832,2832,2833,18483592,2629426,PASS,4963,6002,10,20,2,16
XMSSMT-SHA2_20/2_256,PUB_R1,2833,2833,2834,16131240,2548815,PASS,4963,6002,10,20,2,16
XMSSMT-SHA2_20/2_256,PUB_R1,2834,2834,2835,18578352,2549500,PASS,4963,6002,10,20,2,16
XMSSMT-SHA2_20/2_256,PUB_R1,2835,2835,2836,15975686,2681203,PASS,4963,6002,10,20,2,16
XMSSMT-SHA2_20/2_256,PUB_R1,2836,2836,2837,18388778,2746851,PASS,4963,6002,10,20,2,16
XMSSMT-SHA2_20/2_256,PUB_R1,2837,2837,2838,16055592,2582834,PASS,4963,6002,10,20,2,16
XMSSMT-SHA2_20/2_256,PUB_R1,2838,2838,2839,18388408,2784722,PASS,4963,6002,10,20,2,16
XMSSMT-SHA2_20/2_256,PUB_R1,2839,2839,2840,16091574,2589093,PASS,4963,6002,10,20,2,16
XMSSMT-SHA2_20/2_256,PUB_R1,2840,2840,2841,18561445,2610907,PASS,4963,6002,10,20,2,16
XMSSMT-SHA2_20/2_256,PUB_R1,2841,2841,2842,16248574,2419408,PASS,4963,6002,10,20,2,16
XMSSMT-SHA2_20/2_256,PUB_R1,2842,2842,2843,18368370,2749130,PASS,4963,6002,10,20,2,16
XMSSMT-SHA2_20/2_256,PUB_R1,2843,2843,2844,15936778,2757056,PASS,4963,6002,10,20,2,16
XMSSMT-SHA2_20/2_256,PUB_R1,2844,2844,2845,18564445,2579815,PASS,4963,6002,10,20,2,16
XMSSMT-SHA2_20/2_256,PUB_R1,2845,2845,2846,15864500,2779111,PASS,4963,6002,10,20,2,16
XMSSMT-SHA2_20/2_256,PUB_R1,2846,2846,2847,18600722,2580482,PASS,4963,6002,10,20,2,16
XMSSMT-SHA2_20/2_256,PUB_R1,2847,2847,2848,16060426,2619759,PASS,4963,6002,10,20,2,16
XMSSMT-SHA2_20/2_256,PUB_R1,2848,2848,2849,18491018,2611630,PASS,4963,6002,10,20,2,16
XMSSMT-SHA2_20/2_256,PUB_R1,2849,2849,2850,16124426,2555944,PASS,4963,6002,10,20,2,16
XMSSMT-SHA2_20/2_256,PUB_R1,2850,2850,2851,18490370,2648704,PASS,4963,6002,10,20,2,16
XMSSMT-SHA2_20/2_256,PUB_R1,2851,2851,2852,15992592,2647833,PASS,4963,6002,10,20,2,16
XMSSMT-SHA2_20/2_256,PUB_R1,2852,2852,2853,18495537,2655574,PASS,4963,6002,10,20,2,16
XMSSMT-SHA2_20/2_256,PUB_R1,2853,2853,2854,15871222,2753833,PASS,4963,6002,10,20,2,16
XMSSMT-SHA2_20/2_256,PUB_R1,2854,2854,2855,18453870,2687519,PASS,4963,6002,10,20,2,16
XMSSMT-SHA2_20/2_256,PUB_R1,2855,2855,2856,16037111,2612704,PASS,4963,6002,10,20,2,16
XMSSMT-SHA2_20/2_256,PUB_R1,2856,2856,2857,18567426,2586574,PASS,4963,6002,10,20,2,16
XMSSMT-SHA2_20/2_256,PUB_R1,2857,2857,2858,15897759,2745759,PASS,4963,6002,10,20,2,16
XMSSMT-SHA2_20/2_256,PUB_R1,2858,2858,2859,18307815,2773185,PASS,4963,6002,10,20,2,16
XMSSMT-SHA2_20/2_256,PUB_R1,2859,2859,2860,11041370,2645907,PASS,4963,6002,10,20,2,16
XMSSMT-SHA2_20/2_256,PUB_R1,2860,2860,2861,6128852,2610648,PASS,4963,6002,10,20,2,16
XMSSMT-SHA2_20/2_256,PUB_R1,2861,2861,2862,6056741,2674352,PASS,4963,6002,10,20,2,16
XMSSMT-SHA2_20/2_256,PUB_R1,2862,2862,2863,6227315,2514981,PASS,4963,6002,10,20,2,16
XMSSMT-SHA2_20/2_256,PUB_R1,2863,2863,2864,16010759,2613611,PASS,4963,6002,10,20,2,16
XMSSMT-SHA2_20/2_256,PUB_R1,2864,2864,2865,18434000,2713407,PASS,4963,6002,10,20,2,16
XMSSMT-SHA2_20/2_256,PUB_R1,2865,2865,2866,16172481,2481944,PASS,4963,6002,10,20,2,16
XMSSMT-SHA2_20/2_256,PUB_R1,2866,2866,2867,8607833,2613148,PASS,4963,6002,10,20,2,16
XMSSMT-SHA2_20/2_256,PUB_R1,2867,2867,2868,11053278,2648111,PASS,4963,6002,10,20,2,16
XMSSMT-SHA2_20/2_256,PUB_R1,2868,2868,2869,5961315,2781852,PASS,4963,6002,10,20,2,16
XMSSMT-SHA2_20/2_256,PUB_R1,2869,2869,2870,6225352,2507259,PASS,4963,6002,10,20,2,16
XMSSMT-SHA2_20/2_256,PUB_R1,2870,2870,2871,5992056,2743907,PASS,4963,6002,10,20,2,16
XMSSMT-SHA2_20/2_256,PUB_R1,2871,2871,2872,16169167,2490982,PASS,4963,6002,10,20,2,16
XMSSMT-SHA2_20/2_256,PUB_R1,2872,2872,2873,10892981,2812148,PASS,4963,6002,10,20,2,16
XMSSMT-SHA2_20/2_256,PUB_R1,2873,2873,2874,6090555,2675815,PASS,4963,6002,10,20,2,16
XMSSMT-SHA2_20/2_256,PUB_R1,2874,2874,2875,6053352,2689259,PASS,4963,6002,10,20,2,16
XMSSMT-SHA2_20/2_256,PUB_R1,2875,2875,2876,11180333,2509908,PASS,4963,6002,10,20,2,16
XMSSMT-SHA2_20/2_256,PUB_R1,2876,2876,2877,5967759,2778963,PASS,4963,6002,10,20,2,16
XMSSMT-SHA2_20/2_256,PUB_R1,2877,2877,2878,6057778,2671888,PASS,4963,6002,10,20,2,16
XMSSMT-SHA2_20/2_256,PUB_R1,2878,2878,2879,5973389,2782593,PASS,4963,6002,10,20,2,16
XMSSMT-SHA2_20/2_256,PUB_R1,2879,2879,2880,16215444,2411500,PASS,4963,6002,10,20,2,16
XMSSMT-SHA2_20/2_256,PUB_R1,2880,2880,2881,18522204,2564019,PASS,4963,6002,10,20,2,16
XMSSMT-SHA2_20/2_256,PUB_R1,2881,2881,2882,15767481,2760649,PASS,4963,6002,10,20,2,16
XMSSMT-SHA2_20/2_256,PUB_R1,2882,2882,2883,18475148,2537574,PASS,4963,6002,10,20,2,16
XMSSMT-SHA2_20/2_256,PUB_R1,2883,2883,2884,15693500,2857093,PASS,4963,6002,10,20,2,16
XMSSMT-SHA2_20/2_256,PUB_R1,2884,2884,2885,18322371,2667537,PASS,4963,6002,10,20,2,16
XMSSMT-SHA2_20/2_256,PUB_R1,2885,2885,2886,15858574,2658333,PASS,4963,6002,10,20,2,16
XMSSMT-SHA2_20/2_256,PUB_R1,2886,2886,2887,18359852,2625723,PASS,4963,6002,10,20,2,16
XMSSMT-SHA2_20/2_256,PUB_R1,2887,2887,2888,15795055,2730315,PASS,4963,6002,10,20,2,16
XMSSMT-SHA2_20/2_256,PUB_R1,2888,2888,2889,18527759,2464445,PASS,4963,6002,10,20,2,16
XMSSMT-SHA2_20/2_256,PUB_R1,2889,2889,2890,15927352,2596945,PASS,4963,6002,10,20,2,16
XMSSMT-SHA2_20/2_256,PUB_R1,2890,2890,2891,18227944,2722537,PASS,4963,6002,10,20,2,16
XMSSMT-SHA2_20/2_256,PUB_R1,2891,2891,2892,15939797,2600444,PASS,4963,6002,10,20,2,16
XMSSMT-SHA2_20/2_256,PUB_R1,2892,2892,2893,18398426,2605982,PASS,4963,6002,10,20,2,16
XMSSMT-SHA2_20/2_256,PUB_R1,2893,2893,2894,15950185,2607833,PASS,4963,6002,10,20,2,16
XMSSMT-SHA2_20/2_256,PUB_R1,2894,2894,2895,18371389,2635666,PASS,4963,6002,10,20,2,16
XMSSMT-SHA2_20/2_256,PUB_R1,2895,2895,2896,15652870,2857167,PASS,4963,6002,10,20,2,16
XMSSMT-SHA2_20/2_256,PUB_R1,2896,2896,2897,18408185,2563186,PASS,4963,6002,10,20,2,16
XMSSMT-SHA2_20/2_256,PUB_R1,2897,2897,2898,15792222,2768055,PASS,4963,6002,10,20,2,16
XMSSMT-SHA2_20/2_256,PUB_R1,2898,2898,2899,8532648,2624981,PASS,4963,6002,10,20,2,16
XMSSMT-SHA2_20/2_256,PUB_R1,2899,2899,2900,11017314,2601148,PASS,4963,6002,10,20,2,16
XMSSMT-SHA2_20/2_256,PUB_R1,2900,2900,2901,5933740,2726612,PASS,4963,6002,10,20,2,16
XMSSMT-SHA2_20/2_256,PUB_R1,2901,2901,2902,6109297,2655963,PASS,4963,6002,10,20,2,16
XMSSMT-SHA2_20/2_256,PUB_R1,2902,2902,2903,6091241,2645259,PASS,4963,6002,10,20,2,16
XMSSMT-SHA2_20/2_256,PUB_R1,2903,2903,2904,16045722,2632500,PASS,4963,6002,10,20,2,16
XMSSMT-SHA2_20/2_256,PUB_R1,2904,2904,2905,11008796,2676352,PASS,4963,6002,10,20,2,16
XMSSMT-SHA2_20/2_256,PUB_R1,2905,2905,2906,6080130,2677074,PASS,4963,6002,10,20,2,16
XMSSMT-SHA2_20/2_256,PUB_R1,2906,2906,2907,6157407,2587519,PASS,4963,6002,10,20,2,16
XMSSMT-SHA2_20/2_256,PUB_R1,2907,2907,2908,11076482,2607185,PASS,4963,6002,10,20,2,16
XMSSMT-SHA2_20/2_256,PUB_R1,2908,2908,2909,6163185,2573741,PASS,4963,6002,10,20,2,16
XMSSMT-SHA2_20/2_256,PUB_R1,2909,2909,2910,6161722,2579074,PASS,4963,6002,10,20,2,16
XMSSMT-SHA2_20/2_256,PUB_R1,2910,2910,2911,6138685,2616426,PASS,4963,6002,10,20,2,16
XMSSMT-SHA2_20/2_256,PUB_R1,2911,2911,2912,16105277,2544796,PASS,4963,6002,10,20,2,16
XMSSMT-SHA2_20/2_256,PUB_R1,2912,2912,2913,18424778,2747648,PASS,4963,6002,10,20,2,16
XMSSMT-SHA2_20/2_256,PUB_R1,2913,2913,2914,15977574,2678463,PASS,4963,6002,10,20,2,16
XMSSMT-SHA2_20/2_256,PUB_R1,2914,2914,2915,18512870,2625908,PASS,4963,6002,10,20,2,16
XMSSMT-SHA2_20/2_256,PUB_R1,2915,2915,2916,16001111,2646722,PASS,4963,6002,10,20,2,16
XMSSMT-SHA2_20/2_256,PUB_R1,2916,2916,2917,18442556,2682981,PASS,4963,6002,10,20,2,16
XMSSMT-SHA2_20/2_256,PUB_R1,2917,2917,2918,16075889,2541574,PASS,4963,6002,10,20,2,16
XMSSMT-SHA2_20/2_256,PUB_R1,2918,2918,2919,8618389,2615167,PASS,4963,6002,10,20,2,16
XMSSMT-SHA2_20/2_256,PUB_R1,2919,2919,2920,16071518,2543666,PASS,4963,6002,10,20,2,16
XMSSMT-SHA2_20/2_256,PUB_R1,2920,2920,2921,11169092,2551260,PASS,4963,6002,10,20,2,16
XMSSMT-SHA2_20/2_256,PUB_R1,2921,2921,2922,6071722,2677852,PASS,4963,6002,10,20,2,16
XMSSMT-SHA2_20/2_256,PUB_R1,2922,2922,2923,6176389,2583518,PASS,4963,6002,10,20,2,16
XMSSMT-SHA2_20/2_256,PUB_R1,2923,2923,2924,11032204,2659592,PASS,4963,6002,10,20,2,16
XMSSMT-SHA2_20/2_256,PUB_R1,2924,2924,2925,6061167,2680259,PASS,4963,6002,10,20,2,16
XMSSMT-SHA2_20/2_256,PUB_R1,2925,2925,2926,6104592,2639315,PASS,4963,6002,10,20,2,16
XMSSMT-SHA2_20/2_256,PUB_R1,2926,2926,2927,6158296,2580204,PASS,4963,6002,10,20,2,16
XMSSMT-SHA2_20/2_256,PUB_R1,2927,2927,2928,15936834,2679055,PASS,4963,6002,10,20,2,16
XMSSMT-SHA2_20/2_256,PUB_R1,2928,2928,2929,18503500,2613556,PASS,4963,6002,10,20,2,16
XMSSMT-SHA2_20/2_256,PUB_R1,2929,2929,2930,16039222,2586908,PASS,4963,6002,10,20,2,16
XMSSMT-SHA2_20/2_256,PUB_R1,2930,2930,2931,8590722,2610704,PASS,4963,6002,10,20,2,16
XMSSMT-SHA2_20/2_256,PUB_R1,2931,2931,2932,10954482,2743574,PASS,4963,6002,10,20,2,16
XMSSMT-SHA2_20/2_256,PUB_R1,2932,2932,2933,6093185,2643815,PASS,4963,6002,10,20,2,16
XMSSMT-SHA2_20/2_256,PUB_R1,2933,2933,2934,5897130,2844222,PASS,4963,6002,10,20,2,16
XMSSMT-SHA2_20/2_256,PUB_R1,2934,2934,2935,6186186,2545796,PASS,4963,6002,10,20,2,16
XMSSMT-SHA2_20/2_256,PUB_R1,2935,2935,2936,16137574,2515815,PASS,4963,6002,10,20,2,16
XMSSMT-SHA2_20/2_256,PUB_R1,2936,2936,2937,10861518,2809500,PASS,4963,6002,10,20,2,16
XMSSMT-SHA2_20/2_256,PUB_R1,2937,2937,2938,5966092,2777223,PASS,4963,6002,10,20,2,16
XMSSMT-SHA2_20/2_256,PUB_R1,2938,2938,2939,6058685,2678149,PASS,4963,6002,10,20,2,16
XMSSMT-SHA2_20/2_256,PUB_R1,2939,2939,2940,11145148,2556574,PASS,4963,6002,10,20,2,16
XMSSMT-SHA2_20/2_256,PUB_R1,2940,2940,2941,5961889,2784630,PASS,4963,6002,10,20,2,16
XMSSMT-SHA2_20/2_256,PUB_R1,2941,2941,2942,6134611,2621704,PASS,4963,6002,10,20,2,16
XMSSMT-SHA2_20/2_256,PUB_R1,2942,2942,2943,6076167,2676352,PASS,4963,6002,10,20,2,16
XMSSMT-SHA2_20/2_256,PUB_R1,2943,2943,2944,16027093,2649482,PASS,4963,6002,10,20,2,16
XMSSMT-SHA2_20/2_256,PUB_R1,2944,2944,2945,18599944,2515315,PASS,4963,6002,10,20,2,16
XMSSMT-SHA2_20/2_256,PUB_R1,2945,2945,2946,16139445,2535740,PASS,4963,6002,10,20,2,16
XMSSMT-SHA2_20/2_256,PUB_R1,2946,2946,2947,18400481,2749037,PASS,4963,6002,10,20,2,16
XMSSMT-SHA2_20/2_256,PUB_R1,2947,2947,2948,15918648,2750741,PASS,4963,6002,10,20,2,16
XMSSMT-SHA2_20/2_256,PUB_R1,2948,2948,2949,18513870,2533944,PASS,4963,6002,10,20,2,16
XMSSMT-SHA2_20/2_256,PUB_R1,2949,2949,2950,15935630,2597148,PASS,4963,6002,10,20,2,16
XMSSMT-SHA2_20/2_256,PUB_R1,2950,2950,2951,18577241,2453741,PASS,4963,6002,10,20,2,16
XMSSMT-SHA2_20/2_256,PUB_R1,2951,2951,2952,15891500,2664592,PASS,4963,6002,10,20,2,16
XMSSMT-SHA2_20/2_256,PUB_R1,2952,2952,2953,18284685,2733574,PASS,4963,6002,10,20,2,16
XMSSMT-SHA2_20/2_256,PUB_R1,2953,2953,2954,15955629,2596630,PASS,4963,6002,10,20,2,16
XMSSMT-SHA2_20/2_256,PUB_R1,2954,2954,2955,18231296,2765167,PASS,4963,6002,10,20,2,16
XMSSMT-SHA2_20/2_256,PUB_R1,2955,2955,2956,16026926,2505444,PASS,4963,6002,10,20,2,16
XMSSMT-SHA2_20/2_256,PUB_R1,2956,2956,2957,18362723,2597445,PASS,4963,6002,10,20,2,16
XMSSMT-SHA2_20/2_256,PUB_R1,2957,2957,2958,15936333,2593351,PASS,4963,6002,10,20,2,16
XMSSMT-SHA2_20/2_256,PUB_R1,2958,2958,2959,18255389,2731611,PASS,4963,6002,10,20,2,16
XMSSMT-SHA2_20/2_256,PUB_R1,2959,2959,2960,16019852,2528074,PASS,4963,6002,10,20,2,16
XMSSMT-SHA2_20/2_256,PUB_R1,2960,2960,2961,18353852,2648000,PASS,4963,6002,10,20,2,16
XMSSMT-SHA2_20/2_256,PUB_R1,2961,2961,2962,16051518,2502537,PASS,4963,6002,10,20,2,16
XMSSMT-SHA2_20/2_256,PUB_R1,2962,2962,2963,8590055,2564704,PASS,4963,6002,10,20,2,16
XMSSMT-SHA2_20/2_256,PUB_R1,2963,2963,2964,10984926,2623537,PASS,4963,6002,10,20,2,16
XMSSMT-SHA2_20/2_256,PUB_R1,2964,2964,2965,5947759,2728741,PASS,4963,6002,10,20,2,16
XMSSMT-SHA2_20/2_256,PUB_R1,2965,2965,2966,6094092,2593518,PASS,4963,6002,10,20,2,16
XMSSMT-SHA2_20/2_256,PUB_R1,2966,2966,2967,5909760,2763278,PASS,4963,6002,10,20,2,16
XMSSMT-SHA2_20/2_256,PUB_R1,2967,2967,2968,15796389,2730796,PASS,4963,6002,10,20,2,16
XMSSMT-SHA2_20/2_256,PUB_R1,2968,2968,2969,10923407,2676592,PASS,4963,6002,10,20,2,16
XMSSMT-SHA2_20/2_256,PUB_R1,2969,2969,2970,6117963,2556945,PASS,4963,6002,10,20,2,16
XMSSMT-SHA2_20/2_256,PUB_R1,2970,2970,2971,6187870,2496556,PASS,4963,6002,10,20,2,16
XMSSMT-SHA2_20/2_256,PUB_R1,2971,2971,2972,11052963,2612778,PASS,4963,6002,10,20,2,16
XMSSMT-SHA2_20/2_256,PUB_R1,2972,2972,2973,6125481,2560778,PASS,4963,6002,10,20,2,16
XMSSMT-SHA2_20/2_256,PUB_R1,2973,2973,2974,6054240,2637722,PASS,4963,6002,10,20,2,16
XMSSMT-SHA2_20/2_256,PUB_R1,2974,2974,2975,6044666,2621796,PASS,4963,6002,10,20,2,16
XMSSMT-SHA2_20/2_256,PUB_R1,2975,2975,2976,15924481,2634777,PASS,4963,6002,10,20,2,16
XMSSMT-SHA2_20/2_256,PUB_R1,2976,2976,2977,18324852,2666092,PASS,4963,6002,10,20,2,16
XMSSMT-SHA2_20/2_256,PUB_R1,2977,2977,2978,16031648,2542408,PASS,4963,6002,10,20,2,16
XMSSMT-SHA2_20/2_256,PUB_R1,2978,2978,2979,18478426,2533315,PASS,4963,6002,10,20,2,16
XMSSMT-SHA2_20/2_256,PUB_R1,2979,2979,2980,16084704,2471000,PASS,4963,6002,10,20,2,16
XMSSMT-SHA2_20/2_256,PUB_R1,2980,2980,2981,18375778,2633556,PASS,4963,6002,10,20,2,16
XMSSMT-SHA2_20/2_256,PUB_R1,2981,2981,2982,15799611,2763593,PASS,4963,6002,10,20,2,16
XMSSMT-SHA2_20/2_256,PUB_R1,2982,2982,2983,8509593,2663426,PASS,4963,6002,10,20,2,16
XMSSMT-SHA2_20/2_256,PUB_R1,2983,2983,2984,15961686,2605760,PASS,4963,6002,10,20,2,16
XMSSMT-SHA2_20/2_256,PUB_R1,2984,2984,2985,10999834,2630425,PASS,4963,6002,10,20,2,16
XMSSMT-SHA2_20/2_256,PUB_R1,2985,2985,2986,6055259,2644814,PASS,4963,6002,10,20,2,16
XMSSMT-SHA2_20/2_256,PUB_R1,2986,2986,2987,6097981,2597852,PASS,4963,6002,10,20,2,16
XMSSMT-SHA2_20/2_256,PUB_R1,2987,2987,2988,11012814,2602889,PASS,4963,6002,10,20,2,16
XMSSMT-SHA2_20/2_256,PUB_R1,2988,2988,2989,6058074,2629537,PASS,4963,6002,10,20,2,16
XMSSMT-SHA2_20/2_256,PUB_R1,2989,2989,2990,6089352,2634500,PASS,4963,6002,10,20,2,16
XMSSMT-SHA2_20/2_256,PUB_R1,2990,2990,2991,6138222,2531481,PASS,4963,6002,10,20,2,16
XMSSMT-SHA2_20/2_256,PUB_R1,2991,2991,2992,15910185,2667833,PASS,4963,6002,10,20,2,16
XMSSMT-SHA2_20/2_256,PUB_R1,2992,2992,2993,18446482,2567019,PASS,4963,6002,10,20,2,16
XMSSMT-SHA2_20/2_256,PUB_R1,2993,2993,2994,15930518,2595926,PASS,4963,6002,10,20,2,16
XMSSMT-SHA2_20/2_256,PUB_R1,2994,2994,2995,8557574,2597741,PASS,4963,6002,10,20,2,16
XMSSMT-SHA2_20/2_256,PUB_R1,2995,2995,2996,10891722,2728667,PASS,4963,6002,10,20,2,16
XMSSMT-SHA2_20/2_256,PUB_R1,2996,2996,2997,6112075,2564796,PASS,4963,6002,10,20,2,16
XMSSMT-SHA2_20/2_256,PUB_R1,2997,2997,2998,6103797,2595685,PASS,4963,6002,10,20,2,16
XMSSMT-SHA2_20/2_256,PUB_R1,2998,2998,2999,6022833,2664370,PASS,4963,6002,10,20,2,16
XMSSMT-SHA2_20/2_256,PUB_R1,2999,2999,3000,15745037,2796722,PASS,4963,6002,10,20,2,16
XMSSMT-SHA2_20/2_256,PUB_R1,3000,3000,3001,10806611,2796741,PASS,4963,6002,10,20,2,16
XMSSMT-SHA2_20/2_256,PUB_R1,3001,3001,3002,5954741,2746315,PASS,4963,6002,10,20,2,16
XMSSMT-SHA2_20/2_256,PUB_R1,3002,3002,3003,6157463,2526703,PASS,4963,6002,10,20,2,16
XMSSMT-SHA2_20/2_256,PUB_R1,3003,3003,3004,10876389,2728259,PASS,4963,6002,10,20,2,16
XMSSMT-SHA2_20/2_256,PUB_R1,3004,3004,3005,6178870,2497093,PASS,4963,6002,10,20,2,16
XMSSMT-SHA2_20/2_256,PUB_R1,3005,3005,3006,6134389,2527981,PASS,4963,6002,10,20,2,16
XMSSMT-SHA2_20/2_256,PUB_R1,3006,3006,3007,6044778,2627704,PASS,4963,6002,10,20,2,16
XMSSMT-SHA2_20/2_256,PUB_R1,3007,3007,3008,15824722,2730426,PASS,4963,6002,10,20,2,16
XMSSMT-SHA2_20/2_256,PUB_R1,3008,3008,3009,18444667,2544204,PASS,4963,6002,10,20,2,16
XMSSMT-SHA2_20/2_256,PUB_R1,3009,3009,3010,15830092,2728834,PASS,4963,6002,10,20,2,16
XMSSMT-SHA2_20/2_256,PUB_R1,3010,3010,3011,18341000,2630370,PASS,4963,6002,10,20,2,16
XMSSMT-SHA2_20/2_256,PUB_R1,3011,3011,3012,15801389,2727148,PASS,4963,6002,10,20,2,16
XMSSMT-SHA2_20/2_256,PUB_R1,3012,3012,3013,18456759,2533593,PASS,4963,6002,10,20,2,16
XMSSMT-SHA2_20/2_256,PUB_R1,3013,3013,3014,15722982,2801055,PASS,4963,6002,10,20,2,16
XMSSMT-SHA2_20/2_256,PUB_R1,3014,3014,3015,8564055,2590574,PASS,4963,6002,10,20,2,16
XMSSMT-SHA2_20/2_256,PUB_R1,3015,3015,3016,16062315,2464241,PASS,4963,6002,10,20,2,16
XMSSMT-SHA2_20/2_256,PUB_R1,3016,3016,3017,11064407,2562167,PASS,4963,6002,10,20,2,16
XMSSMT-SHA2_20/2_256,PUB_R1,3017,3017,3018,5937092,2780370,PASS,4963,6002,10,20,2,16
XMSSMT-SHA2_20/2_256,PUB_R1,3018,3018,3019,6184760,2491926,PASS,4963,6002,10,20,2,16
XMSSMT-SHA2_20/2_256,PUB_R1,3019,3019,3020,10993815,2630815,PASS,4963,6002,10,20,2,16
XMSSMT-SHA2_20/2_256,PUB_R1,3020,3020,3021,6117148,2562796,PASS,4963,6002,10,20,2,16
XMSSMT-SHA2_20/2_256,PUB_R1,3021,3021,3022,6045796,2657963,PASS,4963,6002,10,20,2,16
XMSSMT-SHA2_20/2_256,PUB_R1,3022,3022,3023,6083926,2607371,PASS,4963,6002,10,20,2,16
XMSSMT-SHA2_20/2_256,PUB_R1,3023,3023,3024,15841518,2729926,PASS,4963,6002,10,20,2,16
XMSSMT-SHA2_20/2_256,PUB_R1,3024,3024,3025,18221389,2763000,PASS,4963,6002,10,20,2,16
XMSSMT-SHA2_20/2_256,PUB_R1,3025,3025,3026,15892185,2629963,PASS,4963,6002,10,20,2,16
XMSSMT-SHA2_20/2_256,PUB_R1,3026,3026,3027,8596889,2577852,PASS,4963,6002,10,20,2,16
XMSSMT-SHA2_20/2_256,PUB_R1,3027,3027,3028,10840575,2764018,PASS,4963,6002,10,20,2,16
XMSSMT-SHA2_20/2_256,PUB_R1,3028,3028,3029,6076426,2629612,PASS,4963,6002,10,20,2,16
XMSSMT-SHA2_20/2_256,PUB_R1,3029,3029,3030,6032148,2676538,PASS,4963,6002,10,20,2,16
XMSSMT-SHA2_20/2_256,PUB_R1,3030,3030,3031,6060945,2631019,PASS,4963,6002,10,20,2,16
XMSSMT-SHA2_20/2_256,PUB_R1,3031,3031,3032,15885352,2627648,PASS,4963,6002,10,20,2,16
XMSSMT-SHA2_20/2_256,PUB_R1,3032,3032,3033,10861704,2764722,PASS,4963,6002,10,20,2,16
XMSSMT-SHA2_20/2_256,PUB_R1,3033,3033,3034,6078426,2600963,PASS,4963,6002,10,20,2,16
XMSSMT-SHA2_20/2_256,PUB_R1,3034,3034,3035,6048000,2661092,PASS,4963,6002,10,20,2,16
XMSSMT-SHA2_20/2_256,PUB_R1,3035,3035,3036,10959389,2666667,PASS,4963,6002,10,20,2,16
XMSSMT-SHA2_20/2_256,PUB_R1,3036,3036,3037,6006630,2665129,PASS,4963,6002,10,20,2,16
XMSSMT-SHA2_20/2_256,PUB_R1,3037,3037,3038,6280648,2434055,PASS,4963,6002,10,20,2,16
XMSSMT-SHA2_20/2_256,PUB_R1,3038,3038,3039,5894704,2792704,PASS,4963,6002,10,20,2,16
XMSSMT-SHA2_20/2_256,PUB_R1,3039,3039,3040,15893722,2686185,PASS,4963,6002,10,20,2,16
XMSSMT-SHA2_20/2_256,PUB_R1,3040,3040,3041,18347963,2671722,PASS,4963,6002,10,20,2,16
XMSSMT-SHA2_20/2_256,PUB_R1,3041,3041,3042,15964926,2597500,PASS,4963,6002,10,20,2,16
XMSSMT-SHA2_20/2_256,PUB_R1,3042,3042,3043,8527445,2645611,PASS,4963,6002,10,20,2,16
XMSSMT-SHA2_20/2_256,PUB_R1,3043,3043,3044,11173907,2441667,PASS,4963,6002,10,20,2,16
XMSSMT-SHA2_20/2_256,PUB_R1,3044,3044,3045,6069815,2626240,PASS,4963,6002,10,20,2,16
XMSSMT-SHA2_20/2_256,PUB_R1,3045,3045,3046,6028074,2665407,PASS,4963,6002,10,20,2,16
XMSSMT-SHA2_20/2_256,PUB_R1,3046,3046,3047,6145575,2567629,PASS,4963,6002,10,20,2,16
XMSSMT-SHA2_20/2_256,PUB_R1,3047,3047,3048,15770500,2849278,PASS,4963,6002,10,20,2,16
XMSSMT-SHA2_20/2_256,PUB_R1,3048,3048,3049,11118981,2580611,PASS,4963,6002,10,20,2,16
XMSSMT-SHA2_20/2_256,PUB_R1,3049,3049,3050,6098240,2646315,PASS,4963,6002,10,20,2,16
XMSSMT-SHA2_20/2_256,PUB_R1,3050,3050,3051,6340093,2413019,PASS,4963,6002,10,20,2,16
XMSSMT-SHA2_20/2_256,PUB_R1,3051,3051,3052,11081352,2613055,PASS,4963,6002,10,20,2,16
XMSSMT-SHA2_20/2_256,PUB_R1,3052,3052,3053,6120296,2609222,PASS,4963,6002,10,20,2,16
XMSSMT-SHA2_20/2_256,PUB_R1,3053,3053,3054,6055630,2744000,PASS,4963,6002,10,20,2,16
XMSSMT-SHA2_20/2_256,PUB_R1,3054,3054,3055,6153444,2576667,PASS,4963,6002,10,20,2,16
XMSSMT-SHA2_20/2_256,PUB_R1,3055,3055,3056,16098297,2596925,PASS,4963,6002,10,20,2,16
XMSSMT-SHA2_20/2_256,PUB_R1,3056,3056,3057,11197241,2516241,PASS,4963,6002,10,20,2,16
XMSSMT-SHA2_20/2_256,PUB_R1,3057,3057,3058,5949130,2807593,PASS,4963,6002,10,20,2,16
XMSSMT-SHA2_20/2_256,PUB_R1,3058,3058,3059,6199129,2545463,PASS,4963,6002,10,20,2,16
XMSSMT-SHA2_20/2_256,PUB_R1,3059,3059,3060,11162667,2547740,PASS,4963,6002,10,20,2,16
XMSSMT-SHA2_20/2_256,PUB_R1,3060,3060,3061,6130482,2629796,PASS,4963,6002,10,20,2,16
XMSSMT-SHA2_20/2_256,PUB_R1,3061,3061,3062,6137370,2608278,PASS,4963,6002,10,20,2,16
XMSSMT-SHA2_20/2_256,PUB_R1,3062,3062,3063,6073611,2678333,PASS,4963,6002,10,20,2,16
XMSSMT-SHA2_20/2_256,PUB_R1,3063,3063,3064,11030944,2699908,PASS,4963,6002,10,20,2,16
XMSSMT-SHA2_20/2_256,PUB_R1,3064,3064,3065,6116203,2648241,PASS,4963,6002,10,20,2,16
XMSSMT-SHA2_20/2_256,PUB_R1,3065,3065,3066,6079241,2681333,PASS,4963,6002,10,20,2,16
XMSSMT-SHA2_20/2_256,PUB_R1,3066,3066,3067,6151407,2572055,PASS,4963,6002,10,20,2,16
XMSSMT-SHA2_20/2_256,PUB_R1,3067,3067,3068,6020685,2754333,PASS,4963,6002,10,20,2,16
XMSSMT-SHA2_20/2_256,PUB_R1,3068,3068,3069,6163130,2579555,PASS,4963,6002,10,20,2,16
XMSSMT-SHA2_20/2_256,PUB_R1,3069,3069,3070,3699481,2580111,PASS,4963,6002,10,20,2,16
XMSSMT-SHA2_20/2_256,PUB_R1,3070,3070,3071,6140408,2609796,PASS,4963,6002,10,20,2,16
XMSSMT-SHA2_20/2_256,PUB_R1,3071,3071,3072,7270149,2690537,PASS,4963,6002,10,20,2,16
XMSSMT-SHA2_20/2_256,PUB_R1,3072,3072,3073,6124648,2639815,PASS,4963,6002,10,20,2,16
XMSSMT-SHA2_20/2_256,PUB_R1,3073,3073,3074,6236704,2542296,PASS,4963,6002,10,20,2,16
XMSSMT-SHA2_20/2_256,PUB_R1,3074,3074,3075,6059537,2709445,PASS,4963,6002,10,20,2,16
XMSSMT-SHA2_20/2_256,PUB_R1,3075,3075,3076,10937963,2775963,PASS,4963,6002,10,20,2,16
XMSSMT-SHA2_20/2_256,PUB_R1,3076,3076,3077,6223167,2545815,PASS,4963,6002,10,20,2,16
XMSSMT-SHA2_20/2_256,PUB_R1,3077,3077,3078,6121888,2642019,PASS,4963,6002,10,20,2,16
XMSSMT-SHA2_20/2_256,PUB_R1,3078,3078,3079,6230148,2550426,PASS,4963,6002,10,20,2,16
XMSSMT-SHA2_20/2_256,PUB_R1,3079,3079,3080,16125185,2538574,PASS,4963,6002,10,20,2,16
XMSSMT-SHA2_20/2_256,PUB_R1,3080,3080,3081,11049352,2683741,PASS,4963,6002,10,20,2,16
XMSSMT-SHA2_20/2_256,PUB_R1,3081,3081,3082,6259500,2516278,PASS,4963,6002,10,20,2,16
XMSSMT-SHA2_20/2_256,PUB_R1,3082,3082,3083,6228537,2545870,PASS,4963,6002,10,20,2,16
XMSSMT-SHA2_20/2_256,PUB_R1,3083,3083,3084,10910352,2815519,PASS,4963,6002,10,20,2,16
XMSSMT-SHA2_20/2_256,PUB_R1,3084,3084,3085,5982481,2773740,PASS,4963,6002,10,20,2,16
XMSSMT-SHA2_20/2_256,PUB_R1,3085,3085,3086,6185444,2573982,PASS,4963,6002,10,20,2,16
XMSSMT-SHA2_20/2_256,PUB_R1,3086,3086,3087,6088926,2676741,PASS,4963,6002,10,20,2,16
XMSSMT-SHA2_20/2_256,PUB_R1,3087,3087,3088,16009315,2642000,PASS,4963,6002,10,20,2,16
XMSSMT-SHA2_20/2_256,PUB_R1,3088,3088,3089,18345445,2777593,PASS,4963,6002,10,20,2,16
XMSSMT-SHA2_20/2_256,PUB_R1,3089,3089,3090,16016408,2652833,PASS,4963,6002,10,20,2,16
XMSSMT-SHA2_20/2_256,PUB_R1,3090,3090,3091,8673222,2577981,PASS,4963,6002,10,20,2,16
XMSSMT-SHA2_20/2_256,PUB_R1,3091,3091,3092,11090833,2647407,PASS,4963,6002,10,20,2,16
XMSSMT-SHA2_20/2_256,PUB_R1,3092,3092,3093,6072574,2712314,PASS,4963,6002,10,20,2,16
XMSSMT-SHA2_20/2_256,PUB_R1,3093,3093,3094,6256593,2504982,PASS,4963,6002,10,20,2,16
XMSSMT-SHA2_20/2_256,PUB_R1,3094,3094,3095,5961426,2828185,PASS,4963,6002,10,20,2,16
XMSSMT-SHA2_20/2_256,PUB_R1,3095,3095,3096,15860112,2810075,PASS,4963,6002,10,20,2,16
XMSSMT-SHA2_20/2_256,PUB_R1,3096,3096,3097,10877481,2843556,PASS,4963,6002,10,20,2,16
XMSSMT-SHA2_20/2_256,PUB_R1,3097,3097,3098,6182166,2610111,PASS,4963,6002,10,20,2,16
XMSSMT-SHA2_20/2_256,PUB_R1,3098,3098,3099,6127538,2647703,PASS,4963,6002,10,20,2,16
XMSSMT-SHA2_20/2_256,PUB_R1,3099,3099,3100,10950740,2781148,PASS,4963,6002,10,20,2,16
XMSSMT-SHA2_20/2_256,PUB_R1,3100,3100,3101,6085704,2712667,PASS,4963,6002,10,20,2,16
XMSSMT-SHA2_20/2_256,PUB_R1,3101,3101,3102,5922648,2854426,PASS,4963,6002,10,20,2,16
XMSSMT-SHA2_20/2_256,PUB_R1,3102,3102,3103,6064981,2710778,PASS,4963,6002,10,20,2,16
XMSSMT-SHA2_20/2_256,PUB_R1,3103,3103,3104,15957426,2717148,PASS,4963,6002,10,20,2,16
XMSSMT-SHA2_20/2_256,PUB_R1,3104,3104,3105,18507093,2633222,PASS,4963,6002,10,20,2,16
XMSSMT-SHA2_20/2_256,PUB_R1,3105,3105,3106,15826796,2772407,PASS,4963,6002,10,20,2,16
XMSSMT-SHA2_20/2_256,PUB_R1,3106,3106,3107,18458389,2577204,PASS,4963,6002,10,20,2,16
XMSSMT-SHA2_20/2_256,PUB_R1,3107,3107,3108,15829667,2765833,PASS,4963,6002,10,20,2,16
XMSSMT-SHA2_20/2_256,PUB_R1,3108,3108,3109,18253870,2757908,PASS,4963,6002,10,20,2,16
XMSSMT-SHA2_20/2_256,PUB_R1,3109,3109,3110,15980852,2599908,PASS,4963,6002,10,20,2,16
XMSSMT-SHA2_20/2_256,PUB_R1,3110,3110,3111,8569723,2624741,PASS,4963,6002,10,20,2,16
XMSSMT-SHA2_20/2_256,PUB_R1,3111,3111,3112,15989833,2600722,PASS,4963,6002,10,20,2,16
XMSSMT-SHA2_20/2_256,PUB_R1,3112,3112,3113,10877222,2753482,PASS,4963,6002,10,20,2,16
XMSSMT-SHA2_20/2_256,PUB_R1,3113,3113,3114,5926982,2793277,PASS,4963,6002,10,20,2,16
XMSSMT-SHA2_20/2_256,PUB_R1,3114,3114,3115,6100778,2628778,PASS,4963,6002,10,20,2,16
XMSSMT-SHA2_20/2_256,PUB_R1,3115,3115,3116,10981315,2659722,PASS,4963,6002,10,20,2,16
XMSSMT-SHA2_20/2_256,PUB_R1,3116,3116,3117,5919129,2785778,PASS,4963,6002,10,20,2,16
XMSSMT-SHA2_20/2_256,PUB_R1,3117,3117,3118,6050315,2697500,PASS,4963,6002,10,20,2,16
XMSSMT-SHA2_20/2_256,PUB_R1,3118,3118,3119,6134000,2558944,PASS,4963,6002,10,20,2,16
XMSSMT-SHA2_20/2_256,PUB_R1,3119,3119,3120,16021000,2529741,PASS,4963,6002,10,20,2,16
XMSSMT-SHA2_20/2_256,PUB_R1,3120,3120,3121,18395092,2629352,PASS,4963,6002,10,20,2,16
XMSSMT-SHA2_20/2_256,PUB_R1,3121,3121,3122,15953222,2595426,PASS,4963,6002,10,20,2,16
XMSSMT-SHA2_20/2_256,PUB_R1,3122,3122,3123,8480019,2699092,PASS,4963,6002,10,20,2,16
XMSSMT-SHA2_20/2_256,PUB_R1,3123,3123,3124,10869111,2758222,PASS,4963,6002,10,20,2,16
XMSSMT-SHA2_20/2_256,PUB_R1,3124,3124,3125,5864574,2852129,PASS,4963,6002,10,20,2,16
XMSSMT-SHA2_20/2_256,PUB_R1,3125,3125,3126,6086759,2630611,PASS,4963,6002,10,20,2,16
XMSSMT-SHA2_20/2_256,PUB_R1,3126,3126,3127,6219685,2499723,PASS,4963,6002,10,20,2,16
XMSSMT-SHA2_20/2_256,PUB_R1,3127,3127,3128,15818963,2760815,PASS,4963,6002,10,20,2,16
XMSSMT-SHA2_20/2_256,PUB_R1,3128,3128,3129,10873741,2764371,PASS,4963,6002,10,20,2,16
XMSSMT-SHA2_20/2_256,PUB_R1,3129,3129,3130,6024537,2693204,PASS,4963,6002,10,20,2,16
XMSSMT-SHA2_20/2_256,PUB_R1,3130,3130,3131,5929611,2794574,PASS,4963,6002,10,20,2,16
XMSSMT-SHA2_20/2_256,PUB_R1,3131,3131,3132,10943389,2699297,PASS,4963,6002,10,20,2,16
XMSSMT-SHA2_20/2_256,PUB_R1,3132,3132,3133,5941130,2819907,PASS,4963,6002,10,20,2,16
XMSSMT-SHA2_20/2_256,PUB_R1,3133,3133,3134,6076759,2711852,PASS,4963,6002,10,20,2,16
XMSSMT-SHA2_20/2_256,PUB_R1,3134,3134,3135,5958277,2805352,PASS,4963,6002,10,20,2,16
XMSSMT-SHA2_20/2_256,PUB_R1,3135,3135,3136,16073037,2650074,PASS,4963,6002,10,20,2,16
XMSSMT-SHA2_20/2_256,PUB_R1,3136,3136,3137,18589296,2586000,PASS,4963,6002,10,20,2,16
XMSSMT-SHA2_20/2_256,PUB_R1,3137,3137,3138,16125426,2576704,PASS,4963,6002,10,20,2,16
XMSSMT-SHA2_20/2_256,PUB_R1,3138,3138,3139,18362389,2777000,PASS,4963,6002,10,20,2,16
XMSSMT-SHA2_20/2_256,PUB_R1,3139,3139,3140,15895759,2778130,PASS,4963,6002,10,20,2,16
XMSSMT-SHA2_20/2_256,PUB_R1,3140,3140,3141,18513852,2612704,PASS,4963,6002,10,20,2,16
XMSSMT-SHA2_20/2_256,PUB_R1,3141,3141,3142,16017314,2695833,PASS,4963,6002,10,20,2,16
XMSSMT-SHA2_20/2_256,PUB_R1,3142,3142,3143,18370334,2809686,PASS,4963,6002,10,20,2,16
XMSSMT-SHA2_20/2_256,PUB_R1,3143,3143,3144,16013759,2683482,PASS,4963,6002,10,20,2,16
XMSSMT-SHA2_20/2_256,PUB_R1,3144,3144,3145,18357851,2776796,PASS,4963,6002,10,20,2,16
XMSSMT-SHA2_20/2_256,PUB_R1,3145,3145,3146,16144129,2556704,PASS,4963,6002,10,20,2,16
XMSSMT-SHA2_20/2_256,PUB_R1,3146,3146,3147,18485704,2679018,PASS,4963,6002,10,20,2,16
XMSSMT-SHA2_20/2_256,PUB_R1,3147,3147,3148,16139297,2547908,PASS,4963,6002,10,20,2,16
XMSSMT-SHA2_20/2_256,PUB_R1,3148,3148,3149,18495834,2646870,PASS,4963,6002,10,20,2,16
XMSSMT-SHA2_20/2_256,PUB_R1,3149,3149,3150,16043741,2648389,PASS,4963,6002,10,20,2,16
XMSSMT-SHA2_20/2_256,PUB_R1,3150,3150,3151,18478908,2639555,PASS,4963,6002,10,20,2,16
XMSSMT-SHA2_20/2_256,PUB_R1,3151,3151,3152,15781333,2916167,PASS,4963,6002,10,20,2,16
XMSSMT-SHA2_20/2_256,PUB_R1,3152,3152,3153,18500722,2607148,PASS,4963,6002,10,20,2,16
XMSSMT-SHA2_20/2_256,PUB_R1,3153,3153,3154,16045167,2682519,PASS,4963,6002,10,20,2,16
XMSSMT-SHA2_20/2_256,PUB_R1,3154,3154,3155,8555519,2676963,PASS,4963,6002,10,20,2,16
XMSSMT-SHA2_20/2_256,PUB_R1,3155,3155,3156,11225018,2517723,PASS,4963,6002,10,20,2,16
XMSSMT-SHA2_20/2_256,PUB_R1,3156,3156,3157,6089352,2675629,PASS,4963,6002,10,20,2,16
XMSSMT-SHA2_20/2_256,PUB_R1,3157,3157,3158,5994185,2782963,PASS,4963,6002,10,20,2,16
XMSSMT-SHA2_20/2_256,PUB_R1,3158,3158,3159,6161000,2612666,PASS,4963,6002,10,20,2,16
XMSSMT-SHA2_20/2_256,PUB_R1,3159,3159,3160,16076222,2647796,PASS,4963,6002,10,20,2,16
XMSSMT-SHA2_20/2_256,PUB_R1,3160,3160,3161,11083315,2649777,PASS,4963,6002,10,20,2,16
XMSSMT-SHA2_20/2_256,PUB_R1,3161,3161,3162,6102445,2688277,PASS,4963,6002,10,20,2,16
XMSSMT-SHA2_20/2_256,PUB_R1,3162,3162,3163,6201203,2575760,PASS,4963,6002,10,20,2,16
XMSSMT-SHA2_20/2_256,PUB_R1,3163,3163,3164,10943833,2825926,PASS,4963,6002,10,20,2,16
XMSSMT-SHA2_20/2_256,PUB_R1,3164,3164,3165,6126277,2645574,PASS,4963,6002,10,20,2,16
XMSSMT-SHA2_20/2_256,PUB_R1,3165,3165,3166,6182333,2619222,PASS,4963,6002,10,20,2,16
XMSSMT-SHA2_20/2_256,PUB_R1,3166,3166,3167,6077223,2668037,PASS,4963,6002,10,20,2,16
XMSSMT-SHA2_20/2_256,PUB_R1,3167,3167,3168,16166408,2558092,PASS,4963,6002,10,20,2,16
XMSSMT-SHA2_20/2_256,PUB_R1,3168,3168,3169,18452204,2679037,PASS,4963,6002,10,20,2,16
XMSSMT-SHA2_20/2_256,PUB_R1,3169,3169,3170,15852296,2848907,PASS,4963,6002,10,20,2,16
XMSSMT-SHA2_20/2_256,PUB_R1,3170,3170,3171,18364667,2780759,PASS,4963,6002,10,20,2,16
XMSSMT-SHA2_20/2_256,PUB_R1,3171,3171,3172,16012204,2686000,PASS,4963,6002,10,20,2,16
XMSSMT-SHA2_20/2_256,PUB_R1,3172,3172,3173,18452277,2642130,PASS,4963,6002,10,20,2,16
XMSSMT-SHA2_20/2_256,PUB_R1,3173,3173,3174,15905907,2697092,PASS,4963,6002,10,20,2,16
XMSSMT-SHA2_20/2_256,PUB_R1,3174,3174,3175,8584259,2605111,PASS,4963,6002,10,20,2,16
XMSSMT-SHA2_20/2_256,PUB_R1,3175,3175,3176,15881407,2698852,PASS,4963,6002,10,20,2,16
XMSSMT-SHA2_20/2_256,PUB_R1,3176,3176,3177,11055611,2597537,PASS,4963,6002,10,20,2,16
XMSSMT-SHA2_20/2_256,PUB_R1,3177,3177,3178,5944870,2794056,PASS,4963,6002,10,20,2,16
XMSSMT-SHA2_20/2_256,PUB_R1,3178,3178,3179,5943445,2760981,PASS,4963,6002,10,20,2,16
XMSSMT-SHA2_20/2_256,PUB_R1,3179,3179,3180,11016574,2626796,PASS,4963,6002,10,20,2,16
XMSSMT-SHA2_20/2_256,PUB_R1,3180,3180,3181,6208463,2532759,PASS,4963,6002,10,20,2,16
XMSSMT-SHA2_20/2_256,PUB_R1,3181,3181,3182,6193982,2531259,PASS,4963,6002,10,20,2,16
XMSSMT-SHA2_20/2_256,PUB_R1,3182,3182,3183,6091315,2650870,PASS,4963,6002,10,20,2,16
XMSSMT-SHA2_20/2_256,PUB_R1,3183,3183,3184,15757797,2791629,PASS,4963,6002,10,20,2,16
XMSSMT-SHA2_20/2_256,PUB_R1,3184,3184,3185,18263963,2765759,PASS,4963,6002,10,20,2,16
XMSSMT-SHA2_20/2_256,PUB_R1,3185,3185,3186,15791111,2799555,PASS,4963,6002,10,20,2,16
XMSSMT-SHA2_20/2_256,PUB_R1,3186,3186,3187,8665945,2530574,PASS,4963,6002,10,20,2,16
XMSSMT-SHA2_20/2_256,PUB_R1,3187,3187,3188,10881537,2758907,PASS,4963,6002,10,20,2,16
XMSSMT-SHA2_20/2_256,PUB_R1,3188,3188,3189,5858074,2857648,PASS,4963,6002,10,20,2,16
XMSSMT-SHA2_20/2_256,PUB_R1,3189,3189,3190,6134055,2595463,PASS,4963,6002,10,20,2,16
XMSSMT-SHA2_20/2_256,PUB_R1,3190,3190,3191,6013685,2691704,PASS,4963,6002,10,20,2,16
XMSSMT-SHA2_20/2_256,PUB_R1,3191,3191,3192,15985556,2600555,PASS,4963,6002,10,20,2,16
XMSSMT-SHA2_20/2_256,PUB_R1,3192,3192,3193,11021870,2626593,PASS,4963,6002,10,20,2,16
XMSSMT-SHA2_20/2_256,PUB_R1,3193,3193,3194,5945148,2798018,PASS,4963,6002,10,20,2,16
XMSSMT-SHA2_20/2_256,PUB_R1,3194,3194,3195,6121463,2594593,PASS,4963,6002,10,20,2,16
XMSSMT-SHA2_20/2_256,PUB_R1,3195,3195,3196,11091166,2563981,PASS,4963,6002,10,20,2,16
XMSSMT-SHA2_20/2_256,PUB_R1,3196,3196,3197,6071592,2666222,PASS,4963,6002,10,20,2,16
XMSSMT-SHA2_20/2_256,PUB_R1,3197,3197,3198,6094963,2628167,PASS,4963,6002,10,20,2,16
XMSSMT-SHA2_20/2_256,PUB_R1,3198,3198,3199,6114482,2603407,PASS,4963,6002,10,20,2,16
XMSSMT-SHA2_20/2_256,PUB_R1,3199,3199,3200,15954945,2628908,PASS,4963,6002,10,20,2,16
XMSSMT-SHA2_20/2_256,PUB_R1,3200,3200,3201,18333241,2697759,PASS,4963,6002,10,20,2,16
XMSSMT-SHA2_20/2_256,PUB_R1,3201,3201,3202,16000203,2626500,PASS,4963,6002,10,20,2,16
XMSSMT-SHA2_20/2_256,PUB_R1,3202,3202,3203,18488444,2579019,PASS,4963,6002,10,20,2,16
XMSSMT-SHA2_20/2_256,PUB_R1,3203,3203,3204,15767796,2805593,PASS,4963,6002,10,20,2,16
XMSSMT-SHA2_20/2_256,PUB_R1,3204,3204,3205,18465092,2528463,PASS,4963,6002,10,20,2,16
XMSSMT-SHA2_20/2_256,PUB_R1,3205,3205,3206,15951426,2627630,PASS,4963,6002,10,20,2,16
XMSSMT-SHA2_20/2_256,PUB_R1,3206,3206,3207,18419574,2591259,PASS,4963,6002,10,20,2,16
XMSSMT-SHA2_20/2_256,PUB_R1,3207,3207,3208,15869445,2695388,PASS,4963,6002,10,20,2,16
XMSSMT-SHA2_20/2_256,PUB_R1,3208,3208,3209,18449667,2606389,PASS,4963,6002,10,20,2,16
XMSSMT-SHA2_20/2_256,PUB_R1,3209,3209,3210,15735611,2827426,PASS,4963,6002,10,20,2,16
XMSSMT-SHA2_20/2_256,PUB_R1,3210,3210,3211,18395019,2662870,PASS,4963,6002,10,20,2,16
XMSSMT-SHA2_20/2_256,PUB_R1,3211,3211,3212,15913092,2662815,PASS,4963,6002,10,20,2,16
XMSSMT-SHA2_20/2_256,PUB_R1,3212,3212,3213,18390334,2600130,PASS,4963,6002,10,20,2,16
XMSSMT-SHA2_20/2_256,PUB_R1,3213,3213,3214,15781814,2754815,PASS,4963,6002,10,20,2,16
XMSSMT-SHA2_20/2_256,PUB_R1,3214,3214,3215,18506297,2506203,PASS,4963,6002,10,20,2,16
XMSSMT-SHA2_20/2_256,PUB_R1,3215,3215,3216,15680112,2857037,PASS,4963,6002,10,20,2,16
XMSSMT-SHA2_20/2_256,PUB_R1,3216,3216,3217,18337204,2664148,PASS,4963,6002,10,20,2,16
XMSSMT-SHA2_20/2_256,PUB_R1,3217,3217,3218,15945389,2594926,PASS,4963,6002,10,20,2,16
XMSSMT-SHA2_20/2_256,PUB_R1,3218,3218,3219,18360593,2663592,PASS,4963,6002,10,20,2,16
XMSSMT-SHA2_20/2_256,PUB_R1,3219,3219,3220,15941888,2593760,PASS,4963,6002,10,20,2,16
XMSSMT-SHA2_20/2_256,PUB_R1,3220,3220,3221,18474519,2564797,PASS,4963,6002,10,20,2,16
XMSSMT-SHA2_20/2_256,PUB_R1,3221,3221,3222,15780259,2755333,PASS,4963,6002,10,20,2,16
XMSSMT-SHA2_20/2_256,PUB_R1,3222,3222,3223,18362537,2671796,PASS,4963,6002,10,20,2,16
XMSSMT-SHA2_20/2_256,PUB_R1,3223,3223,3224,16024759,2563574,PASS,4963,6002,10,20,2,16
XMSSMT-SHA2_20/2_256,PUB_R1,3224,3224,3225,18429371,2595926,PASS,4963,6002,10,20,2,16
XMSSMT-SHA2_20/2_256,PUB_R1,3225,3225,3226,15889796,2709648,PASS,4963,6002,10,20,2,16
XMSSMT-SHA2_20/2_256,PUB_R1,3226,3226,3227,18420315,2629945,PASS,4963,6002,10,20,2,16
XMSSMT-SHA2_20/2_256,PUB_R1,3227,3227,3228,15961611,2628722,PASS,4963,6002,10,20,2,16
XMSSMT-SHA2_20/2_256,PUB_R1,3228,3228,3229,18479186,2566574,PASS,4963,6002,10,20,2,16
XMSSMT-SHA2_20/2_256,PUB_R1,3229,3229,3230,15899704,2706500,PASS,4963,6002,10,20,2,16
XMSSMT-SHA2_20/2_256,PUB_R1,3230,3230,3231,18403482,2592129,PASS,4963,6002,10,20,2,16
XMSSMT-SHA2_20/2_256,PUB_R1,3231,3231,3232,16063277,2494297,PASS,4963,6002,10,20,2,16
XMSSMT-SHA2_20/2_256,PUB_R1,3232,3232,3233,18340555,2659037,PASS,4963,6002,10,20,2,16
XMSSMT-SHA2_20/2_256,PUB_R1,3233,3233,3234,16047741,2564574,PASS,4963,6002,10,20,2,16
XMSSMT-SHA2_20/2_256,PUB_R1,3234,3234,3235,18468555,2576130,PASS,4963,6002,10,20,2,16
XMSSMT-SHA2_20/2_256,PUB_R1,3235,3235,3236,15864556,2702185,PASS,4963,6002,10,20,2,16
XMSSMT-SHA2_20/2_256,PUB_R1,3236,3236,3237,18273167,2766333,PASS,4963,6002,10,20,2,16
XMSSMT-SHA2_20/2_256,PUB_R1,3237,3237,3238,15952000,2595166,PASS,4963,6002,10,20,2,16
XMSSMT-SHA2_20/2_256,PUB_R1,3238,3238,3239,18444592,2596241,PASS,4963,6002,10,20,2,16
XMSSMT-SHA2_20/2_256,PUB_R1,3239,3239,3240,15956426,2626019,PASS,4963,6002,10,20,2,16
XMSSMT-SHA2_20/2_256,PUB_R1,3240,3240,3241,18203333,2832871,PASS,4963,6002,10,20,2,16
XMSSMT-SHA2_20/2_256,PUB_R1,3241,3241,3242,15926907,2626519,PASS,4963,6002,10,20,2,16
XMSSMT-SHA2_20/2_256,PUB_R1,3242,3242,3243,18414852,2596871,PASS,4963,6002,10,20,2,16
XMSSMT-SHA2_20/2_256,PUB_R1,3243,3243,3244,11079685,2560908,PASS,4963,6002,10,20,2,16
XMSSMT-SHA2_20/2_256,PUB_R1,3244,3244,3245,6042370,2660500,PASS,4963,6002,10,20,2,16
XMSSMT-SHA2_20/2_256,PUB_R1,3245,3245,3246,6036018,2687797,PASS,4963,6002,10,20,2,16
XMSSMT-SHA2_20/2_256,PUB_R1,3246,3246,3247,6193686,2504259,PASS,4963,6002,10,20,2,16
XMSSMT-SHA2_20/2_256,PUB_R1,3247,3247,3248,15912482,2628629,PASS,4963,6002,10,20,2,16
XMSSMT-SHA2_20/2_256,PUB_R1,3248,3248,3249,18359907,2662148,PASS,4963,6002,10,20,2,16
XMSSMT-SHA2_20/2_256,PUB_R1,3249,3249,3250,16015797,2528851,PASS,4963,6002,10,20,2,16
XMSSMT-SHA2_20/2_256,PUB_R1,3250,3250,3251,8590945,2614148,PASS,4963,6002,10,20,2,16
XMSSMT-SHA2_20/2_256,PUB_R1,3251,3251,3252,10945611,2695278,PASS,4963,6002,10,20,2,16
XMSSMT-SHA2_20/2_256,PUB_R1,3252,3252,3253,6221889,2494222,PASS,4963,6002,10,20,2,16
XMSSMT-SHA2_20/2_256,PUB_R1,3253,3253,3254,6170630,2572500,PASS,4963,6002,10,20,2,16
XMSSMT-SHA2_20/2_256,PUB_R1,3254,3254,3255,5943333,2757352,PASS,4963,6002,10,20,2,16
XMSSMT-SHA2_20/2_256,PUB_R1,3255,3255,3256,15913648,2628870,PASS,4963,6002,10,20,2,16
XMSSMT-SHA2_20/2_256,PUB_R1,3256,3256,3257,11006315,2628889,PASS,4963,6002,10,20,2,16
XMSSMT-SHA2_20/2_256,PUB_R1,3257,3257,3258,5929334,2796666,PASS,4963,6002,10,20,2,16
XMSSMT-SHA2_20/2_256,PUB_R1,3258,3258,3259,5934907,2792130,PASS,4963,6002,10,20,2,16
XMSSMT-SHA2_20/2_256,PUB_R1,3259,3259,3260,11102704,2679666,PASS,4963,6002,10,20,2,16
XMSSMT-SHA2_20/2_256,PUB_R1,3260,3260,3261,6091278,2679685,PASS,4963,6002,10,20,2,16
XMSSMT-SHA2_20/2_256,PUB_R1,3261,3261,3262,6150740,2652537,PASS,4963,6002,10,20,2,16
XMSSMT-SHA2_20/2_256,PUB_R1,3262,3262,3263,6118296,2641056,PASS,4963,6002,10,20,2,16
XMSSMT-SHA2_20/2_256,PUB_R1,3263,3263,3264,15979019,2718260,PASS,4963,6002,10,20,2,16
XMSSMT-SHA2_20/2_256,PUB_R1,3264,3264,3265,18595500,2583222,PASS,4963,6002,10,20,2,16
XMSSMT-SHA2_20/2_256,PUB_R1,3265,3265,3266,16020333,2684852,PASS,4963,6002,10,20,2,16
XMSSMT-SHA2_20/2_256,PUB_R1,3266,3266,3267,18530833,2642981,PASS,4963,6002,10,20,2,16
XMSSMT-SHA2_20/2_256,PUB_R1,3267,3267,3268,16100074,2581185,PASS,4963,6002,10,20,2,16
XMSSMT-SHA2_20/2_256,PUB_R1,3268,3268,3269,18525351,2655000,PASS,4963,6002,10,20,2,16
XMSSMT-SHA2_20/2_256,PUB_R1,3269,3269,3270,16036722,2701167,PASS,4963,6002,10,20,2,16
XMSSMT-SHA2_20/2_256,PUB_R1,3270,3270,3271,18372926,2813000,PASS,4963,6002,10,20,2,16
XMSSMT-SHA2_20/2_256,PUB_R1,3271,3271,3272,16064315,2651500,PASS,4963,6002,10,20,2,16
XMSSMT-SHA2_20/2_256,PUB_R1,3272,3272,3273,18508389,2645222,PASS,4963,6002,10,20,2,16
XMSSMT-SHA2_20/2_256,PUB_R1,3273,3273,3274,15986648,2679018,PASS,4963,6002,10,20,2,16
XMSSMT-SHA2_20/2_256,PUB_R1,3274,3274,3275,18530704,2612796,PASS,4963,6002,10,20,2,16
XMSSMT-SHA2_20/2_256,PUB_R1,3275,3275,3276,15874093,2776592,PASS,4963,6002,10,20,2,16
XMSSMT-SHA2_20/2_256,PUB_R1,3276,3276,3277,18310482,2808555,PASS,4963,6002,10,20,2,16
XMSSMT-SHA2_20/2_256,PUB_R1,3277,3277,3278,16012908,2643518,PASS,4963,6002,10,20,2,16
XMSSMT-SHA2_20/2_256,PUB_R1,3278,3278,3279,18537018,2610778,PASS,4963,6002,10,20,2,16
XMSSMT-SHA2_20/2_256,PUB_R1,3279,3279,3280,15948204,2709852,PASS,4963,6002,10,20,2,16
XMSSMT-SHA2_20/2_256,PUB_R1,3280,3280,3281,18510203,2653444,PASS,4963,6002,10,20,2,16
XMSSMT-SHA2_20/2_256,PUB_R1,3281,3281,3282,16097019,2619574,PASS,4963,6002,10,20,2,16
XMSSMT-SHA2_20/2_256,PUB_R1,3282,3282,3283,8497259,2781556,PASS,4963,6002,10,20,2,16
XMSSMT-SHA2_20/2_256,PUB_R1,3283,3283,3284,11202537,2555241,PASS,4963,6002,10,20,2,16
XMSSMT-SHA2_20/2_256,PUB_R1,3284,3284,3285,6148889,2652556,PASS,4963,6002,10,20,2,16
XMSSMT-SHA2_20/2_256,PUB_R1,3285,3285,3286,6140963,2650111,PASS,4963,6002,10,20,2,16
XMSSMT-SHA2_20/2_256,PUB_R1,3286,3286,3287,6184222,2616223,PASS,4963,6002,10,20,2,16
XMSSMT-SHA2_20/2_256,PUB_R1,3287,3287,3288,16062148,2649797,PASS,4963,6002,10,20,2,16
XMSSMT-SHA2_20/2_256,PUB_R1,3288,3288,3289,11258352,2483630,PASS,4963,6002,10,20,2,16
XMSSMT-SHA2_20/2_256,PUB_R1,3289,3289,3290,6060666,2723371,PASS,4963,6002,10,20,2,16
XMSSMT-SHA2_20/2_256,PUB_R1,3290,3290,3291,6166630,2611167,PASS,4963,6002,10,20,2,16
XMSSMT-SHA2_20/2_256,PUB_R1,3291,3291,3292,10944018,2773223,PASS,4963,6002,10,20,2,16
XMSSMT-SHA2_20/2_256,PUB_R1,3292,3292,3293,6061334,2720740,PASS,4963,6002,10,20,2,16
XMSSMT-SHA2_20/2_256,PUB_R1,3293,3293,3294,6269389,2509037,PASS,4963,6002,10,20,2,16
XMSSMT-SHA2_20/2_256,PUB_R1,3294,3294,3295,5955796,2816926,PASS,4963,6002,10,20,2,16
XMSSMT-SHA2_20/2_256,PUB_R1,3295,3295,3296,16096426,2590278,PASS,4963,6002,10,20,2,16
XMSSMT-SHA2_20/2_256,PUB_R1,3296,3296,3297,18509851,2651445,PASS,4963,6002,10,20,2,16
XMSSMT-SHA2_20/2_256,PUB_R1,3297,3297,3298,16146611,2556204,PASS,4963,6002,10,20,2,16
XMSSMT-SHA2_20/2_256,PUB_R1,3298,3298,3299,18322796,2814463,PASS,4963,6002,10,20,2,16
XMSSMT-SHA2_20/2_256,PUB_R1,3299,3299,3300,16024889,2602630,PASS,4963,6002,10,20,2,16
XMSSMT-SHA2_20/2_256,PUB_R1,3300,3300,3301,18367370,2677963,PASS,4963,6002,10,20,2,16
XMSSMT-SHA2_20/2_256,PUB_R1,3301,3301,3302,16007500,2566019,PASS,4963,6002,10,20,2,16
XMSSMT-SHA2_20/2_256,PUB_R1,3302,3302,3303,8589537,2591945,PASS,4963,6002,10,20,2,16
XMSSMT-SHA2_20/2_256,PUB_R1,3303,3303,3304,15911629,2672407,PASS,4963,6002,10,20,2,16
XMSSMT-SHA2_20/2_256,PUB_R1,3304,3304,3305,11030851,2627389,PASS,4963,6002,10,20,2,16
XMSSMT-SHA2_20/2_256,PUB_R1,3305,3305,3306,6174612,2561203,PASS,4963,6002,10,20,2,16
XMSSMT-SHA2_20/2_256,PUB_R1,3306,3306,3307,6115611,2596407,PASS,4963,6002,10,20,2,16
XMSSMT-SHA2_20/2_256,PUB_R1,3307,3307,3308,10902575,2759204,PASS,4963,6002,10,20,2,16
XMSSMT-SHA2_20/2_256,PUB_R1,3308,3308,3309,5897518,2822797,PASS,4963,6002,10,20,2,16
XMSSMT-SHA2_20/2_256,PUB_R1,3309,3309,3310,6025315,2691963,PASS,4963,6002,10,20,2,16
XMSSMT-SHA2_20/2_256,PUB_R1,3310,3310,3311,6090760,2629259,PASS,4963,6002,10,20,2,16
XMSSMT-SHA2_20/2_256,PUB_R1,3311,3311,3312,15909092,2661482,PASS,4963,6002,10,20,2,16
XMSSMT-SHA2_20/2_256,PUB_R1,3312,3312,3313,18174277,2825296,PASS,4963,6002,10,20,2,16
XMSSMT-SHA2_20/2_256,PUB_R1,3313,3313,3314,15780629,2793352,PASS,4963,6002,10,20,2,16
XMSSMT-SHA2_20/2_256,PUB_R1,3314,3314,3315,8577018,2627444,PASS,4963,6002,10,20,2,16
XMSSMT-SHA2_20/2_256,PUB_R1,3315,3315,3316,11004222,2666037,PASS,4963,6002,10,20,2,16
XMSSMT-SHA2_20/2_256,PUB_R1,3316,3316,3317,5891537,2824593,PASS,4963,6002,10,20,2,16
XMSSMT-SHA2_20/2_256,PUB_R1,3317,3317,3318,6144519,2600389,PASS,4963,6002,10,20,2,16
XMSSMT-SHA2_20/2_256,PUB_R1,3318,3318,3319,6010629,2692907,PASS,4963,6002,10,20,2,16
XMSSMT-SHA2_20/2_256,PUB_R1,3319,3319,3320,15959982,2647130,PASS,4963,6002,10,20,2,16
XMSSMT-SHA2_20/2_256,PUB_R1,3320,3320,3321,10974278,2657704,PASS,4963,6002,10,20,2,16
XMSSMT-SHA2_20/2_256,PUB_R1,3321,3321,3322,6237649,2499815,PASS,4963,6002,10,20,2,16
XMSSMT-SHA2_20/2_256,PUB_R1,3322,3322,3323,6043426,2666778,PASS,4963,6002,10,20,2,16
XMSSMT-SHA2_20/2_256,PUB_R1,3323,3323,3324,14416371,2707371,PASS,4963,6002,10,20,2,16
XMSSMT-SHA2_20/2_256,PUB_R1,3324,3324,3325,6104371,2631926,PASS,4963,6002,10,20,2,16
XMSSMT-SHA2_20/2_256,PUB_R1,3325,3325,3326,6014796,2696889,PASS,4963,6002,10,20,2,16
XMSSMT-SHA2_20/2_256,PUB_R1,3326,3326,3327,6177111,2592296,PASS,4963,6002,10,20,2,16
XMSSMT-SHA2_20/2_256,PUB_R1,3327,3327,3328,16035037,2565592,PASS,4963,6002,10,20,2,16
XMSSMT-SHA2_20/2_256,PUB_R1,3328,3328,3329,18264796,2829352,PASS,4963,6002,10,20,2,16
XMSSMT-SHA2_20/2_256,PUB_R1,3329,3329,3330,15966297,2636407,PASS,4963,6002,10,20,2,16
XMSSMT-SHA2_20/2_256,PUB_R1,3330,3330,3331,18522593,2497055,PASS,4963,6002,10,20,2,16
XMSSMT-SHA2_20/2_256,PUB_R1,3331,3331,3332,15977796,2602741,PASS,4963,6002,10,20,2,16
XMSSMT-SHA2_20/2_256,PUB_R1,3332,3332,3333,18257260,2759018,PASS,4963,6002,10,20,2,16
XMSSMT-SHA2_20/2_256,PUB_R1,3333,3333,3334,15779907,2796111,PASS,4963,6002,10,20,2,16
XMSSMT-SHA2_20/2_256,PUB_R1,3334,3334,3335,18402444,2608093,PASS,4963,6002,10,20,2,16
XMSSMT-SHA2_20/2_256,PUB_R1,3335,3335,3336,16010686,2616259,PASS,4963,6002,10,20,2,16
XMSSMT-SHA2_20/2_256,PUB_R1,3336,3336,3337,18323574,2695167,PASS,4963,6002,10,20,2,16
XMSSMT-SHA2_20/2_256,PUB_R1,3337,3337,3338,15871278,2694463,PASS,4963,6002,10,20,2,16
XMSSMT-SHA2_20/2_256,PUB_R1,3338,3338,3339,18348241,2663037,PASS,4963,6002,10,20,2,16
XMSSMT-SHA2_20/2_256,PUB_R1,3339,3339,3340,15985203,2560778,PASS,4963,6002,10,20,2,16
XMSSMT-SHA2_20/2_256,PUB_R1,3340,3340,3341,18482278,2534092,PASS,4963,6002,10,20,2,16
XMSSMT-SHA2_20/2_256,PUB_R1,3341,3341,3342,15894000,2660315,PASS,4963,6002,10,20,2,16
XMSSMT-SHA2_20/2_256,PUB_R1,3342,3342,3343,18398407,2632037,PASS,4963,6002,10,20,2,16
XMSSMT-SHA2_20/2_256,PUB_R1,3343,3343,3344,15907018,2661574,PASS,4963,6002,10,20,2,16
XMSSMT-SHA2_20/2_256,PUB_R1,3344,3344,3345,18239741,2762296,PASS,4963,6002,10,20,2,16
XMSSMT-SHA2_20/2_256,PUB_R1,3345,3345,3346,15800907,2758593,PASS,4963,6002,10,20,2,16
XMSSMT-SHA2_20/2_256,PUB_R1,3346,3346,3347,18441796,2598426,PASS,4963,6002,10,20,2,16
XMSSMT-SHA2_20/2_256,PUB_R1,3347,3347,3348,15957463,2646907,PASS,4963,6002,10,20,2,16
XMSSMT-SHA2_20/2_256,PUB_R1,3348,3348,3349,18366167,2661055,PASS,4963,6002,10,20,2,16
XMSSMT-SHA2_20/2_256,PUB_R1,3349,3349,3350,15744166,2826741,PASS,4963,6002,10,20,2,16
XMSSMT-SHA2_20/2_256,PUB_R1,3350,3350,3351,18451315,2597981,PASS,4963,6002,10,20,2,16
XMSSMT-SHA2_20/2_256,PUB_R1,3351,3351,3352,15802408,2805833,PASS,4963,6002,10,20,2,16
XMSSMT-SHA2_20/2_256,PUB_R1,3352,3352,3353,18251500,2805834,PASS,4963,6002,10,20,2,16
XMSSMT-SHA2_20/2_256,PUB_R1,3353,3353,3354,15926740,2668204,PASS,4963,6002,10,20,2,16
XMSSMT-SHA2_20/2_256,PUB_R1,3354,3354,3355,18444463,2602445,PASS,4963,6002,10,20,2,16
XMSSMT-SHA2_20/2_256,PUB_R1,3355,3355,3356,15956852,2634518,PASS,4963,6002,10,20,2,16
XMSSMT-SHA2_20/2_256,PUB_R1,3356,3356,3357,18444019,2615112,PASS,4963,6002,10,20,2,16
XMSSMT-SHA2_20/2_256,PUB_R1,3357,3357,3358,16033408,2546814,PASS,4963,6002,10,20,2,16
XMSSMT-SHA2_20/2_256,PUB_R1,3358,3358,3359,18460871,2564870,PASS,4963,6002,10,20,2,16
XMSSMT-SHA2_20/2_256,PUB_R1,3359,3359,3360,15921093,2663203,PASS,4963,6002,10,20,2,16
XMSSMT-SHA2_20/2_256,PUB_R1,3360,3360,3361,18333204,2694519,PASS,4963,6002,10,20,2,16
XMSSMT-SHA2_20/2_256,PUB_R1,3361,3361,3362,15915611,2668963,PASS,4963,6002,10,20,2,16
XMSSMT-SHA2_20/2_256,PUB_R1,3362,3362,3363,18312796,2686241,PASS,4963,6002,10,20,2,16
XMSSMT-SHA2_20/2_256,PUB_R1,3363,3363,3364,15909296,2659500,PASS,4963,6002,10,20,2,16
XMSSMT-SHA2_20/2_256,PUB_R1,3364,3364,3365,18438167,2562463,PASS,4963,6002,10,20,2,16
XMSSMT-SHA2_20/2_256,PUB_R1,3365,3365,3366,15801260,2757481,PASS,4963,6002,10,20,2,16
XMSSMT-SHA2_20/2_256,PUB_R1,3366,3366,3367,18338796,2714148,PASS,4963,6002,10,20,2,16
XMSSMT-SHA2_20/2_256,PUB_R1,3367,3367,3368,16133926,2468093,PASS,4963,6002,10,20,2,16
XMSSMT-SHA2_20/2_256,PUB_R1,3368,3368,3369,18604611,2433852,PASS,4963,6002,10,20,2,16
XMSSMT-SHA2_20/2_256,PUB_R1,3369,3369,3370,15952778,2635111,PASS,4963,6002,10,20,2,16
XMSSMT-SHA2_20/2_256,PUB_R1,3370,3370,3371,18353611,2694666,PASS,4963,6002,10,20,2,16
XMSSMT-SHA2_20/2_256,PUB_R1,3371,3371,3372,15909870,2668574,PASS,4963,6002,10,20,2,16
XMSSMT-SHA2_20/2_256,PUB_R1,3372,3372,3373,18354852,2700185,PASS,4963,6002,10,20,2,16
XMSSMT-SHA2_20/2_256,PUB_R1,3373,3373,3374,15951814,2633741,PASS,4963,6002,10,20,2,16
XMSSMT-SHA2_20/2_256,PUB_R1,3374,3374,3375,18337130,2695389,PASS,4963,6002,10,20,2,16
XMSSMT-SHA2_20/2_256,PUB_R1,3375,3375,3376,15886481,2697129,PASS,4963,6002,10,20,2,16
XMSSMT-SHA2_20/2_256,PUB_R1,3376,3376,3377,18351833,2698130,PASS,4963,6002,10,20,2,16
XMSSMT-SHA2_20/2_256,PUB_R1,3377,3377,3378,15867870,2709518,PASS,4963,6002,10,20,2,16
XMSSMT-SHA2_20/2_256,PUB_R1,3378,3378,3379,18442093,2597241,PASS,4963,6002,10,20,2,16
XMSSMT-SHA2_20/2_256,PUB_R1,3379,3379,3380,15749481,2881704,PASS,4963,6002,10,20,2,16
XMSSMT-SHA2_20/2_256,PUB_R1,3380,3380,3381,18686166,2487463,PASS,4963,6002,10,20,2,16
XMSSMT-SHA2_20/2_256,PUB_R1,3381,3381,3382,15991537,2716778,PASS,4963,6002,10,20,2,16
XMSSMT-SHA2_20/2_256,PUB_R1,3382,3382,3383,18481889,2697389,PASS,4963,6002,10,20,2,16
XMSSMT-SHA2_20/2_256,PUB_R1,3383,3383,3384,16052981,2654259,PASS,4963,6002,10,20,2,16
XMSSMT-SHA2_20/2_256,PUB_R1,3384,3384,3385,18544556,2618852,PASS,4963,6002,10,20,2,16
XMSSMT-SHA2_20/2_256,PUB_R1,3385,3385,3386,16039130,2647963,PASS,4963,6002,10,20,2,16
XMSSMT-SHA2_20/2_256,PUB_R1,3386,3386,3387,18406722,2785000,PASS,4963,6002,10,20,2,16
XMSSMT-SHA2_20/2_256,PUB_R1,3387,3387,3388,16020000,2646297,PASS,4963,6002,10,20,2,16
XMSSMT-SHA2_20/2_256,PUB_R1,3388,3388,3389,18521352,2613055,PASS,4963,6002,10,20,2,16
XMSSMT-SHA2_20/2_256,PUB_R1,3389,3389,3390,15911592,2781277,PASS,4963,6002,10,20,2,16
XMSSMT-SHA2_20/2_256,PUB_R1,3390,3390,3391,18547018,2615223,PASS,4963,6002,10,20,2,16
XMSSMT-SHA2_20/2_256,PUB_R1,3391,3391,3392,15977204,2712463,PASS,4963,6002,10,20,2,16
XMSSMT-SHA2_20/2_256,PUB_R1,3392,3392,3393,18437667,2717612,PASS,4963,6002,10,20,2,16
XMSSMT-SHA2_20/2_256,PUB_R1,3393,3393,3394,16129686,2543611,PASS,4963,6002,10,20,2,16
XMSSMT-SHA2_20/2_256,PUB_R1,3394,3394,3395,18506722,2649629,PASS,4963,6002,10,20,2,16
XMSSMT-SHA2_20/2_256,PUB_R1,3395,3395,3396,16010222,2679723,PASS,4963,6002,10,20,2,16
XMSSMT-SHA2_20/2_256,PUB_R1,3396,3396,3397,18461333,2714889,PASS,4963,6002,10,20,2,16
XMSSMT-SHA2_20/2_256,PUB_R1,3397,3397,3398,16024074,2647555,PASS,4963,6002,10,20,2,16
XMSSMT-SHA2_20/2_256,PUB_R1,3398,3398,3399,18508685,2687759,PASS,4963,6002,10,20,2,16
XMSSMT-SHA2_20/2_256,PUB_R1,3399,3399,3400,16072556,2647648,PASS,4963,6002,10,20,2,16
XMSSMT-SHA2_20/2_256,PUB_R1,3400,3400,3401,18406297,2793222,PASS,4963,6002,10,20,2,16
XMSSMT-SHA2_20/2_256,PUB_R1,3401,3401,3402,16046907,2645037,PASS,4963,6002,10,20,2,16
XMSSMT-SHA2_20/2_256,PUB_R1,3402,3402,3403,18586204,2557778,PASS,4963,6002,10,20,2,16
XMSSMT-SHA2_20/2_256,PUB_R1,3403,3403,3404,16050556,2689833,PASS,4963,6002,10,20,2,16
XMSSMT-SHA2_20/2_256,PUB_R1,3404,3404,3405,18507093,2649519,PASS,4963,6002,10,20,2,16
XMSSMT-SHA2_20/2_256,PUB_R1,3405,3405,3406,16022741,2681704,PASS,4963,6002,10,20,2,16
XMSSMT-SHA2_20/2_256,PUB_R1,3406,3406,3407,18530630,2653075,PASS,4963,6002,10,20,2,16
XMSSMT-SHA2_20/2_256,PUB_R1,3407,3407,3408,16094463,2610686,PASS,4963,6002,10,20,2,16
XMSSMT-SHA2_20/2_256,PUB_R1,3408,3408,3409,18491333,2688722,PASS,4963,6002,10,20,2,16
XMSSMT-SHA2_20/2_256,PUB_R1,3409,3409,3410,16043704,2610019,PASS,4963,6002,10,20,2,16
XMSSMT-SHA2_20/2_256,PUB_R1,3410,3410,3411,18492056,2647148,PASS,4963,6002,10,20,2,16
XMSSMT-SHA2_20/2_256,PUB_R1,3411,3411,3412,15990907,2672000,PASS,4963,6002,10,20,2,16
XMSSMT-SHA2_20/2_256,PUB_R1,3412,3412,3413,18343093,2691445,PASS,4963,6002,10,20,2,16
XMSSMT-SHA2_20/2_256,PUB_R1,3413,3413,3414,16011278,2613260,PASS,4963,6002,10,20,2,16
XMSSMT-SHA2_20/2_256,PUB_R1,3414,3414,3415,18292074,2763148,PASS,4963,6002,10,20,2,16
XMSSMT-SHA2_20/2_256,PUB_R1,3415,3415,3416,15972778,2634519,PASS,4963,6002,10,20,2,16
XMSSMT-SHA2_20/2_256,PUB_R1,3416,3416,3417,18266555,2760482,PASS,4963,6002,10,20,2,16
XMSSMT-SHA2_20/2_256,PUB_R1,3417,3417,3418,16000722,2601055,PASS,4963,6002,10,20,2,16
XMSSMT-SHA2_20/2_256,PUB_R1,3418,3418,3419,18371574,2701962,PASS,4963,6002,10,20,2,16
XMSSMT-SHA2_20/2_256,PUB_R1,3419,3419,3420,16015685,2567296,PASS,4963,6002,10,20,2,16
XMSSMT-SHA2_20/2_256,PUB_R1,3420,3420,3421,18433926,2598315,PASS,4963,6002,10,20,2,16
XMSSMT-SHA2_20/2_256,PUB_R1,3421,3421,3422,15794019,2798778,PASS,4963,6002,10,20,2,16
XMSSMT-SHA2_20/2_256,PUB_R1,3422,3422,3423,18186593,2861574,PASS,4963,6002,10,20,2,16
XMSSMT-SHA2_20/2_256,PUB_R1,3423,3423,3424,15836870,2777852,PASS,4963,6002,10,20,2,16
XMSSMT-SHA2_20/2_256,PUB_R1,3424,3424,3425,18406277,2631278,PASS,4963,6002,10,20,2,16
XMSSMT-SHA2_20/2_256,PUB_R1,3425,3425,3426,15988648,2605797,PASS,4963,6002,10,20,2,16
XMSSMT-SHA2_20/2_256,PUB_R1,3426,3426,3427,18210852,2831593,PASS,4963,6002,10,20,2,16
XMSSMT-SHA2_20/2_256,PUB_R1,3427,3427,3428,15927370,2668518,PASS,4963,6002,10,20,2,16
XMSSMT-SHA2_20/2_256,PUB_R1,3428,3428,3429,18252981,2837334,PASS,4963,6002,10,20,2,16
XMSSMT-SHA2_20/2_256,PUB_R1,3429,3429,3430,15902296,2664148,PASS,4963,6002,10,20,2,16
XMSSMT-SHA2_20/2_256,PUB_R1,3430,3430,3431,18514796,2495537,PASS,4963,6002,10,20,2,16
XMSSMT-SHA2_20/2_256,PUB_R1,3431,3431,3432,16104426,2495056,PASS,4963,6002,10,20,2,16
XMSSMT-SHA2_20/2_256,PUB_R1,3432,3432,3433,18457722,2566834,PASS,4963,6002,10,20,2,16
XMSSMT-SHA2_20/2_256,PUB_R1,3433,3433,3434,15950314,2630426,PASS,4963,6002,10,20,2,16
XMSSMT-SHA2_20/2_256,PUB_R1,3434,3434,3435,18436537,2644463,PASS,4963,6002,10,20,2,16
XMSSMT-SHA2_20/2_256,PUB_R1,3435,3435,3436,10945759,2712852,PASS,4963,6002,10,20,2,16
XMSSMT-SHA2_20/2_256,PUB_R1,3436,3436,3437,5905852,2825315,PASS,4963,6002,10,20,2,16
XMSSMT-SHA2_20/2_256,PUB_R1,3437,3437,3438,6059019,2667685,PASS,4963,6002,10,20,2,16
XMSSMT-SHA2_20/2_256,PUB_R1,3438,3438,3439,6147056,2597148,PASS,4963,6002,10,20,2,16
XMSSMT-SHA2_20/2_256,PUB_R1,3439,3439,3440,15888463,2697963,PASS,4963,6002,10,20,2,16
XMSSMT-SHA2_20/2_256,PUB_R1,3440,3440,3441,18482352,2527648,PASS,4963,6002,10,20,2,16
XMSSMT-SHA2_20/2_256,PUB_R1,3441,3441,3442,16001111,2567185,PASS,4963,6002,10,20,2,16
XMSSMT-SHA2_20/2_256,PUB_R1,3442,3442,3443,8355260,2828240,PASS,4963,6002,10,20,2,16
XMSSMT-SHA2_20/2_256,PUB_R1,3443,3443,3444,11001204,2627334,PASS,4963,6002,10,20,2,16
XMSSMT-SHA2_20/2_256,PUB_R1,3444,3444,3445,6028815,2696648,PASS,4963,6002,10,20,2,16
XMSSMT-SHA2_20/2_256,PUB_R1,3445,3445,3446,6156630,2563704,PASS,4963,6002,10,20,2,16
XMSSMT-SHA2_20/2_256,PUB_R1,3446,3446,3447,6039741,2659926,PASS,4963,6002,10,20,2,16
XMSSMT-SHA2_20/2_256,PUB_R1,3447,3447,3448,15958370,2590593,PASS,4963,6002,10,20,2,16
XMSSMT-SHA2_20/2_256,PUB_R1,3448,3448,3449,10929000,2696167,PASS,4963,6002,10,20,2,16
XMSSMT-SHA2_20/2_256,PUB_R1,3449,3449,3450,6185870,2527815,PASS,4963,6002,10,20,2,16
XMSSMT-SHA2_20/2_256,PUB_R1,3450,3450,3451,6050296,2660537,PASS,4963,6002,10,20,2,16
XMSSMT-SHA2_20/2_256,PUB_R1,3451,3451,3452,11100833,2533519,PASS,4963,6002,10,20,2,16
XMSSMT-SHA2_20/2_256,PUB_R1,3452,3452,3453,6082944,2629926,PASS,4963,6002,10,20,2,16
XMSSMT-SHA2_20/2_256,PUB_R1,3453,3453,3454,6078537,2629741,PASS,4963,6002,10,20,2,16
XMSSMT-SHA2_20/2_256,PUB_R1,3454,3454,3455,6042166,2657389,PASS,4963,6002,10,20,2,16
XMSSMT-SHA2_20/2_256,PUB_R1,3455,3455,3456,15982630,2596463,PASS,4963,6002,10,20,2,16
XMSSMT-SHA2_20/2_256,PUB_R1,3456,3456,3457,18408074,2631574,PASS,4963,6002,10,20,2,16
XMSSMT-SHA2_20/2_256,PUB_R1,3457,3457,3458,15972852,2599037,PASS,4963,6002,10,20,2,16
XMSSMT-SHA2_20/2_256,PUB_R1,3458,3458,3459,18330963,2798352,PASS,4963,6002,10,20,2,16
XMSSMT-SHA2_20/2_256,PUB_R1,3459,3459,3460,15903815,2668223,PASS,4963,6002,10,20,2,16
XMSSMT-SHA2_20/2_256,PUB_R1,3460,3460,3461,18263278,2762500,PASS,4963,6002,10,20,2,16
XMSSMT-SHA2_20/2_256,PUB_R1,3461,3461,3462,15936611,2668852,PASS,4963,6002,10,20,2,16
XMSSMT-SHA2_20/2_256,PUB_R1,3462,3462,3463,18407834,2636740,PASS,4963,6002,10,20,2,16
XMSSMT-SHA2_20/2_256,PUB_R1,3463,3463,3464,15995982,2602093,PASS,4963,6002,10,20,2,16
XMSSMT-SHA2_20/2_256,PUB_R1,3464,3464,3465,18268963,2765204,PASS,4963,6002,10,20,2,16
XMSSMT-SHA2_20/2_256,PUB_R1,3465,3465,3466,15954574,2633333,PASS,4963,6002,10,20,2,16
XMSSMT-SHA2_20/2_256,PUB_R1,3466,3466,3467,18467259,2527889,PASS,4963,6002,10,20,2,16
XMSSMT-SHA2_20/2_256,PUB_R1,3467,3467,3468,15885444,2696685,PASS,4963,6002,10,20,2,16
XMSSMT-SHA2_20/2_256,PUB_R1,3468,3468,3469,18335426,2698314,PASS,4963,6002,10,20,2,16
XMSSMT-SHA2_20/2_256,PUB_R1,3469,3469,3470,15944185,2632888,PASS,4963,6002,10,20,2,16
XMSSMT-SHA2_20/2_256,PUB_R1,3470,3470,3471,18468018,2566537,PASS,4963,6002,10,20,2,16
XMSSMT-SHA2_20/2_256,PUB_R1,3471,3471,3472,15960241,2662333,PASS,4963,6002,10,20,2,16
XMSSMT-SHA2_20/2_256,PUB_R1,3472,3472,3473,18422741,2600704,PASS,4963,6002,10,20,2,16
XMSSMT-SHA2_20/2_256,PUB_R1,3473,3473,3474,15960444,2604297,PASS,4963,6002,10,20,2,16
XMSSMT-SHA2_20/2_256,PUB_R1,3474,3474,3475,18530796,2532741,PASS,4963,6002,10,20,2,16
XMSSMT-SHA2_20/2_256,PUB_R1,3475,3475,3476,15960166,2634722,PASS,4963,6002,10,20,2,16
XMSSMT-SHA2_20/2_256,PUB_R1,3476,3476,3477,18384593,2626741,PASS,4963,6002,10,20,2,16
XMSSMT-SHA2_20/2_256,PUB_R1,3477,3477,3478,15933722,2666185,PASS,4963,6002,10,20,2,16
XMSSMT-SHA2_20/2_256,PUB_R1,3478,3478,3479,18377463,2671648,PASS,4963,6002,10,20,2,16
XMSSMT-SHA2_20/2_256,PUB_R1,3479,3479,3480,16042129,2541019,PASS,4963,6002,10,20,2,16
XMSSMT-SHA2_20/2_256,PUB_R1,3480,3480,3481,18516648,2501037,PASS,4963,6002,10,20,2,16
XMSSMT-SHA2_20/2_256,PUB_R1,3481,3481,3482,15953149,2630611,PASS,4963,6002,10,20,2,16
XMSSMT-SHA2_20/2_256,PUB_R1,3482,3482,3483,18393407,2626685,PASS,4963,6002,10,20,2,16
XMSSMT-SHA2_20/2_256,PUB_R1,3483,3483,3484,16046537,2540648,PASS,4963,6002,10,20,2,16
XMSSMT-SHA2_20/2_256,PUB_R1,3484,3484,3485,18388463,2607463,PASS,4963,6002,10,20,2,16
XMSSMT-SHA2_20/2_256,PUB_R1,3485,3485,3486,15973888,2634241,PASS,4963,6002,10,20,2,16
XMSSMT-SHA2_20/2_256,PUB_R1,3486,3486,3487,18364611,2696667,PASS,4963,6002,10,20,2,16
XMSSMT-SHA2_20/2_256,PUB_R1,3487,3487,3488,15796445,2759056,PASS,4963,6002,10,20,2,16
XMSSMT-SHA2_20/2_256,PUB_R1,3488,3488,3489,18264519,2769333,PASS,4963,6002,10,20,2,16
XMSSMT-SHA2_20/2_256,PUB_R1,3489,3489,3490,15727481,2821093,PASS,4963,6002,10,20,2,16
XMSSMT-SHA2_20/2_256,PUB_R1,3490,3490,3491,18489519,2609963,PASS,4963,6002,10,20,2,16
XMSSMT-SHA2_20/2_256,PUB_R1,3491,3491,3492,15959556,2632667,PASS,4963,6002,10,20,2,16
XMSSMT-SHA2_20/2_256,PUB_R1,3492,3492,3493,18366556,2662888,PASS,4963,6002,10,20,2,16
XMSSMT-SHA2_20/2_256,PUB_R1,3493,3493,3494,15931500,2663685,PASS,4963,6002,10,20,2,16
XMSSMT-SHA2_20/2_256,PUB_R1,3494,3494,3495,18386759,2667426,PASS,4963,6002,10,20,2,16
XMSSMT-SHA2_20/2_256,PUB_R1,3495,3495,3496,15828944,2805741,PASS,4963,6002,10,20,2,16
XMSSMT-SHA2_20/2_256,PUB_R1,3496,3496,3497,18469759,2562667,PASS,4963,6002,10,20,2,16
XMSSMT-SHA2_20/2_256,PUB_R1,3497,3497,3498,15872315,2695870,PASS,4963,6002,10,20,2,16
XMSSMT-SHA2_20/2_256,PUB_R1,3498,3498,3499,18436130,2595223,PASS,4963,6002,10,20,2,16
XMSSMT-SHA2_20/2_256,PUB_R1,3499,3499,3500,11058259,2598463,PASS,4963,6002,10,20,2,16
XMSSMT-SHA2_20/2_256,PUB_R1,3500,3500,3501,6065982,2630963,PASS,4963,6002,10,20,2,16
XMSSMT-SHA2_20/2_256,PUB_R1,3501,3501,3502,5963722,2761278,PASS,4963,6002,10,20,2,16
XMSSMT-SHA2_20/2_256,PUB_R1,3502,3502,3503,6142260,2561537,PASS,4963,6002,10,20,2,16
XMSSMT-SHA2_20/2_256,PUB_R1,3503,3503,3504,15933093,2624630,PASS,4963,6002,10,20,2,16
XMSSMT-SHA2_20/2_256,PUB_R1,3504,3504,3505,18401019,2597797,PASS,4963,6002,10,20,2,16
XMSSMT-SHA2_20/2_256,PUB_R1,3505,3505,3506,15795445,2759389,PASS,4963,6002,10,20,2,16
XMSSMT-SHA2_20/2_256,PUB_R1,3506,3506,3507,8541130,2628111,PASS,4963,6002,10,20,2,16
XMSSMT-SHA2_20/2_256,PUB_R1,3507,3507,3508,11122333,2535018,PASS,4963,6002,10,20,2,16
XMSSMT-SHA2_20/2_256,PUB_R1,3508,3508,3509,6009018,2717537,PASS,4963,6002,10,20,2,16
XMSSMT-SHA2_20/2_256,PUB_R1,3509,3509,3510,5936685,2795852,PASS,4963,6002,10,20,2,16
XMSSMT-SHA2_20/2_256,PUB_R1,3510,3510,3511,6142537,2557185,PASS,4963,6002,10,20,2,16
XMSSMT-SHA2_20/2_256,PUB_R1,3511,3511,3512,15817852,2763759,PASS,4963,6002,10,20,2,16
XMSSMT-SHA2_20/2_256,PUB_R1,3512,3512,3513,11025944,2630814,PASS,4963,6002,10,20,2,16
XMSSMT-SHA2_20/2_256,PUB_R1,3513,3513,3514,6169500,2575741,PASS,4963,6002,10,20,2,16
XMSSMT-SHA2_20/2_256,PUB_R1,3514,3514,3515,6170445,2535555,PASS,4963,6002,10,20,2,16
XMSSMT-SHA2_20/2_256,PUB_R1,3515,3515,3516,11102352,2566075,PASS,4963,6002,10,20,2,16
XMSSMT-SHA2_20/2_256,PUB_R1,3516,3516,3517,6183296,2532407,PASS,4963,6002,10,20,2,16
XMSSMT-SHA2_20/2_256,PUB_R1,3517,3517,3518,6188685,2560907,PASS,4963,6002,10,20,2,16
XMSSMT-SHA2_20/2_256,PUB_R1,3518,3518,3519,6016296,2708778,PASS,4963,6002,10,20,2,16
XMSSMT-SHA2_20/2_256,PUB_R1,3519,3519,3520,15946112,2675759,PASS,4963,6002,10,20,2,16
XMSSMT-SHA2_20/2_256,PUB_R1,3520,3520,3521,18214907,2824611,PASS,4963,6002,10,20,2,16
XMSSMT-SHA2_20/2_256,PUB_R1,3521,3521,3522,16003741,2566796,PASS,4963,6002,10,20,2,16
XMSSMT-SHA2_20/2_256,PUB_R1,3522,3522,3523,18414908,2637185,PASS,4963,6002,10,20,2,16
XMSSMT-SHA2_20/2_256,PUB_R1,3523,3523,3524,15913870,2662333,PASS,4963,6002,10,20,2,16
XMSSMT-SHA2_20/2_256,PUB_R1,3524,3524,3525,18267629,2785593,PASS,4963,6002,10,20,2,16
XMSSMT-SHA2_20/2_256,PUB_R1,3525,3525,3526,15923889,2662185,PASS,4963,6002,10,20,2,16
XMSSMT-SHA2_20/2_256,PUB_R1,3526,3526,3527,18422351,2601648,PASS,4963,6002,10,20,2,16
XMSSMT-SHA2_20/2_256,PUB_R1,3527,3527,3528,16066481,2535703,PASS,4963,6002,10,20,2,16
XMSSMT-SHA2_20/2_256,PUB_R1,3528,3528,3529,18451389,2604889,PASS,4963,6002,10,20,2,16
XMSSMT-SHA2_20/2_256,PUB_R1,3529,3529,3530,16092278,2516648,PASS,4963,6002,10,20,2,16
XMSSMT-SHA2_20/2_256,PUB_R1,3530,3530,3531,18389463,2631500,PASS,4963,6002,10,20,2,16
XMSSMT-SHA2_20/2_256,PUB_R1,3531,3531,3532,15837963,2766592,PASS,4963,6002,10,20,2,16
XMSSMT-SHA2_20/2_256,PUB_R1,3532,3532,3533,18394500,2634037,PASS,4963,6002,10,20,2,16
XMSSMT-SHA2_20/2_256,PUB_R1,3533,3533,3534,15919370,2666612,PASS,4963,6002,10,20,2,16
XMSSMT-SHA2_20/2_256,PUB_R1,3534,3534,3535,18281833,2781500,PASS,4963,6002,10,20,2,16
XMSSMT-SHA2_20/2_256,PUB_R1,3535,3535,3536,15937982,2665297,PASS,4963,6002,10,20,2,16
XMSSMT-SHA2_20/2_256,PUB_R1,3536,3536,3537,18265389,2766333,PASS,4963,6002,10,20,2,16
XMSSMT-SHA2_20/2_256,PUB_R1,3537,3537,3538,16052852,2536740,PASS,4963,6002,10,20,2,16
XMSSMT-SHA2_20/2_256,PUB_R1,3538,3538,3539,8363759,2828389,PASS,4963,6002,10,20,2,16
XMSSMT-SHA2_20/2_256,PUB_R1,3539,3539,3540,10899204,2773704,PASS,4963,6002,10,20,2,16
XMSSMT-SHA2_20/2_256,PUB_R1,3540,3540,3541,6016241,2694574,PASS,4963,6002,10,20,2,16
XMSSMT-SHA2_20/2_256,PUB_R1,3541,3541,3542,5957463,2799555,PASS,4963,6002,10,20,2,16
XMSSMT-SHA2_20/2_256,PUB_R1,3542,3542,3543,5925871,2796111,PASS,4963,6002,10,20,2,16
XMSSMT-SHA2_20/2_256,PUB_R1,3543,3543,3544,15894074,2655981,PASS,4963,6002,10,20,2,16
XMSSMT-SHA2_20/2_256,PUB_R1,3544,3544,3545,10973574,2698130,PASS,4963,6002,10,20,2,16
XMSSMT-SHA2_20/2_256,PUB_R1,3545,3545,3546,6177278,2569389,PASS,4963,6002,10,20,2,16
XMSSMT-SHA2_20/2_256,PUB_R1,3546,3546,3547,6058722,2662945,PASS,4963,6002,10,20,2,16
XMSSMT-SHA2_20/2_256,PUB_R1,3547,3547,3548,10900722,2766056,PASS,4963,6002,10,20,2,16
XMSSMT-SHA2_20/2_256,PUB_R1,3548,3548,3549,6140130,2615982,PASS,4963,6002,10,20,2,16
XMSSMT-SHA2_20/2_256,PUB_R1,3549,3549,3550,6101852,2630814,PASS,4963,6002,10,20,2,16
XMSSMT-SHA2_20/2_256,PUB_R1,3550,3550,3551,6040667,2680555,PASS,4963,6002,10,20,2,16
XMSSMT-SHA2_20/2_256,PUB_R1,3551,3551,3552,15903111,2703796,PASS,4963,6002,10,20,2,16
XMSSMT-SHA2_20/2_256,PUB_R1,3552,3552,3553,18278129,2767037,PASS,4963,6002,10,20,2,16
XMSSMT-SHA2_20/2_256,PUB_R1,3553,3553,3554,15934112,2668407,PASS,4963,6002,10,20,2,16
XMSSMT-SHA2_20/2_256,PUB_R1,3554,3554,3555,18392074,2624833,PASS,4963,6002,10,20,2,16
XMSSMT-SHA2_20/2_256,PUB_R1,3555,3555,3556,16085389,2503740,PASS,4963,6002,10,20,2,16
XMSSMT-SHA2_20/2_256,PUB_R1,3556,3556,3557,18311278,2763852,PASS,4963,6002,10,20,2,16
XMSSMT-SHA2_20/2_256,PUB_R1,3557,3557,3558,15932667,2625926,PASS,4963,6002,10,20,2,16
XMSSMT-SHA2_20/2_256,PUB_R1,3558,3558,3559,8574482,2611092,PASS,4963,6002,10,20,2,16
XMSSMT-SHA2_20/2_256,PUB_R1,3559,3559,3560,15947741,2651555,PASS,4963,6002,10,20,2,16
XMSSMT-SHA2_20/2_256,PUB_R1,3560,3560,3561,10937926,2698519,PASS,4963,6002,10,20,2,16
XMSSMT-SHA2_20/2_256,PUB_R1,3561,3561,3562,6087649,2655944,PASS,4963,6002,10,20,2,16
XMSSMT-SHA2_20/2_256,PUB_R1,3562,3562,3563,6133129,2560204,PASS,4963,6002,10,20,2,16
XMSSMT-SHA2_20/2_256,PUB_R1,3563,3563,3564,11047426,2596945,PASS,4963,6002,10,20,2,16
XMSSMT-SHA2_20/2_256,PUB_R1,3564,3564,3565,6040889,2664315,PASS,4963,6002,10,20,2,16
XMSSMT-SHA2_20/2_256,PUB_R1,3565,3565,3566,5970555,2761223,PASS,4963,6002,10,20,2,16
XMSSMT-SHA2_20/2_256,PUB_R1,3566,3566,3567,6140093,2558740,PASS,4963,6002,10,20,2,16
XMSSMT-SHA2_20/2_256,PUB_R1,3567,3567,3568,15869796,2691241,PASS,4963,6002,10,20,2,16
XMSSMT-SHA2_20/2_256,PUB_R1,3568,3568,3569,18325370,2693278,PASS,4963,6002,10,20,2,16
XMSSMT-SHA2_20/2_256,PUB_R1,3569,3569,3570,15845111,2659333,PASS,4963,6002,10,20,2,16
XMSSMT-SHA2_20/2_256,PUB_R1,3570,3570,3571,8616314,2563760,PASS,4963,6002,10,20,2,16
XMSSMT-SHA2_20/2_256,PUB_R1,3571,3571,3572,10955741,2654611,PASS,4963,6002,10,20,2,16
XMSSMT-SHA2_20/2_256,PUB_R1,3572,3572,3573,6096926,2591000,PASS,4963,6002,10,20,2,16
XMSSMT-SHA2_20/2_256,PUB_R1,3573,3573,3574,5945963,2756370,PASS,4963,6002,10,20,2,16
XMSSMT-SHA2_20/2_256,PUB_R1,3574,3574,3575,5915722,2793778,PASS,4963,6002,10,20,2,16
XMSSMT-SHA2_20/2_256,PUB_R1,3575,3575,3576,15944111,2590352,PASS,4963,6002,10,20,2,16
XMSSMT-SHA2_20/2_256,PUB_R1,3576,3576,3577,10990296,2626611,PASS,4963,6002,10,20,2,16
XMSSMT-SHA2_20/2_256,PUB_R1,3577,3577,3578,6094611,2627426,PASS,4963,6002,10,20,2,16
XMSSMT-SHA2_20/2_256,PUB_R1,3578,3578,3579,6189204,2530556,PASS,4963,6002,10,20,2,16
XMSSMT-SHA2_20/2_256,PUB_R1,3579,3579,3580,10903852,2765129,PASS,4963,6002,10,20,2,16
XMSSMT-SHA2_20/2_256,PUB_R1,3580,3580,3581,6130408,2597426,PASS,4963,6002,10,20,2,16
XMSSMT-SHA2_20/2_256,PUB_R1,3581,3581,3582,6053445,2662852,PASS,4963,6002,10,20,2,16
XMSSMT-SHA2_20/2_256,PUB_R1,3582,3582,3583,5963000,2796241,PASS,4963,6002,10,20,2,16
XMSSMT-SHA2_20/2_256,PUB_R1,3583,3583,3584,15887334,2697278,PASS,4963,6002,10,20,2,16
XMSSMT-SHA2_20/2_256,PUB_R1,3584,3584,3585,18503074,2500574,PASS,4963,6002,10,20,2,16
XMSSMT-SHA2_20/2_256,PUB_R1,3585,3585,3586,15868519,2710944,PASS,4963,6002,10,20,2,16
XMSSMT-SHA2_20/2_256,PUB_R1,3586,3586,3587,18369796,2681722,PASS,4963,6002,10,20,2,16
XMSSMT-SHA2_20/2_256,PUB_R1,3587,3587,3588,15866463,2699833,PASS,4963,6002,10,20,2,16
XMSSMT-SHA2_20/2_256,PUB_R1,3588,3588,3589,18243408,2761241,PASS,4963,6002,10,20,2,16
XMSSMT-SHA2_20/2_256,PUB_R1,3589,3589,3590,15882018,2700241,PASS,4963,6002,10,20,2,16
XMSSMT-SHA2_20/2_256,PUB_R1,3590,3590,3591,18522963,2533055,PASS,4963,6002,10,20,2,16
XMSSMT-SHA2_20/2_256,PUB_R1,3591,3591,3592,15986371,2594278,PASS,4963,6002,10,20,2,16
XMSSMT-SHA2_20/2_256,PUB_R1,3592,3592,3593,18287148,2768926,PASS,4963,6002,10,20,2,16
XMSSMT-SHA2_20/2_256,PUB_R1,3593,3593,3594,15873296,2697148,PASS,4963,6002,10,20,2,16
XMSSMT-SHA2_20/2_256,PUB_R1,3594,3594,3595,18187297,2865000,PASS,4963,6002,10,20,2,16
XMSSMT-SHA2_20/2_256,PUB_R1,3595,3595,3596,16064537,2530907,PASS,4963,6002,10,20,2,16
XMSSMT-SHA2_20/2_256,PUB_R1,3596,3596,3597,18341333,2713426,PASS,4963,6002,10,20,2,16
XMSSMT-SHA2_20/2_256,PUB_R1,3597,3597,3598,15802074,2760704,PASS,4963,6002,10,20,2,16
XMSSMT-SHA2_20/2_256,PUB_R1,3598,3598,3599,18486703,2594426,PASS,4963,6002,10,20,2,16
XMSSMT-SHA2_20/2_256,PUB_R1,3599,3599,3600,16015741,2563408,PASS,4963,6002,10,20,2,16
XMSSMT-SHA2_20/2_256,PUB_R1,3600,3600,3601,18258425,2761093,PASS,4963,6002,10,20,2,16
XMSSMT-SHA2_20/2_256,PUB_R1,3601,3601,3602,15987907,2595500,PASS,4963,6002,10,20,2,16
XMSSMT-SHA2_20/2_256,PUB_R1,3602,3602,3603,18436556,2638204,PASS,4963,6002,10,20,2,16
XMSSMT-SHA2_20/2_256,PUB_R1,3603,3603,3604,15990315,2605056,PASS,4963,6002,10,20,2,16
XMSSMT-SHA2_20/2_256,PUB_R1,3604,3604,3605,18361315,2659277,PASS,4963,6002,10,20,2,16
XMSSMT-SHA2_20/2_256,PUB_R1,3605,3605,3606,15740018,2833982,PASS,4963,6002,10,20,2,16
XMSSMT-SHA2_20/2_256,PUB_R1,3606,3606,3607,18364685,2663222,PASS,4963,6002,10,20,2,16
XMSSMT-SHA2_20/2_256,PUB_R1,3607,3607,3608,15986000,2611167,PASS,4963,6002,10,20,2,16
XMSSMT-SHA2_20/2_256,PUB_R1,3608,3608,3609,18328945,2699481,PASS,4963,6002,10,20,2,16
XMSSMT-SHA2_20/2_256,PUB_R1,3609,3609,3610,15960760,2597463,PASS,4963,6002,10,20,2,16
XMSSMT-SHA2_20/2_256,PUB_R1,3610,3610,3611,18454444,2595963,PASS,4963,6002,10,20,2,16
XMSSMT-SHA2_20/2_256,PUB_R1,3611,3611,3612,15882685,2693130,PASS,4963,6002,10,20,2,16
XMSSMT-SHA2_20/2_256,PUB_R1,3612,3612,3613,18370092,2639815,PASS,4963,6002,10,20,2,16
XMSSMT-SHA2_20/2_256,PUB_R1,3613,3613,3614,15883648,2698704,PASS,4963,6002,10,20,2,16
XMSSMT-SHA2_20/2_256,PUB_R1,3614,3614,3615,18288222,2765963,PASS,4963,6002,10,20,2,16
XMSSMT-SHA2_20/2_256,PUB_R1,3615,3615,3616,15919296,2664093,PASS,4963,6002,10,20,2,16
XMSSMT-SHA2_20/2_256,PUB_R1,3616,3616,3617,18344148,2662037,PASS,4963,6002,10,20,2,16
XMSSMT-SHA2_20/2_256,PUB_R1,3617,3617,3618,15764148,2787037,PASS,4963,6002,10,20,2,16
XMSSMT-SHA2_20/2_256,PUB_R1,3618,3618,3619,18551186,2658259,PASS,4963,6002,10,20,2,16
XMSSMT-SHA2_20/2_256,PUB_R1,3619,3619,3620,16085000,2611926,PASS,4963,6002,10,20,2,16
XMSSMT-SHA2_20/2_256,PUB_R1,3620,3620,3621,18564092,2617463,PASS,4963,6002,10,20,2,16
XMSSMT-SHA2_20/2_256,PUB_R1,3621,3621,3622,15891074,2771870,PASS,4963,6002,10,20,2,16
XMSSMT-SHA2_20/2_256,PUB_R1,3622,3622,3623,18413685,2712389,PASS,4963,6002,10,20,2,16
XMSSMT-SHA2_20/2_256,PUB_R1,3623,3623,3624,15974259,2715741,PASS,4963,6002,10,20,2,16
XMSSMT-SHA2_20/2_256,PUB_R1,3624,3624,3625,18512130,2610834,PASS,4963,6002,10,20,2,16
XMSSMT-SHA2_20/2_256,PUB_R1,3625,3625,3626,15912167,2781741,PASS,4963,6002,10,20,2,16
XMSSMT-SHA2_20/2_256,PUB_R1,3626,3626,3627,18570093,2580222,PASS,4963,6002,10,20,2,16
XMSSMT-SHA2_20/2_256,PUB_R1,3627,3627,3628,15970092,2712537,PASS,4963,6002,10,20,2,16
XMSSMT-SHA2_20/2_256,PUB_R1,3628,3628,3629,18442241,2674666,PASS,4963,6002,10,20,2,16
XMSSMT-SHA2_20/2_256,PUB_R1,3629,3629,3630,16104037,2583130,PASS,4963,6002,10,20,2,16
XMSSMT-SHA2_20/2_256,PUB_R1,3630,3630,3631,18506796,2652926,PASS,4963,6002,10,20,2,16
XMSSMT-SHA2_20/2_256,PUB_R1,3631,3631,3632,16076556,2648518,PASS,4963,6002,10,20,2,16
XMSSMT-SHA2_20/2_256,PUB_R1,3632,3632,3633,18496759,2646833,PASS,4963,6002,10,20,2,16
XMSSMT-SHA2_20/2_256,PUB_R1,3633,3633,3634,15920722,2784056,PASS,4963,6002,10,20,2,16
XMSSMT-SHA2_20/2_256,PUB_R1,3634,3634,3635,18509463,2684204,PASS,4963,6002,10,20,2,16
XMSSMT-SHA2_20/2_256,PUB_R1,3635,3635,3636,15890315,2781093,PASS,4963,6002,10,20,2,16
XMSSMT-SHA2_20/2_256,PUB_R1,3636,3636,3637,18370685,2814778,PASS,4963,6002,10,20,2,16
XMSSMT-SHA2_20/2_256,PUB_R1,3637,3637,3638,15982796,2711870,PASS,4963,6002,10,20,2,16
XMSSMT-SHA2_20/2_256,PUB_R1,3638,3638,3639,18452908,2712389,PASS,4963,6002,10,20,2,16
XMSSMT-SHA2_20/2_256,PUB_R1,3639,3639,3640,16094667,2633223,PASS,4963,6002,10,20,2,16
XMSSMT-SHA2_20/2_256,PUB_R1,3640,3640,3641,18520796,2640112,PASS,4963,6002,10,20,2,16
XMSSMT-SHA2_20/2_256,PUB_R1,3641,3641,3642,16032481,2684722,PASS,4963,6002,10,20,2,16
XMSSMT-SHA2_20/2_256,PUB_R1,3642,3642,3643,18390723,2780370,PASS,4963,6002,10,20,2,16
XMSSMT-SHA2_20/2_256,PUB_R1,3643,3643,3644,15914296,2788963,PASS,4963,6002,10,20,2,16
XMSSMT-SHA2_20/2_256,PUB_R1,3644,3644,3645,18437129,2720574,PASS,4963,6002,10,20,2,16
XMSSMT-SHA2_20/2_256,PUB_R1,3645,3645,3646,15997148,2716500,PASS,4963,6002,10,20,2,16
XMSSMT-SHA2_20/2_256,PUB_R1,3646,3646,3647,18494981,2686056,PASS,4963,6002,10,20,2,16
XMSSMT-SHA2_20/2_256,PUB_R1,3647,3647,3648,16080703,2650000,PASS,4963,6002,10,20,2,16
XMSSMT-SHA2_20/2_256,PUB_R1,3648,3648,3649,18610889,2518222,PASS,4963,6002,10,20,2,16
XMSSMT-SHA2_20/2_256,PUB_R1,3649,3649,3650,16153259,2565593,PASS,4963,6002,10,20,2,16
XMSSMT-SHA2_20/2_256,PUB_R1,3650,3650,3651,18402463,2696240,PASS,4963,6002,10,20,2,16
XMSSMT-SHA2_20/2_256,PUB_R1,3651,3651,3652,15964612,2640482,PASS,4963,6002,10,20,2,16
XMSSMT-SHA2_20/2_256,PUB_R1,3652,3652,3653,18477630,2570278,PASS,4963,6002,10,20,2,16
XMSSMT-SHA2_20/2_256,PUB_R1,3653,3653,3654,15981296,2570111,PASS,4963,6002,10,20,2,16
XMSSMT-SHA2_20/2_256,PUB_R1,3654,3654,3655,18411648,2643723,PASS,4963,6002,10,20,2,16
XMSSMT-SHA2_20/2_256,PUB_R1,3655,3655,3656,15923019,2666259,PASS,4963,6002,10,20,2,16
XMSSMT-SHA2_20/2_256,PUB_R1,3656,3656,3657,18310518,2693685,PASS,4963,6002,10,20,2,16
XMSSMT-SHA2_20/2_256,PUB_R1,3657,3657,3658,15909574,2663038,PASS,4963,6002,10,20,2,16
XMSSMT-SHA2_20/2_256,PUB_R1,3658,3658,3659,18602149,2442574,PASS,4963,6002,10,20,2,16
XMSSMT-SHA2_20/2_256,PUB_R1,3659,3659,3660,15895334,2694296,PASS,4963,6002,10,20,2,16
XMSSMT-SHA2_20/2_256,PUB_R1,3660,3660,3661,18409092,2630648,PASS,4963,6002,10,20,2,16
XMSSMT-SHA2_20/2_256,PUB_R1,3661,3661,3662,15811129,2791648,PASS,4963,6002,10,20,2,16
XMSSMT-SHA2_20/2_256,PUB_R1,3662,3662,3663,18577814,2471871,PASS,4963,6002,10,20,2,16
XMSSMT-SHA2_20/2_256,PUB_R1,3663,3663,3664,15751889,2830797,PASS,4963,6002,10,20,2,16
XMSSMT-SHA2_20/2_256,PUB_R1,3664,3664,3665,18447222,2564981,PASS,4963,6002,10,20,2,16
XMSSMT-SHA2_20/2_256,PUB_R1,3665,3665,3666,15951519,2642611,PASS,4963,6002,10,20,2,16
XMSSMT-SHA2_20/2_256,PUB_R1,3666,3666,3667,18415500,2626370,PASS,4963,6002,10,20,2,16
XMSSMT-SHA2_20/2_256,PUB_R1,3667,3667,3668,16003518,2566648,PASS,4963,6002,10,20,2,16
XMSSMT-SHA2_20/2_256,PUB_R1,3668,3668,3669,18386092,2625352,PASS,4963,6002,10,20,2,16
XMSSMT-SHA2_20/2_256,PUB_R1,3669,3669,3670,15891667,2792723,PASS,4963,6002,10,20,2,16
XMSSMT-SHA2_20/2_256,PUB_R1,3670,3670,3671,18618796,2584408,PASS,4963,6002,10,20,2,16
XMSSMT-SHA2_20/2_256,PUB_R1,3671,3671,3672,15974852,2709982,PASS,4963,6002,10,20,2,16
XMSSMT-SHA2_20/2_256,PUB_R1,3672,3672,3673,18431055,2712037,PASS,4963,6002,10,20,2,16
XMSSMT-SHA2_20/2_256,PUB_R1,3673,3673,3674,16021815,2643537,PASS,4963,6002,10,20,2,16
XMSSMT-SHA2_20/2_256,PUB_R1,3674,3674,3675,18549056,2612074,PASS,4963,6002,10,20,2,16
XMSSMT-SHA2_20/2_256,PUB_R1,3675,3675,3676,15846797,2811666,PASS,4963,6002,10,20,2,16
XMSSMT-SHA2_20/2_256,PUB_R1,3676,3676,3677,18696000,2446871,PASS,4963,6002,10,20,2,16
XMSSMT-SHA2_20/2_256,PUB_R1,3677,3677,3678,16049833,2571185,PASS,4963,6002,10,20,2,16
XMSSMT-SHA2_20/2_256,PUB_R1,3678,3678,3679,18578408,2580925,PASS,4963,6002,10,20,2,16
XMSSMT-SHA2_20/2_256,PUB_R1,3679,3679,3680,15979019,2713889,PASS,4963,6002,10,20,2,16
XMSSMT-SHA2_20/2_256,PUB_R1,3680,3680,3681,18499426,2657481,PASS,4963,6002,10,20,2,16
XMSSMT-SHA2_20/2_256,PUB_R1,3681,3681,3682,15841407,2821815,PASS,4963,6002,10,20,2,16
XMSSMT-SHA2_20/2_256,PUB_R1,3682,3682,3683,18554445,2617389,PASS,4963,6002,10,20,2,16
XMSSMT-SHA2_20/2_256,PUB_R1,3683,3683,3684,16141889,2549963,PASS,4963,6002,10,20,2,16
XMSSMT-SHA2_20/2_256,PUB_R1,3684,3684,3685,18497445,2685889,PASS,4963,6002,10,20,2,16
XMSSMT-SHA2_20/2_256,PUB_R1,3685,3685,3686,15892741,2783537,PASS,4963,6002,10,20,2,16
XMSSMT-SHA2_20/2_256,PUB_R1,3686,3686,3687,18403111,2793833,PASS,4963,6002,10,20,2,16
XMSSMT-SHA2_20/2_256,PUB_R1,3687,3687,3688,16050833,2611741,PASS,4963,6002,10,20,2,16
XMSSMT-SHA2_20/2_256,PUB_R1,3688,3688,3689,18290185,2871056,PASS,4963,6002,10,20,2,16
XMSSMT-SHA2_20/2_256,PUB_R1,3689,3689,3690,16021204,2684593,PASS,4963,6002,10,20,2,16
XMSSMT-SHA2_20/2_256,PUB_R1,3690,3690,3691,18493111,2696037,PASS,4963,6002,10,20,2,16
XMSSMT-SHA2_20/2_256,PUB_R1,3691,3691,3692,10958667,2778148,PASS,4963,6002,10,20,2,16
XMSSMT-SHA2_20/2_256,PUB_R1,3692,3692,3693,6288185,2516871,PASS,4963,6002,10,20,2,16
XMSSMT-SHA2_20/2_256,PUB_R1,3693,3693,3694,6068908,2726685,PASS,4963,6002,10,20,2,16
XMSSMT-SHA2_20/2_256,PUB_R1,3694,3694,3695,6235500,2547611,PASS,4963,6002,10,20,2,16
XMSSMT-SHA2_20/2_256,PUB_R1,3695,3695,3696,16208722,2445963,PASS,4963,6002,10,20,2,16
XMSSMT-SHA2_20/2_256,PUB_R1,3696,3696,3697,18535796,2618648,PASS,4963,6002,10,20,2,16
XMSSMT-SHA2_20/2_256,PUB_R1,3697,3697,3698,16086352,2625092,PASS,4963,6002,10,20,2,16
XMSSMT-SHA2_20/2_256,PUB_R1,3698,3698,3699,8551407,2711222,PASS,4963,6002,10,20,2,16
XMSSMT-SHA2_20/2_256,PUB_R1,3699,3699,3700,11107944,2648778,PASS,4963,6002,10,20,2,16
XMSSMT-SHA2_20/2_256,PUB_R1,3700,3700,3701,5994889,2791870,PASS,4963,6002,10,20,2,16
XMSSMT-SHA2_20/2_256,PUB_R1,3701,3701,3702,6208667,2577592,PASS,4963,6002,10,20,2,16
XMSSMT-SHA2_20/2_256,PUB_R1,3702,3702,3703,6131759,2649203,PASS,4963,6002,10,20,2,16
XMSSMT-SHA2_20/2_256,PUB_R1,3703,3703,3704,16064130,2614593,PASS,4963,6002,10,20,2,16
XMSSMT-SHA2_20/2_256,PUB_R1,3704,3704,3705,10937926,2783833,PASS,4963,6002,10,20,2,16
XMSSMT-SHA2_20/2_256,PUB_R1,3705,3705,3706,6234074,2544129,PASS,4963,6002,10,20,2,16
XMSSMT-SHA2_20/2_256,PUB_R1,3706,3706,3707,6089704,2687500,PASS,4963,6002,10,20,2,16
XMSSMT-SHA2_20/2_256,PUB_R1,3707,3707,3708,10919315,2814426,PASS,4963,6002,10,20,2,16
XMSSMT-SHA2_20/2_256,PUB_R1,3708,3708,3709,6244630,2575333,PASS,4963,6002,10,20,2,16
XMSSMT-SHA2_20/2_256,PUB_R1,3709,3709,3710,6093593,2694092,PASS,4963,6002,10,20,2,16
XMSSMT-SHA2_20/2_256,PUB_R1,3710,3710,3711,5958797,2804611,PASS,4963,6002,10,20,2,16
XMSSMT-SHA2_20/2_256,PUB_R1,3711,3711,3712,16143037,2550667,PASS,4963,6002,10,20,2,16
XMSSMT-SHA2_20/2_256,PUB_R1,3712,3712,3713,18511315,2619852,PASS,4963,6002,10,20,2,16
XMSSMT-SHA2_20/2_256,PUB_R1,3713,3713,3714,15946759,2796759,PASS,4963,6002,10,20,2,16
XMSSMT-SHA2_20/2_256,PUB_R1,3714,3714,3715,18522666,2578741,PASS,4963,6002,10,20,2,16
XMSSMT-SHA2_20/2_256,PUB_R1,3715,3715,3716,15927630,2777296,PASS,4963,6002,10,20,2,16
XMSSMT-SHA2_20/2_256,PUB_R1,3716,3716,3717,18338871,2779426,PASS,4963,6002,10,20,2,16
XMSSMT-SHA2_20/2_256,PUB_R1,3717,3717,3718,16041648,2653463,PASS,4963,6002,10,20,2,16
XMSSMT-SHA2_20/2_256,PUB_R1,3718,3718,3719,18453556,2727518,PASS,4963,6002,10,20,2,16
XMSSMT-SHA2_20/2_256,PUB_R1,3719,3719,3720,16039611,2678537,PASS,4963,6002,10,20,2,16
XMSSMT-SHA2_20/2_256,PUB_R1,3720,3720,3721,18489963,2684315,PASS,4963,6002,10,20,2,16
XMSSMT-SHA2_20/2_256,PUB_R1,3721,3721,3722,15832741,2842592,PASS,4963,6002,10,20,2,16
XMSSMT-SHA2_20/2_256,PUB_R1,3722,3722,3723,18601315,2591500,PASS,4963,6002,10,20,2,16
XMSSMT-SHA2_20/2_256,PUB_R1,3723,3723,3724,16025555,2647426,PASS,4963,6002,10,20,2,16
XMSSMT-SHA2_20/2_256,PUB_R1,3724,3724,3725,18367833,2814815,PASS,4963,6002,10,20,2,16
XMSSMT-SHA2_20/2_256,PUB_R1,3725,3725,3726,16024260,2642648,PASS,4963,6002,10,20,2,16
XMSSMT-SHA2_20/2_256,PUB_R1,3726,3726,3727,18325426,2850056,PASS,4963,6002,10,20,2,16
XMSSMT-SHA2_20/2_256,PUB_R1,3727,3727,3728,16037241,2645130,PASS,4963,6002,10,20,2,16
XMSSMT-SHA2_20/2_256,PUB_R1,3728,3728,3729,18353518,2892518,PASS,4963,6002,10,20,2,16
XMSSMT-SHA2_20/2_256,PUB_R1,3729,3729,3730,16095408,2578537,PASS,4963,6002,10,20,2,16
XMSSMT-SHA2_20/2_256,PUB_R1,3730,3730,3731,18507112,2609203,PASS,4963,6002,10,20,2,16
XMSSMT-SHA2_20/2_256,PUB_R1,3731,3731,3732,16052796,2608055,PASS,4963,6002,10,20,2,16
XMSSMT-SHA2_20/2_256,PUB_R1,3732,3732,3733,18530740,2575223,PASS,4963,6002,10,20,2,16
XMSSMT-SHA2_20/2_256,PUB_R1,3733,3733,3734,16050204,2608296,PASS,4963,6002,10,20,2,16
XMSSMT-SHA2_20/2_256,PUB_R1,3734,3734,3735,18369982,2778074,PASS,4963,6002,10,20,2,16
XMSSMT-SHA2_20/2_256,PUB_R1,3735,3735,3736,16042092,2606371,PASS,4963,6002,10,20,2,16
XMSSMT-SHA2_20/2_256,PUB_R1,3736,3736,3737,18608000,2507741,PASS,4963,6002,10,20,2,16
XMSSMT-SHA2_20/2_256,PUB_R1,3737,3737,3738,16009018,2679667,PASS,4963,6002,10,20,2,16
XMSSMT-SHA2_20/2_256,PUB_R1,3738,3738,3739,18371111,2782593,PASS,4963,6002,10,20,2,16
XMSSMT-SHA2_20/2_256,PUB_R1,3739,3739,3740,16050426,2621038,PASS,4963,6002,10,20,2,16
XMSSMT-SHA2_20/2_256,PUB_R1,3740,3740,3741,18560407,2647092,PASS,4963,6002,10,20,2,16
XMSSMT-SHA2_20/2_256,PUB_R1,3741,3741,3742,15850759,2810260,PASS,4963,6002,10,20,2,16
XMSSMT-SHA2_20/2_256,PUB_R1,3742,3742,3743,18498426,2680111,PASS,4963,6002,10,20,2,16
XMSSMT-SHA2_20/2_256,PUB_R1,3743,3743,3744,16162722,2549815,PASS,4963,6002,10,20,2,16
XMSSMT-SHA2_20/2_256,PUB_R1,3744,3744,3745,18389149,2779760,PASS,4963,6002,10,20,2,16
XMSSMT-SHA2_20/2_256,PUB_R1,3745,3745,3746,15900815,2815759,PASS,4963,6002,10,20,2,16
XMSSMT-SHA2_20/2_256,PUB_R1,3746,3746,3747,18395944,2780092,PASS,4963,6002,10,20,2,16
XMSSMT-SHA2_20/2_256,PUB_R1,3747,3747,3748,16027741,2686167,PASS,4963,6002,10,20,2,16
XMSSMT-SHA2_20/2_256,PUB_R1,3748,3748,3749,18602297,2623537,PASS,4963,6002,10,20,2,16
XMSSMT-SHA2_20/2_256,PUB_R1,3749,3749,3750,15969018,2719129,PASS,4963,6002,10,20,2,16
XMSSMT-SHA2_20/2_256,PUB_R1,3750,3750,3751,18593666,2581648,PASS,4963,6002,10,20,2,16
XMSSMT-SHA2_20/2_256,PUB_R1,3751,3751,3752,16130019,2585296,PASS,4963,6002,10,20,2,16
XMSSMT-SHA2_20/2_256,PUB_R1,3752,3752,3753,18358574,2777944,PASS,4963,6002,10,20,2,16
XMSSMT-SHA2_20/2_256,PUB_R1,3753,3753,3754,16027648,2682815,PASS,4963,6002,10,20,2,16
XMSSMT-SHA2_20/2_256,PUB_R1,3754,3754,3755,18512389,2683111,PASS,4963,6002,10,20,2,16
XMSSMT-SHA2_20/2_256,PUB_R1,3755,3755,3756,11137963,2633185,PASS,4963,6002,10,20,2,16
XMSSMT-SHA2_20/2_256,PUB_R1,3756,3756,3757,6168685,2612611,PASS,4963,6002,10,20,2,16
XMSSMT-SHA2_20/2_256,PUB_R1,3757,3757,3758,5933907,2854056,PASS,4963,6002,10,20,2,16
XMSSMT-SHA2_20/2_256,PUB_R1,3758,3758,3759,6157666,2608723,PASS,4963,6002,10,20,2,16
XMSSMT-SHA2_20/2_256,PUB_R1,3759,3759,3760,16026592,2686167,PASS,4963,6002,10,20,2,16
XMSSMT-SHA2_20/2_256,PUB_R1,3760,3760,3761,18582056,2581426,PASS,4963,6002,10,20,2,16
XMSSMT-SHA2_20/2_256,PUB_R1,3761,3761,3762,16033870,2699037,PASS,4963,6002,10,20,2,16
XMSSMT-SHA2_20/2_256,PUB_R1,3762,3762,3763,8583444,2681037,PASS,4963,6002,10,20,2,16
XMSSMT-SHA2_20/2_256,PUB_R1,3763,3763,3764,11077777,2659111,PASS,4963,6002,10,20,2,16
XMSSMT-SHA2_20/2_256,PUB_R1,3764,3764,3765,6064111,2667240,PASS,4963,6002,10,20,2,16
XMSSMT-SHA2_20/2_256,PUB_R1,3765,3765,3766,6067037,2664075,PASS,4963,6002,10,20,2,16
XMSSMT-SHA2_20/2_256,PUB_R1,3766,3766,3767,6137259,2567186,PASS,4963,6002,10,20,2,16
XMSSMT-SHA2_20/2_256,PUB_R1,3767,3767,3768,15929185,2627518,PASS,4963,6002,10,20,2,16
XMSSMT-SHA2_20/2_256,PUB_R1,3768,3768,3769,10976482,2675666,PASS,4963,6002,10,20,2,16
XMSSMT-SHA2_20/2_256,PUB_R1,3769,3769,3770,6052685,2661463,PASS,4963,6002,10,20,2,16
XMSSMT-SHA2_20/2_256,PUB_R1,3770,3770,3771,6014852,2712519,PASS,4963,6002,10,20,2,16
XMSSMT-SHA2_20/2_256,PUB_R1,3771,3771,3772,11054055,2612482,PASS,4963,6002,10,20,2,16
XMSSMT-SHA2_20/2_256,PUB_R1,3772,3772,3773,6062981,2658500,PASS,4963,6002,10,20,2,16
XMSSMT-SHA2_20/2_256,PUB_R1,3773,3773,3774,5854445,2871889,PASS,4963,6002,10,20,2,16
XMSSMT-SHA2_20/2_256,PUB_R1,3774,3774,3775,6124630,2592833,PASS,4963,6002,10,20,2,16
XMSSMT-SHA2_20/2_256,PUB_R1,3775,3775,3776,15941556,2628482,PASS,4963,6002,10,20,2,16
XMSSMT-SHA2_20/2_256,PUB_R1,3776,3776,3777,18440982,2565074,PASS,4963,6002,10,20,2,16
XMSSMT-SHA2_20/2_256,PUB_R1,3777,3777,3778,15988445,2656704,PASS,4963,6002,10,20,2,16
XMSSMT-SHA2_20/2_256,PUB_R1,3778,3778,3779,18344778,2698074,PASS,4963,6002,10,20,2,16
XMSSMT-SHA2_20/2_256,PUB_R1,3779,3779,3780,15920129,2661981,PASS,4963,6002,10,20,2,16
XMSSMT-SHA2_20/2_256,PUB_R1,3780,3780,3781,18506111,2500241,PASS,4963,6002,10,20,2,16
XMSSMT-SHA2_20/2_256,PUB_R1,3781,3781,3782,15914408,2629352,PASS,4963,6002,10,20,2,16
XMSSMT-SHA2_20/2_256,PUB_R1,3782,3782,3783,18459092,2580555,PASS,4963,6002,10,20,2,16
XMSSMT-SHA2_20/2_256,PUB_R1,3783,3783,3784,15813019,2763574,PASS,4963,6002,10,20,2,16
XMSSMT-SHA2_20/2_256,PUB_R1,3784,3784,3785,18232408,2763481,PASS,4963,6002,10,20,2,16
XMSSMT-SHA2_20/2_256,PUB_R1,3785,3785,3786,15927463,2656241,PASS,4963,6002,10,20,2,16
XMSSMT-SHA2_20/2_256,PUB_R1,3786,3786,3787,18337074,2697370,PASS,4963,6002,10,20,2,16
XMSSMT-SHA2_20/2_256,PUB_R1,3787,3787,3788,15988519,2596944,PASS,4963,6002,10,20,2,16
XMSSMT-SHA2_20/2_256,PUB_R1,3788,3788,3789,18369889,2660426,PASS,4963,6002,10,20,2,16
XMSSMT-SHA2_20/2_256,PUB_R1,3789,3789,3790,15842185,2690463,PASS,4963,6002,10,20,2,16
XMSSMT-SHA2_20/2_256,PUB_R1,3790,3790,3791,18392648,2628389,PASS,4963,6002,10,20,2,16
XMSSMT-SHA2_20/2_256,PUB_R1,3791,3791,3792,15926148,2665037,PASS,4963,6002,10,20,2,16
XMSSMT-SHA2_20/2_256,PUB_R1,3792,3792,3793,18364852,2624796,PASS,4963,6002,10,20,2,16
XMSSMT-SHA2_20/2_256,PUB_R1,3793,3793,3794,15755778,2789889,PASS,4963,6002,10,20,2,16
XMSSMT-SHA2_20/2_256,PUB_R1,3794,3794,3795,8535500,2628685,PASS,4963,6002,10,20,2,16
XMSSMT-SHA2_20/2_256,PUB_R1,3795,3795,3796,10976407,2665741,PASS,4963,6002,10,20,2,16
XMSSMT-SHA2_20/2_256,PUB_R1,3796,3796,3797,6116389,2594037,PASS,4963,6002,10,20,2,16
XMSSMT-SHA2_20/2_256,PUB_R1,3797,3797,3798,5927370,2786666,PASS,4963,6002,10,20,2,16
XMSSMT-SHA2_20/2_256,PUB_R1,3798,3798,3799,6052852,2659834,PASS,4963,6002,10,20,2,16
XMSSMT-SHA2_20/2_256,PUB_R1,3799,3799,3800,16054240,2531907,PASS,4963,6002,10,20,2,16
XMSSMT-SHA2_20/2_256,PUB_R1,3800,3800,3801,10990648,2636149,PASS,4963,6002,10,20,2,16
XMSSMT-SHA2_20/2_256,PUB_R1,3801,3801,3802,6056074,2698222,PASS,4963,6002,10,20,2,16
XMSSMT-SHA2_20/2_256,PUB_R1,3802,3802,3803,6088777,2642204,PASS,4963,6002,10,20,2,16
XMSSMT-SHA2_20/2_256,PUB_R1,3803,3803,3804,11094370,2569593,PASS,4963,6002,10,20,2,16
XMSSMT-SHA2_20/2_256,PUB_R1,3804,3804,3805,5968130,2760296,PASS,4963,6002,10,20,2,16
XMSSMT-SHA2_20/2_256,PUB_R1,3805,3805,3806,6163259,2568445,PASS,4963,6002,10,20,2,16
XMSSMT-SHA2_20/2_256,PUB_R1,3806,3806,3807,6092871,2626092,PASS,4963,6002,10,20,2,16
XMSSMT-SHA2_20/2_256,PUB_R1,3807,3807,3808,16103370,2499908,PASS,4963,6002,10,20,2,16
XMSSMT-SHA2_20/2_256,PUB_R1,3808,3808,3809,18183685,2831278,PASS,4963,6002,10,20,2,16
XMSSMT-SHA2_20/2_256,PUB_R1,3809,3809,3810,16065149,2544092,PASS,4963,6002,10,20,2,16
XMSSMT-SHA2_20/2_256,PUB_R1,3810,3810,3811,18411389,2634297,PASS,4963,6002,10,20,2,16
XMSSMT-SHA2_20/2_256,PUB_R1,3811,3811,3812,15963963,2600741,PASS,4963,6002,10,20,2,16
XMSSMT-SHA2_20/2_256,PUB_R1,3812,3812,3813,18277981,2766759,PASS,4963,6002,10,20,2,16
XMSSMT-SHA2_20/2_256,PUB_R1,3813,3813,3814,15960666,2626667,PASS,4963,6002,10,20,2,16
XMSSMT-SHA2_20/2_256,PUB_R1,3814,3814,3815,8614351,2596888,PASS,4963,6002,10,20,2,16
XMSSMT-SHA2_20/2_256,PUB_R1,3815,3815,3816,15876963,2696556,PASS,4963,6002,10,20,2,16
XMSSMT-SHA2_20/2_256,PUB_R1,3816,3816,3817,11030723,2594889,PASS,4963,6002,10,20,2,16
XMSSMT-SHA2_20/2_256,PUB_R1,3817,3817,3818,6025667,2692741,PASS,4963,6002,10,20,2,16
XMSSMT-SHA2_20/2_256,PUB_R1,3818,3818,3819,6068407,2661130,PASS,4963,6002,10,20,2,16
XMSSMT-SHA2_20/2_256,PUB_R1,3819,3819,3820,10932389,2711018,PASS,4963,6002,10,20,2,16
XMSSMT-SHA2_20/2_256,PUB_R1,3820,3820,3821,6055444,2658056,PASS,4963,6002,10,20,2,16
XMSSMT-SHA2_20/2_256,PUB_R1,3821,3821,3822,6079482,2661074,PASS,4963,6002,10,20,2,16
XMSSMT-SHA2_20/2_256,PUB_R1,3822,3822,3823,6043148,2661945,PASS,4963,6002,10,20,2,16
XMSSMT-SHA2_20/2_256,PUB_R1,3823,3823,3824,15822815,2764685,PASS,4963,6002,10,20,2,16
XMSSMT-SHA2_20/2_256,PUB_R1,3824,3824,3825,18380333,2671223,PASS,4963,6002,10,20,2,16
XMSSMT-SHA2_20/2_256,PUB_R1,3825,3825,3826,15895389,2662408,PASS,4963,6002,10,20,2,16
XMSSMT-SHA2_20/2_256,PUB_R1,3826,3826,3827,8563667,2638167,PASS,4963,6002,10,20,2,16
XMSSMT-SHA2_20/2_256,PUB_R1,3827,3827,3828,11051778,2627092,PASS,4963,6002,10,20,2,16
XMSSMT-SHA2_20/2_256,PUB_R1,3828,3828,3829,6173630,2565796,PASS,4963,6002,10,20,2,16
XMSSMT-SHA2_20/2_256,PUB_R1,3829,3829,3830,5963093,2753018,PASS,4963,6002,10,20,2,16
XMSSMT-SHA2_20/2_256,PUB_R1,3830,3830,3831,6135981,2595518,PASS,4963,6002,10,20,2,16
XMSSMT-SHA2_20/2_256,PUB_R1,3831,3831,3832,15883111,2701222,PASS,4963,6002,10,20,2,16
XMSSMT-SHA2_20/2_256,PUB_R1,3832,3832,3833,10863278,2763537,PASS,4963,6002,10,20,2,16
XMSSMT-SHA2_20/2_256,PUB_R1,3833,3833,3834,6169815,2563259,PASS,4963,6002,10,20,2,16
XMSSMT-SHA2_20/2_256,PUB_R1,3834,3834,3835,6173444,2557834,PASS,4963,6002,10,20,2,16
XMSSMT-SHA2_20/2_256,PUB_R1,3835,3835,3836,11090334,2580426,PASS,4963,6002,10,20,2,16
XMSSMT-SHA2_20/2_256,PUB_R1,3836,3836,3837,6014352,2691815,PASS,4963,6002,10,20,2,16
XMSSMT-SHA2_20/2_256,PUB_R1,3837,3837,3838,6005648,2698334,PASS,4963,6002,10,20,2,16
XMSSMT-SHA2_20/2_256,PUB_R1,3838,3838,3839,6050870,2660537,PASS,4963,6002,10,20,2,16
XMSSMT-SHA2_20/2_256,PUB_R1,3839,3839,3840,15912333,2695352,PASS,4963,6002,10,20,2,16
XMSSMT-SHA2_20/2_256,PUB_R1,3840,3840,3841,18331537,2697445,PASS,4963,6002,10,20,2,16
XMSSMT-SHA2_20/2_256,PUB_R1,3841,3841,3842,16044408,2503167,PASS,4963,6002,10,20,2,16
XMSSMT-SHA2_20/2_256,PUB_R1,3842,3842,3843,18339592,2658760,PASS,4963,6002,10,20,2,16
XMSSMT-SHA2_20/2_256,PUB_R1,3843,3843,3844,15989389,2594111,PASS,4963,6002,10,20,2,16
XMSSMT-SHA2_20/2_256,PUB_R1,3844,3844,3845,18176797,2857870,PASS,4963,6002,10,20,2,16
XMSSMT-SHA2_20/2_256,PUB_R1,3845,3845,3846,15975241,2606223,PASS,4963,6002,10,20,2,16
XMSSMT-SHA2_20/2_256,PUB_R1,3846,3846,3847,18317574,2698426,PASS,4963,6002,10,20,2,16
XMSSMT-SHA2_20/2_256,PUB_R1,3847,3847,3848,15937370,2633185,PASS,4963,6002,10,20,2,16
XMSSMT-SHA2_20/2_256,PUB_R1,3848,3848,3849,18351056,2628111,PASS,4963,6002,10,20,2,16
XMSSMT-SHA2_20/2_256,PUB_R1,3849,3849,3850,15799722,2761278,PASS,4963,6002,10,20,2,16
XMSSMT-SHA2_20/2_256,PUB_R1,3850,3850,3851,18439963,2605111,PASS,4963,6002,10,20,2,16
XMSSMT-SHA2_20/2_256,PUB_R1,3851,3851,3852,16116759,2465371,PASS,4963,6002,10,20,2,16
XMSSMT-SHA2_20/2_256,PUB_R1,3852,3852,3853,18453963,2629630,PASS,4963,6002,10,20,2,16
XMSSMT-SHA2_20/2_256,PUB_R1,3853,3853,3854,15965500,2592944,PASS,4963,6002,10,20,2,16
XMSSMT-SHA2_20/2_256,PUB_R1,3854,3854,3855,18382408,2627167,PASS,4963,6002,10,20,2,16
XMSSMT-SHA2_20/2_256,PUB_R1,3855,3855,3856,15838074,2689148,PASS,4963,6002,10,20,2,16
XMSSMT-SHA2_20/2_256,PUB_R1,3856,3856,3857,18525852,2613092,PASS,4963,6002,10,20,2,16
XMSSMT-SHA2_20/2_256,PUB_R1,3857,3857,3858,16070481,2611926,PASS,4963,6002,10,20,2,16
XMSSMT-SHA2_20/2_256,PUB_R1,3858,3858,3859,18504000,2643314,PASS,4963,6002,10,20,2,16
XMSSMT-SHA2_20/2_256,PUB_R1,3859,3859,3860,16073426,2613037,PASS,4963,6002,10,20,2,16
XMSSMT-SHA2_20/2_256,PUB_R1,3860,3860,3861,18447593,2672648,PASS,4963,6002,10,20,2,16
XMSSMT-SHA2_20/2_256,PUB_R1,3861,3861,3862,16007222,2683296,PASS,4963,6002,10,20,2,16
XMSSMT-SHA2_20/2_256,PUB_R1,3862,3862,3863,18367092,2775686,PASS,4963,6002,10,20,2,16
XMSSMT-SHA2_20/2_256,PUB_R1,3863,3863,3864,16036482,2655482,PASS,4963,6002,10,20,2,16
XMSSMT-SHA2_20/2_256,PUB_R1,3864,3864,3865,18499574,2638333,PASS,4963,6002,10,20,2,16
XMSSMT-SHA2_20/2_256,PUB_R1,3865,3865,3866,16147315,2584426,PASS,4963,6002,10,20,2,16
XMSSMT-SHA2_20/2_256,PUB_R1,3866,3866,3867,18349519,2850055,PASS,4963,6002,10,20,2,16
XMSSMT-SHA2_20/2_256,PUB_R1,3867,3867,3868,15860574,2864186,PASS,4963,6002,10,20,2,16
XMSSMT-SHA2_20/2_256,PUB_R1,3868,3868,3869,18584111,2580037,PASS,4963,6002,10,20,2,16
XMSSMT-SHA2_20/2_256,PUB_R1,3869,3869,3870,16034630,2687833,PASS,4963,6002,10,20,2,16
XMSSMT-SHA2_20/2_256,PUB_R1,3870,3870,3871,18352352,2810944,PASS,4963,6002,10,20,2,16
XMSSMT-SHA2_20/2_256,PUB_R1,3871,3871,3872,15901000,2825130,PASS,4963,6002,10,20,2,16
XMSSMT-SHA2_20/2_256,PUB_R1,3872,3872,3873,18434203,2707500,PASS,4963,6002,10,20,2,16
XMSSMT-SHA2_20/2_256,PUB_R1,3873,3873,3874,16004370,2684389,PASS,4963,6002,10,20,2,16
XMSSMT-SHA2_20/2_256,PUB_R1,3874,3874,3875,18529259,2653037,PASS,4963,6002,10,20,2,16
XMSSMT-SHA2_20/2_256,PUB_R1,3875,3875,3876,16086982,2650945,PASS,4963,6002,10,20,2,16
XMSSMT-SHA2_20/2_256,PUB_R1,3876,3876,3877,18538555,2617870,PASS,4963,6002,10,20,2,16
XMSSMT-SHA2_20/2_256,PUB_R1,3877,3877,3878,15904814,2794018,PASS,4963,6002,10,20,2,16
XMSSMT-SHA2_20/2_256,PUB_R1,3878,3878,3879,18303537,2844408,PASS,4963,6002,10,20,2,16
XMSSMT-SHA2_20/2_256,PUB_R1,3879,3879,3880,16108796,2580667,PASS,4963,6002,10,20,2,16
XMSSMT-SHA2_20/2_256,PUB_R1,3880,3880,3881,18350186,2775648,PASS,4963,6002,10,20,2,16
XMSSMT-SHA2_20/2_256,PUB_R1,3881,3881,3882,15894870,2788370,PASS,4963,6002,10,20,2,16
XMSSMT-SHA2_20/2_256,PUB_R1,3882,3882,3883,18683482,2512352,PASS,4963,6002,10,20,2,16
XMSSMT-SHA2_20/2_256,PUB_R1,3883,3883,3884,11059667,2693444,PASS,4963,6002,10,20,2,16
XMSSMT-SHA2_20/2_256,PUB_R1,3884,3884,3885,6159667,2608278,PASS,4963,6002,10,20,2,16
XMSSMT-SHA2_20/2_256,PUB_R1,3885,3885,3886,6169944,2630797,PASS,4963,6002,10,20,2,16
XMSSMT-SHA2_20/2_256,PUB_R1,3886,3886,3887,5992500,2778408,PASS,4963,6002,10,20,2,16
XMSSMT-SHA2_20/2_256,PUB_R1,3887,3887,3888,16027018,2680889,PASS,4963,6002,10,20,2,16
XMSSMT-SHA2_20/2_256,PUB_R1,3888,3888,3889,18438555,2683982,PASS,4963,6002,10,20,2,16
XMSSMT-SHA2_20/2_256,PUB_R1,3889,3889,3890,16113907,2593963,PASS,4963,6002,10,20,2,16
XMSSMT-SHA2_20/2_256,PUB_R1,3890,3890,3891,8660759,2562963,PASS,4963,6002,10,20,2,16
XMSSMT-SHA2_20/2_256,PUB_R1,3891,3891,3892,11098519,2569667,PASS,4963,6002,10,20,2,16
XMSSMT-SHA2_20/2_256,PUB_R1,3892,3892,3893,6198148,2531777,PASS,4963,6002,10,20,2,16
XMSSMT-SHA2_20/2_256,PUB_R1,3893,3893,3894,6158093,2559037,PASS,4963,6002,10,20,2,16
XMSSMT-SHA2_20/2_256,PUB_R1,3894,3894,3895,5925463,2797778,PASS,4963,6002,10,20,2,16
XMSSMT-SHA2_20/2_256,PUB_R1,3895,3895,3896,15782722,2756297,PASS,4963,6002,10,20,2,16
XMSSMT-SHA2_20/2_256,PUB_R1,3896,3896,3897,10977240,2665204,PASS,4963,6002,10,20,2,16
XMSSMT-SHA2_20/2_256,PUB_R1,3897,3897,3898,5962315,2754333,PASS,4963,6002,10,20,2,16
XMSSMT-SHA2_20/2_256,PUB_R1,3898,3898,3899,6076778,2639889,PASS,4963,6002,10,20,2,16
XMSSMT-SHA2_20/2_256,PUB_R1,3899,3899,3900,11033500,2592315,PASS,4963,6002,10,20,2,16
XMSSMT-SHA2_20/2_256,PUB_R1,3900,3900,3901,6081852,2625537,PASS,4963,6002,10,20,2,16
XMSSMT-SHA2_20/2_256,PUB_R1,3901,3901,3902,5864629,2908111,PASS,4963,6002,10,20,2,16
XMSSMT-SHA2_20/2_256,PUB_R1,3902,3902,3903,6006982,2691277,PASS,4963,6002,10,20,2,16
XMSSMT-SHA2_20/2_256,PUB_R1,3903,3903,3904,15884055,2698425,PASS,4963,6002,10,20,2,16
XMSSMT-SHA2_20/2_256,PUB_R1,3904,3904,3905,18395129,2638426,PASS,4963,6002,10,20,2,16
XMSSMT-SHA2_20/2_256,PUB_R1,3905,3905,3906,15929482,2678555,PASS,4963,6002,10,20,2,16
XMSSMT-SHA2_20/2_256,PUB_R1,3906,3906,3907,18281149,2767667,PASS,4963,6002,10,20,2,16
XMSSMT-SHA2_20/2_256,PUB_R1,3907,3907,3908,15926463,2665685,PASS,4963,6002,10,20,2,16
XMSSMT-SHA2_20/2_256,PUB_R1,3908,3908,3909,18418204,2634685,PASS,4963,6002,10,20,2,16
XMSSMT-SHA2_20/2_256,PUB_R1,3909,3909,3910,15772740,2821574,PASS,4963,6002,10,20,2,16
XMSSMT-SHA2_20/2_256,PUB_R1,3910,3910,3911,18465111,2587315,PASS,4963,6002,10,20,2,16
XMSSMT-SHA2_20/2_256,PUB_R1,3911,3911,3912,16021222,2562926,PASS,4963,6002,10,20,2,16
XMSSMT-SHA2_20/2_256,PUB_R1,3912,3912,3913,18349722,2659630,PASS,4963,6002,10,20,2,16
XMSSMT-SHA2_20/2_256,PUB_R1,3913,3913,3914,15941426,2627463,PASS,4963,6002,10,20,2,16
XMSSMT-SHA2_20/2_256,PUB_R1,3914,3914,3915,18328093,2695500,PASS,4963,6002,10,20,2,16
XMSSMT-SHA2_20/2_256,PUB_R1,3915,3915,3916,15830167,2767018,PASS,4963,6002,10,20,2,16
XMSSMT-SHA2_20/2_256,PUB_R1,3916,3916,3917,18359741,2623852,PASS,4963,6002,10,20,2,16
XMSSMT-SHA2_20/2_256,PUB_R1,3917,3917,3918,15918685,2625074,PASS,4963,6002,10,20,2,16
XMSSMT-SHA2_20/2_256,PUB_R1,3918,3918,3919,18203203,2789575,PASS,4963,6002,10,20,2,16
XMSSMT-SHA2_20/2_256,PUB_R1,3919,3919,3920,15897093,2625167,PASS,4963,6002,10,20,2,16
XMSSMT-SHA2_20/2_256,PUB_R1,3920,3920,3921,18225407,2758852,PASS,4963,6002,10,20,2,16
XMSSMT-SHA2_20/2_256,PUB_R1,3921,3921,3922,15845815,2704463,PASS,4963,6002,10,20,2,16
XMSSMT-SHA2_20/2_256,PUB_R1,3922,3922,3923,8487722,2695834,PASS,4963,6002,10,20,2,16
XMSSMT-SHA2_20/2_256,PUB_R1,3923,3923,3924,10897167,2759203,PASS,4963,6002,10,20,2,16
XMSSMT-SHA2_20/2_256,PUB_R1,3924,3924,3925,6193037,2548389,PASS,4963,6002,10,20,2,16
XMSSMT-SHA2_20/2_256,PUB_R1,3925,3925,3926,6098685,2624352,PASS,4963,6002,10,20,2,16
XMSSMT-SHA2_20/2_256,PUB_R1,3926,3926,3927,6023389,2701703,PASS,4963,6002,10,20,2,16
XMSSMT-SHA2_20/2_256,PUB_R1,3927,3927,3928,15854500,2709907,PASS,4963,6002,10,20,2,16
XMSSMT-SHA2_20/2_256,PUB_R1,3928,3928,3929,11052777,2616500,PASS,4963,6002,10,20,2,16
XMSSMT-SHA2_20/2_256,PUB_R1,3929,3929,3930,6073370,2662204,PASS,4963,6002,10,20,2,16
XMSSMT-SHA2_20/2_256,PUB_R1,3930,3930,3931,6137389,2575537,PASS,4963,6002,10,20,2,16
XMSSMT-SHA2_20/2_256,PUB_R1,3931,3931,3932,11162519,2497166,PASS,4963,6002,10,20,2,16
XMSSMT-SHA2_20/2_256,PUB_R1,3932,3932,3933,6047648,2697871,PASS,4963,6002,10,20,2,16
XMSSMT-SHA2_20/2_256,PUB_R1,3933,3933,3934,6103685,2641222,PASS,4963,6002,10,20,2,16
XMSSMT-SHA2_20/2_256,PUB_R1,3934,3934,3935,6073259,2625204,PASS,4963,6002,10,20,2,16
XMSSMT-SHA2_20/2_256,PUB_R1,3935,3935,3936,15961463,2596815,PASS,4963,6002,10,20,2,16
XMSSMT-SHA2_20/2_256,PUB_R1,3936,3936,3937,18416796,2595759,PASS,4963,6002,10,20,2,16
XMSSMT-SHA2_20/2_256,PUB_R1,3937,3937,3938,15892926,2660222,PASS,4963,6002,10,20,2,16
XMSSMT-SHA2_20/2_256,PUB_R1,3938,3938,3939,18281944,2779315,PASS,4963,6002,10,20,2,16
XMSSMT-SHA2_20/2_256,PUB_R1,3939,3939,3940,15877777,2656185,PASS,4963,6002,10,20,2,16
XMSSMT-SHA2_20/2_256,PUB_R1,3940,3940,3941,18204815,2827222,PASS,4963,6002,10,20,2,16
XMSSMT-SHA2_20/2_256,PUB_R1,3941,3941,3942,15765889,2790167,PASS,4963,6002,10,20,2,16
XMSSMT-SHA2_20/2_256,PUB_R1,3942,3942,3943,8603407,2598722,PASS,4963,6002,10,20,2,16
XMSSMT-SHA2_20/2_256,PUB_R1,3943,3943,3944,15721444,2859963,PASS,4963,6002,10,20,2,16
XMSSMT-SHA2_20/2_256,PUB_R1,3944,3944,3945,11068759,2564574,PASS,4963,6002,10,20,2,16
XMSSMT-SHA2_20/2_256,PUB_R1,3945,3945,3946,5969741,2760797,PASS,4963,6002,10,20,2,16
XMSSMT-SHA2_20/2_256,PUB_R1,3946,3946,3947,6133611,2592666,PASS,4963,6002,10,20,2,16
XMSSMT-SHA2_20/2_256,PUB_R1,3947,3947,3948,11023222,2632277,PASS,4963,6002,10,20,2,16
XMSSMT-SHA2_20/2_256,PUB_R1,3948,3948,3949,5946519,2757296,PASS,4963,6002,10,20,2,16
XMSSMT-SHA2_20/2_256,PUB_R1,3949,3949,3950,6201945,2529815,PASS,4963,6002,10,20,2,16
XMSSMT-SHA2_20/2_256,PUB_R1,3950,3950,3951,6128259,2591870,PASS,4963,6002,10,20,2,16
XMSSMT-SHA2_20/2_256,PUB_R1,3951,3951,3952,15904685,2670203,PASS,4963,6002,10,20,2,16
XMSSMT-SHA2_20/2_256,PUB_R1,3952,3952,3953,18488815,2526814,PASS,4963,6002,10,20,2,16
XMSSMT-SHA2_20/2_256,PUB_R1,3953,3953,3954,15943981,2630148,PASS,4963,6002,10,20,2,16
XMSSMT-SHA2_20/2_256,PUB_R1,3954,3954,3955,8535852,2629833,PASS,4963,6002,10,20,2,16
XMSSMT-SHA2_20/2_256,PUB_R1,3955,3955,3956,11087167,2559963,PASS,4963,6002,10,20,2,16
XMSSMT-SHA2_20/2_256,PUB_R1,3956,3956,3957,5889333,2820408,PASS,4963,6002,10,20,2,16
XMSSMT-SHA2_20/2_256,PUB_R1,3957,3957,3958,6111185,2596908,PASS,4963,6002,10,20,2,16
XMSSMT-SHA2_20/2_256,PUB_R1,3958,3958,3959,6060630,2658833,PASS,4963,6002,10,20,2,16
XMSSMT-SHA2_20/2_256,PUB_R1,3959,3959,3960,15880963,2694981,PASS,4963,6002,10,20,2,16
XMSSMT-SHA2_20/2_256,PUB_R1,3960,3960,3961,11085981,2649370,PASS,4963,6002,10,20,2,16
XMSSMT-SHA2_20/2_256,PUB_R1,3961,3961,3962,6202556,2580333,PASS,4963,6002,10,20,2,16
XMSSMT-SHA2_20/2_256,PUB_R1,3962,3962,3963,6183518,2614056,PASS,4963,6002,10,20,2,16
XMSSMT-SHA2_20/2_256,PUB_R1,3963,3963,3964,11108315,2654000,PASS,4963,6002,10,20,2,16
XMSSMT-SHA2_20/2_256,PUB_R1,3964,3964,3965,6061148,2712963,PASS,4963,6002,10,20,2,16
XMSSMT-SHA2_20/2_256,PUB_R1,3965,3965,3966,6109648,2686333,PASS,4963,6002,10,20,2,16
XMSSMT-SHA2_20/2_256,PUB_R1,3966,3966,3967,6192852,2578518,PASS,4963,6002,10,20,2,16
XMSSMT-SHA2_20/2_256,PUB_R1,3967,3967,3968,16114240,2584741,PASS,4963,6002,10,20,2,16
XMSSMT-SHA2_20/2_256,PUB_R1,3968,3968,3969,18586852,2614074,PASS,4963,6002,10,20,2,16
XMSSMT-SHA2_20/2_256,PUB_R1,3969,3969,3970,16161185,2552907,PASS,4963,6002,10,20,2,16
XMSSMT-SHA2_20/2_256,PUB_R1,3970,3970,3971,18614907,2547074,PASS,4963,6002,10,20,2,16
XMSSMT-SHA2_20/2_256,PUB_R1,3971,3971,3972,16004000,2677555,PASS,4963,6002,10,20,2,16
XMSSMT-SHA2_20/2_256,PUB_R1,3972,3972,3973,18620649,2554852,PASS,4963,6002,10,20,2,16
XMSSMT-SHA2_20/2_256,PUB_R1,3973,3973,3974,15928075,2799425,PASS,4963,6002,10,20,2,16
XMSSMT-SHA2_20/2_256,PUB_R1,3974,3974,3975,18538796,2610592,PASS,4963,6002,10,20,2,16
XMSSMT-SHA2_20/2_256,PUB_R1,3975,3975,3976,16032703,2683407,PASS,4963,6002,10,20,2,16
XMSSMT-SHA2_20/2_256,PUB_R1,3976,3976,3977,18591352,2587834,PASS,4963,6002,10,20,2,16
XMSSMT-SHA2_20/2_256,PUB_R1,3977,3977,3978,16072851,2659722,PASS,4963,6002,10,20,2,16
XMSSMT-SHA2_20/2_256,PUB_R1,3978,3978,3979,18513667,2648037,PASS,4963,6002,10,20,2,16
XMSSMT-SHA2_20/2_256,PUB_R1,3979,3979,3980,15946667,2711055,PASS,4963,6002,10,20,2,16
XMSSMT-SHA2_20/2_256,PUB_R1,3980,3980,3981,18500796,2648611,PASS,4963,6002,10,20,2,16
XMSSMT-SHA2_20/2_256,PUB_R1,3981,3981,3982,15857093,2772259,PASS,4963,6002,10,20,2,16
XMSSMT-SHA2_20/2_256,PUB_R1,3982,3982,3983,18367852,2823426,PASS,4963,6002,10,20,2,16
XMSSMT-SHA2_20/2_256,PUB_R1,3983,3983,3984,15935778,2713222,PASS,4963,6002,10,20,2,16
XMSSMT-SHA2_20/2_256,PUB_R1,3984,3984,3985,18442852,2676777,PASS,4963,6002,10,20,2,16
XMSSMT-SHA2_20/2_256,PUB_R1,3985,3985,3986,15950907,2673834,PASS,4963,6002,10,20,2,16
XMSSMT-SHA2_20/2_256,PUB_R1,3986,3986,3987,8604185,2642686,PASS,4963,6002,10,20,2,16
XMSSMT-SHA2_20/2_256,PUB_R1,3987,3987,3988,11097945,2612370,PASS,4963,6002,10,20,2,16
XMSSMT-SHA2_20/2_256,PUB_R1,3988,3988,3989,6088111,2675944,PASS,4963,6002,10,20,2,16
XMSSMT-SHA2_20/2_256,PUB_R1,3989,3989,3990,6220074,2537982,PASS,4963,6002,10,20,2,16
XMSSMT-SHA2_20/2_256,PUB_R1,3990,3990,3991,6203371,2578814,PASS,4963,6002,10,20,2,16
XMSSMT-SHA2_20/2_256,PUB_R1,3991,3991,3992,16113981,2583148,PASS,4963,6002,10,20,2,16
XMSSMT-SHA2_20/2_256,PUB_R1,3992,3992,3993,11096389,2652740,PASS,4963,6002,10,20,2,16
XMSSMT-SHA2_20/2_256,PUB_R1,3993,3993,3994,6201778,2587593,PASS,4963,6002,10,20,2,16
XMSSMT-SHA2_20/2_256,PUB_R1,3994,3994,3995,6312037,2501685,PASS,4963,6002,10,20,2,16
XMSSMT-SHA2_20/2_256,PUB_R1,3995,3995,3996,11165314,2587074,PASS,4963,6002,10,20,2,16
XMSSMT-SHA2_20/2_256,PUB_R1,3996,3996,3997,6219277,2542556,PASS,4963,6002,10,20,2,16
XMSSMT-SHA2_20/2_256,PUB_R1,3997,3997,3998,6123149,2684981,PASS,4963,6002,10,20,2,16
XMSSMT-SHA2_20/2_256,PUB_R1,3998,3998,3999,6124778,2648685,PASS,4963,6002,10,20,2,16
XMSSMT-SHA2_20/2_256,PUB_R1,3999,3999,4000,16055315,2659870,PASS,4963,6002,10,20,2,16
XMSSMT-SHA2_20/2_256,PUB_R1,4000,4000,4001,18387407,2780981,PASS,4963,6002,10,20,2,16
XMSSMT-SHA2_20/2_256,PUB_R1,4001,4001,4002,15919408,2782574,PASS,4963,6002,10,20,2,16
XMSSMT-SHA2_20/2_256,PUB_R1,4002,4002,4003,18490685,2647278,PASS,4963,6002,10,20,2,16
XMSSMT-SHA2_20/2_256,PUB_R1,4003,4003,4004,16010314,2679111,PASS,4963,6002,10,20,2,16
XMSSMT-SHA2_20/2_256,PUB_R1,4004,4004,4005,18532815,2589111,PASS,4963,6002,10,20,2,16
XMSSMT-SHA2_20/2_256,PUB_R1,4005,4005,4006,15905871,2816111,PASS,4963,6002,10,20,2,16
XMSSMT-SHA2_20/2_256,PUB_R1,4006,4006,4007,8596389,2641741,PASS,4963,6002,10,20,2,16
XMSSMT-SHA2_20/2_256,PUB_R1,4007,4007,4008,16059926,2615685,PASS,4963,6002,10,20,2,16
XMSSMT-SHA2_20/2_256,PUB_R1,4008,4008,4009,11138037,2596482,PASS,4963,6002,10,20,2,16
XMSSMT-SHA2_20/2_256,PUB_R1,4009,4009,4010,6119963,2676926,PASS,4963,6002,10,20,2,16
XMSSMT-SHA2_20/2_256,PUB_R1,4010,4010,4011,6116981,2647445,PASS,4963,6002,10,20,2,16
XMSSMT-SHA2_20/2_256,PUB_R1,4011,4011,4012,11090815,2644741,PASS,4963,6002,10,20,2,16
XMSSMT-SHA2_20/2_256,PUB_R1,4012,4012,4013,6175963,2618296,PASS,4963,6002,10,20,2,16
XMSSMT-SHA2_20/2_256,PUB_R1,4013,4013,4014,6058315,2706278,PASS,4963,6002,10,20,2,16
XMSSMT-SHA2_20/2_256,PUB_R1,4014,4014,4015,6207426,2581777,PASS,4963,6002,10,20,2,16
XMSSMT-SHA2_20/2_256,PUB_R1,4015,4015,4016,16047204,2647241,PASS,4963,6002,10,20,2,16
XMSSMT-SHA2_20/2_256,PUB_R1,4016,4016,4017,18344740,2814797,PASS,4963,6002,10,20,2,16
XMSSMT-SHA2_20/2_256,PUB_R1,4017,4017,4018,15915389,2783037,PASS,4963,6002,10,20,2,16
XMSSMT-SHA2_20/2_256,PUB_R1,4018,4018,4019,8485241,2776241,PASS,4963,6002,10,20,2,16
XMSSMT-SHA2_20/2_256,PUB_R1,4019,4019,4020,10937241,2814352,PASS,4963,6002,10,20,2,16
XMSSMT-SHA2_20/2_256,PUB_R1,4020,4020,4021,6057111,2712556,PASS,4963,6002,10,20,2,16
XMSSMT-SHA2_20/2_256,PUB_R1,4021,4021,4022,6241852,2541852,PASS,4963,6002,10,20,2,16
XMSSMT-SHA2_20/2_256,PUB_R1,4022,4022,4023,6226111,2548481,PASS,4963,6002,10,20,2,16
XMSSMT-SHA2_20/2_256,PUB_R1,4023,4023,4024,16020463,2687093,PASS,4963,6002,10,20,2,16
XMSSMT-SHA2_20/2_256,PUB_R1,4024,4024,4025,10956777,2779852,PASS,4963,6002,10,20,2,16
XMSSMT-SHA2_20/2_256,PUB_R1,4025,4025,4026,6078482,2713463,PASS,4963,6002,10,20,2,16
XMSSMT-SHA2_20/2_256,PUB_R1,4026,4026,4027,6256315,2521259,PASS,4963,6002,10,20,2,16
XMSSMT-SHA2_20/2_256,PUB_R1,4027,4027,4028,11228333,2511074,PASS,4963,6002,10,20,2,16
XMSSMT-SHA2_20/2_256,PUB_R1,4028,4028,4029,6081167,2715722,PASS,4963,6002,10,20,2,16
XMSSMT-SHA2_20/2_256,PUB_R1,4029,4029,4030,6232019,2547592,PASS,4963,6002,10,20,2,16
XMSSMT-SHA2_20/2_256,PUB_R1,4030,4030,4031,5966444,2824814,PASS,4963,6002,10,20,2,16
XMSSMT-SHA2_20/2_256,PUB_R1,4031,4031,4032,15735370,2823889,PASS,4963,6002,10,20,2,16
XMSSMT-SHA2_20/2_256,PUB_R1,4032,4032,4033,18251185,2762037,PASS,4963,6002,10,20,2,16
XMSSMT-SHA2_20/2_256,PUB_R1,4033,4033,4034,15975778,2600056,PASS,4963,6002,10,20,2,16
XMSSMT-SHA2_20/2_256,PUB_R1,4034,4034,4035,18455481,2648223,PASS,4963,6002,10,20,2,16
XMSSMT-SHA2_20/2_256,PUB_R1,4035,4035,4036,15893814,2695852,PASS,4963,6002,10,20,2,16
XMSSMT-SHA2_20/2_256,PUB_R1,4036,4036,4037,18337500,2694278,PASS,4963,6002,10,20,2,16
XMSSMT-SHA2_20/2_256,PUB_R1,4037,4037,4038,15754666,2827796,PASS,4963,6002,10,20,2,16
XMSSMT-SHA2_20/2_256,PUB_R1,4038,4038,4039,8678037,2535481,PASS,4963,6002,10,20,2,16
XMSSMT-SHA2_20/2_256,PUB_R1,4039,4039,4040,15894130,2695408,PASS,4963,6002,10,20,2,16
XMSSMT-SHA2_20/2_256,PUB_R1,4040,4040,4041,10952463,2696334,PASS,4963,6002,10,20,2,16
XMSSMT-SHA2_20/2_256,PUB_R1,4041,4041,4042,5986056,2757963,PASS,4963,6002,10,20,2,16
XMSSMT-SHA2_20/2_256,PUB_R1,4042,4042,4043,5892574,2834704,PASS,4963,6002,10,20,2,16
XMSSMT-SHA2_20/2_256,PUB_R1,4043,4043,4044,10832185,2839722,PASS,4963,6002,10,20,2,16
XMSSMT-SHA2_20/2_256,PUB_R1,4044,4044,4045,5887777,2827797,PASS,4963,6002,10,20,2,16
XMSSMT-SHA2_20/2_256,PUB_R1,4045,4045,4046,6232445,2501074,PASS,4963,6002,10,20,2,16
XMSSMT-SHA2_20/2_256,PUB_R1,4046,4046,4047,6123167,2598204,PASS,4963,6002,10,20,2,16
XMSSMT-SHA2_20/2_256,PUB_R1,4047,4047,4048,15719315,2865648,PASS,4963,6002,10,20,2,16
XMSSMT-SHA2_20/2_256,PUB_R1,4048,4048,4049,18434092,2602000,PASS,4963,6002,10,20,2,16
XMSSMT-SHA2_20/2_256,PUB_R1,4049,4049,4050,15892519,2659630,PASS,4963,6002,10,20,2,16
XMSSMT-SHA2_20/2_256,PUB_R1,4050,4050,4051,8521371,2660481,PASS,4963,6002,10,20,2,16
XMSSMT-SHA2_20/2_256,PUB_R1,4051,4051,4052,10891592,2759759,PASS,4963,6002,10,20,2,16
XMSSMT-SHA2_20/2_256,PUB_R1,4052,4052,4053,6049037,2659592,PASS,4963,6002,10,20,2,16
XMSSMT-SHA2_20/2_256,PUB_R1,4053,4053,4054,6060315,2661296,PASS,4963,6002,10,20,2,16
XMSSMT-SHA2_20/2_256,PUB_R1,4054,4054,4055,5999389,2693722,PASS,4963,6002,10,20,2,16
XMSSMT-SHA2_20/2_256,PUB_R1,4055,4055,4056,16069852,2500778,PASS,4963,6002,10,20,2,16
XMSSMT-SHA2_20/2_256,PUB_R1,4056,4056,4057,10776889,2826888,PASS,4963,6002,10,20,2,16
XMSSMT-SHA2_20/2_256,PUB_R1,4057,4057,4058,6217389,2579019,PASS,4963,6002,10,20,2,16
XMSSMT-SHA2_20/2_256,PUB_R1,4058,4058,4059,6059722,2709667,PASS,4963,6002,10,20,2,16
XMSSMT-SHA2_20/2_256,PUB_R1,4059,4059,4060,11147834,2584259,PASS,4963,6002,10,20,2,16
XMSSMT-SHA2_20/2_256,PUB_R1,4060,4060,4061,6157019,2613259,PASS,4963,6002,10,20,2,16
XMSSMT-SHA2_20/2_256,PUB_R1,4061,4061,4062,6166648,2616074,PASS,4963,6002,10,20,2,16
XMSSMT-SHA2_20/2_256,PUB_R1,4062,4062,4063,6125592,2642093,PASS,4963,6002,10,20,2,16
XMSSMT-SHA2_20/2_256,PUB_R1,4063,4063,4064,16048240,2644519,PASS,4963,6002,10,20,2,16
XMSSMT-SHA2_20/2_256,PUB_R1,4064,4064,4065,18503908,2645204,PASS,4963,6002,10,20,2,16
XMSSMT-SHA2_20/2_256,PUB_R1,4065,4065,4066,15991296,2731685,PASS,4963,6002,10,20,2,16
XMSSMT-SHA2_20/2_256,PUB_R1,4066,4066,4067,8551111,2713426,PASS,4963,6002,10,20,2,16
XMSSMT-SHA2_20/2_256,PUB_R1,4067,4067,4068,11103259,2649592,PASS,4963,6002,10,20,2,16
XMSSMT-SHA2_20/2_256,PUB_R1,4068,4068,4069,6232889,2551315,PASS,4963,6002,10,20,2,16
XMSSMT-SHA2_20/2_256,PUB_R1,4069,4069,4070,6157241,2646185,PASS,4963,6002,10,20,2,16
XMSSMT-SHA2_20/2_256,PUB_R1,4070,4070,4071,6125611,2665555,PASS,4963,6002,10,20,2,16
XMSSMT-SHA2_20/2_256,PUB_R1,4071,4071,4072,16103370,2623908,PASS,4963,6002,10,20,2,16
XMSSMT-SHA2_20/2_256,PUB_R1,4072,4072,4073,10954926,2796407,PASS,4963,6002,10,20,2,16
XMSSMT-SHA2_20/2_256,PUB_R1,4073,4073,4074,6091815,2713074,PASS,4963,6002,10,20,2,16
XMSSMT-SHA2_20/2_256,PUB_R1,4074,4074,4075,6161704,2610037,PASS,4963,6002,10,20,2,16
XMSSMT-SHA2_20/2_256,PUB_R1,4075,4075,4076,10952593,2793277,PASS,4963,6002,10,20,2,16
XMSSMT-SHA2_20/2_256,PUB_R1,4076,4076,4077,6055130,2710056,PASS,4963,6002,10,20,2,16
XMSSMT-SHA2_20/2_256,PUB_R1,4077,4077,4078,6204704,2579944,PASS,4963,6002,10,20,2,16
XMSSMT-SHA2_20/2_256,PUB_R1,4078,4078,4079,6060223,2706370,PASS,4963,6002,10,20,2,16
XMSSMT-SHA2_20/2_256,PUB_R1,4079,4079,4080,15989722,2715277,PASS,4963,6002,10,20,2,16
XMSSMT-SHA2_20/2_256,PUB_R1,4080,4080,4081,11042278,2673092,PASS,4963,6002,10,20,2,16
XMSSMT-SHA2_20/2_256,PUB_R1,4081,4081,4082,6140352,2659241,PASS,4963,6002,10,20,2,16
XMSSMT-SHA2_20/2_256,PUB_R1,4082,4082,4083,6127981,2643593,PASS,4963,6002,10,20,2,16
XMSSMT-SHA2_20/2_256,PUB_R1,4083,4083,4084,11067963,2676278,PASS,4963,6002,10,20,2,16
XMSSMT-SHA2_20/2_256,PUB_R1,4084,4084,4085,6157463,2629852,PASS,4963,6002,10,20,2,16
XMSSMT-SHA2_20/2_256,PUB_R1,4085,4085,4086,6178426,2614241,PASS,4963,6002,10,20,2,16
XMSSMT-SHA2_20/2_256,PUB_R1,4086,4086,4087,5978704,2778444,PASS,4963,6002,10,20,2,16
XMSSMT-SHA2_20/2_256,PUB_R1,4087,4087,4088,11058796,2677704,PASS,4963,6002,10,20,2,16
XMSSMT-SHA2_20/2_256,PUB_R1,4088,4088,4089,6071019,2715000,PASS,4963,6002,10,20,2,16
XMSSMT-SHA2_20/2_256,PUB_R1,4089,4089,4090,6136963,2648833,PASS,4963,6002,10,20,2,16
XMSSMT-SHA2_20/2_256,PUB_R1,4090,4090,4091,6129518,2661556,PASS,4963,6002,10,20,2,16
XMSSMT-SHA2_20/2_256,PUB_R1,4091,4091,4092,6104296,2684000,PASS,4963,6002,10,20,2,16
XMSSMT-SHA2_20/2_256,PUB_R1,4092,4092,4093,6202814,2573371,PASS,4963,6002,10,20,2,16
XMSSMT-SHA2_20/2_256,PUB_R1,4093,4093,4094,3727667,2581222,PASS,4963,6002,10,20,2,16
XMSSMT-SHA2_20/2_256,PUB_R1,4094,4094,4095,6135982,2663704,PASS,4963,6002,10,20,2,16
XMSSMT-SHA2_20/2_256,PUB_R1,4095,4095,4096,12244074,2583982,PASS,4963,6002,10,20,2,16
